"salary","job"
56.5900092414735,"A"
50.0618711638093,"A"
42.1202363927933,"A"
47.0644016779862,"A"
49.1400797704448,"A"
61.6442781895948,"A"
51.6940351707148,"A"
43.8389944965202,"A"
55.2943427205385,"A"
52.5274113346945,"A"
90.0613515173713,"B"
90.339417598936,"B"
87.724976590373,"B"
93.6404808343177,"B"
90.455522070482,"B"
91.1284233607313,"B"
88.9071255686554,"B"
90.7136808840611,"B"
88.4653843377889,"B"
91.7840147671012,"B"
