"income","job"
39.4395243534478,"A"
39.7698225105167,"A"
41.5587083141491,"A"
40.0705083914246,"A"
40.1292877351609,"A"
41.7150649868833,"A"
40.4609162059892,"A"
38.7349387653935,"A"
62.2525885924259,"B"
63.2173521196002,"B"
69.8963271897578,"B"
66.4392553082294,"B"
66.6030858023762,"B"
65.4427308637805,"B"
62.7766354609837,"B"
72.1476525472123,"B"
66.991401912917,"B"
57.1335313734814,"B"
21.4728473932837,"C"
19.0071380437713,"C"
17.7575702174276,"C"
19.5422526792176,"C"
17.8453906585548,"C"
