solicitud_id,fecha_hora
SOL000005,2026-08-01 00:04:20
SOL000002,2026-08-01 00:37:17
SOL000004,2026-08-01 00:37:27
SOL000001,2026-08-01 00:40:20
SOL000003,2026-08-01 00:49:18
SOL000006,2026-08-01 01:12:26
SOL000009,2026-08-01 01:13:33
SOL000010,2026-08-01 01:17:50
SOL000011,2026-08-01 01:33:56
SOL000007,2026-08-01 01:35:49
SOL000012,2026-08-01 01:37:14
SOL000013,2026-08-01 01:51:59
SOL000015,2026-08-01 01:57:11
SOL000008,2026-08-01 01:57:24
SOL000014,2026-08-01 01:58:01
SOL000020,2026-08-01 02:03:38
SOL000019,2026-08-01 02:11:50
SOL000029,2026-08-01 02:22:38
SOL000021,2026-08-01 02:25:37
SOL000027,2026-08-01 02:29:27
SOL000024,2026-08-01 02:30:55
SOL000018,2026-08-01 02:36:46
SOL000028,2026-08-01 02:39:52
SOL000025,2026-08-01 02:40:02
SOL000017,2026-08-01 02:40:51
SOL000016,2026-08-01 02:44:23
SOL000026,2026-08-01 02:49:55
SOL000022,2026-08-01 02:57:34
SOL000023,2026-08-01 02:58:04
SOL000040,2026-08-01 03:01:10
SOL000038,2026-08-01 03:02:10
SOL000035,2026-08-01 03:03:45
SOL000037,2026-08-01 03:12:22
SOL000042,2026-08-01 03:16:48
SOL000041,2026-08-01 03:20:42
SOL000031,2026-08-01 03:22:18
SOL000034,2026-08-01 03:29:30
SOL000032,2026-08-01 03:36:54
SOL000036,2026-08-01 03:41:15
SOL000039,2026-08-01 03:44:46
SOL000033,2026-08-01 03:53:59
SOL000030,2026-08-01 03:55:58
SOL000044,2026-08-01 04:33:47
SOL000043,2026-08-01 04:46:35
SOL000045,2026-08-01 04:49:31
SOL000047,2026-08-01 05:08:22
SOL000046,2026-08-01 05:18:31
SOL000048,2026-08-01 05:35:36
SOL000055,2026-08-01 06:12:06
SOL000053,2026-08-01 06:14:30
SOL000051,2026-08-01 06:15:49
SOL000050,2026-08-01 06:23:41
SOL000049,2026-08-01 06:28:45
SOL000052,2026-08-01 06:42:37
SOL000057,2026-08-01 06:51:18
SOL000056,2026-08-01 06:51:59
SOL000054,2026-08-01 06:57:44
SOL000058,2026-08-01 06:59:20
SOL000064,2026-08-01 07:07:12
SOL000062,2026-08-01 07:34:04
SOL000061,2026-08-01 07:35:15
SOL000063,2026-08-01 07:39:13
SOL000060,2026-08-01 07:51:36
SOL000059,2026-08-01 07:53:42
SOL000071,2026-08-01 08:03:22
SOL000074,2026-08-01 08:06:14
SOL000079,2026-08-01 08:15:24
SOL000069,2026-08-01 08:16:13
SOL000078,2026-08-01 08:18:27
SOL000081,2026-08-01 08:25:33
SOL000065,2026-08-01 08:27:02
SOL000072,2026-08-01 08:30:15
SOL000067,2026-08-01 08:33:01
SOL000070,2026-08-01 08:38:02
SOL000076,2026-08-01 08:38:22
SOL000066,2026-08-01 08:40:09
SOL000073,2026-08-01 08:41:54
SOL000075,2026-08-01 08:49:59
SOL000077,2026-08-01 08:51:41
SOL000068,2026-08-01 08:55:11
SOL000080,2026-08-01 08:55:37
SOL000083,2026-08-01 09:00:19
SOL000085,2026-08-01 09:03:47
SOL000090,2026-08-01 09:04:01
SOL000087,2026-08-01 09:13:52
SOL000084,2026-08-01 09:15:31
SOL000088,2026-08-01 09:40:34
SOL000082,2026-08-01 09:43:19
SOL000086,2026-08-01 09:45:46
SOL000089,2026-08-01 09:56:51
SOL000092,2026-08-01 10:04:25
SOL000096,2026-08-01 10:10:37
SOL000094,2026-08-01 10:13:04
SOL000095,2026-08-01 10:27:05
SOL000097,2026-08-01 10:32:39
SOL000093,2026-08-01 10:40:27
SOL000091,2026-08-01 10:53:18
SOL000098,2026-08-01 10:58:58
SOL000114,2026-08-01 11:04:09
SOL000099,2026-08-01 11:04:45
SOL000109,2026-08-01 11:08:13
SOL000111,2026-08-01 11:08:18
SOL000101,2026-08-01 11:09:02
SOL000105,2026-08-01 11:14:19
SOL000104,2026-08-01 11:17:01
SOL000107,2026-08-01 11:20:09
SOL000103,2026-08-01 11:20:10
SOL000112,2026-08-01 11:25:23
SOL000106,2026-08-01 11:35:53
SOL000100,2026-08-01 11:41:37
SOL000108,2026-08-01 11:48:26
SOL000110,2026-08-01 11:50:06
SOL000102,2026-08-01 11:51:49
SOL000113,2026-08-01 11:52:56
SOL000123,2026-08-01 12:10:03
SOL000118,2026-08-01 12:30:18
SOL000117,2026-08-01 12:33:57
SOL000119,2026-08-01 12:40:40
SOL000115,2026-08-01 12:49:30
SOL000120,2026-08-01 12:49:33
SOL000116,2026-08-01 12:53:56
SOL000121,2026-08-01 12:55:55
SOL000122,2026-08-01 12:56:45
SOL000133,2026-08-01 13:00:22
SOL000124,2026-08-01 13:06:59
SOL000126,2026-08-01 13:14:17
SOL000130,2026-08-01 13:35:00
SOL000127,2026-08-01 13:40:48
SOL000125,2026-08-01 13:42:09
SOL000131,2026-08-01 13:46:00
SOL000128,2026-08-01 13:50:52
SOL000132,2026-08-01 13:53:37
SOL000129,2026-08-01 13:59:49
SOL000135,2026-08-01 14:04:42
SOL000140,2026-08-01 14:08:21
SOL000138,2026-08-01 14:16:34
SOL000139,2026-08-01 14:19:39
SOL000134,2026-08-01 14:35:03
SOL000141,2026-08-01 14:36:39
SOL000137,2026-08-01 14:38:33
SOL000136,2026-08-01 14:51:12
SOL000142,2026-08-01 14:53:19
SOL000143,2026-08-01 15:07:44
SOL000144,2026-08-01 15:11:57
SOL000146,2026-08-01 15:14:29
SOL000145,2026-08-01 15:15:27
SOL000149,2026-08-01 15:16:45
SOL000148,2026-08-01 15:31:32
SOL000147,2026-08-01 15:55:57
SOL000160,2026-08-01 16:03:53
SOL000150,2026-08-01 16:04:13
SOL000154,2026-08-01 16:05:38
SOL000153,2026-08-01 16:22:06
SOL000157,2026-08-01 16:23:42
SOL000161,2026-08-01 16:25:42
SOL000159,2026-08-01 16:27:29
SOL000156,2026-08-01 16:32:10
SOL000152,2026-08-01 16:37:45
SOL000162,2026-08-01 16:41:47
SOL000158,2026-08-01 16:49:17
SOL000151,2026-08-01 16:50:30
SOL000155,2026-08-01 16:59:58
SOL000166,2026-08-01 17:00:56
SOL000163,2026-08-01 17:04:12
SOL000173,2026-08-01 17:14:10
SOL000170,2026-08-01 17:18:58
SOL000167,2026-08-01 17:25:36
SOL000178,2026-08-01 17:29:36
SOL000172,2026-08-01 17:32:38
SOL000164,2026-08-01 17:47:29
SOL000169,2026-08-01 17:48:08
SOL000165,2026-08-01 17:49:23
SOL000175,2026-08-01 17:50:36
SOL000177,2026-08-01 17:56:57
SOL000171,2026-08-01 17:57:08
SOL000168,2026-08-01 17:57:58
SOL000174,2026-08-01 17:59:23
SOL000176,2026-08-01 17:59:34
SOL000186,2026-08-01 18:05:15
SOL000181,2026-08-01 18:08:53
SOL000183,2026-08-01 18:11:29
SOL000189,2026-08-01 18:17:35
SOL000185,2026-08-01 18:19:28
SOL000184,2026-08-01 18:20:07
SOL000187,2026-08-01 18:32:21
SOL000179,2026-08-01 18:37:48
SOL000180,2026-08-01 18:41:27
SOL000188,2026-08-01 18:52:14
SOL000182,2026-08-01 18:58:59
SOL000190,2026-08-01 19:00:12
SOL000193,2026-08-01 19:09:16
SOL000196,2026-08-01 19:13:47
SOL000199,2026-08-01 19:23:40
SOL000198,2026-08-01 19:42:04
SOL000192,2026-08-01 19:50:11
SOL000197,2026-08-01 19:52:46
SOL000195,2026-08-01 19:54:19
SOL000194,2026-08-01 19:54:55
SOL000191,2026-08-01 19:56:02
SOL000210,2026-08-01 20:00:11
SOL000208,2026-08-01 20:09:39
SOL000206,2026-08-01 20:15:33
SOL000203,2026-08-01 20:20:24
SOL000202,2026-08-01 20:25:38
SOL000209,2026-08-01 20:26:35
SOL000207,2026-08-01 20:26:55
SOL000211,2026-08-01 20:28:19
SOL000204,2026-08-01 20:37:36
SOL000200,2026-08-01 20:49:01
SOL000205,2026-08-01 20:50:07
SOL000201,2026-08-01 20:51:25
SOL000214,2026-08-01 21:07:10
SOL000217,2026-08-01 21:08:16
SOL000213,2026-08-01 21:29:38
SOL000218,2026-08-01 21:30:45
SOL000212,2026-08-01 21:35:05
SOL000220,2026-08-01 21:47:25
SOL000215,2026-08-01 21:48:38
SOL000216,2026-08-01 21:48:57
SOL000219,2026-08-01 21:57:30
SOL000224,2026-08-01 22:05:36
SOL000231,2026-08-01 22:12:56
SOL000222,2026-08-01 22:14:47
SOL000230,2026-08-01 22:24:44
SOL000221,2026-08-01 22:34:21
SOL000226,2026-08-01 22:35:21
SOL000229,2026-08-01 22:46:26
SOL000223,2026-08-01 22:51:07
SOL000228,2026-08-01 22:54:21
SOL000227,2026-08-01 22:58:44
SOL000225,2026-08-01 22:59:28
SOL000237,2026-08-01 23:01:37
SOL000240,2026-08-01 23:03:37
SOL000239,2026-08-01 23:12:31
SOL000234,2026-08-01 23:30:19
SOL000236,2026-08-01 23:38:38
SOL000232,2026-08-01 23:39:13
SOL000233,2026-08-01 23:42:52
SOL000242,2026-08-01 23:44:53
SOL000238,2026-08-01 23:47:55
SOL000235,2026-08-01 23:51:48
SOL000241,2026-08-01 23:54:02
SOL000256,2026-08-02 00:11:34
SOL000258,2026-08-02 00:13:27
SOL000251,2026-08-02 00:15:27
SOL000266,2026-08-02 00:18:57
SOL000267,2026-08-02 00:22:13
SOL000250,2026-08-02 00:22:33
SOL000247,2026-08-02 00:23:54
SOL000255,2026-08-02 00:24:16
SOL000261,2026-08-02 00:26:26
SOL000260,2026-08-02 00:26:42
SOL000259,2026-08-02 00:26:59
SOL000252,2026-08-02 00:27:08
SOL000262,2026-08-02 00:32:45
SOL000243,2026-08-02 00:33:15
SOL000264,2026-08-02 00:42:41
SOL000254,2026-08-02 00:44:33
SOL000246,2026-08-02 00:46:56
SOL000263,2026-08-02 00:49:57
SOL000244,2026-08-02 00:53:37
SOL000249,2026-08-02 00:54:11
SOL000253,2026-08-02 00:54:23
SOL000265,2026-08-02 00:55:48
SOL000257,2026-08-02 00:56:06
SOL000245,2026-08-02 00:56:22
SOL000248,2026-08-02 00:56:59
SOL000274,2026-08-02 01:01:49
SOL000269,2026-08-02 01:06:59
SOL000270,2026-08-02 01:18:54
SOL000272,2026-08-02 01:20:10
SOL000268,2026-08-02 01:29:07
SOL000271,2026-08-02 01:45:30
SOL000273,2026-08-02 01:45:37
SOL000277,2026-08-02 02:25:47
SOL000279,2026-08-02 02:27:55
SOL000280,2026-08-02 02:36:56
SOL000278,2026-08-02 02:39:09
SOL000276,2026-08-02 02:48:23
SOL000275,2026-08-02 02:58:25
SOL000287,2026-08-02 03:10:51
SOL000286,2026-08-02 03:13:35
SOL000289,2026-08-02 03:15:53
SOL000288,2026-08-02 03:24:15
SOL000281,2026-08-02 03:25:27
SOL000282,2026-08-02 03:27:09
SOL000283,2026-08-02 03:27:22
SOL000285,2026-08-02 03:31:55
SOL000284,2026-08-02 03:39:50
SOL000294,2026-08-02 04:00:22
SOL000292,2026-08-02 04:02:23
SOL000290,2026-08-02 04:03:48
SOL000300,2026-08-02 04:06:34
SOL000301,2026-08-02 04:11:17
SOL000295,2026-08-02 04:14:55
SOL000293,2026-08-02 04:16:01
SOL000291,2026-08-02 04:24:29
SOL000296,2026-08-02 04:26:22
SOL000299,2026-08-02 04:38:28
SOL000297,2026-08-02 04:55:13
SOL000298,2026-08-02 04:57:25
SOL000304,2026-08-02 05:05:29
SOL000305,2026-08-02 05:09:22
SOL000303,2026-08-02 05:39:42
SOL000302,2026-08-02 05:41:41
SOL000313,2026-08-02 06:01:42
SOL000312,2026-08-02 06:07:32
SOL000309,2026-08-02 06:08:30
SOL000316,2026-08-02 06:20:44
SOL000310,2026-08-02 06:38:09
SOL000307,2026-08-02 06:41:45
SOL000306,2026-08-02 06:42:57
SOL000315,2026-08-02 06:44:13
SOL000311,2026-08-02 06:44:36
SOL000314,2026-08-02 06:53:49
SOL000308,2026-08-02 06:57:29
SOL000318,2026-08-02 07:17:35
SOL000317,2026-08-02 07:35:03
SOL000328,2026-08-02 08:01:23
SOL000320,2026-08-02 08:05:06
SOL000325,2026-08-02 08:06:17
SOL000319,2026-08-02 08:14:59
SOL000324,2026-08-02 08:20:56
SOL000322,2026-08-02 08:30:18
SOL000327,2026-08-02 08:35:34
SOL000323,2026-08-02 08:36:48
SOL000326,2026-08-02 08:49:48
SOL000321,2026-08-02 08:50:11
SOL000329,2026-08-02 08:59:09
SOL000331,2026-08-02 09:14:18
SOL000330,2026-08-02 09:16:30
SOL000332,2026-08-02 09:52:34
SOL000334,2026-08-02 10:21:05
SOL000333,2026-08-02 10:30:11
SOL000336,2026-08-02 10:46:54
SOL000337,2026-08-02 10:48:42
SOL000335,2026-08-02 10:54:07
SOL000338,2026-08-02 10:55:05
SOL000339,2026-08-02 11:11:45
SOL000343,2026-08-02 11:21:40
SOL000340,2026-08-02 11:33:33
SOL000342,2026-08-02 11:45:24
SOL000341,2026-08-02 11:47:57
SOL000348,2026-08-02 12:02:23
SOL000350,2026-08-02 12:06:08
SOL000349,2026-08-02 12:09:19
SOL000346,2026-08-02 12:25:13
SOL000347,2026-08-02 12:27:25
SOL000344,2026-08-02 12:37:58
SOL000345,2026-08-02 12:58:47
SOL000351,2026-08-02 13:07:14
SOL000353,2026-08-02 13:08:03
SOL000356,2026-08-02 13:17:07
SOL000354,2026-08-02 13:21:08
SOL000355,2026-08-02 13:30:45
SOL000359,2026-08-02 13:33:45
SOL000352,2026-08-02 13:37:41
SOL000360,2026-08-02 13:38:31
SOL000357,2026-08-02 13:49:03
SOL000358,2026-08-02 13:54:44
SOL000365,2026-08-02 14:02:02
SOL000364,2026-08-02 14:04:58
SOL000366,2026-08-02 14:12:31
SOL000368,2026-08-02 14:18:04
SOL000363,2026-08-02 14:23:26
SOL000369,2026-08-02 14:32:20
SOL000370,2026-08-02 14:42:11
SOL000362,2026-08-02 14:49:59
SOL000367,2026-08-02 14:54:57
SOL000361,2026-08-02 14:57:59
SOL000371,2026-08-02 15:16:36
SOL000373,2026-08-02 15:17:22
SOL000380,2026-08-02 15:26:02
SOL000374,2026-08-02 15:30:33
SOL000381,2026-08-02 15:31:33
SOL000375,2026-08-02 15:31:42
SOL000378,2026-08-02 15:37:52
SOL000377,2026-08-02 15:41:45
SOL000376,2026-08-02 15:44:50
SOL000372,2026-08-02 15:48:26
SOL000379,2026-08-02 15:52:02
SOL000385,2026-08-02 16:01:35
SOL000382,2026-08-02 16:56:22
SOL000383,2026-08-02 16:58:57
SOL000384,2026-08-02 16:59:27
SOL000391,2026-08-02 17:01:24
SOL000388,2026-08-02 17:06:16
SOL000393,2026-08-02 17:30:26
SOL000390,2026-08-02 17:33:41
SOL000394,2026-08-02 17:37:16
SOL000386,2026-08-02 17:38:46
SOL000392,2026-08-02 17:41:21
SOL000387,2026-08-02 17:47:22
SOL000389,2026-08-02 17:57:23
SOL000403,2026-08-02 18:06:38
SOL000404,2026-08-02 18:07:36
SOL000405,2026-08-02 18:16:10
SOL000396,2026-08-02 18:26:43
SOL000398,2026-08-02 18:28:00
SOL000406,2026-08-02 18:36:35
SOL000399,2026-08-02 18:38:03
SOL000401,2026-08-02 18:38:42
SOL000395,2026-08-02 18:41:29
SOL000400,2026-08-02 18:45:05
SOL000397,2026-08-02 18:52:32
SOL000402,2026-08-02 18:55:32
SOL000412,2026-08-02 19:01:12
SOL000415,2026-08-02 19:03:20
SOL000410,2026-08-02 19:07:33
SOL000414,2026-08-02 19:11:32
SOL000407,2026-08-02 19:30:40
SOL000411,2026-08-02 19:35:32
SOL000417,2026-08-02 19:36:30
SOL000408,2026-08-02 19:36:40
SOL000416,2026-08-02 19:49:26
SOL000413,2026-08-02 19:50:20
SOL000409,2026-08-02 19:59:51
SOL000423,2026-08-02 20:01:09
SOL000421,2026-08-02 20:12:59
SOL000424,2026-08-02 20:15:12
SOL000422,2026-08-02 20:30:17
SOL000418,2026-08-02 20:42:00
SOL000425,2026-08-02 20:47:22
SOL000420,2026-08-02 20:49:05
SOL000419,2026-08-02 20:52:57
SOL000426,2026-08-02 20:59:14
SOL000429,2026-08-02 21:00:12
SOL000427,2026-08-02 21:11:42
SOL000430,2026-08-02 21:16:39
SOL000428,2026-08-02 21:59:46
SOL000446,2026-08-02 22:04:02
SOL000431,2026-08-02 22:06:07
SOL000438,2026-08-02 22:15:23
SOL000432,2026-08-02 22:18:28
SOL000445,2026-08-02 22:23:03
SOL000441,2026-08-02 22:25:26
SOL000443,2026-08-02 22:33:52
SOL000447,2026-08-02 22:36:13
SOL000435,2026-08-02 22:43:39
SOL000439,2026-08-02 22:47:16
SOL000444,2026-08-02 22:49:31
SOL000440,2026-08-02 22:51:10
SOL000436,2026-08-02 22:54:43
SOL000437,2026-08-02 22:56:41
SOL000433,2026-08-02 22:59:02
SOL000434,2026-08-02 22:59:08
SOL000442,2026-08-02 22:59:21
SOL000448,2026-08-02 23:28:21
SOL000449,2026-08-02 23:47:15
SOL000450,2026-08-02 23:48:54
SOL000453,2026-08-03 00:00:53
SOL000452,2026-08-03 00:01:11
SOL000451,2026-08-03 00:01:28
SOL000466,2026-08-03 01:02:29
SOL000469,2026-08-03 01:03:51
SOL000470,2026-08-03 01:09:54
SOL000457,2026-08-03 01:22:37
SOL000464,2026-08-03 01:27:29
SOL000459,2026-08-03 01:28:27
SOL000455,2026-08-03 01:30:23
SOL000462,2026-08-03 01:32:16
SOL000460,2026-08-03 01:32:52
SOL000458,2026-08-03 01:33:47
SOL000456,2026-08-03 01:34:43
SOL000463,2026-08-03 01:36:10
SOL000471,2026-08-03 01:41:00
SOL000454,2026-08-03 01:43:28
SOL000467,2026-08-03 01:45:35
SOL000468,2026-08-03 01:46:43
SOL000465,2026-08-03 01:49:55
SOL000461,2026-08-03 01:58:58
SOL000476,2026-08-03 02:17:42
SOL000472,2026-08-03 02:27:30
SOL000477,2026-08-03 02:30:00
SOL000478,2026-08-03 02:35:29
SOL000475,2026-08-03 02:40:28
SOL000474,2026-08-03 02:51:54
SOL000473,2026-08-03 02:59:38
SOL000484,2026-08-03 03:02:46
SOL000495,2026-08-03 03:05:54
SOL000481,2026-08-03 03:06:52
SOL000490,2026-08-03 03:10:05
SOL000493,2026-08-03 03:19:46
SOL000492,2026-08-03 03:20:18
SOL000496,2026-08-03 03:22:08
SOL000485,2026-08-03 03:24:03
SOL000491,2026-08-03 03:31:52
SOL000494,2026-08-03 03:32:01
SOL000487,2026-08-03 03:33:36
SOL000488,2026-08-03 03:34:07
SOL000486,2026-08-03 03:34:37
SOL000480,2026-08-03 03:35:40
SOL000483,2026-08-03 03:36:33
SOL000479,2026-08-03 03:43:37
SOL000482,2026-08-03 03:54:52
SOL000489,2026-08-03 03:59:27
SOL000503,2026-08-03 04:08:44
SOL000499,2026-08-03 04:09:07
SOL000504,2026-08-03 04:14:07
SOL000509,2026-08-03 04:19:37
SOL000506,2026-08-03 04:20:11
SOL000508,2026-08-03 04:22:51
SOL000505,2026-08-03 04:26:15
SOL000507,2026-08-03 04:31:32
SOL000498,2026-08-03 04:33:04
SOL000501,2026-08-03 04:33:19
SOL000502,2026-08-03 04:41:00
SOL000497,2026-08-03 04:42:03
SOL000500,2026-08-03 04:53:35
SOL000511,2026-08-03 05:01:09
SOL000510,2026-08-03 05:16:18
SOL000516,2026-08-03 06:16:21
SOL000513,2026-08-03 06:17:39
SOL000520,2026-08-03 06:29:26
SOL000517,2026-08-03 06:34:08
SOL000519,2026-08-03 06:35:58
SOL000514,2026-08-03 06:37:17
SOL000515,2026-08-03 06:46:42
SOL000512,2026-08-03 06:46:53
SOL000518,2026-08-03 06:51:24
SOL000524,2026-08-03 07:07:31
SOL000521,2026-08-03 07:16:22
SOL000522,2026-08-03 07:32:40
SOL000525,2026-08-03 07:37:12
SOL000523,2026-08-03 07:37:34
SOL000535,2026-08-03 08:00:38
SOL000540,2026-08-03 08:02:40
SOL000543,2026-08-03 08:09:52
SOL000527,2026-08-03 08:11:35
SOL000541,2026-08-03 08:11:44
SOL000531,2026-08-03 08:15:42
SOL000526,2026-08-03 08:16:12
SOL000542,2026-08-03 08:19:08
SOL000533,2026-08-03 08:25:57
SOL000530,2026-08-03 08:31:33
SOL000534,2026-08-03 08:42:46
SOL000536,2026-08-03 08:45:43
SOL000538,2026-08-03 08:48:19
SOL000529,2026-08-03 08:49:12
SOL000537,2026-08-03 08:49:50
SOL000539,2026-08-03 08:56:22
SOL000528,2026-08-03 08:57:07
SOL000532,2026-08-03 08:57:49
SOL000553,2026-08-03 09:06:56
SOL000555,2026-08-03 09:08:42
SOL000563,2026-08-03 09:11:05
SOL000554,2026-08-03 09:18:40
SOL000549,2026-08-03 09:20:12
SOL000561,2026-08-03 09:21:33
SOL000565,2026-08-03 09:22:38
SOL000556,2026-08-03 09:24:40
SOL000551,2026-08-03 09:24:55
SOL000559,2026-08-03 09:28:48
SOL000557,2026-08-03 09:31:38
SOL000562,2026-08-03 09:32:45
SOL000545,2026-08-03 09:33:21
SOL000547,2026-08-03 09:35:07
SOL000558,2026-08-03 09:36:28
SOL000564,2026-08-03 09:39:39
SOL000546,2026-08-03 09:42:55
SOL000544,2026-08-03 09:45:20
SOL000550,2026-08-03 09:46:04
SOL000560,2026-08-03 09:48:32
SOL000552,2026-08-03 09:53:44
SOL000548,2026-08-03 09:59:32
SOL000576,2026-08-03 10:00:09
SOL000579,2026-08-03 10:07:59
SOL000568,2026-08-03 10:18:01
SOL000567,2026-08-03 10:19:58
SOL000569,2026-08-03 10:21:32
SOL000577,2026-08-03 10:27:38
SOL000571,2026-08-03 10:29:29
SOL000574,2026-08-03 10:32:01
SOL000572,2026-08-03 10:33:02
SOL000573,2026-08-03 10:34:45
SOL000578,2026-08-03 10:35:06
SOL000570,2026-08-03 10:38:36
SOL000566,2026-08-03 10:40:49
SOL000580,2026-08-03 10:50:08
SOL000581,2026-08-03 10:54:58
SOL000575,2026-08-03 10:56:47
SOL000586,2026-08-03 11:34:13
SOL000588,2026-08-03 11:39:25
SOL000582,2026-08-03 11:44:23
SOL000587,2026-08-03 11:47:25
SOL000585,2026-08-03 11:50:50
SOL000584,2026-08-03 11:55:17
SOL000583,2026-08-03 11:55:47
SOL000591,2026-08-03 12:00:58
SOL000598,2026-08-03 12:03:20
SOL000590,2026-08-03 12:05:48
SOL000595,2026-08-03 12:10:54
SOL000596,2026-08-03 12:15:54
SOL000597,2026-08-03 12:21:26
SOL000600,2026-08-03 12:34:00
SOL000593,2026-08-03 12:40:02
SOL000594,2026-08-03 12:44:52
SOL000601,2026-08-03 12:51:29
SOL000592,2026-08-03 12:55:53
SOL000589,2026-08-03 12:56:41
SOL000599,2026-08-03 12:57:25
SOL000602,2026-08-03 13:00:08
SOL000609,2026-08-03 13:00:19
SOL000605,2026-08-03 13:03:28
SOL000604,2026-08-03 13:04:01
SOL000606,2026-08-03 13:09:06
SOL000607,2026-08-03 13:12:32
SOL000608,2026-08-03 13:28:52
SOL000612,2026-08-03 13:32:52
SOL000610,2026-08-03 13:36:48
SOL000613,2026-08-03 13:42:52
SOL000611,2026-08-03 13:47:04
SOL000603,2026-08-03 13:50:01
SOL000614,2026-08-03 13:53:13
SOL000624,2026-08-03 14:01:08
SOL000621,2026-08-03 14:11:04
SOL000623,2026-08-03 14:12:20
SOL000620,2026-08-03 14:24:16
SOL000627,2026-08-03 14:26:26
SOL000618,2026-08-03 14:34:36
SOL000615,2026-08-03 14:38:58
SOL000625,2026-08-03 14:42:59
SOL000622,2026-08-03 14:44:21
SOL000619,2026-08-03 14:54:29
SOL000616,2026-08-03 14:55:23
SOL000626,2026-08-03 14:56:26
SOL000617,2026-08-03 14:58:54
SOL000630,2026-08-03 15:02:12
SOL000634,2026-08-03 15:06:34
SOL000631,2026-08-03 15:13:10
SOL000635,2026-08-03 15:25:23
SOL000637,2026-08-03 15:27:55
SOL000628,2026-08-03 15:38:35
SOL000629,2026-08-03 15:40:51
SOL000633,2026-08-03 15:48:02
SOL000636,2026-08-03 15:49:21
SOL000632,2026-08-03 15:50:16
SOL000641,2026-08-03 16:16:13
SOL000642,2026-08-03 16:20:50
SOL000644,2026-08-03 16:20:56
SOL000643,2026-08-03 16:22:48
SOL000639,2026-08-03 16:24:33
SOL000640,2026-08-03 16:52:35
SOL000638,2026-08-03 16:55:33
SOL000652,2026-08-03 17:05:29
SOL000649,2026-08-03 17:36:37
SOL000646,2026-08-03 17:37:57
SOL000647,2026-08-03 17:40:49
SOL000650,2026-08-03 17:42:32
SOL000645,2026-08-03 17:50:00
SOL000651,2026-08-03 17:51:13
SOL000648,2026-08-03 17:53:58
SOL000655,2026-08-03 18:05:34
SOL000656,2026-08-03 18:11:43
SOL000654,2026-08-03 18:30:10
SOL000657,2026-08-03 18:43:49
SOL000653,2026-08-03 18:50:28
SOL000660,2026-08-03 19:15:38
SOL000662,2026-08-03 19:25:49
SOL000658,2026-08-03 19:34:26
SOL000659,2026-08-03 19:50:10
SOL000661,2026-08-03 19:52:10
SOL000663,2026-08-03 20:05:20
SOL000666,2026-08-03 20:10:51
SOL000665,2026-08-03 20:17:25
SOL000670,2026-08-03 20:17:43
SOL000664,2026-08-03 20:36:50
SOL000669,2026-08-03 20:38:28
SOL000671,2026-08-03 20:40:10
SOL000667,2026-08-03 20:46:33
SOL000672,2026-08-03 20:49:35
SOL000668,2026-08-03 20:51:10
SOL000673,2026-08-03 20:58:51
SOL000680,2026-08-03 21:04:15
SOL000679,2026-08-03 21:05:48
SOL000683,2026-08-03 21:06:29
SOL000674,2026-08-03 21:08:28
SOL000682,2026-08-03 21:32:14
SOL000676,2026-08-03 21:42:49
SOL000681,2026-08-03 21:45:04
SOL000678,2026-08-03 21:47:43
SOL000677,2026-08-03 21:49:58
SOL000675,2026-08-03 21:50:28
SOL000684,2026-08-03 21:52:58
SOL000688,2026-08-03 22:08:00
SOL000692,2026-08-03 22:09:21
SOL000687,2026-08-03 22:10:42
SOL000690,2026-08-03 22:15:18
SOL000686,2026-08-03 22:30:12
SOL000693,2026-08-03 22:31:37
SOL000689,2026-08-03 22:38:22
SOL000685,2026-08-03 22:45:08
SOL000691,2026-08-03 22:49:37
SOL000694,2026-08-03 23:01:08
SOL000701,2026-08-03 23:04:47
SOL000698,2026-08-03 23:13:48
SOL000696,2026-08-03 23:18:31
SOL000695,2026-08-03 23:28:58
SOL000697,2026-08-03 23:36:51
SOL000702,2026-08-03 23:37:31
SOL000699,2026-08-03 23:41:19
SOL000700,2026-08-03 23:43:54
SOL000704,2026-08-04 00:11:56
SOL000703,2026-08-04 00:21:12
SOL000705,2026-08-04 00:31:20
SOL000706,2026-08-04 00:39:56
SOL000707,2026-08-04 00:50:57
SOL000710,2026-08-04 01:03:25
SOL000709,2026-08-04 01:05:57
SOL000708,2026-08-04 01:08:09
SOL000715,2026-08-04 01:08:57
SOL000714,2026-08-04 01:09:29
SOL000711,2026-08-04 01:19:55
SOL000712,2026-08-04 01:34:19
SOL000713,2026-08-04 01:51:13
SOL000716,2026-08-04 01:51:34
SOL000723,2026-08-04 02:01:46
SOL000722,2026-08-04 02:11:51
SOL000718,2026-08-04 02:20:48
SOL000720,2026-08-04 02:23:23
SOL000721,2026-08-04 02:26:54
SOL000717,2026-08-04 02:33:08
SOL000726,2026-08-04 02:33:36
SOL000725,2026-08-04 02:36:57
SOL000719,2026-08-04 02:44:29
SOL000724,2026-08-04 02:54:01
SOL000727,2026-08-04 02:54:39
SOL000733,2026-08-04 03:03:30
SOL000738,2026-08-04 03:04:49
SOL000730,2026-08-04 03:15:08
SOL000739,2026-08-04 03:16:23
SOL000734,2026-08-04 03:18:09
SOL000737,2026-08-04 03:21:02
SOL000731,2026-08-04 03:23:05
SOL000732,2026-08-04 03:25:48
SOL000728,2026-08-04 03:37:37
SOL000729,2026-08-04 03:38:05
SOL000736,2026-08-04 03:42:04
SOL000740,2026-08-04 03:56:05
SOL000735,2026-08-04 03:57:33
SOL000741,2026-08-04 04:06:41
SOL000748,2026-08-04 04:08:57
SOL000742,2026-08-04 04:12:28
SOL000743,2026-08-04 04:13:08
SOL000744,2026-08-04 04:17:37
SOL000745,2026-08-04 04:18:45
SOL000747,2026-08-04 04:43:13
SOL000746,2026-08-04 04:45:46
SOL000749,2026-08-04 04:56:27
SOL000750,2026-08-04 05:02:21
SOL000756,2026-08-04 05:05:16
SOL000755,2026-08-04 05:05:29
SOL000752,2026-08-04 05:12:29
SOL000757,2026-08-04 05:22:27
SOL000751,2026-08-04 05:34:16
SOL000759,2026-08-04 05:34:48
SOL000753,2026-08-04 05:35:05
SOL000754,2026-08-04 05:39:03
SOL000760,2026-08-04 05:47:07
SOL000758,2026-08-04 05:56:12
SOL000761,2026-08-04 06:11:10
SOL000762,2026-08-04 06:56:15
SOL000763,2026-08-04 07:17:46
SOL000764,2026-08-04 08:15:43
SOL000766,2026-08-04 08:26:17
SOL000765,2026-08-04 08:27:28
SOL000767,2026-08-04 08:41:11
SOL000775,2026-08-04 09:03:18
SOL000773,2026-08-04 09:03:59
SOL000777,2026-08-04 09:09:47
SOL000770,2026-08-04 09:14:42
SOL000768,2026-08-04 09:27:57
SOL000776,2026-08-04 09:43:12
SOL000778,2026-08-04 09:47:50
SOL000769,2026-08-04 09:51:42
SOL000771,2026-08-04 09:53:19
SOL000774,2026-08-04 09:53:26
SOL000772,2026-08-04 09:55:38
SOL000781,2026-08-04 10:11:28
SOL000780,2026-08-04 10:35:33
SOL000779,2026-08-04 10:35:51
SOL000792,2026-08-04 11:00:41
SOL000797,2026-08-04 11:00:50
SOL000803,2026-08-04 11:04:02
SOL000794,2026-08-04 11:05:03
SOL000801,2026-08-04 11:07:11
SOL000786,2026-08-04 11:08:31
SOL000791,2026-08-04 11:09:18
SOL000788,2026-08-04 11:10:33
SOL000798,2026-08-04 11:14:04
SOL000807,2026-08-04 11:17:49
SOL000793,2026-08-04 11:21:29
SOL000787,2026-08-04 11:22:49
SOL000802,2026-08-04 11:24:38
SOL000799,2026-08-04 11:29:19
SOL000804,2026-08-04 11:31:38
SOL000783,2026-08-04 11:32:56
SOL000795,2026-08-04 11:41:56
SOL000785,2026-08-04 11:43:09
SOL000782,2026-08-04 11:43:14
SOL000796,2026-08-04 11:45:06
SOL000800,2026-08-04 11:46:11
SOL000790,2026-08-04 11:47:30
SOL000805,2026-08-04 11:48:15
SOL000789,2026-08-04 11:48:34
SOL000806,2026-08-04 11:51:25
SOL000784,2026-08-04 11:58:26
SOL000813,2026-08-04 12:03:27
SOL000817,2026-08-04 12:07:04
SOL000816,2026-08-04 12:12:37
SOL000815,2026-08-04 12:18:43
SOL000808,2026-08-04 12:24:06
SOL000814,2026-08-04 12:30:05
SOL000810,2026-08-04 12:33:57
SOL000812,2026-08-04 12:34:27
SOL000811,2026-08-04 12:41:31
SOL000809,2026-08-04 12:57:07
SOL000818,2026-08-04 13:58:39
SOL000825,2026-08-04 14:02:41
SOL000820,2026-08-04 14:04:11
SOL000826,2026-08-04 14:07:02
SOL000819,2026-08-04 14:12:46
SOL000824,2026-08-04 14:18:25
SOL000823,2026-08-04 14:23:28
SOL000821,2026-08-04 14:51:57
SOL000822,2026-08-04 14:56:08
SOL000840,2026-08-04 15:03:16
SOL000836,2026-08-04 15:08:15
SOL000833,2026-08-04 15:12:07
SOL000839,2026-08-04 15:15:07
SOL000827,2026-08-04 15:19:26
SOL000831,2026-08-04 15:19:35
SOL000828,2026-08-04 15:21:27
SOL000841,2026-08-04 15:23:25
SOL000835,2026-08-04 15:28:03
SOL000837,2026-08-04 15:33:52
SOL000843,2026-08-04 15:37:42
SOL000832,2026-08-04 15:38:56
SOL000829,2026-08-04 15:41:01
SOL000842,2026-08-04 15:43:33
SOL000838,2026-08-04 15:44:05
SOL000834,2026-08-04 15:44:11
SOL000830,2026-08-04 15:54:53
SOL000850,2026-08-04 16:00:20
SOL000846,2026-08-04 16:16:34
SOL000851,2026-08-04 16:22:02
SOL000849,2026-08-04 16:43:38
SOL000852,2026-08-04 16:43:58
SOL000848,2026-08-04 16:44:46
SOL000845,2026-08-04 16:52:53
SOL000847,2026-08-04 16:53:54
SOL000844,2026-08-04 16:55:19
SOL000856,2026-08-04 17:03:37
SOL000860,2026-08-04 17:10:49
SOL000857,2026-08-04 17:18:26
SOL000859,2026-08-04 17:20:08
SOL000855,2026-08-04 17:27:38
SOL000861,2026-08-04 17:33:27
SOL000853,2026-08-04 17:34:18
SOL000858,2026-08-04 17:34:40
SOL000862,2026-08-04 17:41:37
SOL000854,2026-08-04 17:50:09
SOL000863,2026-08-04 17:58:23
SOL000865,2026-08-04 18:11:04
SOL000871,2026-08-04 18:13:06
SOL000870,2026-08-04 18:15:13
SOL000864,2026-08-04 18:18:17
SOL000867,2026-08-04 18:24:07
SOL000866,2026-08-04 18:27:59
SOL000868,2026-08-04 18:32:51
SOL000872,2026-08-04 18:45:46
SOL000869,2026-08-04 18:58:19
SOL000874,2026-08-04 19:00:41
SOL000876,2026-08-04 19:04:15
SOL000878,2026-08-04 19:15:35
SOL000877,2026-08-04 19:20:53
SOL000875,2026-08-04 19:22:30
SOL000880,2026-08-04 19:22:45
SOL000873,2026-08-04 19:36:31
SOL000879,2026-08-04 19:42:16
SOL000881,2026-08-04 20:07:27
SOL000886,2026-08-04 20:17:45
SOL000883,2026-08-04 20:31:21
SOL000884,2026-08-04 20:34:54
SOL000882,2026-08-04 20:35:14
SOL000887,2026-08-04 20:39:43
SOL000885,2026-08-04 20:40:00
SOL000888,2026-08-04 20:50:16
SOL000889,2026-08-04 20:56:15
SOL000893,2026-08-04 21:05:12
SOL000891,2026-08-04 21:08:57
SOL000894,2026-08-04 21:09:52
SOL000896,2026-08-04 21:12:03
SOL000890,2026-08-04 21:19:55
SOL000892,2026-08-04 21:27:17
SOL000895,2026-08-04 21:27:25
SOL000897,2026-08-04 21:47:32
SOL000898,2026-08-04 22:46:12
SOL000899,2026-08-04 22:53:12
SOL000917,2026-08-04 23:03:22
SOL000915,2026-08-04 23:08:47
SOL000902,2026-08-04 23:09:54
SOL000906,2026-08-04 23:12:00
SOL000900,2026-08-04 23:18:11
SOL000913,2026-08-04 23:19:08
SOL000901,2026-08-04 23:28:55
SOL000914,2026-08-04 23:32:04
SOL000905,2026-08-04 23:32:26
SOL000912,2026-08-04 23:35:11
SOL000908,2026-08-04 23:36:14
SOL000904,2026-08-04 23:37:31
SOL000910,2026-08-04 23:41:10
SOL000909,2026-08-04 23:43:03
SOL000911,2026-08-04 23:53:09
SOL000903,2026-08-04 23:53:55
SOL000907,2026-08-04 23:54:12
SOL000916,2026-08-04 23:59:55
SOL000924,2026-08-05 00:01:21
SOL000926,2026-08-05 00:01:58
SOL000932,2026-08-05 00:07:58
SOL000918,2026-08-05 00:08:46
SOL000920,2026-08-05 00:09:24
SOL000929,2026-08-05 00:13:31
SOL000930,2026-08-05 00:21:19
SOL000927,2026-08-05 00:27:00
SOL000928,2026-08-05 00:27:46
SOL000921,2026-08-05 00:33:55
SOL000925,2026-08-05 00:46:49
SOL000931,2026-08-05 00:48:41
SOL000919,2026-08-05 00:49:14
SOL000922,2026-08-05 00:50:37
SOL000923,2026-08-05 00:54:39
SOL000938,2026-08-05 01:18:57
SOL000939,2026-08-05 01:20:47
SOL000937,2026-08-05 01:21:33
SOL000935,2026-08-05 01:30:36
SOL000934,2026-08-05 01:31:47
SOL000933,2026-08-05 01:33:59
SOL000941,2026-08-05 01:37:35
SOL000936,2026-08-05 01:43:31
SOL000940,2026-08-05 01:46:19
SOL000952,2026-08-05 02:01:58
SOL000943,2026-08-05 02:02:02
SOL000946,2026-08-05 02:12:52
SOL000950,2026-08-05 02:17:02
SOL000949,2026-08-05 02:18:28
SOL000945,2026-08-05 02:19:29
SOL000951,2026-08-05 02:23:18
SOL000948,2026-08-05 02:28:28
SOL000942,2026-08-05 02:33:34
SOL000947,2026-08-05 02:35:14
SOL000944,2026-08-05 02:43:47
SOL000953,2026-08-05 03:03:12
SOL000966,2026-08-05 03:04:54
SOL000954,2026-08-05 03:09:34
SOL000958,2026-08-05 03:11:36
SOL000956,2026-08-05 03:13:01
SOL000968,2026-08-05 03:13:22
SOL000965,2026-08-05 03:18:44
SOL000961,2026-08-05 03:19:26
SOL000967,2026-08-05 03:21:24
SOL000959,2026-08-05 03:23:14
SOL000955,2026-08-05 03:23:59
SOL000960,2026-08-05 03:26:21
SOL000962,2026-08-05 03:35:06
SOL000957,2026-08-05 03:36:42
SOL000963,2026-08-05 03:45:08
SOL000964,2026-08-05 03:55:03
SOL000971,2026-08-05 04:23:33
SOL000969,2026-08-05 04:24:29
SOL000970,2026-08-05 04:24:58
SOL000972,2026-08-05 04:33:35
SOL000975,2026-08-05 04:46:44
SOL000973,2026-08-05 04:48:36
SOL000974,2026-08-05 04:54:47
SOL000976,2026-08-05 04:56:57
SOL000984,2026-08-05 05:02:46
SOL000978,2026-08-05 05:03:41
SOL000981,2026-08-05 05:13:32
SOL000982,2026-08-05 05:27:19
SOL000980,2026-08-05 05:42:47
SOL000977,2026-08-05 05:44:38
SOL000979,2026-08-05 05:46:40
SOL000983,2026-08-05 05:54:17
SOL000994,2026-08-05 06:02:56
SOL000996,2026-08-05 06:03:00
SOL000992,2026-08-05 06:25:07
SOL000995,2026-08-05 06:26:32
SOL000988,2026-08-05 06:32:52
SOL000991,2026-08-05 06:35:06
SOL000993,2026-08-05 06:38:05
SOL000998,2026-08-05 06:45:42
SOL000985,2026-08-05 06:47:59
SOL000997,2026-08-05 06:49:25
SOL000987,2026-08-05 06:49:48
SOL000989,2026-08-05 06:50:15
SOL000986,2026-08-05 06:55:04
SOL000990,2026-08-05 06:58:10
SOL001008,2026-08-05 07:01:45
SOL001010,2026-08-05 07:03:07
SOL001004,2026-08-05 07:03:25
SOL001001,2026-08-05 07:05:33
SOL001006,2026-08-05 07:06:25
SOL001012,2026-08-05 07:10:52
SOL001002,2026-08-05 07:16:35
SOL001007,2026-08-05 07:18:48
SOL001011,2026-08-05 07:24:26
SOL000999,2026-08-05 07:28:58
SOL001014,2026-08-05 07:33:29
SOL001015,2026-08-05 07:34:35
SOL001017,2026-08-05 07:37:30
SOL001005,2026-08-05 07:38:19
SOL001013,2026-08-05 07:39:44
SOL001000,2026-08-05 07:43:13
SOL001009,2026-08-05 07:50:00
SOL001016,2026-08-05 07:51:30
SOL001003,2026-08-05 07:54:13
SOL001018,2026-08-05 08:02:40
SOL001019,2026-08-05 08:05:38
SOL001024,2026-08-05 08:28:46
SOL001022,2026-08-05 08:34:36
SOL001020,2026-08-05 08:38:27
SOL001021,2026-08-05 08:38:49
SOL001023,2026-08-05 08:45:58
SOL001030,2026-08-05 09:03:00
SOL001026,2026-08-05 09:07:25
SOL001031,2026-08-05 09:07:35
SOL001029,2026-08-05 09:07:54
SOL001036,2026-08-05 09:12:45
SOL001032,2026-08-05 09:17:51
SOL001033,2026-08-05 09:21:17
SOL001035,2026-08-05 09:24:47
SOL001028,2026-08-05 09:25:24
SOL001038,2026-08-05 09:32:38
SOL001037,2026-08-05 09:34:04
SOL001025,2026-08-05 09:43:11
SOL001027,2026-08-05 09:48:22
SOL001034,2026-08-05 09:58:42
SOL001041,2026-08-05 10:10:27
SOL001044,2026-08-05 10:12:17
SOL001040,2026-08-05 10:24:19
SOL001042,2026-08-05 10:36:01
SOL001045,2026-08-05 10:38:00
SOL001039,2026-08-05 10:51:58
SOL001043,2026-08-05 10:52:12
SOL001058,2026-08-05 11:01:02
SOL001052,2026-08-05 11:03:21
SOL001059,2026-08-05 11:03:43
SOL001054,2026-08-05 11:04:32
SOL001055,2026-08-05 11:08:01
SOL001048,2026-08-05 11:12:13
SOL001053,2026-08-05 11:14:23
SOL001056,2026-08-05 11:17:54
SOL001057,2026-08-05 11:21:50
SOL001050,2026-08-05 11:22:51
SOL001046,2026-08-05 11:25:53
SOL001051,2026-08-05 11:29:15
SOL001047,2026-08-05 11:49:59
SOL001049,2026-08-05 11:51:32
SOL001061,2026-08-05 12:01:24
SOL001068,2026-08-05 12:03:58
SOL001060,2026-08-05 12:09:13
SOL001063,2026-08-05 12:13:07
SOL001067,2026-08-05 12:15:42
SOL001065,2026-08-05 12:20:35
SOL001066,2026-08-05 12:47:09
SOL001064,2026-08-05 12:47:30
SOL001062,2026-08-05 12:58:38
SOL001075,2026-08-05 13:01:57
SOL001082,2026-08-05 13:07:45
SOL001086,2026-08-05 13:08:02
SOL001085,2026-08-05 13:08:53
SOL001074,2026-08-05 13:12:03
SOL001089,2026-08-05 13:15:41
SOL001076,2026-08-05 13:16:49
SOL001088,2026-08-05 13:19:53
SOL001083,2026-08-05 13:20:58
SOL001080,2026-08-05 13:21:48
SOL001071,2026-08-05 13:23:25
SOL001073,2026-08-05 13:29:03
SOL001077,2026-08-05 13:34:57
SOL001069,2026-08-05 13:35:16
SOL001078,2026-08-05 13:35:20
SOL001081,2026-08-05 13:36:19
SOL001084,2026-08-05 13:37:34
SOL001093,2026-08-05 13:40:41
SOL001072,2026-08-05 13:46:17
SOL001091,2026-08-05 13:47:22
SOL001090,2026-08-05 13:54:40
SOL001092,2026-08-05 13:55:16
SOL001070,2026-08-05 13:55:29
SOL001079,2026-08-05 13:56:38
SOL001087,2026-08-05 13:59:30
SOL001107,2026-08-05 14:00:34
SOL001106,2026-08-05 14:01:29
SOL001094,2026-08-05 14:02:19
SOL001100,2026-08-05 14:02:56
SOL001105,2026-08-05 14:06:22
SOL001103,2026-08-05 14:07:26
SOL001098,2026-08-05 14:18:30
SOL001101,2026-08-05 14:21:20
SOL001109,2026-08-05 14:24:53
SOL001097,2026-08-05 14:24:58
SOL001110,2026-08-05 14:25:53
SOL001104,2026-08-05 14:32:04
SOL001096,2026-08-05 14:32:17
SOL001102,2026-08-05 14:33:31
SOL001108,2026-08-05 14:43:07
SOL001099,2026-08-05 14:50:51
SOL001095,2026-08-05 14:53:26
SOL001115,2026-08-05 15:10:14
SOL001114,2026-08-05 15:11:49
SOL001111,2026-08-05 15:12:22
SOL001119,2026-08-05 15:21:45
SOL001113,2026-08-05 15:21:45
SOL001116,2026-08-05 15:30:55
SOL001117,2026-08-05 15:38:28
SOL001118,2026-08-05 15:48:39
SOL001112,2026-08-05 15:59:54
SOL001125,2026-08-05 16:03:38
SOL001122,2026-08-05 16:08:58
SOL001120,2026-08-05 16:20:05
SOL001123,2026-08-05 16:27:10
SOL001132,2026-08-05 16:30:10
SOL001128,2026-08-05 16:40:34
SOL001124,2026-08-05 16:41:26
SOL001130,2026-08-05 16:48:30
SOL001127,2026-08-05 16:48:38
SOL001126,2026-08-05 16:52:39
SOL001121,2026-08-05 16:53:59
SOL001129,2026-08-05 16:55:52
SOL001131,2026-08-05 16:58:44
SOL001137,2026-08-05 17:04:07
SOL001141,2026-08-05 17:04:20
SOL001140,2026-08-05 17:06:35
SOL001142,2026-08-05 17:08:16
SOL001135,2026-08-05 17:18:47
SOL001136,2026-08-05 17:26:38
SOL001133,2026-08-05 17:29:15
SOL001134,2026-08-05 17:30:14
SOL001139,2026-08-05 17:49:20
SOL001143,2026-08-05 17:51:11
SOL001138,2026-08-05 17:55:48
SOL001156,2026-08-05 18:02:19
SOL001159,2026-08-05 18:04:41
SOL001162,2026-08-05 18:08:15
SOL001157,2026-08-05 18:16:16
SOL001163,2026-08-05 18:22:46
SOL001146,2026-08-05 18:23:34
SOL001144,2026-08-05 18:24:39
SOL001150,2026-08-05 18:28:34
SOL001158,2026-08-05 18:29:17
SOL001161,2026-08-05 18:29:27
SOL001145,2026-08-05 18:34:45
SOL001164,2026-08-05 18:35:15
SOL001160,2026-08-05 18:39:50
SOL001147,2026-08-05 18:40:11
SOL001152,2026-08-05 18:40:26
SOL001155,2026-08-05 18:41:29
SOL001153,2026-08-05 18:47:34
SOL001154,2026-08-05 18:50:32
SOL001149,2026-08-05 18:53:39
SOL001166,2026-08-05 18:56:48
SOL001151,2026-08-05 18:57:16
SOL001165,2026-08-05 18:57:43
SOL001148,2026-08-05 18:59:41
SOL001177,2026-08-05 19:02:57
SOL001178,2026-08-05 19:04:03
SOL001174,2026-08-05 19:08:12
SOL001176,2026-08-05 19:11:06
SOL001179,2026-08-05 19:11:19
SOL001169,2026-08-05 19:12:04
SOL001173,2026-08-05 19:14:13
SOL001172,2026-08-05 19:29:55
SOL001167,2026-08-05 19:33:06
SOL001175,2026-08-05 19:33:30
SOL001168,2026-08-05 19:33:57
SOL001181,2026-08-05 19:38:57
SOL001170,2026-08-05 19:39:52
SOL001171,2026-08-05 19:42:36
SOL001180,2026-08-05 19:53:22
SOL001192,2026-08-05 20:01:24
SOL001188,2026-08-05 20:03:50
SOL001197,2026-08-05 20:04:58
SOL001186,2026-08-05 20:05:10
SOL001184,2026-08-05 20:05:33
SOL001185,2026-08-05 20:10:47
SOL001198,2026-08-05 20:13:10
SOL001205,2026-08-05 20:13:32
SOL001191,2026-08-05 20:14:41
SOL001182,2026-08-05 20:16:52
SOL001189,2026-08-05 20:22:24
SOL001204,2026-08-05 20:23:06
SOL001195,2026-08-05 20:24:11
SOL001194,2026-08-05 20:24:19
SOL001201,2026-08-05 20:26:18
SOL001190,2026-08-05 20:31:49
SOL001193,2026-08-05 20:34:48
SOL001200,2026-08-05 20:35:31
SOL001196,2026-08-05 20:36:16
SOL001203,2026-08-05 20:37:21
SOL001202,2026-08-05 20:47:21
SOL001199,2026-08-05 20:51:33
SOL001183,2026-08-05 20:53:14
SOL001187,2026-08-05 20:53:20
SOL001206,2026-08-05 21:28:39
SOL001207,2026-08-05 21:31:12
SOL001211,2026-08-05 22:11:59
SOL001208,2026-08-05 22:15:20
SOL001209,2026-08-05 22:41:48
SOL001210,2026-08-05 22:41:53
SOL001218,2026-08-05 23:09:17
SOL001219,2026-08-05 23:11:00
SOL001214,2026-08-05 23:15:07
SOL001220,2026-08-05 23:28:15
SOL001212,2026-08-05 23:33:59
SOL001213,2026-08-05 23:34:57
SOL001217,2026-08-05 23:36:36
SOL001216,2026-08-05 23:43:27
SOL001215,2026-08-05 23:43:54
SOL001225,2026-08-06 00:05:35
SOL001226,2026-08-06 00:08:55
SOL001228,2026-08-06 00:20:19
SOL001229,2026-08-06 00:28:57
SOL001222,2026-08-06 00:30:59
SOL001224,2026-08-06 00:32:07
SOL001227,2026-08-06 00:47:54
SOL001221,2026-08-06 00:48:02
SOL001223,2026-08-06 00:54:21
SOL001239,2026-08-06 01:00:11
SOL001240,2026-08-06 01:07:02
SOL001232,2026-08-06 01:15:33
SOL001238,2026-08-06 01:19:01
SOL001241,2026-08-06 01:20:29
SOL001236,2026-08-06 01:21:41
SOL001234,2026-08-06 01:22:03
SOL001242,2026-08-06 01:29:00
SOL001235,2026-08-06 01:29:58
SOL001233,2026-08-06 01:30:23
SOL001230,2026-08-06 01:54:47
SOL001231,2026-08-06 01:57:11
SOL001237,2026-08-06 01:59:57
SOL001247,2026-08-06 02:01:19
SOL001244,2026-08-06 02:01:33
SOL001262,2026-08-06 02:01:47
SOL001243,2026-08-06 02:06:08
SOL001251,2026-08-06 02:11:19
SOL001258,2026-08-06 02:12:38
SOL001261,2026-08-06 02:15:31
SOL001264,2026-08-06 02:16:36
SOL001254,2026-08-06 02:16:40
SOL001255,2026-08-06 02:16:42
SOL001248,2026-08-06 02:18:17
SOL001245,2026-08-06 02:18:28
SOL001259,2026-08-06 02:18:33
SOL001253,2026-08-06 02:18:48
SOL001263,2026-08-06 02:21:54
SOL001252,2026-08-06 02:22:02
SOL001257,2026-08-06 02:28:29
SOL001246,2026-08-06 02:36:54
SOL001249,2026-08-06 02:40:42
SOL001265,2026-08-06 02:45:18
SOL001256,2026-08-06 02:48:03
SOL001250,2026-08-06 02:56:20
SOL001260,2026-08-06 02:57:47
SOL001268,2026-08-06 03:00:23
SOL001277,2026-08-06 03:00:23
SOL001273,2026-08-06 03:01:32
SOL001267,2026-08-06 03:13:45
SOL001270,2026-08-06 03:26:09
SOL001276,2026-08-06 03:26:55
SOL001271,2026-08-06 03:28:29
SOL001274,2026-08-06 03:34:55
SOL001266,2026-08-06 03:44:02
SOL001269,2026-08-06 03:50:04
SOL001275,2026-08-06 03:55:55
SOL001272,2026-08-06 03:56:04
SOL001292,2026-08-06 04:02:05
SOL001281,2026-08-06 04:04:11
SOL001283,2026-08-06 04:04:43
SOL001286,2026-08-06 04:08:35
SOL001288,2026-08-06 04:11:08
SOL001294,2026-08-06 04:11:38
SOL001291,2026-08-06 04:12:36
SOL001285,2026-08-06 04:13:18
SOL001287,2026-08-06 04:17:52
SOL001279,2026-08-06 04:18:17
SOL001280,2026-08-06 04:19:06
SOL001282,2026-08-06 04:24:50
SOL001284,2026-08-06 04:29:15
SOL001278,2026-08-06 04:39:04
SOL001293,2026-08-06 04:39:42
SOL001289,2026-08-06 04:50:49
SOL001290,2026-08-06 04:58:21
SOL001298,2026-08-06 05:20:34
SOL001299,2026-08-06 05:42:19
SOL001296,2026-08-06 05:44:37
SOL001295,2026-08-06 05:45:23
SOL001297,2026-08-06 05:54:21
SOL001300,2026-08-06 05:59:23
SOL001302,2026-08-06 06:01:45
SOL001306,2026-08-06 06:02:31
SOL001301,2026-08-06 06:06:00
SOL001310,2026-08-06 06:06:18
SOL001303,2026-08-06 06:10:12
SOL001304,2026-08-06 06:23:47
SOL001308,2026-08-06 06:33:38
SOL001309,2026-08-06 06:34:42
SOL001305,2026-08-06 06:45:09
SOL001307,2026-08-06 06:58:46
SOL001317,2026-08-06 07:00:26
SOL001315,2026-08-06 07:03:44
SOL001322,2026-08-06 07:09:39
SOL001316,2026-08-06 07:23:35
SOL001318,2026-08-06 07:25:24
SOL001312,2026-08-06 07:36:08
SOL001323,2026-08-06 07:40:27
SOL001314,2026-08-06 07:40:49
SOL001319,2026-08-06 07:45:03
SOL001311,2026-08-06 07:45:09
SOL001320,2026-08-06 07:46:55
SOL001313,2026-08-06 07:47:35
SOL001321,2026-08-06 07:49:00
SOL001342,2026-08-06 08:03:43
SOL001336,2026-08-06 08:04:52
SOL001338,2026-08-06 08:09:03
SOL001343,2026-08-06 08:09:22
SOL001331,2026-08-06 08:10:19
SOL001335,2026-08-06 08:16:56
SOL001337,2026-08-06 08:17:49
SOL001325,2026-08-06 08:25:56
SOL001344,2026-08-06 08:28:01
SOL001334,2026-08-06 08:28:27
SOL001326,2026-08-06 08:33:53
SOL001332,2026-08-06 08:34:53
SOL001341,2026-08-06 08:42:36
SOL001339,2026-08-06 08:47:32
SOL001333,2026-08-06 08:51:52
SOL001327,2026-08-06 08:53:41
SOL001328,2026-08-06 08:54:06
SOL001330,2026-08-06 08:57:51
SOL001340,2026-08-06 08:57:59
SOL001324,2026-08-06 08:58:10
SOL001329,2026-08-06 08:58:54
SOL001347,2026-08-06 09:00:02
SOL001353,2026-08-06 09:00:38
SOL001350,2026-08-06 09:01:08
SOL001354,2026-08-06 09:07:23
SOL001349,2026-08-06 09:25:15
SOL001348,2026-08-06 09:29:21
SOL001355,2026-08-06 09:33:00
SOL001352,2026-08-06 09:38:15
SOL001351,2026-08-06 09:41:41
SOL001346,2026-08-06 09:44:06
SOL001345,2026-08-06 09:56:54
SOL001364,2026-08-06 10:00:15
SOL001368,2026-08-06 10:03:57
SOL001363,2026-08-06 10:07:16
SOL001366,2026-08-06 10:08:56
SOL001358,2026-08-06 10:11:58
SOL001367,2026-08-06 10:15:45
SOL001359,2026-08-06 10:18:33
SOL001360,2026-08-06 10:22:07
SOL001369,2026-08-06 10:29:13
SOL001356,2026-08-06 10:29:17
SOL001372,2026-08-06 10:33:50
SOL001371,2026-08-06 10:34:22
SOL001361,2026-08-06 10:37:47
SOL001357,2026-08-06 10:38:49
SOL001365,2026-08-06 10:51:01
SOL001370,2026-08-06 10:57:23
SOL001362,2026-08-06 10:59:08
SOL001378,2026-08-06 11:04:17
SOL001376,2026-08-06 11:07:13
SOL001375,2026-08-06 11:13:42
SOL001379,2026-08-06 11:30:34
SOL001374,2026-08-06 11:33:42
SOL001377,2026-08-06 11:45:57
SOL001373,2026-08-06 11:52:41
SOL001386,2026-08-06 12:06:56
SOL001383,2026-08-06 12:15:37
SOL001380,2026-08-06 12:26:55
SOL001381,2026-08-06 12:45:15
SOL001385,2026-08-06 12:50:08
SOL001384,2026-08-06 12:53:09
SOL001382,2026-08-06 12:56:24
SOL001397,2026-08-06 13:01:10
SOL001393,2026-08-06 13:02:58
SOL001387,2026-08-06 13:03:20
SOL001391,2026-08-06 13:09:47
SOL001388,2026-08-06 13:12:56
SOL001398,2026-08-06 13:15:09
SOL001390,2026-08-06 13:16:43
SOL001389,2026-08-06 13:22:30
SOL001396,2026-08-06 13:26:10
SOL001392,2026-08-06 13:38:25
SOL001394,2026-08-06 13:48:13
SOL001395,2026-08-06 13:57:45
SOL001400,2026-08-06 14:24:27
SOL001402,2026-08-06 14:25:41
SOL001403,2026-08-06 14:30:59
SOL001401,2026-08-06 14:31:04
SOL001399,2026-08-06 14:36:43
SOL001406,2026-08-06 15:00:13
SOL001404,2026-08-06 15:04:46
SOL001414,2026-08-06 15:08:44
SOL001409,2026-08-06 15:10:04
SOL001405,2026-08-06 15:13:25
SOL001413,2026-08-06 15:18:46
SOL001408,2026-08-06 15:18:55
SOL001412,2026-08-06 15:27:21
SOL001407,2026-08-06 15:32:26
SOL001415,2026-08-06 15:55:32
SOL001410,2026-08-06 15:58:08
SOL001411,2026-08-06 15:58:47
SOL001416,2026-08-06 16:00:32
SOL001420,2026-08-06 16:01:27
SOL001438,2026-08-06 16:05:02
SOL001435,2026-08-06 16:08:54
SOL001433,2026-08-06 16:10:04
SOL001432,2026-08-06 16:10:07
SOL001430,2026-08-06 16:11:42
SOL001429,2026-08-06 16:16:10
SOL001436,2026-08-06 16:17:58
SOL001417,2026-08-06 16:22:50
SOL001428,2026-08-06 16:22:56
SOL001423,2026-08-06 16:24:05
SOL001431,2026-08-06 16:25:42
SOL001422,2026-08-06 16:34:03
SOL001421,2026-08-06 16:36:13
SOL001434,2026-08-06 16:39:51
SOL001419,2026-08-06 16:40:09
SOL001418,2026-08-06 16:45:47
SOL001437,2026-08-06 16:48:45
SOL001427,2026-08-06 16:49:18
SOL001425,2026-08-06 16:49:31
SOL001424,2026-08-06 16:57:23
SOL001426,2026-08-06 16:58:44
SOL001439,2026-08-06 16:59:15
SOL001442,2026-08-06 17:09:09
SOL001441,2026-08-06 17:29:50
SOL001440,2026-08-06 17:41:31
SOL001443,2026-08-06 17:59:47
SOL001445,2026-08-06 18:00:05
SOL001449,2026-08-06 18:17:12
SOL001448,2026-08-06 18:19:12
SOL001447,2026-08-06 18:27:38
SOL001446,2026-08-06 18:38:33
SOL001444,2026-08-06 18:38:44
SOL001450,2026-08-06 18:54:01
SOL001470,2026-08-06 19:00:00
SOL001456,2026-08-06 19:01:25
SOL001461,2026-08-06 19:01:36
SOL001458,2026-08-06 19:02:00
SOL001457,2026-08-06 19:03:27
SOL001467,2026-08-06 19:07:27
SOL001474,2026-08-06 19:08:16
SOL001464,2026-08-06 19:10:27
SOL001452,2026-08-06 19:11:33
SOL001473,2026-08-06 19:16:55
SOL001459,2026-08-06 19:17:30
SOL001453,2026-08-06 19:18:04
SOL001465,2026-08-06 19:18:47
SOL001455,2026-08-06 19:23:10
SOL001468,2026-08-06 19:25:31
SOL001466,2026-08-06 19:27:40
SOL001475,2026-08-06 19:29:40
SOL001462,2026-08-06 19:29:51
SOL001451,2026-08-06 19:34:21
SOL001471,2026-08-06 19:35:48
SOL001463,2026-08-06 19:41:00
SOL001472,2026-08-06 19:42:15
SOL001454,2026-08-06 19:43:52
SOL001460,2026-08-06 19:47:26
SOL001469,2026-08-06 19:48:46
SOL001484,2026-08-06 20:01:56
SOL001482,2026-08-06 20:06:02
SOL001477,2026-08-06 20:20:20
SOL001486,2026-08-06 20:22:03
SOL001478,2026-08-06 20:27:50
SOL001485,2026-08-06 20:29:08
SOL001483,2026-08-06 20:31:28
SOL001480,2026-08-06 20:36:12
SOL001488,2026-08-06 20:37:29
SOL001479,2026-08-06 20:46:59
SOL001481,2026-08-06 20:50:08
SOL001476,2026-08-06 20:53:38
SOL001487,2026-08-06 20:59:58
SOL001489,2026-08-06 21:01:04
SOL001501,2026-08-06 21:01:09
SOL001499,2026-08-06 21:08:14
SOL001490,2026-08-06 21:08:59
SOL001497,2026-08-06 21:10:05
SOL001500,2026-08-06 21:16:32
SOL001495,2026-08-06 21:17:28
SOL001498,2026-08-06 21:18:05
SOL001492,2026-08-06 21:18:30
SOL001494,2026-08-06 21:19:24
SOL001491,2026-08-06 21:21:55
SOL001493,2026-08-06 21:39:24
SOL001496,2026-08-06 21:41:19
SOL001508,2026-08-06 22:06:37
SOL001505,2026-08-06 22:16:37
SOL001512,2026-08-06 22:20:04
SOL001502,2026-08-06 22:20:16
SOL001513,2026-08-06 22:20:18
SOL001511,2026-08-06 22:26:51
SOL001503,2026-08-06 22:27:35
SOL001506,2026-08-06 22:37:20
SOL001507,2026-08-06 22:41:13
SOL001504,2026-08-06 22:41:38
SOL001515,2026-08-06 22:45:05
SOL001509,2026-08-06 22:46:58
SOL001514,2026-08-06 22:51:50
SOL001510,2026-08-06 22:55:26
SOL001517,2026-08-06 23:13:12
SOL001519,2026-08-06 23:14:40
SOL001521,2026-08-06 23:15:27
SOL001520,2026-08-06 23:21:34
SOL001518,2026-08-06 23:22:18
SOL001523,2026-08-06 23:30:35
SOL001522,2026-08-06 23:33:49
SOL001516,2026-08-06 23:37:31
SOL001524,2026-08-06 23:56:20
SOL001525,2026-08-07 00:17:11
SOL001527,2026-08-07 00:26:22
SOL001530,2026-08-07 00:30:02
SOL001529,2026-08-07 00:36:29
SOL001528,2026-08-07 00:49:05
SOL001526,2026-08-07 00:56:49
SOL001541,2026-08-07 01:01:29
SOL001544,2026-08-07 01:01:33
SOL001536,2026-08-07 01:03:57
SOL001540,2026-08-07 01:04:17
SOL001546,2026-08-07 01:08:11
SOL001531,2026-08-07 01:12:51
SOL001534,2026-08-07 01:16:20
SOL001547,2026-08-07 01:17:27
SOL001535,2026-08-07 01:17:37
SOL001538,2026-08-07 01:20:39
SOL001548,2026-08-07 01:20:42
SOL001533,2026-08-07 01:22:18
SOL001543,2026-08-07 01:29:13
SOL001545,2026-08-07 01:34:24
SOL001532,2026-08-07 01:39:31
SOL001537,2026-08-07 01:43:13
SOL001539,2026-08-07 01:52:16
SOL001549,2026-08-07 01:53:55
SOL001542,2026-08-07 01:56:55
SOL001553,2026-08-07 02:10:55
SOL001557,2026-08-07 02:20:35
SOL001550,2026-08-07 02:31:27
SOL001552,2026-08-07 02:39:00
SOL001556,2026-08-07 02:48:42
SOL001555,2026-08-07 02:49:48
SOL001554,2026-08-07 02:51:21
SOL001551,2026-08-07 02:54:52
SOL001558,2026-08-07 02:59:13
SOL001574,2026-08-07 03:10:33
SOL001566,2026-08-07 03:15:20
SOL001572,2026-08-07 03:26:51
SOL001563,2026-08-07 03:26:57
SOL001568,2026-08-07 03:27:53
SOL001564,2026-08-07 03:29:00
SOL001571,2026-08-07 03:30:38
SOL001569,2026-08-07 03:34:16
SOL001565,2026-08-07 03:36:34
SOL001567,2026-08-07 03:36:43
SOL001561,2026-08-07 03:40:33
SOL001559,2026-08-07 03:44:01
SOL001562,2026-08-07 03:48:30
SOL001570,2026-08-07 03:49:35
SOL001573,2026-08-07 03:52:06
SOL001560,2026-08-07 03:59:45
SOL001590,2026-08-07 04:00:44
SOL001579,2026-08-07 04:05:05
SOL001580,2026-08-07 04:07:40
SOL001577,2026-08-07 04:18:16
SOL001576,2026-08-07 04:19:20
SOL001587,2026-08-07 04:20:39
SOL001586,2026-08-07 04:20:41
SOL001583,2026-08-07 04:26:49
SOL001588,2026-08-07 04:27:11
SOL001575,2026-08-07 04:30:40
SOL001589,2026-08-07 04:31:09
SOL001578,2026-08-07 04:32:53
SOL001584,2026-08-07 04:39:25
SOL001585,2026-08-07 04:47:22
SOL001582,2026-08-07 04:49:02
SOL001581,2026-08-07 04:57:10
SOL001591,2026-08-07 04:57:40
SOL001604,2026-08-07 05:02:37
SOL001594,2026-08-07 05:06:27
SOL001592,2026-08-07 05:11:37
SOL001600,2026-08-07 05:13:39
SOL001603,2026-08-07 05:15:12
SOL001599,2026-08-07 05:26:01
SOL001597,2026-08-07 05:29:10
SOL001593,2026-08-07 05:36:15
SOL001602,2026-08-07 05:40:29
SOL001596,2026-08-07 05:40:45
SOL001601,2026-08-07 05:45:16
SOL001598,2026-08-07 05:47:03
SOL001595,2026-08-07 05:56:16
SOL001622,2026-08-07 06:00:19
SOL001615,2026-08-07 06:00:49
SOL001619,2026-08-07 06:01:03
SOL001627,2026-08-07 06:01:31
SOL001611,2026-08-07 06:01:43
SOL001607,2026-08-07 06:02:16
SOL001613,2026-08-07 06:03:25
SOL001612,2026-08-07 06:10:54
SOL001610,2026-08-07 06:22:31
SOL001625,2026-08-07 06:25:59
SOL001626,2026-08-07 06:29:58
SOL001605,2026-08-07 06:36:33
SOL001620,2026-08-07 06:41:27
SOL001624,2026-08-07 06:42:49
SOL001617,2026-08-07 06:43:47
SOL001616,2026-08-07 06:44:40
SOL001606,2026-08-07 06:45:38
SOL001623,2026-08-07 06:46:20
SOL001618,2026-08-07 06:47:39
SOL001609,2026-08-07 06:48:05
SOL001614,2026-08-07 06:51:19
SOL001621,2026-08-07 06:53:33
SOL001608,2026-08-07 06:54:10
SOL001631,2026-08-07 07:00:44
SOL001633,2026-08-07 07:01:13
SOL001632,2026-08-07 07:04:08
SOL001635,2026-08-07 07:17:10
SOL001628,2026-08-07 07:35:40
SOL001636,2026-08-07 07:43:13
SOL001630,2026-08-07 07:43:15
SOL001629,2026-08-07 07:46:34
SOL001634,2026-08-07 07:52:23
SOL001646,2026-08-07 08:17:08
SOL001649,2026-08-07 08:19:08
SOL001637,2026-08-07 08:35:24
SOL001643,2026-08-07 08:40:34
SOL001639,2026-08-07 08:44:05
SOL001642,2026-08-07 08:46:57
SOL001645,2026-08-07 08:50:48
SOL001647,2026-08-07 08:51:11
SOL001638,2026-08-07 08:51:15
SOL001641,2026-08-07 08:51:15
SOL001648,2026-08-07 08:54:36
SOL001640,2026-08-07 08:54:50
SOL001644,2026-08-07 08:57:56
SOL001653,2026-08-07 09:06:45
SOL001651,2026-08-07 09:21:55
SOL001650,2026-08-07 09:25:27
SOL001656,2026-08-07 09:32:24
SOL001652,2026-08-07 09:36:36
SOL001655,2026-08-07 09:39:44
SOL001654,2026-08-07 09:48:37
SOL001657,2026-08-07 09:50:54
SOL001658,2026-08-07 10:04:55
SOL001659,2026-08-07 10:22:45
SOL001660,2026-08-07 10:52:01
SOL001666,2026-08-07 11:09:56
SOL001667,2026-08-07 11:14:34
SOL001665,2026-08-07 11:17:45
SOL001662,2026-08-07 11:26:28
SOL001669,2026-08-07 11:26:57
SOL001661,2026-08-07 11:33:04
SOL001664,2026-08-07 11:40:31
SOL001668,2026-08-07 11:50:04
SOL001663,2026-08-07 11:56:47
SOL001670,2026-08-07 12:01:17
SOL001672,2026-08-07 12:45:34
SOL001674,2026-08-07 12:50:34
SOL001673,2026-08-07 12:55:23
SOL001671,2026-08-07 12:56:56
SOL001680,2026-08-07 13:00:19
SOL001683,2026-08-07 13:03:25
SOL001684,2026-08-07 13:07:06
SOL001687,2026-08-07 13:08:54
SOL001688,2026-08-07 13:10:46
SOL001675,2026-08-07 13:14:12
SOL001676,2026-08-07 13:23:28
SOL001679,2026-08-07 13:23:59
SOL001681,2026-08-07 13:25:52
SOL001686,2026-08-07 13:27:48
SOL001677,2026-08-07 13:33:47
SOL001689,2026-08-07 13:45:14
SOL001678,2026-08-07 13:45:54
SOL001682,2026-08-07 13:50:26
SOL001685,2026-08-07 13:50:46
SOL001692,2026-08-07 14:00:27
SOL001693,2026-08-07 14:11:41
SOL001694,2026-08-07 14:17:46
SOL001697,2026-08-07 14:28:08
SOL001696,2026-08-07 14:28:27
SOL001691,2026-08-07 14:33:54
SOL001690,2026-08-07 14:54:18
SOL001695,2026-08-07 14:54:52
SOL001702,2026-08-07 15:07:49
SOL001700,2026-08-07 15:08:18
SOL001698,2026-08-07 15:09:47
SOL001701,2026-08-07 15:24:35
SOL001699,2026-08-07 15:54:37
SOL001710,2026-08-07 16:09:47
SOL001717,2026-08-07 16:12:09
SOL001716,2026-08-07 16:13:58
SOL001704,2026-08-07 16:15:43
SOL001709,2026-08-07 16:18:13
SOL001713,2026-08-07 16:22:58
SOL001703,2026-08-07 16:31:17
SOL001711,2026-08-07 16:31:38
SOL001712,2026-08-07 16:34:41
SOL001714,2026-08-07 16:36:57
SOL001708,2026-08-07 16:37:18
SOL001707,2026-08-07 16:45:29
SOL001715,2026-08-07 16:49:17
SOL001706,2026-08-07 16:55:18
SOL001705,2026-08-07 16:57:59
SOL001718,2026-08-07 17:48:56
SOL001723,2026-08-07 18:13:23
SOL001719,2026-08-07 18:16:33
SOL001724,2026-08-07 18:24:01
SOL001720,2026-08-07 18:24:22
SOL001721,2026-08-07 18:24:36
SOL001722,2026-08-07 18:31:27
SOL001725,2026-08-07 18:46:51
SOL001726,2026-08-07 18:53:27
SOL001735,2026-08-07 19:01:09
SOL001728,2026-08-07 19:10:54
SOL001731,2026-08-07 19:18:55
SOL001734,2026-08-07 19:19:23
SOL001732,2026-08-07 19:21:44
SOL001737,2026-08-07 19:27:29
SOL001738,2026-08-07 19:29:15
SOL001733,2026-08-07 19:36:14
SOL001730,2026-08-07 19:39:20
SOL001736,2026-08-07 19:46:18
SOL001729,2026-08-07 19:51:33
SOL001727,2026-08-07 19:53:01
SOL001743,2026-08-07 20:03:48
SOL001740,2026-08-07 20:05:43
SOL001739,2026-08-07 20:10:23
SOL001742,2026-08-07 20:22:45
SOL001745,2026-08-07 20:32:08
SOL001741,2026-08-07 20:46:59
SOL001744,2026-08-07 20:52:55
SOL001749,2026-08-07 21:02:28
SOL001748,2026-08-07 21:03:33
SOL001751,2026-08-07 21:14:53
SOL001750,2026-08-07 21:23:52
SOL001747,2026-08-07 21:35:08
SOL001746,2026-08-07 21:42:25
SOL001756,2026-08-07 22:03:45
SOL001758,2026-08-07 22:09:28
SOL001754,2026-08-07 22:13:34
SOL001752,2026-08-07 22:15:07
SOL001760,2026-08-07 22:20:37
SOL001759,2026-08-07 22:37:36
SOL001753,2026-08-07 22:40:21
SOL001755,2026-08-07 22:52:39
SOL001757,2026-08-07 22:53:08
SOL001764,2026-08-07 23:06:47
SOL001765,2026-08-07 23:13:03
SOL001761,2026-08-07 23:29:19
SOL001763,2026-08-07 23:30:13
SOL001762,2026-08-07 23:42:53
SOL001766,2026-08-07 23:55:09
SOL001767,2026-08-08 00:06:06
SOL001769,2026-08-08 00:13:49
SOL001771,2026-08-08 00:29:04
SOL001768,2026-08-08 00:31:16
SOL001770,2026-08-08 00:45:36
SOL001773,2026-08-08 01:09:02
SOL001772,2026-08-08 01:19:50
SOL001775,2026-08-08 01:43:41
SOL001774,2026-08-08 01:45:57
SOL001795,2026-08-08 02:00:35
SOL001778,2026-08-08 02:06:07
SOL001779,2026-08-08 02:14:16
SOL001793,2026-08-08 02:16:52
SOL001780,2026-08-08 02:22:14
SOL001790,2026-08-08 02:24:27
SOL001777,2026-08-08 02:26:32
SOL001786,2026-08-08 02:29:19
SOL001791,2026-08-08 02:29:30
SOL001789,2026-08-08 02:33:24
SOL001794,2026-08-08 02:34:07
SOL001781,2026-08-08 02:35:47
SOL001792,2026-08-08 02:36:42
SOL001788,2026-08-08 02:39:12
SOL001782,2026-08-08 02:40:26
SOL001785,2026-08-08 02:41:20
SOL001776,2026-08-08 02:54:03
SOL001783,2026-08-08 02:54:11
SOL001784,2026-08-08 02:55:35
SOL001787,2026-08-08 02:55:49
SOL001796,2026-08-08 02:56:04
SOL001799,2026-08-08 03:00:43
SOL001801,2026-08-08 03:08:17
SOL001797,2026-08-08 03:09:17
SOL001800,2026-08-08 03:10:03
SOL001805,2026-08-08 03:22:04
SOL001802,2026-08-08 03:30:17
SOL001798,2026-08-08 03:37:18
SOL001806,2026-08-08 03:42:20
SOL001804,2026-08-08 03:56:34
SOL001803,2026-08-08 03:57:58
SOL001808,2026-08-08 04:15:57
SOL001807,2026-08-08 04:20:39
SOL001809,2026-08-08 04:25:28
SOL001810,2026-08-08 04:48:36
SOL001811,2026-08-08 04:53:29
SOL001813,2026-08-08 05:00:32
SOL001819,2026-08-08 05:01:01
SOL001818,2026-08-08 05:02:14
SOL001816,2026-08-08 05:05:39
SOL001815,2026-08-08 05:07:52
SOL001821,2026-08-08 05:19:14
SOL001814,2026-08-08 05:24:24
SOL001822,2026-08-08 05:37:32
SOL001812,2026-08-08 05:40:28
SOL001817,2026-08-08 05:44:02
SOL001820,2026-08-08 05:59:05
SOL001825,2026-08-08 06:00:25
SOL001823,2026-08-08 06:07:29
SOL001824,2026-08-08 06:12:57
SOL001826,2026-08-08 06:16:04
SOL001828,2026-08-08 06:16:45
SOL001827,2026-08-08 06:37:23
SOL001830,2026-08-08 06:42:56
SOL001829,2026-08-08 06:46:51
SOL001840,2026-08-08 07:01:58
SOL001845,2026-08-08 07:03:33
SOL001839,2026-08-08 07:08:53
SOL001846,2026-08-08 07:08:58
SOL001832,2026-08-08 07:19:32
SOL001833,2026-08-08 07:22:34
SOL001835,2026-08-08 07:26:56
SOL001843,2026-08-08 07:32:08
SOL001838,2026-08-08 07:32:24
SOL001844,2026-08-08 07:33:03
SOL001837,2026-08-08 07:33:51
SOL001841,2026-08-08 07:36:20
SOL001834,2026-08-08 07:45:21
SOL001847,2026-08-08 07:45:24
SOL001842,2026-08-08 07:49:53
SOL001831,2026-08-08 07:51:49
SOL001836,2026-08-08 07:54:09
SOL001850,2026-08-08 08:15:07
SOL001848,2026-08-08 08:16:48
SOL001849,2026-08-08 08:42:07
SOL001862,2026-08-08 09:10:40
SOL001871,2026-08-08 09:11:36
SOL001872,2026-08-08 09:12:08
SOL001851,2026-08-08 09:12:33
SOL001860,2026-08-08 09:13:11
SOL001867,2026-08-08 09:13:41
SOL001863,2026-08-08 09:14:09
SOL001868,2026-08-08 09:21:11
SOL001855,2026-08-08 09:25:06
SOL001874,2026-08-08 09:25:07
SOL001864,2026-08-08 09:25:35
SOL001858,2026-08-08 09:26:00
SOL001866,2026-08-08 09:32:11
SOL001865,2026-08-08 09:36:54
SOL001854,2026-08-08 09:36:57
SOL001869,2026-08-08 09:37:29
SOL001857,2026-08-08 09:39:04
SOL001852,2026-08-08 09:41:37
SOL001870,2026-08-08 09:43:52
SOL001873,2026-08-08 09:49:01
SOL001861,2026-08-08 09:49:32
SOL001859,2026-08-08 09:52:29
SOL001856,2026-08-08 09:54:06
SOL001853,2026-08-08 09:58:41
SOL001878,2026-08-08 10:00:56
SOL001877,2026-08-08 10:18:10
SOL001875,2026-08-08 10:30:10
SOL001876,2026-08-08 10:39:59
SOL001879,2026-08-08 10:51:47
SOL001882,2026-08-08 11:36:29
SOL001881,2026-08-08 11:46:59
SOL001880,2026-08-08 11:57:09
SOL001889,2026-08-08 12:02:03
SOL001886,2026-08-08 12:04:16
SOL001884,2026-08-08 12:09:13
SOL001888,2026-08-08 12:17:31
SOL001885,2026-08-08 12:22:27
SOL001891,2026-08-08 12:25:37
SOL001890,2026-08-08 12:30:41
SOL001887,2026-08-08 12:32:19
SOL001883,2026-08-08 12:44:35
SOL001893,2026-08-08 12:53:04
SOL001894,2026-08-08 12:55:08
SOL001892,2026-08-08 12:58:12
SOL001896,2026-08-08 13:01:21
SOL001897,2026-08-08 13:14:46
SOL001895,2026-08-08 13:34:54
SOL001904,2026-08-08 14:07:50
SOL001908,2026-08-08 14:10:23
SOL001905,2026-08-08 14:10:29
SOL001906,2026-08-08 14:17:48
SOL001907,2026-08-08 14:21:15
SOL001901,2026-08-08 14:36:08
SOL001900,2026-08-08 14:37:58
SOL001898,2026-08-08 14:48:52
SOL001899,2026-08-08 14:50:37
SOL001902,2026-08-08 14:58:02
SOL001903,2026-08-08 14:59:07
SOL001917,2026-08-08 15:00:04
SOL001912,2026-08-08 15:02:51
SOL001916,2026-08-08 15:04:48
SOL001915,2026-08-08 15:08:11
SOL001911,2026-08-08 15:08:19
SOL001910,2026-08-08 15:34:48
SOL001909,2026-08-08 15:39:58
SOL001913,2026-08-08 15:58:48
SOL001914,2026-08-08 15:59:29
SOL001919,2026-08-08 16:06:58
SOL001923,2026-08-08 16:08:41
SOL001918,2026-08-08 16:13:43
SOL001921,2026-08-08 16:13:50
SOL001920,2026-08-08 16:15:16
SOL001924,2026-08-08 16:26:01
SOL001922,2026-08-08 16:42:35
SOL001925,2026-08-08 17:00:13
SOL001930,2026-08-08 17:06:15
SOL001928,2026-08-08 17:12:31
SOL001926,2026-08-08 17:20:34
SOL001929,2026-08-08 17:34:43
SOL001927,2026-08-08 17:43:54
SOL001942,2026-08-08 18:06:12
SOL001934,2026-08-08 18:11:18
SOL001932,2026-08-08 18:12:49
SOL001939,2026-08-08 18:15:31
SOL001936,2026-08-08 18:36:23
SOL001938,2026-08-08 18:38:54
SOL001937,2026-08-08 18:47:06
SOL001940,2026-08-08 18:47:47
SOL001935,2026-08-08 18:51:21
SOL001933,2026-08-08 18:56:26
SOL001941,2026-08-08 18:56:31
SOL001931,2026-08-08 18:58:00
SOL001956,2026-08-08 19:01:39
SOL001957,2026-08-08 19:03:48
SOL001954,2026-08-08 19:06:41
SOL001945,2026-08-08 19:11:19
SOL001949,2026-08-08 19:11:53
SOL001950,2026-08-08 19:12:51
SOL001952,2026-08-08 19:13:17
SOL001946,2026-08-08 19:14:19
SOL001944,2026-08-08 19:16:18
SOL001948,2026-08-08 19:29:54
SOL001955,2026-08-08 19:32:13
SOL001958,2026-08-08 19:42:33
SOL001943,2026-08-08 19:55:47
SOL001947,2026-08-08 19:56:10
SOL001951,2026-08-08 19:56:27
SOL001959,2026-08-08 19:56:53
SOL001953,2026-08-08 19:58:21
SOL001973,2026-08-08 20:06:04
SOL001965,2026-08-08 20:07:35
SOL001974,2026-08-08 20:12:03
SOL001972,2026-08-08 20:19:52
SOL001964,2026-08-08 20:22:05
SOL001967,2026-08-08 20:24:29
SOL001971,2026-08-08 20:29:48
SOL001968,2026-08-08 20:33:30
SOL001975,2026-08-08 20:36:54
SOL001970,2026-08-08 20:37:29
SOL001961,2026-08-08 20:37:45
SOL001969,2026-08-08 20:38:05
SOL001960,2026-08-08 20:41:05
SOL001977,2026-08-08 20:42:52
SOL001978,2026-08-08 20:46:48
SOL001963,2026-08-08 20:48:37
SOL001962,2026-08-08 20:49:11
SOL001966,2026-08-08 20:50:57
SOL001976,2026-08-08 20:53:56
SOL001979,2026-08-08 21:27:29
SOL001980,2026-08-08 21:33:01
SOL001989,2026-08-08 22:05:32
SOL001981,2026-08-08 22:08:03
SOL001991,2026-08-08 22:08:19
SOL001988,2026-08-08 22:09:56
SOL001985,2026-08-08 22:18:44
SOL001982,2026-08-08 22:19:40
SOL001990,2026-08-08 22:32:37
SOL001984,2026-08-08 22:42:35
SOL001987,2026-08-08 22:44:38
SOL001986,2026-08-08 22:47:23
SOL001983,2026-08-08 22:48:53
SOL001993,2026-08-08 23:14:50
SOL001992,2026-08-08 23:24:39
SOL002000,2026-08-09 00:02:46
SOL002001,2026-08-09 00:12:15
SOL001998,2026-08-09 00:16:49
SOL001995,2026-08-09 00:20:58
SOL001997,2026-08-09 00:31:47
SOL001996,2026-08-09 00:34:26
SOL001994,2026-08-09 00:44:02
SOL001999,2026-08-09 00:51:11
SOL002008,2026-08-09 01:17:10
SOL002005,2026-08-09 01:18:59
SOL002004,2026-08-09 01:20:22
SOL002006,2026-08-09 01:29:50
SOL002007,2026-08-09 01:32:21
SOL002010,2026-08-09 01:33:49
SOL002003,2026-08-09 01:36:36
SOL002002,2026-08-09 01:39:29
SOL002009,2026-08-09 01:39:50
SOL002016,2026-08-09 02:02:03
SOL002017,2026-08-09 02:12:29
SOL002012,2026-08-09 02:18:07
SOL002011,2026-08-09 02:23:57
SOL002014,2026-08-09 02:24:16
SOL002015,2026-08-09 02:29:24
SOL002013,2026-08-09 02:45:32
SOL002027,2026-08-09 03:00:05
SOL002030,2026-08-09 03:01:16
SOL002023,2026-08-09 03:07:17
SOL002034,2026-08-09 03:11:43
SOL002039,2026-08-09 03:16:01
SOL002032,2026-08-09 03:16:56
SOL002036,2026-08-09 03:19:07
SOL002037,2026-08-09 03:21:23
SOL002021,2026-08-09 03:22:40
SOL002031,2026-08-09 03:23:15
SOL002019,2026-08-09 03:28:02
SOL002028,2026-08-09 03:30:39
SOL002018,2026-08-09 03:30:50
SOL002025,2026-08-09 03:37:20
SOL002026,2026-08-09 03:37:42
SOL002029,2026-08-09 03:39:06
SOL002038,2026-08-09 03:40:01
SOL002035,2026-08-09 03:42:20
SOL002024,2026-08-09 03:43:34
SOL002020,2026-08-09 03:44:56
SOL002022,2026-08-09 03:57:16
SOL002033,2026-08-09 03:57:25
SOL002040,2026-08-09 04:04:58
SOL002043,2026-08-09 04:11:32
SOL002042,2026-08-09 04:14:14
SOL002041,2026-08-09 04:34:58
SOL002049,2026-08-09 05:08:56
SOL002044,2026-08-09 05:24:24
SOL002048,2026-08-09 05:31:00
SOL002045,2026-08-09 05:33:39
SOL002051,2026-08-09 05:38:00
SOL002050,2026-08-09 05:41:02
SOL002047,2026-08-09 05:45:06
SOL002046,2026-08-09 05:54:58
SOL002056,2026-08-09 06:13:18
SOL002055,2026-08-09 06:17:55
SOL002053,2026-08-09 06:42:00
SOL002054,2026-08-09 06:47:29
SOL002052,2026-08-09 06:50:35
SOL002081,2026-08-09 07:02:48
SOL002057,2026-08-09 07:03:00
SOL002060,2026-08-09 07:06:13
SOL002063,2026-08-09 07:09:01
SOL002074,2026-08-09 07:11:52
SOL002080,2026-08-09 07:11:57
SOL002058,2026-08-09 07:12:48
SOL002079,2026-08-09 07:13:19
SOL002068,2026-08-09 07:13:55
SOL002078,2026-08-09 07:14:10
SOL002069,2026-08-09 07:15:49
SOL002077,2026-08-09 07:19:15
SOL002071,2026-08-09 07:20:39
SOL002076,2026-08-09 07:25:51
SOL002075,2026-08-09 07:29:29
SOL002072,2026-08-09 07:31:11
SOL002070,2026-08-09 07:35:33
SOL002064,2026-08-09 07:43:28
SOL002065,2026-08-09 07:49:23
SOL002059,2026-08-09 07:51:25
SOL002061,2026-08-09 07:52:06
SOL002067,2026-08-09 07:52:49
SOL002073,2026-08-09 07:52:51
SOL002062,2026-08-09 07:54:51
SOL002066,2026-08-09 07:59:46
SOL002086,2026-08-09 08:02:15
SOL002090,2026-08-09 08:03:48
SOL002091,2026-08-09 08:04:56
SOL002083,2026-08-09 08:14:55
SOL002092,2026-08-09 08:18:52
SOL002084,2026-08-09 08:32:52
SOL002087,2026-08-09 08:41:49
SOL002089,2026-08-09 08:42:03
SOL002082,2026-08-09 08:53:50
SOL002085,2026-08-09 08:56:37
SOL002088,2026-08-09 08:56:58
SOL002099,2026-08-09 09:03:02
SOL002098,2026-08-09 09:12:33
SOL002096,2026-08-09 09:15:13
SOL002097,2026-08-09 09:20:08
SOL002095,2026-08-09 09:32:54
SOL002093,2026-08-09 09:36:09
SOL002094,2026-08-09 09:53:16
SOL002117,2026-08-09 10:00:49
SOL002114,2026-08-09 10:04:46
SOL002104,2026-08-09 10:05:01
SOL002116,2026-08-09 10:13:42
SOL002111,2026-08-09 10:13:53
SOL002102,2026-08-09 10:17:03
SOL002106,2026-08-09 10:17:20
SOL002105,2026-08-09 10:24:53
SOL002115,2026-08-09 10:26:11
SOL002112,2026-08-09 10:32:27
SOL002110,2026-08-09 10:35:29
SOL002108,2026-08-09 10:39:04
SOL002109,2026-08-09 10:42:50
SOL002101,2026-08-09 10:47:33
SOL002107,2026-08-09 10:50:56
SOL002113,2026-08-09 10:55:18
SOL002103,2026-08-09 10:56:13
SOL002100,2026-08-09 10:58:07
SOL002120,2026-08-09 11:06:33
SOL002121,2026-08-09 11:06:45
SOL002124,2026-08-09 11:23:54
SOL002123,2026-08-09 11:26:18
SOL002119,2026-08-09 11:31:50
SOL002118,2026-08-09 11:36:06
SOL002122,2026-08-09 11:40:26
SOL002125,2026-08-09 11:59:37
SOL002131,2026-08-09 12:03:19
SOL002128,2026-08-09 12:06:30
SOL002132,2026-08-09 12:11:10
SOL002129,2026-08-09 12:11:55
SOL002133,2026-08-09 12:18:30
SOL002134,2026-08-09 12:18:43
SOL002127,2026-08-09 12:44:44
SOL002126,2026-08-09 12:45:17
SOL002130,2026-08-09 12:56:44
SOL002136,2026-08-09 13:06:48
SOL002137,2026-08-09 13:23:37
SOL002135,2026-08-09 13:42:35
SOL002138,2026-08-09 13:46:43
SOL002141,2026-08-09 14:23:34
SOL002146,2026-08-09 14:39:45
SOL002142,2026-08-09 14:41:12
SOL002139,2026-08-09 14:45:59
SOL002144,2026-08-09 14:49:08
SOL002145,2026-08-09 14:56:48
SOL002143,2026-08-09 14:57:45
SOL002140,2026-08-09 14:57:52
SOL002147,2026-08-09 15:12:27
SOL002148,2026-08-09 15:21:01
SOL002149,2026-08-09 15:47:37
SOL002150,2026-08-09 15:49:39
SOL002165,2026-08-09 16:08:27
SOL002164,2026-08-09 16:08:43
SOL002159,2026-08-09 16:18:45
SOL002161,2026-08-09 16:23:19
SOL002154,2026-08-09 16:24:10
SOL002153,2026-08-09 16:24:21
SOL002155,2026-08-09 16:31:49
SOL002166,2026-08-09 16:32:02
SOL002158,2026-08-09 16:32:26
SOL002167,2026-08-09 16:33:08
SOL002151,2026-08-09 16:34:20
SOL002152,2026-08-09 16:36:11
SOL002163,2026-08-09 16:41:01
SOL002156,2026-08-09 16:45:04
SOL002157,2026-08-09 16:45:26
SOL002160,2026-08-09 16:46:41
SOL002162,2026-08-09 16:46:49
SOL002170,2026-08-09 17:21:48
SOL002168,2026-08-09 17:32:04
SOL002171,2026-08-09 17:40:18
SOL002169,2026-08-09 17:41:44
SOL002172,2026-08-09 17:47:52
SOL002173,2026-08-09 18:29:40
SOL002174,2026-08-09 18:57:24
SOL002175,2026-08-09 19:11:58
SOL002182,2026-08-09 19:14:09
SOL002183,2026-08-09 19:15:49
SOL002177,2026-08-09 19:22:08
SOL002178,2026-08-09 19:26:18
SOL002181,2026-08-09 19:37:13
SOL002180,2026-08-09 19:37:15
SOL002179,2026-08-09 19:43:05
SOL002176,2026-08-09 19:44:10
SOL002185,2026-08-09 20:00:53
SOL002188,2026-08-09 20:10:57
SOL002187,2026-08-09 20:14:15
SOL002184,2026-08-09 20:29:25
SOL002186,2026-08-09 20:38:28
SOL002193,2026-08-09 22:18:23
SOL002194,2026-08-09 22:20:19
SOL002191,2026-08-09 22:23:31
SOL002196,2026-08-09 22:25:21
SOL002190,2026-08-09 22:30:51
SOL002195,2026-08-09 22:52:06
SOL002192,2026-08-09 22:53:14
SOL002189,2026-08-09 22:55:56
SOL002199,2026-08-09 23:03:15
SOL002203,2026-08-09 23:22:14
SOL002201,2026-08-09 23:22:57
SOL002204,2026-08-09 23:31:37
SOL002198,2026-08-09 23:31:49
SOL002197,2026-08-09 23:36:43
SOL002200,2026-08-09 23:47:46
SOL002202,2026-08-09 23:53:27
SOL002207,2026-08-10 00:12:52
SOL002206,2026-08-10 00:19:27
SOL002205,2026-08-10 00:23:29
SOL002211,2026-08-10 01:09:00
SOL002209,2026-08-10 01:18:24
SOL002212,2026-08-10 01:28:59
SOL002213,2026-08-10 01:43:00
SOL002214,2026-08-10 01:47:39
SOL002210,2026-08-10 01:47:48
SOL002208,2026-08-10 01:51:46
SOL002225,2026-08-10 02:02:26
SOL002229,2026-08-10 02:05:30
SOL002220,2026-08-10 02:14:33
SOL002222,2026-08-10 02:16:18
SOL002218,2026-08-10 02:21:21
SOL002221,2026-08-10 02:22:05
SOL002215,2026-08-10 02:25:42
SOL002226,2026-08-10 02:28:42
SOL002219,2026-08-10 02:29:00
SOL002217,2026-08-10 02:29:32
SOL002216,2026-08-10 02:35:48
SOL002227,2026-08-10 02:37:58
SOL002224,2026-08-10 02:43:53
SOL002228,2026-08-10 02:54:01
SOL002223,2026-08-10 02:55:47
SOL002231,2026-08-10 03:10:39
SOL002235,2026-08-10 03:14:55
SOL002236,2026-08-10 03:16:23
SOL002230,2026-08-10 03:16:53
SOL002233,2026-08-10 03:28:54
SOL002232,2026-08-10 03:34:37
SOL002234,2026-08-10 03:41:44
SOL002238,2026-08-10 04:12:02
SOL002237,2026-08-10 04:18:01
SOL002240,2026-08-10 04:32:22
SOL002239,2026-08-10 04:38:11
SOL002253,2026-08-10 05:03:09
SOL002246,2026-08-10 05:04:17
SOL002260,2026-08-10 05:06:36
SOL002243,2026-08-10 05:06:37
SOL002250,2026-08-10 05:18:10
SOL002265,2026-08-10 05:22:20
SOL002261,2026-08-10 05:22:32
SOL002244,2026-08-10 05:26:52
SOL002252,2026-08-10 05:27:12
SOL002242,2026-08-10 05:27:26
SOL002241,2026-08-10 05:28:32
SOL002249,2026-08-10 05:32:16
SOL002262,2026-08-10 05:33:14
SOL002258,2026-08-10 05:34:19
SOL002251,2026-08-10 05:35:03
SOL002247,2026-08-10 05:35:25
SOL002263,2026-08-10 05:35:58
SOL002257,2026-08-10 05:36:15
SOL002248,2026-08-10 05:39:00
SOL002245,2026-08-10 05:40:10
SOL002264,2026-08-10 05:40:49
SOL002266,2026-08-10 05:41:26
SOL002267,2026-08-10 05:42:42
SOL002254,2026-08-10 05:46:34
SOL002255,2026-08-10 05:49:00
SOL002256,2026-08-10 05:50:47
SOL002259,2026-08-10 05:58:45
SOL002273,2026-08-10 06:04:17
SOL002268,2026-08-10 06:06:26
SOL002274,2026-08-10 06:14:46
SOL002278,2026-08-10 06:14:49
SOL002279,2026-08-10 06:17:01
SOL002277,2026-08-10 06:18:16
SOL002269,2026-08-10 06:19:27
SOL002270,2026-08-10 06:24:43
SOL002271,2026-08-10 06:29:25
SOL002275,2026-08-10 06:44:27
SOL002276,2026-08-10 06:48:23
SOL002272,2026-08-10 06:59:16
SOL002280,2026-08-10 07:04:45
SOL002297,2026-08-10 07:06:09
SOL002289,2026-08-10 07:07:21
SOL002290,2026-08-10 07:08:27
SOL002298,2026-08-10 07:08:35
SOL002299,2026-08-10 07:18:46
SOL002287,2026-08-10 07:21:58
SOL002296,2026-08-10 07:22:11
SOL002283,2026-08-10 07:23:30
SOL002288,2026-08-10 07:24:46
SOL002285,2026-08-10 07:25:50
SOL002281,2026-08-10 07:31:44
SOL002294,2026-08-10 07:38:38
SOL002284,2026-08-10 07:42:02
SOL002295,2026-08-10 07:45:21
SOL002291,2026-08-10 07:49:07
SOL002286,2026-08-10 07:49:44
SOL002282,2026-08-10 07:55:50
SOL002292,2026-08-10 07:59:20
SOL002293,2026-08-10 07:59:26
SOL002301,2026-08-10 08:03:52
SOL002304,2026-08-10 08:21:59
SOL002303,2026-08-10 08:24:43
SOL002300,2026-08-10 08:25:28
SOL002302,2026-08-10 08:58:04
SOL002307,2026-08-10 09:03:09
SOL002312,2026-08-10 09:05:00
SOL002308,2026-08-10 09:12:52
SOL002318,2026-08-10 09:16:07
SOL002315,2026-08-10 09:17:35
SOL002319,2026-08-10 09:18:26
SOL002313,2026-08-10 09:18:39
SOL002310,2026-08-10 09:33:11
SOL002311,2026-08-10 09:35:11
SOL002316,2026-08-10 09:35:53
SOL002314,2026-08-10 09:39:17
SOL002306,2026-08-10 09:41:25
SOL002317,2026-08-10 09:51:22
SOL002309,2026-08-10 09:52:50
SOL002305,2026-08-10 09:58:48
SOL002320,2026-08-10 10:00:25
SOL002321,2026-08-10 10:07:13
SOL002327,2026-08-10 10:13:55
SOL002325,2026-08-10 10:15:44
SOL002322,2026-08-10 10:20:55
SOL002326,2026-08-10 10:38:44
SOL002328,2026-08-10 10:45:15
SOL002323,2026-08-10 10:45:20
SOL002324,2026-08-10 10:51:33
SOL002329,2026-08-10 11:07:32
SOL002332,2026-08-10 11:08:51
SOL002330,2026-08-10 11:12:42
SOL002333,2026-08-10 11:18:13
SOL002334,2026-08-10 11:41:54
SOL002331,2026-08-10 11:53:14
SOL002340,2026-08-10 12:17:39
SOL002339,2026-08-10 12:21:30
SOL002351,2026-08-10 12:25:16
SOL002337,2026-08-10 12:25:29
SOL002338,2026-08-10 12:26:18
SOL002344,2026-08-10 12:35:18
SOL002342,2026-08-10 12:39:47
SOL002335,2026-08-10 12:39:58
SOL002341,2026-08-10 12:40:47
SOL002350,2026-08-10 12:42:15
SOL002352,2026-08-10 12:44:28
SOL002336,2026-08-10 12:45:21
SOL002348,2026-08-10 12:47:32
SOL002343,2026-08-10 12:49:09
SOL002345,2026-08-10 12:51:16
SOL002349,2026-08-10 12:51:20
SOL002347,2026-08-10 12:59:11
SOL002346,2026-08-10 12:59:36
SOL002364,2026-08-10 13:01:53
SOL002362,2026-08-10 13:04:38
SOL002354,2026-08-10 13:06:02
SOL002355,2026-08-10 13:10:12
SOL002365,2026-08-10 13:12:17
SOL002353,2026-08-10 13:12:54
SOL002367,2026-08-10 13:16:19
SOL002360,2026-08-10 13:16:30
SOL002357,2026-08-10 13:18:29
SOL002368,2026-08-10 13:20:53
SOL002356,2026-08-10 13:25:01
SOL002361,2026-08-10 13:32:22
SOL002366,2026-08-10 13:32:34
SOL002363,2026-08-10 13:36:00
SOL002359,2026-08-10 13:42:22
SOL002358,2026-08-10 13:53:15
SOL002369,2026-08-10 14:00:37
SOL002370,2026-08-10 14:04:17
SOL002371,2026-08-10 14:29:58
SOL002374,2026-08-10 14:36:34
SOL002372,2026-08-10 14:40:43
SOL002373,2026-08-10 14:48:21
SOL002375,2026-08-10 15:00:19
SOL002385,2026-08-10 15:07:53
SOL002383,2026-08-10 15:09:45
SOL002376,2026-08-10 15:10:50
SOL002382,2026-08-10 15:11:36
SOL002381,2026-08-10 15:21:55
SOL002377,2026-08-10 15:28:30
SOL002379,2026-08-10 15:30:20
SOL002386,2026-08-10 15:36:50
SOL002384,2026-08-10 15:48:24
SOL002378,2026-08-10 15:56:26
SOL002380,2026-08-10 15:57:27
SOL002410,2026-08-10 16:00:36
SOL002409,2026-08-10 16:02:30
SOL002406,2026-08-10 16:02:33
SOL002393,2026-08-10 16:02:52
SOL002397,2026-08-10 16:03:28
SOL002394,2026-08-10 16:04:22
SOL002400,2026-08-10 16:05:04
SOL002404,2026-08-10 16:05:12
SOL002403,2026-08-10 16:12:53
SOL002387,2026-08-10 16:15:27
SOL002399,2026-08-10 16:17:39
SOL002402,2026-08-10 16:24:15
SOL002389,2026-08-10 16:30:00
SOL002391,2026-08-10 16:31:55
SOL002395,2026-08-10 16:32:18
SOL002408,2026-08-10 16:32:47
SOL002390,2026-08-10 16:34:53
SOL002401,2026-08-10 16:39:26
SOL002388,2026-08-10 16:43:41
SOL002396,2026-08-10 16:44:54
SOL002398,2026-08-10 16:51:22
SOL002405,2026-08-10 16:55:30
SOL002407,2026-08-10 16:56:26
SOL002392,2026-08-10 16:56:52
SOL002414,2026-08-10 17:10:21
SOL002412,2026-08-10 17:21:35
SOL002415,2026-08-10 17:26:03
SOL002411,2026-08-10 17:31:47
SOL002416,2026-08-10 17:33:46
SOL002420,2026-08-10 17:34:55
SOL002419,2026-08-10 17:38:06
SOL002413,2026-08-10 17:44:23
SOL002417,2026-08-10 17:53:55
SOL002418,2026-08-10 17:58:12
SOL002424,2026-08-10 18:22:18
SOL002422,2026-08-10 18:34:42
SOL002423,2026-08-10 18:39:18
SOL002421,2026-08-10 18:49:12
SOL002428,2026-08-10 19:13:06
SOL002431,2026-08-10 19:20:10
SOL002426,2026-08-10 19:24:24
SOL002429,2026-08-10 19:33:59
SOL002425,2026-08-10 19:41:30
SOL002430,2026-08-10 19:44:27
SOL002427,2026-08-10 19:59:50
SOL002434,2026-08-10 20:17:29
SOL002435,2026-08-10 20:30:11
SOL002436,2026-08-10 20:31:18
SOL002438,2026-08-10 20:31:21
SOL002437,2026-08-10 20:32:59
SOL002432,2026-08-10 20:36:22
SOL002433,2026-08-10 20:51:50
SOL002442,2026-08-10 21:02:41
SOL002441,2026-08-10 21:33:25
SOL002439,2026-08-10 21:46:28
SOL002440,2026-08-10 21:56:00
SOL002445,2026-08-10 22:04:33
SOL002443,2026-08-10 22:16:48
SOL002447,2026-08-10 22:44:55
SOL002444,2026-08-10 22:48:31
SOL002448,2026-08-10 22:52:04
SOL002446,2026-08-10 22:54:52
SOL002450,2026-08-10 23:06:07
SOL002452,2026-08-10 23:22:32
SOL002453,2026-08-10 23:32:00
SOL002451,2026-08-10 23:33:13
SOL002454,2026-08-10 23:42:26
SOL002449,2026-08-10 23:50:05
SOL002457,2026-08-11 00:03:45
SOL002467,2026-08-11 00:05:17
SOL002456,2026-08-11 00:06:07
SOL002461,2026-08-11 00:08:47
SOL002468,2026-08-11 00:09:23
SOL002465,2026-08-11 00:10:06
SOL002470,2026-08-11 00:12:04
SOL002460,2026-08-11 00:18:56
SOL002464,2026-08-11 00:19:30
SOL002466,2026-08-11 00:22:35
SOL002455,2026-08-11 00:23:17
SOL002462,2026-08-11 00:28:12
SOL002459,2026-08-11 00:32:12
SOL002463,2026-08-11 00:35:57
SOL002458,2026-08-11 00:50:11
SOL002471,2026-08-11 00:56:11
SOL002469,2026-08-11 00:57:02
SOL002480,2026-08-11 01:00:07
SOL002476,2026-08-11 01:00:51
SOL002482,2026-08-11 01:04:11
SOL002483,2026-08-11 01:12:28
SOL002474,2026-08-11 01:19:35
SOL002472,2026-08-11 01:39:22
SOL002478,2026-08-11 01:40:44
SOL002475,2026-08-11 01:41:07
SOL002473,2026-08-11 01:43:14
SOL002479,2026-08-11 01:43:36
SOL002481,2026-08-11 01:44:53
SOL002484,2026-08-11 01:57:32
SOL002477,2026-08-11 01:58:05
SOL002489,2026-08-11 02:19:43
SOL002485,2026-08-11 02:26:40
SOL002487,2026-08-11 02:34:00
SOL002486,2026-08-11 02:40:02
SOL002488,2026-08-11 02:42:26
SOL002499,2026-08-11 03:02:33
SOL002491,2026-08-11 03:03:37
SOL002512,2026-08-11 03:03:47
SOL002511,2026-08-11 03:13:17
SOL002506,2026-08-11 03:18:18
SOL002493,2026-08-11 03:19:55
SOL002490,2026-08-11 03:21:38
SOL002505,2026-08-11 03:23:33
SOL002502,2026-08-11 03:24:02
SOL002497,2026-08-11 03:24:06
SOL002507,2026-08-11 03:28:11
SOL002498,2026-08-11 03:30:47
SOL002495,2026-08-11 03:31:35
SOL002501,2026-08-11 03:31:55
SOL002510,2026-08-11 03:33:54
SOL002509,2026-08-11 03:35:50
SOL002503,2026-08-11 03:36:12
SOL002500,2026-08-11 03:39:16
SOL002496,2026-08-11 03:41:51
SOL002504,2026-08-11 03:42:20
SOL002492,2026-08-11 03:43:00
SOL002508,2026-08-11 03:51:19
SOL002494,2026-08-11 03:57:00
SOL002518,2026-08-11 04:09:53
SOL002521,2026-08-11 04:10:06
SOL002522,2026-08-11 04:12:33
SOL002520,2026-08-11 04:12:45
SOL002515,2026-08-11 04:14:27
SOL002519,2026-08-11 04:15:50
SOL002513,2026-08-11 04:18:53
SOL002517,2026-08-11 04:27:05
SOL002516,2026-08-11 04:29:28
SOL002514,2026-08-11 04:47:01
SOL002528,2026-08-11 05:02:13
SOL002524,2026-08-11 05:10:53
SOL002526,2026-08-11 05:15:31
SOL002527,2026-08-11 05:35:30
SOL002523,2026-08-11 05:40:06
SOL002529,2026-08-11 05:41:29
SOL002525,2026-08-11 05:48:13
SOL002547,2026-08-11 06:00:04
SOL002541,2026-08-11 06:02:07
SOL002540,2026-08-11 06:04:27
SOL002531,2026-08-11 06:04:55
SOL002539,2026-08-11 06:06:31
SOL002542,2026-08-11 06:10:21
SOL002543,2026-08-11 06:17:10
SOL002549,2026-08-11 06:21:19
SOL002538,2026-08-11 06:24:56
SOL002533,2026-08-11 06:25:00
SOL002544,2026-08-11 06:25:11
SOL002545,2026-08-11 06:27:41
SOL002548,2026-08-11 06:29:32
SOL002534,2026-08-11 06:32:18
SOL002530,2026-08-11 06:40:24
SOL002532,2026-08-11 06:40:28
SOL002536,2026-08-11 06:48:17
SOL002535,2026-08-11 06:49:49
SOL002537,2026-08-11 06:49:54
SOL002546,2026-08-11 06:57:05
SOL002559,2026-08-11 07:13:42
SOL002551,2026-08-11 07:20:27
SOL002560,2026-08-11 07:22:17
SOL002554,2026-08-11 07:25:05
SOL002552,2026-08-11 07:26:07
SOL002556,2026-08-11 07:32:13
SOL002550,2026-08-11 07:34:51
SOL002555,2026-08-11 07:38:28
SOL002553,2026-08-11 07:42:48
SOL002558,2026-08-11 07:42:57
SOL002557,2026-08-11 07:47:45
SOL002577,2026-08-11 08:06:07
SOL002572,2026-08-11 08:08:22
SOL002565,2026-08-11 08:10:26
SOL002578,2026-08-11 08:10:33
SOL002573,2026-08-11 08:10:49
SOL002576,2026-08-11 08:14:46
SOL002561,2026-08-11 08:16:14
SOL002564,2026-08-11 08:17:23
SOL002574,2026-08-11 08:22:43
SOL002562,2026-08-11 08:24:06
SOL002570,2026-08-11 08:24:20
SOL002575,2026-08-11 08:36:30
SOL002567,2026-08-11 08:43:36
SOL002566,2026-08-11 08:43:48
SOL002568,2026-08-11 08:45:32
SOL002569,2026-08-11 08:53:09
SOL002563,2026-08-11 08:53:38
SOL002571,2026-08-11 08:57:46
SOL002579,2026-08-11 09:08:22
SOL002581,2026-08-11 09:32:28
SOL002580,2026-08-11 09:46:18
SOL002582,2026-08-11 10:25:32
SOL002590,2026-08-11 11:04:48
SOL002585,2026-08-11 11:17:19
SOL002588,2026-08-11 11:20:31
SOL002584,2026-08-11 11:28:00
SOL002586,2026-08-11 11:42:27
SOL002583,2026-08-11 11:44:19
SOL002591,2026-08-11 11:49:11
SOL002587,2026-08-11 11:52:17
SOL002589,2026-08-11 11:59:44
SOL002594,2026-08-11 12:26:34
SOL002593,2026-08-11 12:29:53
SOL002592,2026-08-11 12:59:03
SOL002598,2026-08-11 13:02:42
SOL002599,2026-08-11 13:16:18
SOL002595,2026-08-11 13:26:54
SOL002596,2026-08-11 13:39:14
SOL002597,2026-08-11 13:53:08
SOL002604,2026-08-11 14:00:32
SOL002600,2026-08-11 14:00:50
SOL002608,2026-08-11 14:06:49
SOL002601,2026-08-11 14:16:43
SOL002606,2026-08-11 14:25:20
SOL002602,2026-08-11 14:26:33
SOL002607,2026-08-11 14:29:50
SOL002609,2026-08-11 14:31:26
SOL002603,2026-08-11 14:50:46
SOL002605,2026-08-11 14:54:43
SOL002610,2026-08-11 15:08:13
SOL002622,2026-08-11 15:08:45
SOL002620,2026-08-11 15:09:42
SOL002619,2026-08-11 15:17:34
SOL002615,2026-08-11 15:20:26
SOL002614,2026-08-11 15:20:58
SOL002618,2026-08-11 15:28:24
SOL002621,2026-08-11 15:32:51
SOL002613,2026-08-11 15:32:52
SOL002623,2026-08-11 15:37:30
SOL002617,2026-08-11 15:42:53
SOL002611,2026-08-11 15:44:25
SOL002616,2026-08-11 15:45:20
SOL002612,2026-08-11 15:48:09
SOL002624,2026-08-11 15:55:21
SOL002625,2026-08-11 16:30:54
SOL002632,2026-08-11 17:12:51
SOL002629,2026-08-11 17:13:07
SOL002633,2026-08-11 17:14:17
SOL002628,2026-08-11 17:15:05
SOL002630,2026-08-11 17:15:13
SOL002626,2026-08-11 17:27:33
SOL002631,2026-08-11 17:28:55
SOL002627,2026-08-11 17:47:20
SOL002634,2026-08-11 17:59:28
SOL002638,2026-08-11 18:18:11
SOL002640,2026-08-11 18:22:55
SOL002639,2026-08-11 18:27:57
SOL002636,2026-08-11 18:42:23
SOL002635,2026-08-11 18:46:27
SOL002637,2026-08-11 18:57:17
SOL002642,2026-08-11 19:09:43
SOL002651,2026-08-11 19:11:50
SOL002641,2026-08-11 19:12:56
SOL002643,2026-08-11 19:18:33
SOL002646,2026-08-11 19:22:23
SOL002650,2026-08-11 19:34:26
SOL002648,2026-08-11 19:37:08
SOL002644,2026-08-11 19:44:02
SOL002649,2026-08-11 19:52:32
SOL002647,2026-08-11 19:57:10
SOL002645,2026-08-11 19:57:46
SOL002660,2026-08-11 20:02:10
SOL002656,2026-08-11 20:17:06
SOL002655,2026-08-11 20:27:57
SOL002653,2026-08-11 20:29:22
SOL002661,2026-08-11 20:31:55
SOL002652,2026-08-11 20:34:25
SOL002658,2026-08-11 20:38:30
SOL002659,2026-08-11 20:45:43
SOL002654,2026-08-11 20:50:37
SOL002657,2026-08-11 20:50:58
SOL002675,2026-08-11 21:19:31
SOL002677,2026-08-11 21:24:58
SOL002669,2026-08-11 21:31:23
SOL002662,2026-08-11 21:32:39
SOL002674,2026-08-11 21:33:13
SOL002670,2026-08-11 21:35:10
SOL002664,2026-08-11 21:35:24
SOL002676,2026-08-11 21:39:56
SOL002671,2026-08-11 21:40:15
SOL002665,2026-08-11 21:40:58
SOL002666,2026-08-11 21:43:40
SOL002678,2026-08-11 21:44:41
SOL002668,2026-08-11 21:44:44
SOL002667,2026-08-11 21:45:22
SOL002663,2026-08-11 21:48:42
SOL002672,2026-08-11 21:49:21
SOL002673,2026-08-11 21:58:52
SOL002679,2026-08-11 22:00:52
SOL002684,2026-08-11 22:06:38
SOL002680,2026-08-11 22:28:19
SOL002681,2026-08-11 22:30:57
SOL002682,2026-08-11 22:39:43
SOL002683,2026-08-11 22:55:53
SOL002690,2026-08-11 23:02:28
SOL002688,2026-08-11 23:13:37
SOL002686,2026-08-11 23:13:57
SOL002689,2026-08-11 23:21:30
SOL002691,2026-08-11 23:23:20
SOL002692,2026-08-11 23:24:39
SOL002687,2026-08-11 23:29:08
SOL002685,2026-08-11 23:52:14
SOL002695,2026-08-12 00:11:28
SOL002696,2026-08-12 00:29:53
SOL002694,2026-08-12 00:35:17
SOL002693,2026-08-12 00:38:46
SOL002700,2026-08-12 01:05:41
SOL002701,2026-08-12 01:06:51
SOL002705,2026-08-12 01:14:33
SOL002699,2026-08-12 01:16:00
SOL002702,2026-08-12 01:27:58
SOL002703,2026-08-12 01:30:20
SOL002697,2026-08-12 01:37:28
SOL002704,2026-08-12 01:44:14
SOL002706,2026-08-12 01:44:34
SOL002698,2026-08-12 01:57:51
SOL002714,2026-08-12 02:01:04
SOL002710,2026-08-12 02:22:09
SOL002707,2026-08-12 02:23:38
SOL002713,2026-08-12 02:35:27
SOL002711,2026-08-12 02:42:08
SOL002712,2026-08-12 02:50:56
SOL002709,2026-08-12 02:51:18
SOL002708,2026-08-12 02:55:43
SOL002720,2026-08-12 03:03:08
SOL002717,2026-08-12 03:37:30
SOL002721,2026-08-12 03:38:02
SOL002722,2026-08-12 03:38:23
SOL002723,2026-08-12 03:42:27
SOL002716,2026-08-12 03:42:44
SOL002719,2026-08-12 03:44:14
SOL002715,2026-08-12 03:48:12
SOL002718,2026-08-12 03:59:12
SOL002734,2026-08-12 04:00:08
SOL002726,2026-08-12 04:07:17
SOL002730,2026-08-12 04:09:07
SOL002724,2026-08-12 04:17:44
SOL002731,2026-08-12 04:25:07
SOL002737,2026-08-12 04:28:07
SOL002733,2026-08-12 04:28:41
SOL002728,2026-08-12 04:29:05
SOL002735,2026-08-12 04:30:02
SOL002729,2026-08-12 04:33:44
SOL002725,2026-08-12 04:34:05
SOL002732,2026-08-12 04:44:44
SOL002738,2026-08-12 04:45:03
SOL002736,2026-08-12 04:48:46
SOL002727,2026-08-12 04:51:58
SOL002750,2026-08-12 05:04:58
SOL002752,2026-08-12 05:06:09
SOL002747,2026-08-12 05:20:02
SOL002748,2026-08-12 05:21:27
SOL002751,2026-08-12 05:22:58
SOL002756,2026-08-12 05:23:55
SOL002753,2026-08-12 05:24:50
SOL002740,2026-08-12 05:26:52
SOL002746,2026-08-12 05:30:24
SOL002745,2026-08-12 05:35:39
SOL002743,2026-08-12 05:37:10
SOL002744,2026-08-12 05:38:16
SOL002755,2026-08-12 05:49:23
SOL002741,2026-08-12 05:52:26
SOL002742,2026-08-12 05:53:06
SOL002754,2026-08-12 05:55:11
SOL002749,2026-08-12 05:57:32
SOL002739,2026-08-12 05:58:40
SOL002757,2026-08-12 06:01:03
SOL002760,2026-08-12 06:39:24
SOL002759,2026-08-12 06:43:47
SOL002758,2026-08-12 06:55:53
SOL002768,2026-08-12 07:04:29
SOL002771,2026-08-12 07:04:47
SOL002772,2026-08-12 07:08:14
SOL002779,2026-08-12 07:13:14
SOL002765,2026-08-12 07:18:52
SOL002781,2026-08-12 07:20:14
SOL002774,2026-08-12 07:27:43
SOL002766,2026-08-12 07:30:12
SOL002763,2026-08-12 07:30:22
SOL002762,2026-08-12 07:31:09
SOL002770,2026-08-12 07:32:04
SOL002776,2026-08-12 07:32:33
SOL002775,2026-08-12 07:34:11
SOL002769,2026-08-12 07:36:47
SOL002764,2026-08-12 07:39:20
SOL002773,2026-08-12 07:40:54
SOL002767,2026-08-12 07:41:30
SOL002782,2026-08-12 07:41:34
SOL002777,2026-08-12 07:44:57
SOL002780,2026-08-12 07:52:48
SOL002778,2026-08-12 07:54:27
SOL002761,2026-08-12 07:56:57
SOL002785,2026-08-12 08:03:58
SOL002790,2026-08-12 08:10:21
SOL002791,2026-08-12 08:10:37
SOL002783,2026-08-12 08:13:51
SOL002784,2026-08-12 08:24:03
SOL002788,2026-08-12 08:35:19
SOL002787,2026-08-12 08:40:58
SOL002789,2026-08-12 08:45:01
SOL002792,2026-08-12 08:49:02
SOL002786,2026-08-12 08:56:34
SOL002794,2026-08-12 09:30:51
SOL002795,2026-08-12 09:46:26
SOL002793,2026-08-12 09:48:08
SOL002800,2026-08-12 10:00:48
SOL002797,2026-08-12 10:13:33
SOL002801,2026-08-12 10:16:18
SOL002798,2026-08-12 10:26:29
SOL002796,2026-08-12 10:38:25
SOL002799,2026-08-12 10:49:05
SOL002821,2026-08-12 11:02:04
SOL002811,2026-08-12 11:06:03
SOL002804,2026-08-12 11:06:09
SOL002816,2026-08-12 11:06:36
SOL002814,2026-08-12 11:08:43
SOL002802,2026-08-12 11:11:07
SOL002810,2026-08-12 11:12:18
SOL002806,2026-08-12 11:15:25
SOL002803,2026-08-12 11:16:43
SOL002820,2026-08-12 11:19:02
SOL002817,2026-08-12 11:26:22
SOL002812,2026-08-12 11:28:25
SOL002819,2026-08-12 11:35:06
SOL002808,2026-08-12 11:36:19
SOL002813,2026-08-12 11:43:41
SOL002809,2026-08-12 11:45:18
SOL002815,2026-08-12 11:46:01
SOL002805,2026-08-12 11:47:27
SOL002807,2026-08-12 11:53:04
SOL002818,2026-08-12 11:54:33
SOL002845,2026-08-12 12:04:20
SOL002830,2026-08-12 12:04:23
SOL002844,2026-08-12 12:04:36
SOL002833,2026-08-12 12:04:50
SOL002835,2026-08-12 12:04:53
SOL002843,2026-08-12 12:06:49
SOL002831,2026-08-12 12:07:19
SOL002842,2026-08-12 12:07:56
SOL002824,2026-08-12 12:09:12
SOL002822,2026-08-12 12:14:02
SOL002826,2026-08-12 12:14:10
SOL002832,2026-08-12 12:16:23
SOL002849,2026-08-12 12:30:16
SOL002836,2026-08-12 12:35:26
SOL002839,2026-08-12 12:37:29
SOL002838,2026-08-12 12:37:49
SOL002825,2026-08-12 12:38:36
SOL002841,2026-08-12 12:38:53
SOL002823,2026-08-12 12:41:15
SOL002834,2026-08-12 12:44:11
SOL002846,2026-08-12 12:47:47
SOL002840,2026-08-12 12:48:20
SOL002848,2026-08-12 12:49:47
SOL002850,2026-08-12 12:51:20
SOL002829,2026-08-12 12:51:42
SOL002828,2026-08-12 12:51:50
SOL002837,2026-08-12 12:54:42
SOL002851,2026-08-12 12:55:42
SOL002847,2026-08-12 12:57:09
SOL002827,2026-08-12 12:58:15
SOL002852,2026-08-12 13:21:04
SOL002853,2026-08-12 13:24:14
SOL002854,2026-08-12 13:41:25
SOL002855,2026-08-12 13:57:25
SOL002864,2026-08-12 14:00:03
SOL002865,2026-08-12 14:01:21
SOL002861,2026-08-12 14:05:35
SOL002863,2026-08-12 14:06:33
SOL002866,2026-08-12 14:28:25
SOL002858,2026-08-12 14:35:18
SOL002856,2026-08-12 14:36:51
SOL002859,2026-08-12 14:44:01
SOL002862,2026-08-12 14:49:54
SOL002860,2026-08-12 14:50:14
SOL002857,2026-08-12 14:53:35
SOL002870,2026-08-12 15:32:39
SOL002867,2026-08-12 15:34:05
SOL002869,2026-08-12 15:50:05
SOL002868,2026-08-12 15:50:28
SOL002871,2026-08-12 16:00:44
SOL002881,2026-08-12 16:02:47
SOL002884,2026-08-12 16:06:37
SOL002874,2026-08-12 16:07:10
SOL002872,2026-08-12 16:13:01
SOL002877,2026-08-12 16:18:01
SOL002873,2026-08-12 16:22:37
SOL002879,2026-08-12 16:23:02
SOL002882,2026-08-12 16:27:42
SOL002883,2026-08-12 16:42:55
SOL002880,2026-08-12 16:46:48
SOL002875,2026-08-12 16:48:21
SOL002876,2026-08-12 16:52:15
SOL002878,2026-08-12 16:54:03
SOL002886,2026-08-12 17:01:47
SOL002888,2026-08-12 17:02:51
SOL002895,2026-08-12 17:03:43
SOL002889,2026-08-12 17:05:43
SOL002892,2026-08-12 17:08:39
SOL002891,2026-08-12 17:10:26
SOL002890,2026-08-12 17:14:50
SOL002896,2026-08-12 17:18:16
SOL002887,2026-08-12 17:22:57
SOL002894,2026-08-12 17:26:26
SOL002893,2026-08-12 17:47:35
SOL002885,2026-08-12 17:53:00
SOL002901,2026-08-12 18:01:28
SOL002899,2026-08-12 18:07:11
SOL002898,2026-08-12 18:16:15
SOL002902,2026-08-12 18:20:09
SOL002903,2026-08-12 18:41:34
SOL002897,2026-08-12 18:53:32
SOL002900,2026-08-12 18:58:01
SOL002907,2026-08-12 19:11:12
SOL002904,2026-08-12 19:20:07
SOL002909,2026-08-12 19:21:56
SOL002916,2026-08-12 19:22:45
SOL002911,2026-08-12 19:22:46
SOL002910,2026-08-12 19:24:22
SOL002915,2026-08-12 19:25:05
SOL002914,2026-08-12 19:28:13
SOL002906,2026-08-12 19:28:53
SOL002913,2026-08-12 19:31:24
SOL002908,2026-08-12 19:33:47
SOL002905,2026-08-12 19:57:24
SOL002912,2026-08-12 19:59:38
SOL002921,2026-08-12 20:00:22
SOL002919,2026-08-12 20:08:04
SOL002920,2026-08-12 20:12:31
SOL002918,2026-08-12 20:18:02
SOL002917,2026-08-12 20:24:08
SOL002926,2026-08-12 21:04:56
SOL002925,2026-08-12 21:10:20
SOL002924,2026-08-12 21:18:16
SOL002927,2026-08-12 21:31:13
SOL002923,2026-08-12 21:39:58
SOL002922,2026-08-12 21:52:58
SOL002929,2026-08-12 22:02:33
SOL002938,2026-08-12 22:06:39
SOL002935,2026-08-12 22:17:37
SOL002928,2026-08-12 22:23:59
SOL002939,2026-08-12 22:27:38
SOL002930,2026-08-12 22:30:32
SOL002932,2026-08-12 22:33:34
SOL002940,2026-08-12 22:33:53
SOL002937,2026-08-12 22:38:34
SOL002933,2026-08-12 22:45:18
SOL002931,2026-08-12 22:45:42
SOL002934,2026-08-12 22:54:06
SOL002936,2026-08-12 22:58:04
SOL002946,2026-08-12 23:26:29
SOL002941,2026-08-12 23:27:47
SOL002950,2026-08-12 23:28:05
SOL002944,2026-08-12 23:32:54
SOL002948,2026-08-12 23:33:14
SOL002949,2026-08-12 23:36:49
SOL002945,2026-08-12 23:37:20
SOL002943,2026-08-12 23:38:24
SOL002942,2026-08-12 23:53:08
SOL002947,2026-08-12 23:59:49
SOL002953,2026-08-13 00:07:58
SOL002952,2026-08-13 00:44:35
SOL002951,2026-08-13 00:59:11
SOL002956,2026-08-13 01:34:19
SOL002955,2026-08-13 01:41:40
SOL002954,2026-08-13 01:51:28
SOL002961,2026-08-13 02:02:39
SOL002960,2026-08-13 02:07:53
SOL002966,2026-08-13 02:09:55
SOL002964,2026-08-13 02:10:22
SOL002957,2026-08-13 02:22:00
SOL002962,2026-08-13 02:27:02
SOL002965,2026-08-13 02:32:57
SOL002958,2026-08-13 02:43:20
SOL002963,2026-08-13 02:52:00
SOL002959,2026-08-13 02:58:17
SOL002972,2026-08-13 03:06:15
SOL002967,2026-08-13 03:11:21
SOL002971,2026-08-13 03:17:17
SOL002969,2026-08-13 03:31:31
SOL002970,2026-08-13 03:44:16
SOL002968,2026-08-13 03:50:55
SOL002980,2026-08-13 04:06:09
SOL002982,2026-08-13 04:13:04
SOL002976,2026-08-13 04:19:14
SOL002981,2026-08-13 04:19:50
SOL002974,2026-08-13 04:19:54
SOL002977,2026-08-13 04:27:49
SOL002973,2026-08-13 04:31:14
SOL002978,2026-08-13 04:38:42
SOL002975,2026-08-13 04:40:26
SOL002979,2026-08-13 04:57:49
SOL002995,2026-08-13 05:02:26
SOL003005,2026-08-13 05:02:38
SOL003009,2026-08-13 05:05:08
SOL002991,2026-08-13 05:07:29
SOL003008,2026-08-13 05:08:05
SOL002992,2026-08-13 05:08:31
SOL002989,2026-08-13 05:08:44
SOL002990,2026-08-13 05:09:58
SOL003007,2026-08-13 05:16:41
SOL003001,2026-08-13 05:17:09
SOL002985,2026-08-13 05:18:15
SOL002998,2026-08-13 05:20:38
SOL002987,2026-08-13 05:21:30
SOL003004,2026-08-13 05:25:02
SOL002997,2026-08-13 05:27:25
SOL002996,2026-08-13 05:27:50
SOL002984,2026-08-13 05:28:59
SOL003000,2026-08-13 05:29:24
SOL002999,2026-08-13 05:32:02
SOL002986,2026-08-13 05:41:20
SOL003006,2026-08-13 05:44:55
SOL002993,2026-08-13 05:46:15
SOL002988,2026-08-13 05:47:55
SOL003003,2026-08-13 05:55:46
SOL002983,2026-08-13 05:56:15
SOL003002,2026-08-13 05:56:42
SOL002994,2026-08-13 05:56:50
SOL003016,2026-08-13 06:03:54
SOL003021,2026-08-13 06:10:25
SOL003018,2026-08-13 06:10:42
SOL003026,2026-08-13 06:13:58
SOL003014,2026-08-13 06:14:24
SOL003011,2026-08-13 06:22:57
SOL003015,2026-08-13 06:33:25
SOL003020,2026-08-13 06:34:04
SOL003017,2026-08-13 06:45:18
SOL003023,2026-08-13 06:47:57
SOL003028,2026-08-13 06:49:05
SOL003025,2026-08-13 06:49:28
SOL003027,2026-08-13 06:51:30
SOL003024,2026-08-13 06:51:51
SOL003013,2026-08-13 06:52:07
SOL003012,2026-08-13 06:52:45
SOL003019,2026-08-13 06:55:24
SOL003022,2026-08-13 06:57:23
SOL003010,2026-08-13 06:59:58
SOL003034,2026-08-13 07:01:27
SOL003029,2026-08-13 07:09:08
SOL003032,2026-08-13 07:19:26
SOL003030,2026-08-13 07:36:23
SOL003033,2026-08-13 07:44:52
SOL003031,2026-08-13 07:55:56
SOL003039,2026-08-13 08:04:30
SOL003040,2026-08-13 08:24:53
SOL003037,2026-08-13 08:27:30
SOL003038,2026-08-13 08:37:31
SOL003042,2026-08-13 08:41:29
SOL003036,2026-08-13 08:47:17
SOL003035,2026-08-13 08:50:27
SOL003041,2026-08-13 08:55:07
SOL003048,2026-08-13 09:10:48
SOL003050,2026-08-13 09:14:17
SOL003049,2026-08-13 09:16:41
SOL003047,2026-08-13 09:23:50
SOL003044,2026-08-13 09:35:37
SOL003046,2026-08-13 09:52:40
SOL003043,2026-08-13 09:54:27
SOL003045,2026-08-13 09:59:24
SOL003051,2026-08-13 10:04:30
SOL003053,2026-08-13 11:01:21
SOL003069,2026-08-13 11:02:56
SOL003052,2026-08-13 11:04:04
SOL003057,2026-08-13 11:13:02
SOL003065,2026-08-13 11:17:24
SOL003058,2026-08-13 11:21:42
SOL003064,2026-08-13 11:23:18
SOL003060,2026-08-13 11:27:57
SOL003061,2026-08-13 11:28:38
SOL003068,2026-08-13 11:32:06
SOL003067,2026-08-13 11:33:40
SOL003063,2026-08-13 11:33:53
SOL003059,2026-08-13 11:36:24
SOL003055,2026-08-13 11:39:55
SOL003056,2026-08-13 11:40:15
SOL003054,2026-08-13 11:53:11
SOL003062,2026-08-13 11:57:37
SOL003066,2026-08-13 11:58:00
SOL003072,2026-08-13 12:04:15
SOL003084,2026-08-13 12:05:10
SOL003081,2026-08-13 12:05:30
SOL003070,2026-08-13 12:13:05
SOL003085,2026-08-13 12:16:00
SOL003071,2026-08-13 12:18:25
SOL003076,2026-08-13 12:19:57
SOL003073,2026-08-13 12:22:11
SOL003083,2026-08-13 12:24:11
SOL003086,2026-08-13 12:24:49
SOL003077,2026-08-13 12:25:18
SOL003080,2026-08-13 12:29:20
SOL003082,2026-08-13 12:34:49
SOL003075,2026-08-13 12:51:42
SOL003079,2026-08-13 12:52:06
SOL003074,2026-08-13 12:52:36
SOL003078,2026-08-13 12:52:56
SOL003088,2026-08-13 13:00:18
SOL003087,2026-08-13 13:05:40
SOL003089,2026-08-13 13:05:50
SOL003090,2026-08-13 13:36:57
SOL003091,2026-08-13 13:50:01
SOL003092,2026-08-13 13:56:54
SOL003096,2026-08-13 14:01:14
SOL003095,2026-08-13 14:12:53
SOL003094,2026-08-13 14:18:15
SOL003098,2026-08-13 14:21:12
SOL003099,2026-08-13 14:26:51
SOL003097,2026-08-13 14:30:08
SOL003093,2026-08-13 14:33:07
SOL003102,2026-08-13 15:06:38
SOL003106,2026-08-13 15:22:01
SOL003107,2026-08-13 15:22:36
SOL003105,2026-08-13 15:23:39
SOL003104,2026-08-13 15:33:14
SOL003101,2026-08-13 15:38:34
SOL003100,2026-08-13 15:53:07
SOL003103,2026-08-13 15:56:18
SOL003112,2026-08-13 16:05:55
SOL003110,2026-08-13 16:06:10
SOL003109,2026-08-13 16:07:59
SOL003114,2026-08-13 16:18:52
SOL003116,2026-08-13 16:26:16
SOL003113,2026-08-13 16:29:18
SOL003118,2026-08-13 16:29:41
SOL003111,2026-08-13 16:38:30
SOL003119,2026-08-13 16:41:35
SOL003121,2026-08-13 16:44:15
SOL003108,2026-08-13 16:45:41
SOL003115,2026-08-13 16:51:17
SOL003117,2026-08-13 16:55:31
SOL003120,2026-08-13 16:58:15
SOL003124,2026-08-13 17:30:50
SOL003122,2026-08-13 17:35:36
SOL003123,2026-08-13 17:49:17
SOL003134,2026-08-13 18:05:05
SOL003138,2026-08-13 18:05:11
SOL003127,2026-08-13 18:07:51
SOL003137,2026-08-13 18:13:50
SOL003140,2026-08-13 18:15:21
SOL003132,2026-08-13 18:16:31
SOL003128,2026-08-13 18:18:00
SOL003126,2026-08-13 18:20:07
SOL003135,2026-08-13 18:21:10
SOL003129,2026-08-13 18:21:30
SOL003141,2026-08-13 18:38:13
SOL003136,2026-08-13 18:45:18
SOL003139,2026-08-13 18:53:27
SOL003133,2026-08-13 18:53:52
SOL003131,2026-08-13 18:54:13
SOL003125,2026-08-13 18:57:45
SOL003130,2026-08-13 18:59:22
SOL003155,2026-08-13 19:02:08
SOL003151,2026-08-13 19:07:18
SOL003150,2026-08-13 19:08:53
SOL003147,2026-08-13 19:10:48
SOL003146,2026-08-13 19:12:15
SOL003142,2026-08-13 19:13:39
SOL003153,2026-08-13 19:14:28
SOL003144,2026-08-13 19:15:36
SOL003149,2026-08-13 19:18:49
SOL003152,2026-08-13 19:24:48
SOL003154,2026-08-13 19:28:40
SOL003145,2026-08-13 19:31:55
SOL003148,2026-08-13 19:46:15
SOL003143,2026-08-13 19:55:07
SOL003161,2026-08-13 20:01:11
SOL003157,2026-08-13 20:09:46
SOL003158,2026-08-13 20:11:20
SOL003162,2026-08-13 20:21:54
SOL003160,2026-08-13 20:35:02
SOL003163,2026-08-13 20:37:17
SOL003156,2026-08-13 20:40:39
SOL003159,2026-08-13 20:57:56
SOL003166,2026-08-13 21:02:38
SOL003164,2026-08-13 21:14:01
SOL003167,2026-08-13 21:21:54
SOL003165,2026-08-13 21:27:23
SOL003168,2026-08-13 21:57:57
SOL003170,2026-08-13 22:15:56
SOL003171,2026-08-13 22:22:37
SOL003172,2026-08-13 22:23:17
SOL003173,2026-08-13 22:24:45
SOL003169,2026-08-13 22:40:25
SOL003174,2026-08-13 23:01:53
SOL003181,2026-08-13 23:03:02
SOL003184,2026-08-13 23:03:38
SOL003175,2026-08-13 23:07:11
SOL003177,2026-08-13 23:11:19
SOL003190,2026-08-13 23:12:36
SOL003191,2026-08-13 23:19:02
SOL003178,2026-08-13 23:25:24
SOL003183,2026-08-13 23:28:22
SOL003182,2026-08-13 23:29:27
SOL003188,2026-08-13 23:34:54
SOL003192,2026-08-13 23:37:47
SOL003187,2026-08-13 23:42:41
SOL003176,2026-08-13 23:43:44
SOL003185,2026-08-13 23:46:39
SOL003180,2026-08-13 23:48:41
SOL003189,2026-08-13 23:49:15
SOL003186,2026-08-13 23:53:51
SOL003179,2026-08-13 23:59:10
SOL003194,2026-08-14 00:10:06
SOL003211,2026-08-14 00:11:21
SOL003206,2026-08-14 00:15:00
SOL003207,2026-08-14 00:17:42
SOL003208,2026-08-14 00:18:45
SOL003200,2026-08-14 00:24:15
SOL003205,2026-08-14 00:25:07
SOL003193,2026-08-14 00:30:34
SOL003203,2026-08-14 00:39:04
SOL003204,2026-08-14 00:39:05
SOL003210,2026-08-14 00:39:12
SOL003202,2026-08-14 00:42:57
SOL003198,2026-08-14 00:43:42
SOL003209,2026-08-14 00:45:32
SOL003197,2026-08-14 00:49:06
SOL003201,2026-08-14 00:49:35
SOL003196,2026-08-14 00:49:41
SOL003199,2026-08-14 00:53:39
SOL003195,2026-08-14 00:57:30
SOL003213,2026-08-14 01:00:59
SOL003215,2026-08-14 01:35:24
SOL003214,2026-08-14 01:43:08
SOL003212,2026-08-14 01:47:05
SOL003219,2026-08-14 02:00:48
SOL003216,2026-08-14 02:28:22
SOL003220,2026-08-14 02:46:43
SOL003217,2026-08-14 02:53:54
SOL003218,2026-08-14 02:55:14
SOL003222,2026-08-14 03:00:17
SOL003225,2026-08-14 03:03:54
SOL003228,2026-08-14 03:24:36
SOL003221,2026-08-14 03:28:32
SOL003223,2026-08-14 03:35:11
SOL003224,2026-08-14 03:36:25
SOL003227,2026-08-14 03:43:09
SOL003226,2026-08-14 03:55:07
SOL003229,2026-08-14 04:01:01
SOL003234,2026-08-14 05:03:41
SOL003232,2026-08-14 05:03:46
SOL003246,2026-08-14 05:06:37
SOL003247,2026-08-14 05:07:29
SOL003239,2026-08-14 05:10:55
SOL003236,2026-08-14 05:14:04
SOL003243,2026-08-14 05:15:43
SOL003245,2026-08-14 05:17:05
SOL003241,2026-08-14 05:19:18
SOL003230,2026-08-14 05:23:22
SOL003235,2026-08-14 05:26:38
SOL003240,2026-08-14 05:28:54
SOL003242,2026-08-14 05:31:19
SOL003252,2026-08-14 05:32:51
SOL003231,2026-08-14 05:34:03
SOL003233,2026-08-14 05:35:48
SOL003250,2026-08-14 05:40:17
SOL003248,2026-08-14 05:40:40
SOL003237,2026-08-14 05:44:42
SOL003244,2026-08-14 05:51:11
SOL003238,2026-08-14 05:55:04
SOL003249,2026-08-14 05:55:35
SOL003251,2026-08-14 05:59:28
SOL003253,2026-08-14 06:01:30
SOL003255,2026-08-14 06:04:47
SOL003257,2026-08-14 06:05:30
SOL003256,2026-08-14 06:22:59
SOL003258,2026-08-14 06:32:45
SOL003254,2026-08-14 06:33:38
SOL003261,2026-08-14 07:15:02
SOL003262,2026-08-14 07:27:42
SOL003263,2026-08-14 07:40:33
SOL003259,2026-08-14 07:40:48
SOL003260,2026-08-14 07:49:56
SOL003269,2026-08-14 08:26:02
SOL003265,2026-08-14 08:26:21
SOL003267,2026-08-14 08:32:55
SOL003264,2026-08-14 08:38:11
SOL003268,2026-08-14 08:48:03
SOL003266,2026-08-14 08:48:34
SOL003272,2026-08-14 09:00:13
SOL003274,2026-08-14 09:06:20
SOL003270,2026-08-14 09:10:08
SOL003273,2026-08-14 09:34:30
SOL003271,2026-08-14 09:37:04
SOL003275,2026-08-14 09:58:44
SOL003278,2026-08-14 10:00:37
SOL003277,2026-08-14 10:01:12
SOL003282,2026-08-14 10:02:38
SOL003276,2026-08-14 10:16:52
SOL003281,2026-08-14 10:28:44
SOL003280,2026-08-14 10:33:50
SOL003279,2026-08-14 10:47:23
SOL003289,2026-08-14 11:12:07
SOL003283,2026-08-14 11:18:45
SOL003285,2026-08-14 11:34:46
SOL003284,2026-08-14 11:39:58
SOL003286,2026-08-14 11:54:18
SOL003287,2026-08-14 11:57:59
SOL003288,2026-08-14 11:58:13
SOL003293,2026-08-14 12:14:58
SOL003295,2026-08-14 12:18:37
SOL003290,2026-08-14 12:25:47
SOL003291,2026-08-14 12:30:27
SOL003294,2026-08-14 12:37:55
SOL003292,2026-08-14 12:49:42
SOL003296,2026-08-14 12:51:18
SOL003302,2026-08-14 13:02:26
SOL003299,2026-08-14 13:05:23
SOL003298,2026-08-14 13:11:11
SOL003297,2026-08-14 13:18:56
SOL003305,2026-08-14 13:20:14
SOL003303,2026-08-14 13:26:20
SOL003301,2026-08-14 13:35:08
SOL003300,2026-08-14 13:40:42
SOL003304,2026-08-14 13:54:54
SOL003306,2026-08-14 14:00:55
SOL003317,2026-08-14 14:08:40
SOL003315,2026-08-14 14:09:32
SOL003307,2026-08-14 14:11:50
SOL003310,2026-08-14 14:17:21
SOL003316,2026-08-14 14:23:53
SOL003311,2026-08-14 14:25:23
SOL003313,2026-08-14 14:28:26
SOL003312,2026-08-14 14:29:36
SOL003309,2026-08-14 14:32:56
SOL003314,2026-08-14 14:37:15
SOL003318,2026-08-14 14:39:43
SOL003308,2026-08-14 14:51:34
SOL003323,2026-08-14 15:06:11
SOL003319,2026-08-14 15:15:30
SOL003320,2026-08-14 15:25:28
SOL003321,2026-08-14 15:47:05
SOL003322,2026-08-14 15:55:56
SOL003325,2026-08-14 16:06:56
SOL003326,2026-08-14 16:33:57
SOL003324,2026-08-14 16:51:39
SOL003328,2026-08-14 17:07:26
SOL003329,2026-08-14 17:23:32
SOL003327,2026-08-14 17:39:27
SOL003330,2026-08-14 17:40:20
SOL003331,2026-08-14 17:52:17
SOL003338,2026-08-14 18:00:31
SOL003337,2026-08-14 18:00:37
SOL003333,2026-08-14 18:01:28
SOL003347,2026-08-14 18:02:11
SOL003346,2026-08-14 18:04:27
SOL003340,2026-08-14 18:04:37
SOL003339,2026-08-14 18:11:55
SOL003344,2026-08-14 18:14:53
SOL003341,2026-08-14 18:27:51
SOL003342,2026-08-14 18:31:10
SOL003334,2026-08-14 18:35:15
SOL003336,2026-08-14 18:36:49
SOL003343,2026-08-14 18:41:27
SOL003335,2026-08-14 18:44:09
SOL003332,2026-08-14 18:46:14
SOL003345,2026-08-14 18:56:01
SOL003350,2026-08-14 19:17:15
SOL003348,2026-08-14 19:19:03
SOL003349,2026-08-14 19:30:17
SOL003352,2026-08-14 20:23:11
SOL003353,2026-08-14 20:45:35
SOL003351,2026-08-14 20:57:05
SOL003356,2026-08-14 21:03:10
SOL003358,2026-08-14 21:04:29
SOL003362,2026-08-14 21:07:57
SOL003360,2026-08-14 21:09:34
SOL003366,2026-08-14 21:10:49
SOL003363,2026-08-14 21:15:02
SOL003368,2026-08-14 21:20:49
SOL003369,2026-08-14 21:24:34
SOL003367,2026-08-14 21:27:23
SOL003361,2026-08-14 21:33:33
SOL003365,2026-08-14 21:42:46
SOL003359,2026-08-14 21:48:46
SOL003354,2026-08-14 21:49:00
SOL003364,2026-08-14 21:49:11
SOL003357,2026-08-14 21:55:41
SOL003355,2026-08-14 21:56:09
SOL003370,2026-08-14 22:28:49
SOL003375,2026-08-14 23:07:42
SOL003373,2026-08-14 23:18:26
SOL003376,2026-08-14 23:25:10
SOL003374,2026-08-14 23:35:34
SOL003377,2026-08-14 23:47:39
SOL003372,2026-08-14 23:48:17
SOL003371,2026-08-14 23:59:13
SOL003380,2026-08-15 00:06:39
SOL003388,2026-08-15 00:14:18
SOL003383,2026-08-15 00:16:19
SOL003378,2026-08-15 00:25:32
SOL003382,2026-08-15 00:26:38
SOL003389,2026-08-15 00:31:08
SOL003386,2026-08-15 00:38:34
SOL003387,2026-08-15 00:42:23
SOL003384,2026-08-15 00:44:59
SOL003381,2026-08-15 00:50:07
SOL003379,2026-08-15 00:55:18
SOL003385,2026-08-15 00:57:03
SOL003404,2026-08-15 01:03:05
SOL003408,2026-08-15 01:03:45
SOL003390,2026-08-15 01:08:03
SOL003405,2026-08-15 01:09:25
SOL003407,2026-08-15 01:11:25
SOL003397,2026-08-15 01:12:33
SOL003396,2026-08-15 01:16:53
SOL003391,2026-08-15 01:30:37
SOL003402,2026-08-15 01:34:14
SOL003398,2026-08-15 01:35:15
SOL003401,2026-08-15 01:40:42
SOL003400,2026-08-15 01:43:39
SOL003394,2026-08-15 01:44:02
SOL003395,2026-08-15 01:45:35
SOL003406,2026-08-15 01:45:41
SOL003393,2026-08-15 01:48:47
SOL003403,2026-08-15 01:50:23
SOL003399,2026-08-15 01:50:50
SOL003392,2026-08-15 01:58:56
SOL003410,2026-08-15 02:00:15
SOL003409,2026-08-15 02:10:24
SOL003412,2026-08-15 02:18:22
SOL003411,2026-08-15 02:51:20
SOL003417,2026-08-15 03:00:36
SOL003413,2026-08-15 03:01:54
SOL003414,2026-08-15 03:04:42
SOL003418,2026-08-15 03:07:52
SOL003416,2026-08-15 03:10:28
SOL003415,2026-08-15 03:41:21
SOL003419,2026-08-15 03:56:04
SOL003427,2026-08-15 04:00:05
SOL003420,2026-08-15 04:03:51
SOL003424,2026-08-15 04:05:26
SOL003429,2026-08-15 04:10:59
SOL003425,2026-08-15 04:17:12
SOL003422,2026-08-15 04:18:02
SOL003426,2026-08-15 04:28:35
SOL003423,2026-08-15 04:34:45
SOL003430,2026-08-15 04:37:25
SOL003428,2026-08-15 04:48:19
SOL003421,2026-08-15 04:53:08
SOL003435,2026-08-15 05:02:22
SOL003437,2026-08-15 05:14:48
SOL003442,2026-08-15 05:22:28
SOL003431,2026-08-15 05:25:15
SOL003440,2026-08-15 05:27:11
SOL003436,2026-08-15 05:29:02
SOL003432,2026-08-15 05:30:28
SOL003433,2026-08-15 05:48:41
SOL003441,2026-08-15 05:53:58
SOL003439,2026-08-15 05:55:06
SOL003438,2026-08-15 05:57:05
SOL003434,2026-08-15 05:59:04
SOL003448,2026-08-15 06:09:13
SOL003445,2026-08-15 06:09:44
SOL003444,2026-08-15 06:10:15
SOL003443,2026-08-15 06:17:11
SOL003446,2026-08-15 06:18:47
SOL003447,2026-08-15 06:20:58
SOL003455,2026-08-15 07:01:36
SOL003454,2026-08-15 07:10:29
SOL003449,2026-08-15 07:18:31
SOL003452,2026-08-15 07:27:50
SOL003451,2026-08-15 07:44:51
SOL003450,2026-08-15 07:47:09
SOL003453,2026-08-15 07:54:16
SOL003467,2026-08-15 08:01:50
SOL003468,2026-08-15 08:02:25
SOL003462,2026-08-15 08:21:01
SOL003463,2026-08-15 08:22:25
SOL003461,2026-08-15 08:24:32
SOL003464,2026-08-15 08:31:06
SOL003456,2026-08-15 08:37:29
SOL003460,2026-08-15 08:37:50
SOL003466,2026-08-15 08:40:42
SOL003465,2026-08-15 08:44:41
SOL003469,2026-08-15 08:47:32
SOL003457,2026-08-15 08:52:37
SOL003459,2026-08-15 08:54:16
SOL003458,2026-08-15 08:56:50
SOL003475,2026-08-15 09:06:12
SOL003472,2026-08-15 09:15:57
SOL003477,2026-08-15 09:15:57
SOL003474,2026-08-15 09:17:21
SOL003470,2026-08-15 09:24:25
SOL003473,2026-08-15 09:25:07
SOL003476,2026-08-15 09:38:45
SOL003471,2026-08-15 09:49:06
SOL003479,2026-08-15 10:14:22
SOL003482,2026-08-15 10:15:22
SOL003478,2026-08-15 10:23:56
SOL003481,2026-08-15 10:31:26
SOL003480,2026-08-15 10:34:33
SOL003484,2026-08-15 11:02:53
SOL003483,2026-08-15 11:03:09
SOL003485,2026-08-15 11:13:20
SOL003489,2026-08-15 11:23:28
SOL003492,2026-08-15 11:23:56
SOL003488,2026-08-15 11:31:33
SOL003490,2026-08-15 11:46:17
SOL003487,2026-08-15 11:46:36
SOL003491,2026-08-15 11:48:21
SOL003486,2026-08-15 11:55:26
SOL003497,2026-08-15 12:04:37
SOL003502,2026-08-15 12:04:57
SOL003501,2026-08-15 12:14:37
SOL003505,2026-08-15 12:34:37
SOL003500,2026-08-15 12:41:12
SOL003499,2026-08-15 12:42:02
SOL003498,2026-08-15 12:43:29
SOL003495,2026-08-15 12:46:26
SOL003503,2026-08-15 12:48:58
SOL003504,2026-08-15 12:53:40
SOL003496,2026-08-15 12:54:04
SOL003493,2026-08-15 12:57:18
SOL003494,2026-08-15 12:58:25
SOL003506,2026-08-15 13:30:05
SOL003507,2026-08-15 13:32:24
SOL003510,2026-08-15 14:00:17
SOL003520,2026-08-15 14:04:21
SOL003519,2026-08-15 14:05:28
SOL003524,2026-08-15 14:05:42
SOL003514,2026-08-15 14:11:43
SOL003518,2026-08-15 14:11:59
SOL003516,2026-08-15 14:24:15
SOL003515,2026-08-15 14:29:43
SOL003521,2026-08-15 14:29:59
SOL003513,2026-08-15 14:31:30
SOL003523,2026-08-15 14:35:51
SOL003511,2026-08-15 14:43:03
SOL003508,2026-08-15 14:48:51
SOL003522,2026-08-15 14:51:40
SOL003512,2026-08-15 14:54:16
SOL003509,2026-08-15 14:57:05
SOL003517,2026-08-15 14:57:08
SOL003525,2026-08-15 14:58:49
SOL003541,2026-08-15 15:06:04
SOL003527,2026-08-15 15:09:51
SOL003528,2026-08-15 15:16:31
SOL003539,2026-08-15 15:16:38
SOL003537,2026-08-15 15:23:01
SOL003533,2026-08-15 15:23:19
SOL003530,2026-08-15 15:36:18
SOL003534,2026-08-15 15:36:19
SOL003538,2026-08-15 15:38:02
SOL003529,2026-08-15 15:39:48
SOL003531,2026-08-15 15:42:53
SOL003535,2026-08-15 15:43:35
SOL003542,2026-08-15 15:44:00
SOL003526,2026-08-15 15:44:46
SOL003536,2026-08-15 15:48:17
SOL003532,2026-08-15 15:50:48
SOL003543,2026-08-15 15:55:27
SOL003540,2026-08-15 15:59:21
SOL003555,2026-08-15 16:03:12
SOL003551,2026-08-15 16:06:30
SOL003556,2026-08-15 16:16:08
SOL003553,2026-08-15 16:21:28
SOL003544,2026-08-15 16:26:16
SOL003554,2026-08-15 16:33:05
SOL003545,2026-08-15 16:35:05
SOL003547,2026-08-15 16:38:28
SOL003548,2026-08-15 16:40:12
SOL003550,2026-08-15 16:40:12
SOL003549,2026-08-15 16:45:49
SOL003552,2026-08-15 16:46:54
SOL003546,2026-08-15 16:49:04
SOL003559,2026-08-15 17:05:44
SOL003561,2026-08-15 17:10:08
SOL003562,2026-08-15 17:31:00
SOL003560,2026-08-15 17:31:46
SOL003558,2026-08-15 17:52:19
SOL003557,2026-08-15 17:56:20
SOL003564,2026-08-15 18:01:34
SOL003571,2026-08-15 18:07:21
SOL003569,2026-08-15 18:17:25
SOL003570,2026-08-15 18:23:15
SOL003563,2026-08-15 18:33:05
SOL003565,2026-08-15 18:48:31
SOL003567,2026-08-15 18:49:14
SOL003568,2026-08-15 18:50:57
SOL003566,2026-08-15 18:52:05
SOL003572,2026-08-15 18:58:44
SOL003578,2026-08-15 19:03:09
SOL003583,2026-08-15 19:12:43
SOL003575,2026-08-15 19:13:40
SOL003579,2026-08-15 19:16:53
SOL003580,2026-08-15 19:18:59
SOL003582,2026-08-15 19:21:19
SOL003584,2026-08-15 19:22:09
SOL003581,2026-08-15 19:23:45
SOL003586,2026-08-15 19:27:39
SOL003589,2026-08-15 19:29:23
SOL003585,2026-08-15 19:31:52
SOL003576,2026-08-15 19:38:55
SOL003590,2026-08-15 19:45:44
SOL003588,2026-08-15 19:46:43
SOL003587,2026-08-15 19:49:23
SOL003574,2026-08-15 19:50:30
SOL003573,2026-08-15 19:51:45
SOL003577,2026-08-15 19:57:41
SOL003596,2026-08-15 20:12:47
SOL003595,2026-08-15 20:16:07
SOL003591,2026-08-15 20:33:33
SOL003593,2026-08-15 20:35:49
SOL003594,2026-08-15 20:52:13
SOL003592,2026-08-15 20:58:00
SOL003601,2026-08-15 21:12:52
SOL003602,2026-08-15 21:25:41
SOL003603,2026-08-15 21:29:11
SOL003600,2026-08-15 21:35:44
SOL003605,2026-08-15 21:43:27
SOL003597,2026-08-15 21:45:13
SOL003599,2026-08-15 21:46:55
SOL003598,2026-08-15 21:51:48
SOL003604,2026-08-15 21:52:21
SOL003614,2026-08-15 22:00:21
SOL003607,2026-08-15 22:02:15
SOL003606,2026-08-15 22:08:02
SOL003609,2026-08-15 22:22:28
SOL003608,2026-08-15 22:33:13
SOL003610,2026-08-15 22:34:43
SOL003613,2026-08-15 22:52:53
SOL003612,2026-08-15 22:56:26
SOL003611,2026-08-15 22:56:45
SOL003623,2026-08-15 23:12:35
SOL003628,2026-08-15 23:18:52
SOL003616,2026-08-15 23:23:03
SOL003625,2026-08-15 23:31:41
SOL003617,2026-08-15 23:31:43
SOL003624,2026-08-15 23:34:01
SOL003626,2026-08-15 23:38:51
SOL003627,2026-08-15 23:39:44
SOL003622,2026-08-15 23:40:46
SOL003629,2026-08-15 23:40:55
SOL003619,2026-08-15 23:43:15
SOL003618,2026-08-15 23:44:05
SOL003615,2026-08-15 23:44:20
SOL003630,2026-08-15 23:46:40
SOL003620,2026-08-15 23:47:49
SOL003621,2026-08-15 23:58:56
SOL003633,2026-08-16 00:00:01
SOL003631,2026-08-16 00:05:38
SOL003637,2026-08-16 00:08:28
SOL003636,2026-08-16 00:17:05
SOL003638,2026-08-16 00:17:52
SOL003632,2026-08-16 00:20:46
SOL003634,2026-08-16 00:21:54
SOL003641,2026-08-16 00:27:24
SOL003639,2026-08-16 00:27:27
SOL003642,2026-08-16 00:36:08
SOL003635,2026-08-16 00:36:16
SOL003640,2026-08-16 00:36:44
SOL003647,2026-08-16 01:00:45
SOL003649,2026-08-16 01:07:00
SOL003653,2026-08-16 01:17:11
SOL003650,2026-08-16 01:23:30
SOL003646,2026-08-16 01:31:08
SOL003644,2026-08-16 01:32:52
SOL003652,2026-08-16 01:34:36
SOL003648,2026-08-16 01:37:51
SOL003651,2026-08-16 01:38:02
SOL003643,2026-08-16 01:47:47
SOL003654,2026-08-16 01:50:02
SOL003645,2026-08-16 01:52:34
SOL003655,2026-08-16 01:58:17
SOL003659,2026-08-16 02:06:02
SOL003661,2026-08-16 02:12:16
SOL003656,2026-08-16 02:13:35
SOL003657,2026-08-16 02:19:16
SOL003662,2026-08-16 02:34:52
SOL003660,2026-08-16 02:46:22
SOL003658,2026-08-16 02:47:11
SOL003665,2026-08-16 03:10:32
SOL003663,2026-08-16 03:14:27
SOL003666,2026-08-16 03:14:27
SOL003669,2026-08-16 03:16:28
SOL003667,2026-08-16 03:24:50
SOL003671,2026-08-16 03:31:48
SOL003664,2026-08-16 03:33:24
SOL003673,2026-08-16 03:38:10
SOL003668,2026-08-16 03:39:29
SOL003670,2026-08-16 03:56:03
SOL003672,2026-08-16 03:57:26
SOL003675,2026-08-16 04:00:53
SOL003679,2026-08-16 04:01:25
SOL003676,2026-08-16 04:25:29
SOL003678,2026-08-16 04:26:34
SOL003677,2026-08-16 04:34:18
SOL003674,2026-08-16 04:56:23
SOL003683,2026-08-16 05:00:34
SOL003680,2026-08-16 05:05:40
SOL003682,2026-08-16 05:38:24
SOL003681,2026-08-16 05:40:34
SOL003684,2026-08-16 05:44:04
SOL003686,2026-08-16 06:13:54
SOL003685,2026-08-16 06:33:41
SOL003689,2026-08-16 07:06:12
SOL003687,2026-08-16 07:15:19
SOL003688,2026-08-16 07:21:35
SOL003694,2026-08-16 07:22:49
SOL003692,2026-08-16 07:23:37
SOL003696,2026-08-16 07:25:40
SOL003693,2026-08-16 07:30:05
SOL003691,2026-08-16 07:34:01
SOL003695,2026-08-16 07:51:53
SOL003690,2026-08-16 07:53:51
SOL003710,2026-08-16 08:06:27
SOL003706,2026-08-16 08:08:47
SOL003697,2026-08-16 08:15:13
SOL003704,2026-08-16 08:18:26
SOL003705,2026-08-16 08:24:21
SOL003711,2026-08-16 08:24:59
SOL003707,2026-08-16 08:28:20
SOL003698,2026-08-16 08:37:30
SOL003701,2026-08-16 08:38:15
SOL003699,2026-08-16 08:39:42
SOL003708,2026-08-16 08:42:25
SOL003702,2026-08-16 08:51:19
SOL003703,2026-08-16 08:53:11
SOL003709,2026-08-16 08:53:22
SOL003700,2026-08-16 08:58:05
SOL003712,2026-08-16 09:33:39
SOL003718,2026-08-16 09:35:51
SOL003717,2026-08-16 09:43:19
SOL003713,2026-08-16 09:47:13
SOL003714,2026-08-16 09:50:43
SOL003715,2026-08-16 09:53:40
SOL003716,2026-08-16 09:56:58
SOL003723,2026-08-16 10:02:14
SOL003730,2026-08-16 10:10:38
SOL003729,2026-08-16 10:11:25
SOL003720,2026-08-16 10:17:48
SOL003726,2026-08-16 10:21:27
SOL003721,2026-08-16 10:22:22
SOL003731,2026-08-16 10:22:37
SOL003725,2026-08-16 10:25:17
SOL003722,2026-08-16 10:29:48
SOL003724,2026-08-16 10:41:16
SOL003732,2026-08-16 10:42:58
SOL003727,2026-08-16 10:45:50
SOL003728,2026-08-16 10:51:25
SOL003719,2026-08-16 10:55:14
SOL003733,2026-08-16 11:09:56
SOL003737,2026-08-16 11:27:46
SOL003734,2026-08-16 11:41:17
SOL003736,2026-08-16 11:52:16
SOL003735,2026-08-16 11:56:19
SOL003741,2026-08-16 12:00:28
SOL003752,2026-08-16 12:01:37
SOL003744,2026-08-16 12:04:45
SOL003751,2026-08-16 12:07:21
SOL003747,2026-08-16 12:13:23
SOL003742,2026-08-16 12:16:27
SOL003746,2026-08-16 12:17:54
SOL003750,2026-08-16 12:18:43
SOL003740,2026-08-16 12:19:03
SOL003754,2026-08-16 12:20:48
SOL003755,2026-08-16 12:22:13
SOL003743,2026-08-16 12:24:43
SOL003748,2026-08-16 12:27:39
SOL003753,2026-08-16 12:27:49
SOL003745,2026-08-16 12:30:34
SOL003739,2026-08-16 12:49:38
SOL003749,2026-08-16 12:51:03
SOL003738,2026-08-16 12:53:20
SOL003756,2026-08-16 12:53:55
SOL003763,2026-08-16 13:02:13
SOL003765,2026-08-16 13:09:32
SOL003764,2026-08-16 13:11:56
SOL003762,2026-08-16 13:22:40
SOL003758,2026-08-16 13:24:24
SOL003759,2026-08-16 13:30:14
SOL003757,2026-08-16 13:41:56
SOL003760,2026-08-16 13:42:38
SOL003761,2026-08-16 13:49:01
SOL003770,2026-08-16 14:00:12
SOL003781,2026-08-16 14:03:54
SOL003769,2026-08-16 14:04:29
SOL003779,2026-08-16 14:07:10
SOL003777,2026-08-16 14:10:40
SOL003774,2026-08-16 14:14:30
SOL003782,2026-08-16 14:21:17
SOL003778,2026-08-16 14:24:26
SOL003767,2026-08-16 14:26:02
SOL003772,2026-08-16 14:26:48
SOL003768,2026-08-16 14:28:51
SOL003780,2026-08-16 14:36:37
SOL003775,2026-08-16 14:38:04
SOL003773,2026-08-16 14:39:26
SOL003766,2026-08-16 14:48:24
SOL003776,2026-08-16 14:50:52
SOL003771,2026-08-16 14:51:42
SOL003784,2026-08-16 15:20:44
SOL003787,2026-08-16 15:40:15
SOL003785,2026-08-16 15:48:07
SOL003786,2026-08-16 15:51:54
SOL003783,2026-08-16 15:52:23
SOL003792,2026-08-16 16:17:39
SOL003791,2026-08-16 16:27:13
SOL003788,2026-08-16 16:47:08
SOL003789,2026-08-16 16:50:57
SOL003790,2026-08-16 16:54:22
SOL003795,2026-08-16 17:50:43
SOL003793,2026-08-16 17:50:59
SOL003794,2026-08-16 17:55:38
SOL003797,2026-08-16 18:05:04
SOL003799,2026-08-16 18:13:21
SOL003798,2026-08-16 18:21:40
SOL003796,2026-08-16 18:23:11
SOL003811,2026-08-16 19:03:35
SOL003804,2026-08-16 19:07:06
SOL003809,2026-08-16 19:10:08
SOL003801,2026-08-16 19:14:23
SOL003810,2026-08-16 19:16:47
SOL003808,2026-08-16 19:21:09
SOL003806,2026-08-16 19:22:37
SOL003805,2026-08-16 19:31:05
SOL003802,2026-08-16 19:39:03
SOL003812,2026-08-16 19:43:27
SOL003807,2026-08-16 19:51:03
SOL003803,2026-08-16 19:51:43
SOL003800,2026-08-16 19:55:12
SOL003814,2026-08-16 20:01:02
SOL003813,2026-08-16 20:07:32
SOL003816,2026-08-16 20:20:50
SOL003820,2026-08-16 20:23:01
SOL003822,2026-08-16 20:23:08
SOL003818,2026-08-16 20:24:32
SOL003821,2026-08-16 20:24:52
SOL003823,2026-08-16 20:40:58
SOL003817,2026-08-16 20:46:54
SOL003819,2026-08-16 20:48:50
SOL003815,2026-08-16 20:50:08
SOL003824,2026-08-16 21:40:35
SOL003826,2026-08-16 22:19:30
SOL003825,2026-08-16 22:21:19
SOL003836,2026-08-16 23:00:57
SOL003832,2026-08-16 23:17:48
SOL003834,2026-08-16 23:32:05
SOL003829,2026-08-16 23:37:16
SOL003827,2026-08-16 23:37:42
SOL003828,2026-08-16 23:38:22
SOL003831,2026-08-16 23:44:17
SOL003835,2026-08-16 23:44:57
SOL003830,2026-08-16 23:46:40
SOL003837,2026-08-16 23:51:41
SOL003833,2026-08-16 23:56:03
SOL003843,2026-08-17 00:00:21
SOL003839,2026-08-17 00:08:14
SOL003846,2026-08-17 00:08:33
SOL003848,2026-08-17 00:15:21
SOL003838,2026-08-17 00:17:01
SOL003845,2026-08-17 00:20:49
SOL003850,2026-08-17 00:24:01
SOL003840,2026-08-17 00:24:24
SOL003851,2026-08-17 00:27:32
SOL003842,2026-08-17 00:37:21
SOL003847,2026-08-17 00:39:15
SOL003841,2026-08-17 00:40:31
SOL003849,2026-08-17 00:45:42
SOL003844,2026-08-17 00:48:18
SOL003855,2026-08-17 01:01:27
SOL003864,2026-08-17 01:10:40
SOL003861,2026-08-17 01:16:53
SOL003862,2026-08-17 01:17:12
SOL003859,2026-08-17 01:19:19
SOL003853,2026-08-17 01:22:11
SOL003854,2026-08-17 01:22:38
SOL003870,2026-08-17 01:24:12
SOL003858,2026-08-17 01:25:00
SOL003867,2026-08-17 01:25:15
SOL003868,2026-08-17 01:27:43
SOL003856,2026-08-17 01:38:39
SOL003857,2026-08-17 01:40:50
SOL003869,2026-08-17 01:43:18
SOL003866,2026-08-17 01:44:05
SOL003863,2026-08-17 01:50:44
SOL003865,2026-08-17 01:52:53
SOL003852,2026-08-17 01:54:23
SOL003860,2026-08-17 01:55:38
SOL003874,2026-08-17 02:18:45
SOL003872,2026-08-17 02:31:47
SOL003873,2026-08-17 02:33:31
SOL003871,2026-08-17 02:33:57
SOL003875,2026-08-17 03:02:06
SOL003879,2026-08-17 03:02:43
SOL003880,2026-08-17 03:03:52
SOL003881,2026-08-17 03:11:11
SOL003876,2026-08-17 03:35:50
SOL003878,2026-08-17 03:38:35
SOL003877,2026-08-17 03:53:45
SOL003882,2026-08-17 03:59:53
SOL003887,2026-08-17 04:05:56
SOL003886,2026-08-17 04:06:23
SOL003884,2026-08-17 04:24:55
SOL003885,2026-08-17 04:34:51
SOL003883,2026-08-17 04:36:59
SOL003888,2026-08-17 05:11:55
SOL003895,2026-08-17 06:09:50
SOL003897,2026-08-17 06:10:41
SOL003889,2026-08-17 06:13:20
SOL003891,2026-08-17 06:20:01
SOL003893,2026-08-17 06:33:17
SOL003892,2026-08-17 06:40:04
SOL003894,2026-08-17 06:42:21
SOL003898,2026-08-17 06:47:56
SOL003896,2026-08-17 06:55:02
SOL003890,2026-08-17 06:57:04
SOL003899,2026-08-17 07:20:50
SOL003902,2026-08-17 07:38:44
SOL003903,2026-08-17 07:39:36
SOL003900,2026-08-17 07:43:26
SOL003904,2026-08-17 07:55:06
SOL003901,2026-08-17 07:59:14
SOL003906,2026-08-17 08:18:00
SOL003905,2026-08-17 08:29:55
SOL003910,2026-08-17 08:36:07
SOL003907,2026-08-17 08:36:11
SOL003909,2026-08-17 08:45:12
SOL003908,2026-08-17 08:54:54
SOL003916,2026-08-17 09:06:00
SOL003911,2026-08-17 09:09:08
SOL003915,2026-08-17 09:28:25
SOL003912,2026-08-17 09:42:07
SOL003913,2026-08-17 09:42:56
SOL003914,2026-08-17 09:58:05
SOL003932,2026-08-17 10:00:32
SOL003927,2026-08-17 10:06:16
SOL003923,2026-08-17 10:07:48
SOL003922,2026-08-17 10:08:17
SOL003925,2026-08-17 10:10:45
SOL003928,2026-08-17 10:11:11
SOL003924,2026-08-17 10:11:22
SOL003933,2026-08-17 10:11:45
SOL003918,2026-08-17 10:18:38
SOL003929,2026-08-17 10:23:46
SOL003930,2026-08-17 10:26:19
SOL003917,2026-08-17 10:27:44
SOL003926,2026-08-17 10:30:08
SOL003931,2026-08-17 10:32:59
SOL003921,2026-08-17 10:37:12
SOL003920,2026-08-17 10:43:06
SOL003919,2026-08-17 10:44:45
SOL003946,2026-08-17 11:00:51
SOL003934,2026-08-17 11:01:36
SOL003942,2026-08-17 11:01:49
SOL003944,2026-08-17 11:06:57
SOL003943,2026-08-17 11:07:30
SOL003948,2026-08-17 11:08:32
SOL003945,2026-08-17 11:15:24
SOL003936,2026-08-17 11:16:44
SOL003939,2026-08-17 11:29:39
SOL003947,2026-08-17 11:34:12
SOL003940,2026-08-17 11:37:47
SOL003941,2026-08-17 11:37:52
SOL003949,2026-08-17 11:45:07
SOL003935,2026-08-17 11:45:07
SOL003937,2026-08-17 11:45:59
SOL003938,2026-08-17 11:48:38
SOL003954,2026-08-17 12:11:17
SOL003951,2026-08-17 12:13:13
SOL003950,2026-08-17 12:20:55
SOL003952,2026-08-17 12:23:37
SOL003958,2026-08-17 12:27:13
SOL003957,2026-08-17 12:30:56
SOL003955,2026-08-17 12:36:48
SOL003953,2026-08-17 12:50:42
SOL003956,2026-08-17 12:53:17
SOL003959,2026-08-17 12:59:47
SOL003975,2026-08-17 13:02:44
SOL003974,2026-08-17 13:02:53
SOL003962,2026-08-17 13:04:40
SOL003968,2026-08-17 13:10:16
SOL003963,2026-08-17 13:17:10
SOL003972,2026-08-17 13:21:28
SOL003970,2026-08-17 13:21:59
SOL003960,2026-08-17 13:27:46
SOL003961,2026-08-17 13:31:49
SOL003973,2026-08-17 13:36:21
SOL003965,2026-08-17 13:46:38
SOL003971,2026-08-17 13:48:09
SOL003969,2026-08-17 13:48:25
SOL003964,2026-08-17 13:49:05
SOL003966,2026-08-17 13:55:22
SOL003967,2026-08-17 13:55:47
SOL003980,2026-08-17 14:04:29
SOL003985,2026-08-17 14:06:09
SOL003978,2026-08-17 14:10:30
SOL003976,2026-08-17 14:13:30
SOL003979,2026-08-17 14:30:22
SOL003981,2026-08-17 14:32:16
SOL003982,2026-08-17 14:32:56
SOL003984,2026-08-17 14:40:00
SOL003977,2026-08-17 14:52:35
SOL003983,2026-08-17 14:59:23
SOL003990,2026-08-17 15:02:33
SOL003998,2026-08-17 15:06:16
SOL003999,2026-08-17 15:06:45
SOL003993,2026-08-17 15:08:15
SOL003987,2026-08-17 15:14:56
SOL003994,2026-08-17 15:24:52
SOL003989,2026-08-17 15:26:12
SOL004000,2026-08-17 15:26:33
SOL003995,2026-08-17 15:30:18
SOL004001,2026-08-17 15:33:14
SOL003988,2026-08-17 15:35:09
SOL004004,2026-08-17 15:37:50
SOL003997,2026-08-17 15:37:57
SOL003991,2026-08-17 15:38:17
SOL003996,2026-08-17 15:41:58
SOL003992,2026-08-17 15:47:52
SOL003986,2026-08-17 15:48:09
SOL004003,2026-08-17 15:48:58
SOL004002,2026-08-17 15:49:30
SOL004007,2026-08-17 16:06:09
SOL004008,2026-08-17 16:27:55
SOL004006,2026-08-17 16:31:27
SOL004005,2026-08-17 16:43:46
SOL004009,2026-08-17 16:56:17
SOL004017,2026-08-17 17:00:04
SOL004018,2026-08-17 17:01:05
SOL004016,2026-08-17 17:12:56
SOL004011,2026-08-17 17:18:21
SOL004015,2026-08-17 17:25:02
SOL004019,2026-08-17 17:29:14
SOL004010,2026-08-17 17:35:19
SOL004012,2026-08-17 17:47:38
SOL004013,2026-08-17 17:50:21
SOL004014,2026-08-17 17:55:11
SOL004020,2026-08-17 18:12:29
SOL004021,2026-08-17 18:48:55
SOL004028,2026-08-17 19:16:05
SOL004025,2026-08-17 19:16:53
SOL004024,2026-08-17 19:29:17
SOL004029,2026-08-17 19:32:44
SOL004026,2026-08-17 19:35:50
SOL004022,2026-08-17 19:37:26
SOL004027,2026-08-17 19:50:23
SOL004023,2026-08-17 19:57:13
SOL004043,2026-08-17 20:07:19
SOL004036,2026-08-17 20:11:39
SOL004034,2026-08-17 20:17:58
SOL004042,2026-08-17 20:19:05
SOL004041,2026-08-17 20:29:11
SOL004039,2026-08-17 20:34:59
SOL004033,2026-08-17 20:40:15
SOL004035,2026-08-17 20:40:22
SOL004037,2026-08-17 20:40:24
SOL004038,2026-08-17 20:42:48
SOL004032,2026-08-17 20:46:25
SOL004030,2026-08-17 20:47:03
SOL004044,2026-08-17 20:52:57
SOL004031,2026-08-17 20:55:45
SOL004040,2026-08-17 20:58:16
SOL004050,2026-08-17 21:02:05
SOL004051,2026-08-17 21:06:04
SOL004047,2026-08-17 21:18:16
SOL004046,2026-08-17 21:31:26
SOL004049,2026-08-17 21:33:58
SOL004045,2026-08-17 21:40:45
SOL004048,2026-08-17 21:50:50
SOL004052,2026-08-17 22:00:02
SOL004054,2026-08-17 22:04:47
SOL004055,2026-08-17 22:07:34
SOL004056,2026-08-17 22:09:00
SOL004059,2026-08-17 22:22:54
SOL004058,2026-08-17 22:25:08
SOL004057,2026-08-17 22:26:49
SOL004053,2026-08-17 22:35:33
SOL004062,2026-08-17 23:03:33
SOL004065,2026-08-17 23:06:31
SOL004063,2026-08-17 23:19:30
SOL004067,2026-08-17 23:31:43
SOL004066,2026-08-17 23:45:46
SOL004060,2026-08-17 23:54:44
SOL004068,2026-08-17 23:56:13
SOL004061,2026-08-17 23:56:45
SOL004064,2026-08-17 23:59:59
SOL004072,2026-08-18 00:02:59
SOL004071,2026-08-18 00:07:25
SOL004073,2026-08-18 00:19:15
SOL004074,2026-08-18 00:20:37
SOL004070,2026-08-18 00:29:35
SOL004069,2026-08-18 00:35:39
SOL004078,2026-08-18 01:05:30
SOL004077,2026-08-18 01:17:08
SOL004080,2026-08-18 01:35:49
SOL004075,2026-08-18 01:39:35
SOL004079,2026-08-18 01:41:29
SOL004076,2026-08-18 01:52:08
SOL004086,2026-08-18 02:01:02
SOL004083,2026-08-18 02:20:21
SOL004084,2026-08-18 02:25:52
SOL004081,2026-08-18 02:50:44
SOL004087,2026-08-18 02:53:22
SOL004085,2026-08-18 02:55:18
SOL004082,2026-08-18 02:58:50
SOL004091,2026-08-18 03:02:22
SOL004092,2026-08-18 03:03:09
SOL004094,2026-08-18 03:08:40
SOL004095,2026-08-18 03:13:22
SOL004096,2026-08-18 03:23:30
SOL004090,2026-08-18 03:36:28
SOL004089,2026-08-18 03:44:20
SOL004093,2026-08-18 03:51:55
SOL004088,2026-08-18 03:52:22
SOL004100,2026-08-18 04:06:27
SOL004097,2026-08-18 04:20:53
SOL004101,2026-08-18 04:30:06
SOL004099,2026-08-18 04:44:45
SOL004098,2026-08-18 04:49:42
SOL004103,2026-08-18 04:55:58
SOL004102,2026-08-18 04:58:07
SOL004105,2026-08-18 05:11:09
SOL004104,2026-08-18 05:37:23
SOL004106,2026-08-18 06:05:59
SOL004107,2026-08-18 06:10:43
SOL004108,2026-08-18 06:37:42
SOL004109,2026-08-18 06:41:30
SOL004112,2026-08-18 07:39:42
SOL004111,2026-08-18 07:42:15
SOL004114,2026-08-18 07:45:39
SOL004110,2026-08-18 07:52:43
SOL004113,2026-08-18 07:56:20
SOL004123,2026-08-18 08:07:40
SOL004120,2026-08-18 08:20:18
SOL004118,2026-08-18 08:23:27
SOL004115,2026-08-18 08:24:16
SOL004122,2026-08-18 08:37:32
SOL004117,2026-08-18 08:38:32
SOL004121,2026-08-18 08:43:25
SOL004116,2026-08-18 08:44:02
SOL004119,2026-08-18 08:54:30
SOL004132,2026-08-18 09:04:39
SOL004136,2026-08-18 09:05:25
SOL004124,2026-08-18 09:05:53
SOL004126,2026-08-18 09:08:08
SOL004134,2026-08-18 09:11:41
SOL004133,2026-08-18 09:21:02
SOL004135,2026-08-18 09:22:17
SOL004129,2026-08-18 09:22:42
SOL004125,2026-08-18 09:33:56
SOL004131,2026-08-18 09:35:39
SOL004130,2026-08-18 09:49:06
SOL004128,2026-08-18 09:55:50
SOL004127,2026-08-18 09:56:33
SOL004146,2026-08-18 10:03:18
SOL004145,2026-08-18 10:06:23
SOL004138,2026-08-18 10:10:55
SOL004142,2026-08-18 10:12:00
SOL004141,2026-08-18 10:12:16
SOL004140,2026-08-18 10:15:10
SOL004148,2026-08-18 10:16:24
SOL004137,2026-08-18 10:18:40
SOL004147,2026-08-18 10:24:20
SOL004143,2026-08-18 10:34:41
SOL004139,2026-08-18 10:37:11
SOL004150,2026-08-18 10:37:46
SOL004144,2026-08-18 10:54:20
SOL004149,2026-08-18 10:57:52
SOL004157,2026-08-18 11:00:57
SOL004163,2026-08-18 11:08:53
SOL004167,2026-08-18 11:10:57
SOL004154,2026-08-18 11:12:25
SOL004161,2026-08-18 11:12:32
SOL004169,2026-08-18 11:14:55
SOL004166,2026-08-18 11:17:52
SOL004152,2026-08-18 11:18:45
SOL004156,2026-08-18 11:19:07
SOL004165,2026-08-18 11:19:25
SOL004168,2026-08-18 11:32:03
SOL004153,2026-08-18 11:35:25
SOL004158,2026-08-18 11:36:00
SOL004162,2026-08-18 11:39:19
SOL004160,2026-08-18 11:39:47
SOL004170,2026-08-18 11:41:05
SOL004164,2026-08-18 11:45:56
SOL004159,2026-08-18 11:49:14
SOL004151,2026-08-18 11:51:31
SOL004155,2026-08-18 11:51:44
SOL004174,2026-08-18 12:04:08
SOL004173,2026-08-18 12:05:09
SOL004177,2026-08-18 12:18:12
SOL004175,2026-08-18 12:24:44
SOL004176,2026-08-18 12:28:15
SOL004180,2026-08-18 12:29:17
SOL004178,2026-08-18 12:34:20
SOL004179,2026-08-18 12:39:10
SOL004172,2026-08-18 12:55:51
SOL004171,2026-08-18 12:58:21
SOL004185,2026-08-18 13:11:02
SOL004182,2026-08-18 13:12:29
SOL004181,2026-08-18 13:33:44
SOL004183,2026-08-18 13:50:34
SOL004184,2026-08-18 13:52:24
SOL004186,2026-08-18 13:59:28
SOL004188,2026-08-18 14:02:28
SOL004191,2026-08-18 14:06:05
SOL004200,2026-08-18 14:08:19
SOL004193,2026-08-18 14:09:26
SOL004194,2026-08-18 14:09:56
SOL004196,2026-08-18 14:12:00
SOL004198,2026-08-18 14:17:29
SOL004190,2026-08-18 14:18:11
SOL004187,2026-08-18 14:24:05
SOL004195,2026-08-18 14:26:42
SOL004189,2026-08-18 14:33:43
SOL004192,2026-08-18 14:41:17
SOL004201,2026-08-18 14:42:07
SOL004197,2026-08-18 14:43:27
SOL004199,2026-08-18 14:57:01
SOL004204,2026-08-18 15:06:53
SOL004205,2026-08-18 15:07:39
SOL004202,2026-08-18 15:16:17
SOL004203,2026-08-18 15:31:40
SOL004207,2026-08-18 16:51:25
SOL004206,2026-08-18 16:51:38
SOL004213,2026-08-18 17:10:45
SOL004217,2026-08-18 17:18:41
SOL004211,2026-08-18 17:22:52
SOL004214,2026-08-18 17:31:08
SOL004212,2026-08-18 17:32:01
SOL004208,2026-08-18 17:35:30
SOL004210,2026-08-18 17:36:02
SOL004209,2026-08-18 17:36:38
SOL004215,2026-08-18 17:43:21
SOL004218,2026-08-18 17:43:36
SOL004216,2026-08-18 17:50:48
SOL004219,2026-08-18 17:56:20
SOL004223,2026-08-18 18:07:34
SOL004220,2026-08-18 18:11:29
SOL004221,2026-08-18 18:21:09
SOL004224,2026-08-18 18:27:03
SOL004227,2026-08-18 18:29:17
SOL004225,2026-08-18 18:41:06
SOL004222,2026-08-18 18:53:53
SOL004226,2026-08-18 18:58:53
SOL004230,2026-08-18 19:08:41
SOL004231,2026-08-18 19:15:19
SOL004229,2026-08-18 19:31:19
SOL004228,2026-08-18 19:52:50
SOL004241,2026-08-18 20:04:56
SOL004235,2026-08-18 20:05:17
SOL004236,2026-08-18 20:06:31
SOL004246,2026-08-18 20:08:31
SOL004237,2026-08-18 20:11:00
SOL004234,2026-08-18 20:12:33
SOL004247,2026-08-18 20:16:18
SOL004243,2026-08-18 20:25:27
SOL004238,2026-08-18 20:26:42
SOL004239,2026-08-18 20:26:53
SOL004242,2026-08-18 20:32:43
SOL004240,2026-08-18 20:36:26
SOL004245,2026-08-18 20:43:12
SOL004244,2026-08-18 20:44:30
SOL004233,2026-08-18 20:44:34
SOL004232,2026-08-18 20:44:41
SOL004252,2026-08-18 21:09:25
SOL004248,2026-08-18 21:19:37
SOL004251,2026-08-18 21:27:51
SOL004250,2026-08-18 21:42:19
SOL004249,2026-08-18 21:47:41
SOL004257,2026-08-18 22:06:07
SOL004267,2026-08-18 22:12:32
SOL004256,2026-08-18 22:13:31
SOL004262,2026-08-18 22:18:57
SOL004253,2026-08-18 22:19:35
SOL004264,2026-08-18 22:21:30
SOL004259,2026-08-18 22:25:07
SOL004265,2026-08-18 22:30:33
SOL004266,2026-08-18 22:31:56
SOL004263,2026-08-18 22:33:55
SOL004258,2026-08-18 22:42:25
SOL004269,2026-08-18 22:43:06
SOL004268,2026-08-18 22:44:41
SOL004261,2026-08-18 22:46:15
SOL004255,2026-08-18 22:53:27
SOL004254,2026-08-18 22:53:31
SOL004260,2026-08-18 22:57:54
SOL004275,2026-08-18 23:04:25
SOL004274,2026-08-18 23:08:17
SOL004284,2026-08-18 23:13:42
SOL004271,2026-08-18 23:15:57
SOL004273,2026-08-18 23:17:28
SOL004272,2026-08-18 23:22:48
SOL004270,2026-08-18 23:29:28
SOL004283,2026-08-18 23:34:05
SOL004278,2026-08-18 23:36:13
SOL004276,2026-08-18 23:36:53
SOL004281,2026-08-18 23:39:33
SOL004277,2026-08-18 23:44:08
SOL004279,2026-08-18 23:47:40
SOL004282,2026-08-18 23:49:40
SOL004280,2026-08-18 23:50:12
SOL004294,2026-08-19 00:01:20
SOL004288,2026-08-19 00:05:31
SOL004295,2026-08-19 00:09:24
SOL004285,2026-08-19 00:17:36
SOL004292,2026-08-19 00:19:36
SOL004287,2026-08-19 00:20:06
SOL004291,2026-08-19 00:25:11
SOL004286,2026-08-19 00:40:03
SOL004293,2026-08-19 00:40:29
SOL004289,2026-08-19 00:48:12
SOL004290,2026-08-19 00:52:15
SOL004305,2026-08-19 01:00:33
SOL004317,2026-08-19 01:02:01
SOL004319,2026-08-19 01:06:08
SOL004307,2026-08-19 01:08:11
SOL004302,2026-08-19 01:09:24
SOL004323,2026-08-19 01:09:35
SOL004320,2026-08-19 01:09:48
SOL004313,2026-08-19 01:09:50
SOL004308,2026-08-19 01:12:10
SOL004296,2026-08-19 01:15:46
SOL004312,2026-08-19 01:18:10
SOL004299,2026-08-19 01:19:37
SOL004321,2026-08-19 01:22:39
SOL004300,2026-08-19 01:25:33
SOL004315,2026-08-19 01:28:44
SOL004311,2026-08-19 01:37:30
SOL004314,2026-08-19 01:41:53
SOL004298,2026-08-19 01:43:57
SOL004303,2026-08-19 01:44:27
SOL004324,2026-08-19 01:44:43
SOL004309,2026-08-19 01:46:46
SOL004297,2026-08-19 01:48:28
SOL004318,2026-08-19 01:48:56
SOL004325,2026-08-19 01:54:51
SOL004301,2026-08-19 01:55:33
SOL004322,2026-08-19 01:57:35
SOL004310,2026-08-19 01:58:10
SOL004304,2026-08-19 01:58:11
SOL004306,2026-08-19 01:58:31
SOL004316,2026-08-19 01:59:04
SOL004328,2026-08-19 02:03:23
SOL004326,2026-08-19 02:07:23
SOL004327,2026-08-19 02:11:33
SOL004334,2026-08-19 02:23:33
SOL004333,2026-08-19 02:31:17
SOL004329,2026-08-19 02:43:56
SOL004332,2026-08-19 02:47:42
SOL004331,2026-08-19 02:47:48
SOL004335,2026-08-19 02:54:47
SOL004330,2026-08-19 02:56:42
SOL004336,2026-08-19 03:06:30
SOL004343,2026-08-19 03:16:38
SOL004340,2026-08-19 03:31:32
SOL004338,2026-08-19 03:32:50
SOL004342,2026-08-19 03:35:00
SOL004341,2026-08-19 03:36:47
SOL004337,2026-08-19 03:46:11
SOL004339,2026-08-19 03:53:24
SOL004351,2026-08-19 04:02:23
SOL004345,2026-08-19 04:06:29
SOL004344,2026-08-19 04:15:46
SOL004350,2026-08-19 04:17:05
SOL004354,2026-08-19 04:31:20
SOL004346,2026-08-19 04:33:23
SOL004352,2026-08-19 04:33:35
SOL004348,2026-08-19 04:37:54
SOL004349,2026-08-19 04:49:51
SOL004347,2026-08-19 04:54:20
SOL004353,2026-08-19 04:56:04
SOL004378,2026-08-19 05:01:30
SOL004381,2026-08-19 05:03:32
SOL004362,2026-08-19 05:04:20
SOL004372,2026-08-19 05:04:26
SOL004359,2026-08-19 05:06:37
SOL004358,2026-08-19 05:09:21
SOL004355,2026-08-19 05:12:11
SOL004364,2026-08-19 05:13:32
SOL004366,2026-08-19 05:16:18
SOL004375,2026-08-19 05:16:34
SOL004361,2026-08-19 05:18:48
SOL004367,2026-08-19 05:22:42
SOL004370,2026-08-19 05:23:40
SOL004374,2026-08-19 05:26:37
SOL004369,2026-08-19 05:28:31
SOL004379,2026-08-19 05:31:57
SOL004373,2026-08-19 05:32:30
SOL004363,2026-08-19 05:34:00
SOL004371,2026-08-19 05:34:14
SOL004377,2026-08-19 05:37:15
SOL004380,2026-08-19 05:39:22
SOL004368,2026-08-19 05:42:03
SOL004376,2026-08-19 05:43:46
SOL004382,2026-08-19 05:46:45
SOL004365,2026-08-19 05:48:53
SOL004360,2026-08-19 05:50:26
SOL004356,2026-08-19 05:51:41
SOL004357,2026-08-19 05:54:57
SOL004383,2026-08-19 06:16:47
SOL004385,2026-08-19 06:36:16
SOL004386,2026-08-19 06:40:21
SOL004384,2026-08-19 06:55:07
SOL004392,2026-08-19 07:03:00
SOL004390,2026-08-19 07:05:33
SOL004389,2026-08-19 07:06:18
SOL004398,2026-08-19 07:15:54
SOL004399,2026-08-19 07:20:11
SOL004402,2026-08-19 07:21:43
SOL004395,2026-08-19 07:22:57
SOL004394,2026-08-19 07:24:01
SOL004397,2026-08-19 07:24:48
SOL004388,2026-08-19 07:25:05
SOL004400,2026-08-19 07:26:49
SOL004396,2026-08-19 07:31:39
SOL004387,2026-08-19 07:39:44
SOL004391,2026-08-19 07:40:32
SOL004401,2026-08-19 07:55:04
SOL004393,2026-08-19 07:57:43
SOL004405,2026-08-19 08:19:17
SOL004403,2026-08-19 08:26:31
SOL004404,2026-08-19 08:55:59
SOL004409,2026-08-19 09:00:23
SOL004411,2026-08-19 09:04:40
SOL004410,2026-08-19 09:13:30
SOL004406,2026-08-19 09:32:33
SOL004408,2026-08-19 09:36:40
SOL004407,2026-08-19 09:42:25
SOL004412,2026-08-19 09:45:35
SOL004413,2026-08-19 10:00:22
SOL004414,2026-08-19 10:03:38
SOL004415,2026-08-19 10:14:52
SOL004416,2026-08-19 11:12:12
SOL004417,2026-08-19 11:36:38
SOL004418,2026-08-19 11:56:00
SOL004426,2026-08-19 12:13:31
SOL004419,2026-08-19 12:17:42
SOL004427,2026-08-19 12:21:20
SOL004425,2026-08-19 12:26:26
SOL004421,2026-08-19 12:39:36
SOL004422,2026-08-19 12:43:36
SOL004420,2026-08-19 12:50:30
SOL004424,2026-08-19 12:52:20
SOL004423,2026-08-19 12:56:18
SOL004429,2026-08-19 13:03:09
SOL004431,2026-08-19 13:16:28
SOL004430,2026-08-19 13:27:20
SOL004433,2026-08-19 13:31:05
SOL004432,2026-08-19 13:45:03
SOL004428,2026-08-19 13:49:30
SOL004436,2026-08-19 14:05:56
SOL004441,2026-08-19 14:15:12
SOL004439,2026-08-19 14:18:46
SOL004438,2026-08-19 14:32:02
SOL004435,2026-08-19 14:39:21
SOL004440,2026-08-19 14:48:57
SOL004434,2026-08-19 14:52:38
SOL004437,2026-08-19 14:57:00
SOL004451,2026-08-19 15:00:22
SOL004457,2026-08-19 15:01:05
SOL004449,2026-08-19 15:07:17
SOL004453,2026-08-19 15:24:10
SOL004445,2026-08-19 15:26:55
SOL004450,2026-08-19 15:28:14
SOL004456,2026-08-19 15:30:25
SOL004442,2026-08-19 15:33:22
SOL004447,2026-08-19 15:33:42
SOL004455,2026-08-19 15:34:54
SOL004446,2026-08-19 15:37:34
SOL004454,2026-08-19 15:40:11
SOL004443,2026-08-19 15:43:41
SOL004448,2026-08-19 15:44:07
SOL004452,2026-08-19 15:46:11
SOL004444,2026-08-19 15:48:47
SOL004460,2026-08-19 16:01:56
SOL004461,2026-08-19 16:05:58
SOL004463,2026-08-19 16:13:21
SOL004464,2026-08-19 16:16:07
SOL004458,2026-08-19 16:33:42
SOL004459,2026-08-19 16:41:06
SOL004462,2026-08-19 16:46:51
SOL004481,2026-08-19 17:05:59
SOL004469,2026-08-19 17:07:53
SOL004470,2026-08-19 17:08:02
SOL004475,2026-08-19 17:09:35
SOL004473,2026-08-19 17:11:04
SOL004466,2026-08-19 17:11:43
SOL004467,2026-08-19 17:13:08
SOL004465,2026-08-19 17:17:39
SOL004477,2026-08-19 17:21:42
SOL004483,2026-08-19 17:23:01
SOL004471,2026-08-19 17:26:35
SOL004474,2026-08-19 17:29:04
SOL004480,2026-08-19 17:34:04
SOL004476,2026-08-19 17:34:09
SOL004482,2026-08-19 17:37:26
SOL004478,2026-08-19 17:38:03
SOL004468,2026-08-19 17:39:54
SOL004472,2026-08-19 17:42:51
SOL004479,2026-08-19 17:55:28
SOL004484,2026-08-19 18:10:30
SOL004485,2026-08-19 18:18:25
SOL004488,2026-08-19 18:26:45
SOL004489,2026-08-19 18:33:27
SOL004487,2026-08-19 18:34:20
SOL004486,2026-08-19 18:50:59
SOL004495,2026-08-19 19:08:47
SOL004491,2026-08-19 19:22:04
SOL004497,2026-08-19 19:25:32
SOL004493,2026-08-19 19:26:51
SOL004492,2026-08-19 19:29:45
SOL004499,2026-08-19 19:42:38
SOL004490,2026-08-19 19:49:21
SOL004498,2026-08-19 19:50:58
SOL004494,2026-08-19 19:52:04
SOL004496,2026-08-19 19:54:26
SOL004504,2026-08-19 20:11:26
SOL004505,2026-08-19 20:17:43
SOL004503,2026-08-19 20:33:15
SOL004502,2026-08-19 20:37:17
SOL004501,2026-08-19 20:42:14
SOL004500,2026-08-19 20:52:20
SOL004507,2026-08-19 21:04:37
SOL004512,2026-08-19 21:16:19
SOL004509,2026-08-19 21:26:05
SOL004506,2026-08-19 21:29:22
SOL004510,2026-08-19 21:41:22
SOL004513,2026-08-19 21:43:16
SOL004508,2026-08-19 21:47:10
SOL004511,2026-08-19 21:52:13
SOL004516,2026-08-19 21:52:35
SOL004514,2026-08-19 21:59:18
SOL004515,2026-08-19 21:59:19
SOL004519,2026-08-19 22:00:10
SOL004517,2026-08-19 22:17:04
SOL004520,2026-08-19 22:18:07
SOL004522,2026-08-19 22:31:01
SOL004518,2026-08-19 22:37:03
SOL004521,2026-08-19 22:38:14
SOL004527,2026-08-19 23:03:25
SOL004532,2026-08-19 23:06:28
SOL004523,2026-08-19 23:08:22
SOL004524,2026-08-19 23:22:26
SOL004528,2026-08-19 23:29:52
SOL004525,2026-08-19 23:33:54
SOL004533,2026-08-19 23:40:35
SOL004535,2026-08-19 23:42:40
SOL004531,2026-08-19 23:47:27
SOL004529,2026-08-19 23:49:01
SOL004526,2026-08-19 23:51:03
SOL004536,2026-08-19 23:56:25
SOL004530,2026-08-19 23:56:40
SOL004534,2026-08-19 23:59:18
SOL004543,2026-08-20 00:07:28
SOL004540,2026-08-20 00:23:00
SOL004541,2026-08-20 00:31:36
SOL004542,2026-08-20 00:33:51
SOL004537,2026-08-20 00:39:34
SOL004538,2026-08-20 00:54:04
SOL004539,2026-08-20 00:59:07
SOL004547,2026-08-20 01:02:41
SOL004558,2026-08-20 01:06:52
SOL004544,2026-08-20 01:08:04
SOL004553,2026-08-20 01:12:01
SOL004552,2026-08-20 01:21:20
SOL004549,2026-08-20 01:25:31
SOL004551,2026-08-20 01:25:59
SOL004545,2026-08-20 01:27:37
SOL004548,2026-08-20 01:30:13
SOL004555,2026-08-20 01:30:34
SOL004550,2026-08-20 01:32:48
SOL004554,2026-08-20 01:42:42
SOL004546,2026-08-20 01:43:41
SOL004556,2026-08-20 01:52:46
SOL004557,2026-08-20 01:57:15
SOL004567,2026-08-20 02:06:34
SOL004561,2026-08-20 02:07:22
SOL004563,2026-08-20 02:10:43
SOL004569,2026-08-20 02:11:59
SOL004560,2026-08-20 02:12:56
SOL004568,2026-08-20 02:16:35
SOL004564,2026-08-20 02:16:40
SOL004570,2026-08-20 02:17:26
SOL004571,2026-08-20 02:25:38
SOL004566,2026-08-20 02:33:55
SOL004565,2026-08-20 02:35:16
SOL004562,2026-08-20 02:36:36
SOL004559,2026-08-20 02:44:32
SOL004581,2026-08-20 03:13:51
SOL004578,2026-08-20 03:16:44
SOL004573,2026-08-20 03:18:05
SOL004577,2026-08-20 03:25:19
SOL004572,2026-08-20 03:28:22
SOL004574,2026-08-20 03:28:38
SOL004576,2026-08-20 03:34:10
SOL004575,2026-08-20 03:39:44
SOL004580,2026-08-20 03:39:57
SOL004579,2026-08-20 03:43:10
SOL004582,2026-08-20 03:46:26
SOL004583,2026-08-20 03:50:38
SOL004585,2026-08-20 04:02:07
SOL004591,2026-08-20 04:07:07
SOL004596,2026-08-20 04:07:34
SOL004598,2026-08-20 04:16:23
SOL004586,2026-08-20 04:16:54
SOL004589,2026-08-20 04:24:06
SOL004590,2026-08-20 04:26:09
SOL004594,2026-08-20 04:27:34
SOL004592,2026-08-20 04:33:25
SOL004584,2026-08-20 04:34:11
SOL004595,2026-08-20 04:37:08
SOL004597,2026-08-20 04:43:32
SOL004588,2026-08-20 04:44:27
SOL004587,2026-08-20 04:45:31
SOL004593,2026-08-20 04:48:47
SOL004613,2026-08-20 05:00:06
SOL004599,2026-08-20 05:03:26
SOL004611,2026-08-20 05:05:30
SOL004615,2026-08-20 05:07:38
SOL004600,2026-08-20 05:14:36
SOL004608,2026-08-20 05:16:01
SOL004610,2026-08-20 05:18:48
SOL004603,2026-08-20 05:20:31
SOL004618,2026-08-20 05:21:38
SOL004604,2026-08-20 05:23:22
SOL004616,2026-08-20 05:26:43
SOL004614,2026-08-20 05:26:52
SOL004605,2026-08-20 05:29:05
SOL004609,2026-08-20 05:32:07
SOL004601,2026-08-20 05:33:05
SOL004602,2026-08-20 05:33:29
SOL004617,2026-08-20 05:34:18
SOL004606,2026-08-20 05:44:36
SOL004612,2026-08-20 05:52:58
SOL004619,2026-08-20 05:53:37
SOL004607,2026-08-20 05:54:48
SOL004624,2026-08-20 06:12:55
SOL004620,2026-08-20 06:21:51
SOL004621,2026-08-20 06:27:04
SOL004623,2026-08-20 06:30:08
SOL004622,2026-08-20 06:57:30
SOL004629,2026-08-20 07:05:06
SOL004628,2026-08-20 07:09:47
SOL004627,2026-08-20 07:45:27
SOL004625,2026-08-20 07:50:50
SOL004626,2026-08-20 07:57:23
SOL004640,2026-08-20 08:06:48
SOL004634,2026-08-20 08:07:24
SOL004636,2026-08-20 08:09:59
SOL004644,2026-08-20 08:13:41
SOL004632,2026-08-20 08:14:14
SOL004642,2026-08-20 08:25:39
SOL004630,2026-08-20 08:31:26
SOL004637,2026-08-20 08:31:29
SOL004631,2026-08-20 08:32:53
SOL004639,2026-08-20 08:35:55
SOL004638,2026-08-20 08:36:39
SOL004633,2026-08-20 08:39:51
SOL004643,2026-08-20 08:39:58
SOL004635,2026-08-20 08:44:32
SOL004641,2026-08-20 08:55:03
SOL004652,2026-08-20 09:06:01
SOL004648,2026-08-20 09:06:01
SOL004650,2026-08-20 09:08:46
SOL004649,2026-08-20 09:27:33
SOL004646,2026-08-20 09:28:40
SOL004647,2026-08-20 09:34:27
SOL004651,2026-08-20 09:36:28
SOL004645,2026-08-20 09:41:56
SOL004653,2026-08-20 09:42:30
SOL004663,2026-08-20 10:04:56
SOL004656,2026-08-20 10:07:19
SOL004662,2026-08-20 10:16:41
SOL004661,2026-08-20 10:20:38
SOL004658,2026-08-20 10:27:29
SOL004657,2026-08-20 10:34:32
SOL004659,2026-08-20 10:34:36
SOL004660,2026-08-20 10:34:43
SOL004655,2026-08-20 10:35:24
SOL004664,2026-08-20 10:56:12
SOL004654,2026-08-20 10:57:42
SOL004665,2026-08-20 10:58:58
SOL004666,2026-08-20 11:00:56
SOL004677,2026-08-20 11:09:58
SOL004667,2026-08-20 11:22:52
SOL004674,2026-08-20 11:33:10
SOL004668,2026-08-20 11:35:39
SOL004676,2026-08-20 11:40:11
SOL004673,2026-08-20 11:40:22
SOL004671,2026-08-20 11:45:15
SOL004678,2026-08-20 11:48:47
SOL004672,2026-08-20 11:50:57
SOL004670,2026-08-20 11:56:21
SOL004675,2026-08-20 11:57:40
SOL004669,2026-08-20 11:58:16
SOL004679,2026-08-20 12:06:48
SOL004680,2026-08-20 12:08:12
SOL004688,2026-08-20 12:10:11
SOL004687,2026-08-20 12:13:52
SOL004685,2026-08-20 12:18:57
SOL004681,2026-08-20 12:22:15
SOL004686,2026-08-20 12:22:47
SOL004682,2026-08-20 12:27:57
SOL004684,2026-08-20 12:28:24
SOL004683,2026-08-20 12:39:05
SOL004705,2026-08-20 13:02:56
SOL004693,2026-08-20 13:15:24
SOL004700,2026-08-20 13:17:13
SOL004703,2026-08-20 13:29:58
SOL004704,2026-08-20 13:30:02
SOL004698,2026-08-20 13:33:56
SOL004699,2026-08-20 13:35:09
SOL004694,2026-08-20 13:36:50
SOL004695,2026-08-20 13:37:39
SOL004696,2026-08-20 13:39:59
SOL004702,2026-08-20 13:40:57
SOL004690,2026-08-20 13:42:02
SOL004701,2026-08-20 13:42:23
SOL004697,2026-08-20 13:44:16
SOL004691,2026-08-20 13:49:16
SOL004692,2026-08-20 13:51:41
SOL004689,2026-08-20 13:55:09
SOL004710,2026-08-20 14:04:43
SOL004707,2026-08-20 14:12:41
SOL004711,2026-08-20 14:18:14
SOL004706,2026-08-20 14:27:04
SOL004709,2026-08-20 14:35:29
SOL004708,2026-08-20 14:57:32
SOL004719,2026-08-20 15:02:41
SOL004716,2026-08-20 15:10:34
SOL004720,2026-08-20 15:13:51
SOL004718,2026-08-20 15:20:04
SOL004713,2026-08-20 15:23:40
SOL004717,2026-08-20 15:30:49
SOL004712,2026-08-20 15:34:23
SOL004714,2026-08-20 15:49:57
SOL004722,2026-08-20 15:50:49
SOL004721,2026-08-20 15:51:21
SOL004715,2026-08-20 15:53:08
SOL004725,2026-08-20 16:04:26
SOL004724,2026-08-20 16:41:58
SOL004723,2026-08-20 16:47:47
SOL004739,2026-08-20 17:05:06
SOL004733,2026-08-20 17:05:39
SOL004734,2026-08-20 17:10:25
SOL004731,2026-08-20 17:12:23
SOL004730,2026-08-20 17:23:55
SOL004726,2026-08-20 17:24:30
SOL004738,2026-08-20 17:25:33
SOL004736,2026-08-20 17:27:02
SOL004727,2026-08-20 17:27:30
SOL004729,2026-08-20 17:32:32
SOL004735,2026-08-20 17:38:01
SOL004732,2026-08-20 17:44:45
SOL004728,2026-08-20 17:53:09
SOL004737,2026-08-20 17:59:19
SOL004745,2026-08-20 18:00:36
SOL004748,2026-08-20 18:01:49
SOL004743,2026-08-20 18:05:38
SOL004746,2026-08-20 18:24:57
SOL004750,2026-08-20 18:28:57
SOL004744,2026-08-20 18:37:24
SOL004740,2026-08-20 18:38:47
SOL004741,2026-08-20 18:46:13
SOL004747,2026-08-20 18:49:29
SOL004749,2026-08-20 18:58:48
SOL004742,2026-08-20 18:59:40
SOL004763,2026-08-20 19:01:07
SOL004766,2026-08-20 19:02:05
SOL004753,2026-08-20 19:07:03
SOL004764,2026-08-20 19:08:16
SOL004765,2026-08-20 19:17:16
SOL004756,2026-08-20 19:24:57
SOL004758,2026-08-20 19:25:00
SOL004752,2026-08-20 19:25:24
SOL004755,2026-08-20 19:27:55
SOL004757,2026-08-20 19:30:33
SOL004760,2026-08-20 19:37:19
SOL004761,2026-08-20 19:37:53
SOL004751,2026-08-20 19:39:38
SOL004759,2026-08-20 19:44:39
SOL004762,2026-08-20 19:55:02
SOL004754,2026-08-20 19:57:07
SOL004771,2026-08-20 20:18:00
SOL004770,2026-08-20 20:33:07
SOL004768,2026-08-20 20:41:36
SOL004769,2026-08-20 20:44:51
SOL004767,2026-08-20 20:50:15
SOL004775,2026-08-20 21:07:37
SOL004778,2026-08-20 21:08:15
SOL004777,2026-08-20 21:08:49
SOL004773,2026-08-20 21:25:07
SOL004772,2026-08-20 21:35:24
SOL004780,2026-08-20 21:36:56
SOL004774,2026-08-20 21:40:50
SOL004782,2026-08-20 21:44:29
SOL004781,2026-08-20 21:49:10
SOL004779,2026-08-20 21:49:23
SOL004776,2026-08-20 21:52:16
SOL004785,2026-08-20 22:06:06
SOL004786,2026-08-20 22:10:28
SOL004783,2026-08-20 22:12:08
SOL004790,2026-08-20 22:16:14
SOL004788,2026-08-20 22:27:33
SOL004792,2026-08-20 22:35:58
SOL004789,2026-08-20 22:42:18
SOL004784,2026-08-20 22:46:32
SOL004793,2026-08-20 22:54:21
SOL004787,2026-08-20 22:55:18
SOL004791,2026-08-20 22:59:20
SOL004803,2026-08-20 23:03:37
SOL004795,2026-08-20 23:20:54
SOL004797,2026-08-20 23:21:13
SOL004801,2026-08-20 23:25:29
SOL004798,2026-08-20 23:36:40
SOL004796,2026-08-20 23:36:40
SOL004794,2026-08-20 23:42:23
SOL004802,2026-08-20 23:43:32
SOL004800,2026-08-20 23:52:05
SOL004799,2026-08-20 23:55:55
SOL004808,2026-08-21 00:06:54
SOL004806,2026-08-21 00:10:40
SOL004813,2026-08-21 00:12:22
SOL004810,2026-08-21 00:15:03
SOL004812,2026-08-21 00:16:39
SOL004814,2026-08-21 00:25:14
SOL004805,2026-08-21 00:34:18
SOL004804,2026-08-21 00:36:55
SOL004811,2026-08-21 00:48:39
SOL004807,2026-08-21 00:55:21
SOL004809,2026-08-21 00:56:14
SOL004820,2026-08-21 01:15:23
SOL004818,2026-08-21 01:21:12
SOL004816,2026-08-21 01:25:57
SOL004819,2026-08-21 01:31:25
SOL004817,2026-08-21 01:42:58
SOL004815,2026-08-21 01:49:17
SOL004825,2026-08-21 02:01:54
SOL004826,2026-08-21 02:02:58
SOL004821,2026-08-21 02:05:46
SOL004823,2026-08-21 02:06:34
SOL004824,2026-08-21 02:06:43
SOL004835,2026-08-21 02:10:31
SOL004834,2026-08-21 02:14:34
SOL004838,2026-08-21 02:18:17
SOL004830,2026-08-21 02:18:40
SOL004828,2026-08-21 02:25:41
SOL004839,2026-08-21 02:34:17
SOL004833,2026-08-21 02:34:17
SOL004840,2026-08-21 02:35:26
SOL004822,2026-08-21 02:38:09
SOL004832,2026-08-21 02:39:19
SOL004827,2026-08-21 02:48:24
SOL004836,2026-08-21 02:50:32
SOL004829,2026-08-21 02:51:59
SOL004831,2026-08-21 02:53:36
SOL004837,2026-08-21 02:55:45
SOL004841,2026-08-21 03:07:45
SOL004847,2026-08-21 03:14:16
SOL004851,2026-08-21 03:14:58
SOL004852,2026-08-21 03:15:58
SOL004850,2026-08-21 03:23:30
SOL004846,2026-08-21 03:23:45
SOL004848,2026-08-21 03:23:50
SOL004849,2026-08-21 03:35:35
SOL004842,2026-08-21 03:45:29
SOL004845,2026-08-21 03:57:34
SOL004844,2026-08-21 03:59:14
SOL004843,2026-08-21 03:59:14
SOL004854,2026-08-21 04:01:43
SOL004860,2026-08-21 04:05:46
SOL004857,2026-08-21 04:07:10
SOL004853,2026-08-21 04:14:04
SOL004855,2026-08-21 04:29:40
SOL004858,2026-08-21 04:42:41
SOL004856,2026-08-21 04:44:22
SOL004859,2026-08-21 04:48:06
SOL004863,2026-08-21 05:02:02
SOL004868,2026-08-21 05:03:56
SOL004875,2026-08-21 05:21:01
SOL004871,2026-08-21 05:32:58
SOL004872,2026-08-21 05:34:19
SOL004864,2026-08-21 05:36:52
SOL004873,2026-08-21 05:37:49
SOL004876,2026-08-21 05:42:38
SOL004862,2026-08-21 05:45:45
SOL004867,2026-08-21 05:45:49
SOL004874,2026-08-21 05:46:27
SOL004870,2026-08-21 05:57:11
SOL004866,2026-08-21 05:57:15
SOL004869,2026-08-21 05:57:33
SOL004861,2026-08-21 05:59:13
SOL004865,2026-08-21 05:59:31
SOL004878,2026-08-21 06:09:32
SOL004877,2026-08-21 06:23:44
SOL004880,2026-08-21 06:25:33
SOL004883,2026-08-21 06:26:08
SOL004885,2026-08-21 06:32:59
SOL004882,2026-08-21 06:34:40
SOL004881,2026-08-21 06:39:33
SOL004884,2026-08-21 06:41:03
SOL004879,2026-08-21 06:42:34
SOL004900,2026-08-21 07:03:03
SOL004889,2026-08-21 07:03:41
SOL004901,2026-08-21 07:12:33
SOL004894,2026-08-21 07:12:50
SOL004898,2026-08-21 07:16:28
SOL004887,2026-08-21 07:19:10
SOL004890,2026-08-21 07:22:17
SOL004893,2026-08-21 07:26:30
SOL004888,2026-08-21 07:31:03
SOL004895,2026-08-21 07:32:18
SOL004886,2026-08-21 07:35:55
SOL004892,2026-08-21 07:38:09
SOL004896,2026-08-21 07:39:17
SOL004899,2026-08-21 07:54:41
SOL004897,2026-08-21 07:55:07
SOL004891,2026-08-21 07:55:40
SOL004915,2026-08-21 08:09:11
SOL004902,2026-08-21 08:17:13
SOL004905,2026-08-21 08:22:24
SOL004908,2026-08-21 08:24:54
SOL004909,2026-08-21 08:25:54
SOL004912,2026-08-21 08:27:13
SOL004904,2026-08-21 08:37:37
SOL004907,2026-08-21 08:37:41
SOL004913,2026-08-21 08:43:11
SOL004916,2026-08-21 08:46:42
SOL004911,2026-08-21 08:47:59
SOL004914,2026-08-21 08:48:59
SOL004906,2026-08-21 08:52:12
SOL004910,2026-08-21 08:55:39
SOL004903,2026-08-21 08:59:22
SOL004925,2026-08-21 09:11:00
SOL004924,2026-08-21 09:11:19
SOL004919,2026-08-21 09:15:30
SOL004922,2026-08-21 09:22:50
SOL004920,2026-08-21 09:28:34
SOL004926,2026-08-21 09:30:13
SOL004917,2026-08-21 09:32:22
SOL004923,2026-08-21 09:46:22
SOL004927,2026-08-21 09:49:07
SOL004921,2026-08-21 09:53:41
SOL004918,2026-08-21 09:53:43
SOL004939,2026-08-21 10:03:15
SOL004946,2026-08-21 10:06:01
SOL004936,2026-08-21 10:06:53
SOL004932,2026-08-21 10:07:09
SOL004942,2026-08-21 10:08:40
SOL004929,2026-08-21 10:09:21
SOL004947,2026-08-21 10:10:50
SOL004951,2026-08-21 10:12:42
SOL004935,2026-08-21 10:14:49
SOL004933,2026-08-21 10:18:52
SOL004950,2026-08-21 10:22:57
SOL004944,2026-08-21 10:25:11
SOL004928,2026-08-21 10:25:39
SOL004945,2026-08-21 10:26:24
SOL004949,2026-08-21 10:27:29
SOL004937,2026-08-21 10:32:45
SOL004931,2026-08-21 10:34:17
SOL004930,2026-08-21 10:38:11
SOL004934,2026-08-21 10:39:13
SOL004948,2026-08-21 10:43:12
SOL004940,2026-08-21 10:48:45
SOL004938,2026-08-21 10:54:19
SOL004941,2026-08-21 10:55:43
SOL004943,2026-08-21 10:56:34
SOL004956,2026-08-21 11:01:59
SOL004959,2026-08-21 11:16:46
SOL004954,2026-08-21 11:17:34
SOL004955,2026-08-21 11:24:54
SOL004961,2026-08-21 11:30:10
SOL004953,2026-08-21 11:30:31
SOL004960,2026-08-21 11:42:14
SOL004958,2026-08-21 11:50:45
SOL004952,2026-08-21 11:53:08
SOL004957,2026-08-21 11:59:34
SOL004965,2026-08-21 12:06:27
SOL004962,2026-08-21 12:07:21
SOL004963,2026-08-21 12:31:56
SOL004964,2026-08-21 12:38:55
SOL004970,2026-08-21 13:10:16
SOL004972,2026-08-21 13:13:07
SOL004966,2026-08-21 13:24:36
SOL004968,2026-08-21 13:46:36
SOL004973,2026-08-21 13:46:37
SOL004974,2026-08-21 13:48:01
SOL004967,2026-08-21 13:49:14
SOL004969,2026-08-21 13:55:07
SOL004971,2026-08-21 13:56:49
SOL004975,2026-08-21 13:59:14
SOL004982,2026-08-21 14:08:28
SOL004981,2026-08-21 14:12:37
SOL004978,2026-08-21 14:17:20
SOL004985,2026-08-21 14:23:17
SOL004980,2026-08-21 14:30:27
SOL004976,2026-08-21 14:30:42
SOL004984,2026-08-21 14:33:39
SOL004977,2026-08-21 14:42:58
SOL004983,2026-08-21 14:51:10
SOL004979,2026-08-21 14:51:27
SOL004989,2026-08-21 15:09:01
SOL004988,2026-08-21 15:24:24
SOL004987,2026-08-21 15:46:11
SOL004986,2026-08-21 15:58:45
SOL004999,2026-08-21 16:06:31
SOL004990,2026-08-21 16:21:26
SOL005000,2026-08-21 16:25:49
SOL004994,2026-08-21 16:33:53
SOL004992,2026-08-21 16:39:23
SOL004996,2026-08-21 16:46:10
SOL004998,2026-08-21 16:46:21
SOL004995,2026-08-21 16:46:22
SOL004993,2026-08-21 16:46:39
SOL004997,2026-08-21 16:52:59
SOL004991,2026-08-21 16:57:38
SOL005001,2026-08-21 16:59:10
SOL005014,2026-08-21 17:07:10
SOL005016,2026-08-21 17:09:40
SOL005017,2026-08-21 17:10:53
SOL005012,2026-08-21 17:13:55
SOL005008,2026-08-21 17:18:31
SOL005006,2026-08-21 17:20:28
SOL005007,2026-08-21 17:22:03
SOL005009,2026-08-21 17:23:19
SOL005021,2026-08-21 17:24:36
SOL005003,2026-08-21 17:26:56
SOL005015,2026-08-21 17:28:34
SOL005019,2026-08-21 17:31:26
SOL005002,2026-08-21 17:34:04
SOL005020,2026-08-21 17:35:51
SOL005018,2026-08-21 17:37:12
SOL005013,2026-08-21 17:38:23
SOL005005,2026-08-21 17:38:56
SOL005010,2026-08-21 17:43:49
SOL005004,2026-08-21 17:56:49
SOL005011,2026-08-21 17:58:51
SOL005022,2026-08-21 18:07:17
SOL005023,2026-08-21 18:23:12
SOL005027,2026-08-21 18:41:21
SOL005025,2026-08-21 18:44:04
SOL005026,2026-08-21 18:48:37
SOL005024,2026-08-21 18:54:57
SOL005034,2026-08-21 19:07:23
SOL005031,2026-08-21 19:14:44
SOL005033,2026-08-21 19:30:13
SOL005028,2026-08-21 19:35:17
SOL005032,2026-08-21 19:39:51
SOL005030,2026-08-21 19:43:09
SOL005029,2026-08-21 19:44:44
SOL005037,2026-08-21 20:09:25
SOL005035,2026-08-21 20:29:56
SOL005036,2026-08-21 20:58:46
SOL005039,2026-08-21 21:05:54
SOL005047,2026-08-21 21:11:20
SOL005041,2026-08-21 21:21:14
SOL005043,2026-08-21 21:31:07
SOL005045,2026-08-21 21:39:40
SOL005040,2026-08-21 21:42:13
SOL005042,2026-08-21 21:44:31
SOL005046,2026-08-21 21:49:36
SOL005044,2026-08-21 21:57:11
SOL005038,2026-08-21 21:58:12
SOL005048,2026-08-21 22:01:31
SOL005059,2026-08-21 22:04:45
SOL005054,2026-08-21 22:05:24
SOL005060,2026-08-21 22:08:40
SOL005049,2026-08-21 22:12:26
SOL005055,2026-08-21 22:21:57
SOL005057,2026-08-21 22:24:52
SOL005050,2026-08-21 22:25:49
SOL005058,2026-08-21 22:30:54
SOL005052,2026-08-21 22:43:59
SOL005053,2026-08-21 22:52:23
SOL005051,2026-08-21 22:55:12
SOL005056,2026-08-21 22:57:52
SOL005068,2026-08-21 23:16:32
SOL005061,2026-08-21 23:22:05
SOL005065,2026-08-21 23:31:07
SOL005064,2026-08-21 23:31:48
SOL005066,2026-08-21 23:40:36
SOL005069,2026-08-21 23:41:02
SOL005063,2026-08-21 23:45:48
SOL005062,2026-08-21 23:52:03
SOL005067,2026-08-21 23:56:24
SOL005076,2026-08-22 00:01:04
SOL005087,2026-08-22 00:02:02
SOL005086,2026-08-22 00:03:25
SOL005091,2026-08-22 00:06:42
SOL005081,2026-08-22 00:11:53
SOL005075,2026-08-22 00:14:03
SOL005088,2026-08-22 00:20:01
SOL005077,2026-08-22 00:21:11
SOL005084,2026-08-22 00:21:11
SOL005083,2026-08-22 00:28:02
SOL005090,2026-08-22 00:28:32
SOL005070,2026-08-22 00:30:34
SOL005080,2026-08-22 00:33:13
SOL005078,2026-08-22 00:33:29
SOL005071,2026-08-22 00:41:52
SOL005082,2026-08-22 00:44:17
SOL005089,2026-08-22 00:45:08
SOL005072,2026-08-22 00:46:06
SOL005085,2026-08-22 00:46:48
SOL005073,2026-08-22 00:50:55
SOL005074,2026-08-22 00:54:38
SOL005079,2026-08-22 00:58:51
SOL005093,2026-08-22 01:03:19
SOL005100,2026-08-22 01:07:26
SOL005092,2026-08-22 01:08:33
SOL005097,2026-08-22 01:22:14
SOL005095,2026-08-22 01:43:10
SOL005098,2026-08-22 01:44:28
SOL005096,2026-08-22 01:44:28
SOL005099,2026-08-22 01:50:09
SOL005094,2026-08-22 01:51:33
SOL005101,2026-08-22 02:04:46
SOL005102,2026-08-22 02:16:14
SOL005105,2026-08-22 02:26:57
SOL005104,2026-08-22 02:31:41
SOL005106,2026-08-22 02:33:32
SOL005103,2026-08-22 02:35:19
SOL005110,2026-08-22 03:13:39
SOL005109,2026-08-22 03:28:55
SOL005107,2026-08-22 03:30:59
SOL005108,2026-08-22 03:53:29
SOL005117,2026-08-22 04:04:06
SOL005115,2026-08-22 04:05:36
SOL005118,2026-08-22 04:17:05
SOL005113,2026-08-22 04:25:29
SOL005114,2026-08-22 04:26:16
SOL005116,2026-08-22 04:26:35
SOL005111,2026-08-22 04:32:21
SOL005119,2026-08-22 04:37:10
SOL005112,2026-08-22 04:57:20
SOL005120,2026-08-22 04:59:10
SOL005125,2026-08-22 05:01:17
SOL005124,2026-08-22 05:20:27
SOL005121,2026-08-22 05:26:58
SOL005126,2026-08-22 05:29:16
SOL005127,2026-08-22 05:43:49
SOL005122,2026-08-22 05:51:26
SOL005123,2026-08-22 05:53:09
SOL005136,2026-08-22 06:00:24
SOL005142,2026-08-22 06:00:46
SOL005140,2026-08-22 06:01:10
SOL005134,2026-08-22 06:01:34
SOL005128,2026-08-22 06:12:50
SOL005133,2026-08-22 06:29:24
SOL005131,2026-08-22 06:32:09
SOL005138,2026-08-22 06:37:55
SOL005139,2026-08-22 06:40:25
SOL005132,2026-08-22 06:41:05
SOL005129,2026-08-22 06:41:40
SOL005137,2026-08-22 06:43:07
SOL005130,2026-08-22 06:46:34
SOL005141,2026-08-22 06:57:53
SOL005135,2026-08-22 06:59:28
SOL005158,2026-08-22 07:04:45
SOL005157,2026-08-22 07:07:52
SOL005154,2026-08-22 07:10:11
SOL005152,2026-08-22 07:11:54
SOL005143,2026-08-22 07:19:28
SOL005144,2026-08-22 07:20:03
SOL005147,2026-08-22 07:24:47
SOL005150,2026-08-22 07:28:45
SOL005149,2026-08-22 07:31:28
SOL005148,2026-08-22 07:35:05
SOL005155,2026-08-22 07:40:57
SOL005153,2026-08-22 07:44:59
SOL005145,2026-08-22 07:49:40
SOL005146,2026-08-22 07:51:07
SOL005151,2026-08-22 07:56:50
SOL005156,2026-08-22 07:59:45
SOL005172,2026-08-22 08:00:18
SOL005161,2026-08-22 08:05:38
SOL005165,2026-08-22 08:09:14
SOL005167,2026-08-22 08:10:48
SOL005170,2026-08-22 08:12:12
SOL005159,2026-08-22 08:15:35
SOL005168,2026-08-22 08:23:31
SOL005160,2026-08-22 08:25:08
SOL005164,2026-08-22 08:31:59
SOL005162,2026-08-22 08:35:17
SOL005163,2026-08-22 08:37:38
SOL005171,2026-08-22 08:43:23
SOL005173,2026-08-22 08:48:38
SOL005174,2026-08-22 08:52:49
SOL005175,2026-08-22 08:55:28
SOL005166,2026-08-22 08:57:11
SOL005169,2026-08-22 08:58:17
SOL005178,2026-08-22 09:02:51
SOL005185,2026-08-22 09:03:21
SOL005191,2026-08-22 09:03:23
SOL005189,2026-08-22 09:05:04
SOL005190,2026-08-22 09:09:04
SOL005184,2026-08-22 09:13:10
SOL005179,2026-08-22 09:27:12
SOL005181,2026-08-22 09:29:33
SOL005182,2026-08-22 09:32:02
SOL005177,2026-08-22 09:39:06
SOL005187,2026-08-22 09:39:34
SOL005188,2026-08-22 09:46:30
SOL005180,2026-08-22 09:50:06
SOL005186,2026-08-22 09:52:42
SOL005183,2026-08-22 09:58:18
SOL005176,2026-08-22 09:59:59
SOL005194,2026-08-22 10:03:48
SOL005193,2026-08-22 10:14:44
SOL005192,2026-08-22 10:26:38
SOL005197,2026-08-22 10:34:51
SOL005196,2026-08-22 10:43:07
SOL005195,2026-08-22 10:55:12
SOL005198,2026-08-22 11:04:28
SOL005203,2026-08-22 11:14:59
SOL005201,2026-08-22 11:16:04
SOL005200,2026-08-22 11:18:26
SOL005202,2026-08-22 11:48:20
SOL005199,2026-08-22 11:51:27
SOL005204,2026-08-22 12:04:28
SOL005211,2026-08-22 12:11:16
SOL005206,2026-08-22 12:16:16
SOL005210,2026-08-22 12:21:44
SOL005208,2026-08-22 12:26:17
SOL005214,2026-08-22 12:33:56
SOL005213,2026-08-22 12:35:06
SOL005209,2026-08-22 12:36:40
SOL005207,2026-08-22 12:38:13
SOL005212,2026-08-22 12:39:02
SOL005205,2026-08-22 12:42:44
SOL005221,2026-08-22 13:09:39
SOL005219,2026-08-22 13:13:34
SOL005220,2026-08-22 13:15:26
SOL005215,2026-08-22 13:27:38
SOL005216,2026-08-22 13:32:49
SOL005217,2026-08-22 13:45:44
SOL005218,2026-08-22 13:49:59
SOL005222,2026-08-22 14:06:09
SOL005228,2026-08-22 14:13:52
SOL005225,2026-08-22 14:19:49
SOL005223,2026-08-22 14:23:40
SOL005226,2026-08-22 14:27:09
SOL005224,2026-08-22 14:31:16
SOL005227,2026-08-22 14:58:01
SOL005237,2026-08-22 15:00:30
SOL005236,2026-08-22 15:04:14
SOL005234,2026-08-22 15:05:12
SOL005239,2026-08-22 15:09:55
SOL005238,2026-08-22 15:14:25
SOL005232,2026-08-22 15:20:33
SOL005243,2026-08-22 15:22:27
SOL005240,2026-08-22 15:22:33
SOL005231,2026-08-22 15:22:56
SOL005229,2026-08-22 15:24:22
SOL005241,2026-08-22 15:37:40
SOL005230,2026-08-22 15:41:18
SOL005233,2026-08-22 15:46:55
SOL005235,2026-08-22 15:51:00
SOL005242,2026-08-22 15:55:55
SOL005244,2026-08-22 16:01:02
SOL005245,2026-08-22 16:20:25
SOL005247,2026-08-22 16:28:49
SOL005246,2026-08-22 16:46:16
SOL005253,2026-08-22 17:04:41
SOL005255,2026-08-22 17:05:54
SOL005250,2026-08-22 17:07:41
SOL005254,2026-08-22 17:09:05
SOL005249,2026-08-22 17:12:57
SOL005258,2026-08-22 17:31:40
SOL005256,2026-08-22 17:32:14
SOL005248,2026-08-22 17:32:50
SOL005260,2026-08-22 17:36:48
SOL005252,2026-08-22 17:37:31
SOL005251,2026-08-22 17:43:16
SOL005259,2026-08-22 17:46:52
SOL005257,2026-08-22 17:55:22
SOL005268,2026-08-22 18:05:09
SOL005263,2026-08-22 18:10:19
SOL005262,2026-08-22 18:10:33
SOL005266,2026-08-22 18:14:01
SOL005264,2026-08-22 18:18:28
SOL005261,2026-08-22 18:23:56
SOL005265,2026-08-22 18:38:00
SOL005267,2026-08-22 18:41:11
SOL005271,2026-08-22 19:28:00
SOL005270,2026-08-22 19:34:48
SOL005269,2026-08-22 19:54:19
SOL005272,2026-08-22 19:59:47
SOL005275,2026-08-22 20:05:22
SOL005278,2026-08-22 20:05:28
SOL005274,2026-08-22 20:08:59
SOL005277,2026-08-22 20:24:35
SOL005280,2026-08-22 20:31:10
SOL005276,2026-08-22 20:46:18
SOL005273,2026-08-22 20:59:29
SOL005279,2026-08-22 20:59:48
SOL005281,2026-08-22 21:47:28
SOL005282,2026-08-22 21:58:24
SOL005284,2026-08-22 22:08:38
SOL005288,2026-08-22 22:17:56
SOL005286,2026-08-22 22:31:04
SOL005289,2026-08-22 22:31:31
SOL005287,2026-08-22 22:31:48
SOL005283,2026-08-22 22:37:10
SOL005285,2026-08-22 22:55:52
SOL005298,2026-08-22 23:00:26
SOL005291,2026-08-22 23:12:59
SOL005295,2026-08-22 23:23:36
SOL005290,2026-08-22 23:29:53
SOL005296,2026-08-22 23:32:22
SOL005300,2026-08-22 23:45:45
SOL005292,2026-08-22 23:46:53
SOL005297,2026-08-22 23:54:08
SOL005299,2026-08-22 23:54:16
SOL005293,2026-08-22 23:55:32
SOL005294,2026-08-22 23:57:54
SOL005310,2026-08-23 00:08:05
SOL005309,2026-08-23 00:13:25
SOL005306,2026-08-23 00:14:29
SOL005307,2026-08-23 00:14:29
SOL005301,2026-08-23 00:17:14
SOL005313,2026-08-23 00:19:23
SOL005302,2026-08-23 00:22:25
SOL005308,2026-08-23 00:25:35
SOL005304,2026-08-23 00:43:11
SOL005311,2026-08-23 00:45:01
SOL005312,2026-08-23 00:47:10
SOL005303,2026-08-23 00:51:52
SOL005305,2026-08-23 00:56:56
SOL005316,2026-08-23 01:07:38
SOL005314,2026-08-23 01:07:42
SOL005317,2026-08-23 01:35:00
SOL005318,2026-08-23 01:43:24
SOL005315,2026-08-23 01:47:53
SOL005328,2026-08-23 02:02:15
SOL005324,2026-08-23 02:02:53
SOL005322,2026-08-23 02:04:26
SOL005326,2026-08-23 02:35:25
SOL005323,2026-08-23 02:35:43
SOL005321,2026-08-23 02:46:42
SOL005319,2026-08-23 02:51:17
SOL005327,2026-08-23 02:55:35
SOL005320,2026-08-23 02:58:34
SOL005325,2026-08-23 02:59:38
SOL005331,2026-08-23 03:04:09
SOL005329,2026-08-23 03:05:12
SOL005333,2026-08-23 03:15:13
SOL005330,2026-08-23 03:22:20
SOL005332,2026-08-23 03:27:00
SOL005335,2026-08-23 03:33:32
SOL005334,2026-08-23 03:35:09
SOL005337,2026-08-23 03:36:03
SOL005336,2026-08-23 03:36:30
SOL005346,2026-08-23 04:02:21
SOL005340,2026-08-23 04:07:49
SOL005342,2026-08-23 04:25:38
SOL005341,2026-08-23 04:30:59
SOL005345,2026-08-23 04:36:02
SOL005344,2026-08-23 04:38:12
SOL005343,2026-08-23 04:40:04
SOL005338,2026-08-23 04:53:14
SOL005339,2026-08-23 04:54:42
SOL005347,2026-08-23 05:14:22
SOL005350,2026-08-23 05:18:04
SOL005349,2026-08-23 05:44:23
SOL005348,2026-08-23 05:51:40
SOL005355,2026-08-23 06:03:26
SOL005352,2026-08-23 06:11:00
SOL005361,2026-08-23 06:18:40
SOL005356,2026-08-23 06:19:28
SOL005358,2026-08-23 06:24:19
SOL005357,2026-08-23 06:32:24
SOL005359,2026-08-23 06:36:45
SOL005351,2026-08-23 06:39:28
SOL005360,2026-08-23 06:44:53
SOL005354,2026-08-23 06:50:03
SOL005353,2026-08-23 06:58:08
SOL005365,2026-08-23 07:02:07
SOL005366,2026-08-23 07:02:20
SOL005370,2026-08-23 07:09:44
SOL005369,2026-08-23 07:18:52
SOL005364,2026-08-23 07:27:19
SOL005367,2026-08-23 07:32:37
SOL005362,2026-08-23 07:51:35
SOL005372,2026-08-23 07:52:01
SOL005363,2026-08-23 07:54:55
SOL005368,2026-08-23 07:56:56
SOL005371,2026-08-23 07:59:17
SOL005375,2026-08-23 08:00:30
SOL005376,2026-08-23 08:01:15
SOL005373,2026-08-23 08:05:26
SOL005380,2026-08-23 08:25:40
SOL005379,2026-08-23 08:30:53
SOL005378,2026-08-23 08:31:04
SOL005374,2026-08-23 08:32:53
SOL005377,2026-08-23 08:41:42
SOL005390,2026-08-23 09:10:07
SOL005395,2026-08-23 09:14:28
SOL005393,2026-08-23 09:14:29
SOL005381,2026-08-23 09:14:59
SOL005385,2026-08-23 09:19:43
SOL005394,2026-08-23 09:20:19
SOL005396,2026-08-23 09:23:36
SOL005391,2026-08-23 09:29:18
SOL005383,2026-08-23 09:32:34
SOL005388,2026-08-23 09:32:36
SOL005382,2026-08-23 09:38:17
SOL005384,2026-08-23 09:40:05
SOL005389,2026-08-23 09:43:31
SOL005386,2026-08-23 09:52:07
SOL005392,2026-08-23 09:56:04
SOL005387,2026-08-23 09:56:14
SOL005404,2026-08-23 10:01:25
SOL005407,2026-08-23 10:15:03
SOL005401,2026-08-23 10:18:35
SOL005403,2026-08-23 10:27:16
SOL005408,2026-08-23 10:32:55
SOL005399,2026-08-23 10:35:38
SOL005405,2026-08-23 10:39:06
SOL005402,2026-08-23 10:39:13
SOL005409,2026-08-23 10:44:47
SOL005397,2026-08-23 10:45:20
SOL005398,2026-08-23 10:46:14
SOL005400,2026-08-23 10:51:30
SOL005406,2026-08-23 10:53:50
SOL005412,2026-08-23 11:05:38
SOL005413,2026-08-23 11:05:49
SOL005420,2026-08-23 11:07:57
SOL005422,2026-08-23 11:23:06
SOL005424,2026-08-23 11:30:17
SOL005419,2026-08-23 11:32:17
SOL005425,2026-08-23 11:33:48
SOL005423,2026-08-23 11:36:34
SOL005416,2026-08-23 11:38:52
SOL005417,2026-08-23 11:39:33
SOL005418,2026-08-23 11:39:52
SOL005414,2026-08-23 11:50:10
SOL005421,2026-08-23 11:52:13
SOL005411,2026-08-23 11:54:53
SOL005415,2026-08-23 11:55:01
SOL005410,2026-08-23 11:55:52
SOL005428,2026-08-23 12:01:32
SOL005433,2026-08-23 12:03:34
SOL005441,2026-08-23 12:11:00
SOL005435,2026-08-23 12:12:09
SOL005437,2026-08-23 12:14:37
SOL005429,2026-08-23 12:17:09
SOL005426,2026-08-23 12:19:29
SOL005432,2026-08-23 12:23:20
SOL005438,2026-08-23 12:27:21
SOL005440,2026-08-23 12:30:48
SOL005431,2026-08-23 12:31:05
SOL005436,2026-08-23 12:31:18
SOL005439,2026-08-23 12:33:12
SOL005430,2026-08-23 12:47:31
SOL005434,2026-08-23 12:49:37
SOL005427,2026-08-23 12:50:10
SOL005453,2026-08-23 13:00:19
SOL005446,2026-08-23 13:03:30
SOL005443,2026-08-23 13:06:15
SOL005444,2026-08-23 13:14:01
SOL005451,2026-08-23 13:15:44
SOL005450,2026-08-23 13:19:06
SOL005445,2026-08-23 13:19:32
SOL005447,2026-08-23 13:21:03
SOL005452,2026-08-23 13:27:04
SOL005449,2026-08-23 13:45:38
SOL005448,2026-08-23 13:45:52
SOL005442,2026-08-23 13:59:11
SOL005462,2026-08-23 14:04:50
SOL005460,2026-08-23 14:05:11
SOL005463,2026-08-23 14:10:52
SOL005458,2026-08-23 14:12:25
SOL005461,2026-08-23 14:21:05
SOL005454,2026-08-23 14:26:18
SOL005457,2026-08-23 14:44:28
SOL005456,2026-08-23 14:52:00
SOL005459,2026-08-23 14:52:41
SOL005455,2026-08-23 14:58:27
SOL005466,2026-08-23 15:00:23
SOL005467,2026-08-23 15:04:49
SOL005464,2026-08-23 15:12:19
SOL005465,2026-08-23 15:13:17
SOL005470,2026-08-23 15:14:56
SOL005468,2026-08-23 15:37:59
SOL005469,2026-08-23 15:50:35
SOL005471,2026-08-23 16:01:23
SOL005476,2026-08-23 16:11:30
SOL005480,2026-08-23 16:25:46
SOL005479,2026-08-23 16:26:32
SOL005474,2026-08-23 16:35:35
SOL005472,2026-08-23 16:40:00
SOL005478,2026-08-23 16:48:40
SOL005477,2026-08-23 16:52:36
SOL005473,2026-08-23 16:54:44
SOL005475,2026-08-23 16:59:15
SOL005481,2026-08-23 17:00:18
SOL005484,2026-08-23 17:15:23
SOL005483,2026-08-23 17:20:21
SOL005482,2026-08-23 17:33:43
SOL005488,2026-08-23 18:07:17
SOL005489,2026-08-23 18:10:40
SOL005492,2026-08-23 18:19:42
SOL005490,2026-08-23 18:31:48
SOL005485,2026-08-23 18:39:27
SOL005486,2026-08-23 18:41:37
SOL005487,2026-08-23 18:41:47
SOL005491,2026-08-23 18:43:02
SOL005501,2026-08-23 19:05:07
SOL005496,2026-08-23 19:14:22
SOL005499,2026-08-23 19:21:18
SOL005495,2026-08-23 19:23:47
SOL005498,2026-08-23 19:24:51
SOL005493,2026-08-23 19:35:57
SOL005500,2026-08-23 19:36:09
SOL005497,2026-08-23 19:41:07
SOL005502,2026-08-23 19:43:22
SOL005494,2026-08-23 19:49:47
SOL005513,2026-08-23 20:02:33
SOL005516,2026-08-23 20:10:31
SOL005505,2026-08-23 20:15:47
SOL005520,2026-08-23 20:16:16
SOL005504,2026-08-23 20:17:32
SOL005503,2026-08-23 20:21:18
SOL005512,2026-08-23 20:22:18
SOL005518,2026-08-23 20:23:08
SOL005507,2026-08-23 20:24:10
SOL005509,2026-08-23 20:24:57
SOL005521,2026-08-23 20:25:41
SOL005515,2026-08-23 20:30:54
SOL005510,2026-08-23 20:32:55
SOL005511,2026-08-23 20:34:57
SOL005508,2026-08-23 20:37:28
SOL005514,2026-08-23 20:41:20
SOL005522,2026-08-23 20:44:02
SOL005519,2026-08-23 20:44:59
SOL005517,2026-08-23 20:51:11
SOL005523,2026-08-23 20:57:20
SOL005506,2026-08-23 20:59:26
SOL005530,2026-08-23 21:03:05
SOL005534,2026-08-23 21:07:19
SOL005524,2026-08-23 21:14:31
SOL005540,2026-08-23 21:16:04
SOL005526,2026-08-23 21:18:32
SOL005533,2026-08-23 21:20:53
SOL005528,2026-08-23 21:22:07
SOL005536,2026-08-23 21:22:19
SOL005532,2026-08-23 21:23:35
SOL005539,2026-08-23 21:32:56
SOL005529,2026-08-23 21:38:32
SOL005531,2026-08-23 21:40:58
SOL005538,2026-08-23 21:42:27
SOL005525,2026-08-23 21:46:58
SOL005527,2026-08-23 21:47:49
SOL005535,2026-08-23 21:54:21
SOL005537,2026-08-23 21:55:18
SOL005551,2026-08-23 22:03:12
SOL005541,2026-08-23 22:04:22
SOL005545,2026-08-23 22:06:44
SOL005544,2026-08-23 22:19:09
SOL005543,2026-08-23 22:22:17
SOL005550,2026-08-23 22:24:10
SOL005542,2026-08-23 22:26:10
SOL005552,2026-08-23 22:31:25
SOL005546,2026-08-23 22:36:54
SOL005547,2026-08-23 22:51:14
SOL005548,2026-08-23 22:52:00
SOL005549,2026-08-23 22:52:22
SOL005555,2026-08-23 23:40:15
SOL005556,2026-08-23 23:41:15
SOL005553,2026-08-23 23:45:17
SOL005554,2026-08-23 23:52:41
SOL005557,2026-08-23 23:54:58
SOL005559,2026-08-24 00:09:21
SOL005566,2026-08-24 00:19:58
SOL005563,2026-08-24 00:20:49
SOL005558,2026-08-24 00:27:21
SOL005564,2026-08-24 00:28:37
SOL005562,2026-08-24 00:29:17
SOL005560,2026-08-24 00:36:43
SOL005565,2026-08-24 00:42:21
SOL005561,2026-08-24 00:50:52
SOL005573,2026-08-24 01:04:41
SOL005574,2026-08-24 01:10:01
SOL005575,2026-08-24 01:10:20
SOL005568,2026-08-24 01:10:56
SOL005567,2026-08-24 01:12:41
SOL005570,2026-08-24 01:19:58
SOL005569,2026-08-24 01:25:41
SOL005571,2026-08-24 01:39:01
SOL005572,2026-08-24 01:48:03
SOL005584,2026-08-24 02:03:50
SOL005598,2026-08-24 02:05:30
SOL005577,2026-08-24 02:10:58
SOL005591,2026-08-24 02:12:30
SOL005596,2026-08-24 02:14:47
SOL005589,2026-08-24 02:14:56
SOL005597,2026-08-24 02:15:09
SOL005583,2026-08-24 02:15:15
SOL005600,2026-08-24 02:15:26
SOL005580,2026-08-24 02:15:27
SOL005585,2026-08-24 02:16:01
SOL005599,2026-08-24 02:16:51
SOL005582,2026-08-24 02:19:47
SOL005590,2026-08-24 02:23:39
SOL005593,2026-08-24 02:28:18
SOL005592,2026-08-24 02:36:32
SOL005587,2026-08-24 02:39:01
SOL005579,2026-08-24 02:44:57
SOL005578,2026-08-24 02:45:39
SOL005594,2026-08-24 02:46:48
SOL005581,2026-08-24 02:48:04
SOL005588,2026-08-24 02:53:40
SOL005586,2026-08-24 02:54:24
SOL005595,2026-08-24 02:56:01
SOL005576,2026-08-24 02:59:02
SOL005606,2026-08-24 03:08:56
SOL005601,2026-08-24 03:27:03
SOL005605,2026-08-24 03:35:52
SOL005604,2026-08-24 03:36:30
SOL005602,2026-08-24 03:39:19
SOL005603,2026-08-24 03:45:11
SOL005607,2026-08-24 04:00:28
SOL005610,2026-08-24 04:15:07
SOL005608,2026-08-24 04:29:41
SOL005609,2026-08-24 04:29:42
SOL005611,2026-08-24 04:56:16
SOL005625,2026-08-24 05:01:12
SOL005614,2026-08-24 05:05:35
SOL005623,2026-08-24 05:05:36
SOL005613,2026-08-24 05:07:13
SOL005619,2026-08-24 05:17:41
SOL005616,2026-08-24 05:23:04
SOL005620,2026-08-24 05:40:11
SOL005624,2026-08-24 05:43:19
SOL005615,2026-08-24 05:44:50
SOL005612,2026-08-24 05:49:47
SOL005617,2026-08-24 05:50:48
SOL005621,2026-08-24 05:51:53
SOL005618,2026-08-24 05:55:17
SOL005622,2026-08-24 05:55:22
SOL005626,2026-08-24 05:58:08
SOL005628,2026-08-24 06:02:58
SOL005627,2026-08-24 06:08:21
SOL005632,2026-08-24 06:12:55
SOL005635,2026-08-24 06:20:53
SOL005636,2026-08-24 06:24:20
SOL005630,2026-08-24 06:27:31
SOL005638,2026-08-24 06:30:32
SOL005629,2026-08-24 06:43:14
SOL005631,2026-08-24 06:44:40
SOL005634,2026-08-24 06:47:24
SOL005637,2026-08-24 06:50:17
SOL005633,2026-08-24 06:57:50
SOL005642,2026-08-24 07:02:00
SOL005657,2026-08-24 07:04:09
SOL005652,2026-08-24 07:04:47
SOL005648,2026-08-24 07:06:06
SOL005660,2026-08-24 07:06:54
SOL005650,2026-08-24 07:07:13
SOL005645,2026-08-24 07:07:36
SOL005656,2026-08-24 07:18:04
SOL005658,2026-08-24 07:18:48
SOL005653,2026-08-24 07:22:00
SOL005654,2026-08-24 07:24:20
SOL005659,2026-08-24 07:36:08
SOL005646,2026-08-24 07:37:31
SOL005649,2026-08-24 07:37:49
SOL005641,2026-08-24 07:44:28
SOL005643,2026-08-24 07:49:28
SOL005640,2026-08-24 07:51:31
SOL005655,2026-08-24 07:52:33
SOL005639,2026-08-24 07:53:43
SOL005651,2026-08-24 07:54:12
SOL005647,2026-08-24 07:54:24
SOL005644,2026-08-24 07:59:27
SOL005663,2026-08-24 08:05:15
SOL005662,2026-08-24 08:54:07
SOL005661,2026-08-24 08:57:04
SOL005665,2026-08-24 09:01:17
SOL005667,2026-08-24 09:13:38
SOL005666,2026-08-24 09:14:37
SOL005669,2026-08-24 09:15:03
SOL005670,2026-08-24 09:19:53
SOL005671,2026-08-24 09:32:52
SOL005664,2026-08-24 09:51:30
SOL005668,2026-08-24 09:54:43
SOL005676,2026-08-24 10:00:59
SOL005674,2026-08-24 10:09:21
SOL005675,2026-08-24 10:10:24
SOL005672,2026-08-24 10:10:58
SOL005673,2026-08-24 10:15:31
SOL005680,2026-08-24 11:26:25
SOL005677,2026-08-24 11:31:04
SOL005678,2026-08-24 11:40:00
SOL005679,2026-08-24 11:40:30
SOL005682,2026-08-24 11:41:15
SOL005681,2026-08-24 11:43:19
SOL005683,2026-08-24 11:51:15
SOL005684,2026-08-24 12:02:13
SOL005687,2026-08-24 12:26:59
SOL005686,2026-08-24 12:43:46
SOL005685,2026-08-24 12:51:59
SOL005691,2026-08-24 13:15:12
SOL005693,2026-08-24 13:16:36
SOL005690,2026-08-24 13:16:49
SOL005689,2026-08-24 13:17:37
SOL005692,2026-08-24 13:20:48
SOL005688,2026-08-24 13:43:48
SOL005694,2026-08-24 13:45:46
SOL005700,2026-08-24 14:08:10
SOL005702,2026-08-24 14:13:40
SOL005701,2026-08-24 14:15:38
SOL005699,2026-08-24 14:17:27
SOL005698,2026-08-24 14:22:56
SOL005696,2026-08-24 14:24:04
SOL005697,2026-08-24 14:50:32
SOL005695,2026-08-24 14:51:16
SOL005706,2026-08-24 15:07:37
SOL005715,2026-08-24 15:08:05
SOL005711,2026-08-24 15:10:06
SOL005717,2026-08-24 15:19:46
SOL005704,2026-08-24 15:20:07
SOL005714,2026-08-24 15:23:36
SOL005713,2026-08-24 15:29:12
SOL005719,2026-08-24 15:31:43
SOL005707,2026-08-24 15:33:43
SOL005716,2026-08-24 15:39:17
SOL005712,2026-08-24 15:46:19
SOL005705,2026-08-24 15:47:34
SOL005709,2026-08-24 15:52:11
SOL005710,2026-08-24 15:54:16
SOL005718,2026-08-24 15:55:37
SOL005708,2026-08-24 15:56:59
SOL005703,2026-08-24 15:57:21
SOL005730,2026-08-24 16:04:04
SOL005720,2026-08-24 16:08:08
SOL005724,2026-08-24 16:08:40
SOL005735,2026-08-24 16:15:01
SOL005731,2026-08-24 16:17:23
SOL005740,2026-08-24 16:18:16
SOL005723,2026-08-24 16:19:19
SOL005734,2026-08-24 16:19:20
SOL005733,2026-08-24 16:28:13
SOL005739,2026-08-24 16:32:19
SOL005728,2026-08-24 16:32:48
SOL005729,2026-08-24 16:34:33
SOL005722,2026-08-24 16:35:27
SOL005727,2026-08-24 16:36:58
SOL005736,2026-08-24 16:37:38
SOL005725,2026-08-24 16:41:44
SOL005732,2026-08-24 16:43:15
SOL005726,2026-08-24 16:45:30
SOL005738,2026-08-24 16:49:19
SOL005737,2026-08-24 16:58:18
SOL005721,2026-08-24 16:59:18
SOL005743,2026-08-24 17:04:32
SOL005741,2026-08-24 17:06:46
SOL005744,2026-08-24 17:18:00
SOL005745,2026-08-24 17:26:24
SOL005742,2026-08-24 17:52:23
SOL005755,2026-08-24 18:12:18
SOL005748,2026-08-24 18:18:59
SOL005756,2026-08-24 18:20:32
SOL005747,2026-08-24 18:21:54
SOL005751,2026-08-24 18:30:37
SOL005746,2026-08-24 18:34:22
SOL005750,2026-08-24 18:42:59
SOL005753,2026-08-24 18:44:35
SOL005749,2026-08-24 18:45:14
SOL005754,2026-08-24 18:55:29
SOL005752,2026-08-24 18:58:15
SOL005758,2026-08-24 19:01:57
SOL005757,2026-08-24 19:13:41
SOL005761,2026-08-24 19:31:48
SOL005762,2026-08-24 19:32:42
SOL005759,2026-08-24 19:55:23
SOL005760,2026-08-24 19:57:12
SOL005764,2026-08-24 20:06:33
SOL005765,2026-08-24 20:28:31
SOL005763,2026-08-24 20:57:24
SOL005770,2026-08-24 21:00:35
SOL005771,2026-08-24 21:01:55
SOL005774,2026-08-24 21:05:50
SOL005767,2026-08-24 21:16:09
SOL005777,2026-08-24 21:26:12
SOL005772,2026-08-24 21:32:29
SOL005769,2026-08-24 21:37:03
SOL005768,2026-08-24 21:42:58
SOL005776,2026-08-24 21:45:34
SOL005766,2026-08-24 21:50:27
SOL005775,2026-08-24 21:58:26
SOL005773,2026-08-24 21:59:19
SOL005781,2026-08-24 22:06:46
SOL005787,2026-08-24 22:16:39
SOL005778,2026-08-24 22:18:55
SOL005789,2026-08-24 22:30:04
SOL005782,2026-08-24 22:31:50
SOL005788,2026-08-24 22:38:55
SOL005779,2026-08-24 22:40:01
SOL005786,2026-08-24 22:43:28
SOL005785,2026-08-24 22:48:38
SOL005784,2026-08-24 22:49:23
SOL005790,2026-08-24 22:49:36
SOL005780,2026-08-24 22:51:04
SOL005783,2026-08-24 22:54:10
SOL005796,2026-08-24 23:02:55
SOL005791,2026-08-24 23:08:33
SOL005793,2026-08-24 23:15:24
SOL005792,2026-08-24 23:15:32
SOL005794,2026-08-24 23:17:49
SOL005795,2026-08-24 23:20:18
SOL005799,2026-08-24 23:34:28
SOL005798,2026-08-24 23:41:57
SOL005797,2026-08-24 23:58:52
SOL005806,2026-08-25 00:09:28
SOL005801,2026-08-25 00:12:10
SOL005805,2026-08-25 00:14:45
SOL005800,2026-08-25 00:23:01
SOL005803,2026-08-25 00:32:11
SOL005804,2026-08-25 00:37:10
SOL005807,2026-08-25 00:37:46
SOL005802,2026-08-25 00:38:54
SOL005812,2026-08-25 01:13:59
SOL005810,2026-08-25 01:14:00
SOL005811,2026-08-25 01:14:34
SOL005808,2026-08-25 01:24:39
SOL005813,2026-08-25 01:42:26
SOL005809,2026-08-25 01:45:12
SOL005814,2026-08-25 01:47:00
SOL005819,2026-08-25 02:24:08
SOL005817,2026-08-25 02:30:15
SOL005818,2026-08-25 02:34:06
SOL005816,2026-08-25 02:52:17
SOL005815,2026-08-25 02:58:17
SOL005822,2026-08-25 03:08:31
SOL005823,2026-08-25 03:10:23
SOL005827,2026-08-25 03:11:35
SOL005820,2026-08-25 03:19:38
SOL005828,2026-08-25 03:21:37
SOL005821,2026-08-25 03:28:28
SOL005824,2026-08-25 03:39:09
SOL005826,2026-08-25 03:44:30
SOL005825,2026-08-25 03:44:31
SOL005829,2026-08-25 03:56:11
SOL005832,2026-08-25 04:10:47
SOL005831,2026-08-25 04:12:47
SOL005830,2026-08-25 04:30:35
SOL005833,2026-08-25 05:10:46
SOL005834,2026-08-25 05:39:05
SOL005843,2026-08-25 06:01:05
SOL005836,2026-08-25 06:07:26
SOL005835,2026-08-25 06:09:12
SOL005841,2026-08-25 06:23:31
SOL005839,2026-08-25 06:30:35
SOL005840,2026-08-25 06:37:47
SOL005838,2026-08-25 06:41:19
SOL005837,2026-08-25 06:44:27
SOL005842,2026-08-25 06:50:59
SOL005849,2026-08-25 07:10:36
SOL005848,2026-08-25 07:26:44
SOL005845,2026-08-25 07:27:50
SOL005850,2026-08-25 07:40:25
SOL005844,2026-08-25 07:44:07
SOL005847,2026-08-25 07:56:56
SOL005846,2026-08-25 07:59:11
SOL005851,2026-08-25 08:04:22
SOL005852,2026-08-25 08:07:12
SOL005855,2026-08-25 08:17:57
SOL005854,2026-08-25 08:44:53
SOL005858,2026-08-25 08:58:04
SOL005853,2026-08-25 08:58:42
SOL005859,2026-08-25 08:58:48
SOL005856,2026-08-25 08:59:08
SOL005857,2026-08-25 08:59:37
SOL005865,2026-08-25 09:00:03
SOL005861,2026-08-25 09:06:33
SOL005866,2026-08-25 09:17:46
SOL005863,2026-08-25 09:33:12
SOL005862,2026-08-25 09:34:33
SOL005864,2026-08-25 09:47:25
SOL005860,2026-08-25 09:56:31
SOL005867,2026-08-25 09:59:02
SOL005884,2026-08-25 10:03:10
SOL005873,2026-08-25 10:07:05
SOL005879,2026-08-25 10:10:03
SOL005880,2026-08-25 10:11:14
SOL005883,2026-08-25 10:18:53
SOL005869,2026-08-25 10:24:32
SOL005870,2026-08-25 10:27:20
SOL005887,2026-08-25 10:29:30
SOL005871,2026-08-25 10:31:11
SOL005882,2026-08-25 10:32:43
SOL005868,2026-08-25 10:33:28
SOL005877,2026-08-25 10:34:03
SOL005872,2026-08-25 10:39:07
SOL005878,2026-08-25 10:39:12
SOL005886,2026-08-25 10:39:34
SOL005881,2026-08-25 10:41:34
SOL005876,2026-08-25 10:45:07
SOL005874,2026-08-25 10:53:45
SOL005885,2026-08-25 10:57:51
SOL005875,2026-08-25 10:57:58
SOL005891,2026-08-25 11:04:24
SOL005897,2026-08-25 11:13:30
SOL005893,2026-08-25 11:14:10
SOL005898,2026-08-25 11:14:45
SOL005888,2026-08-25 11:15:21
SOL005896,2026-08-25 11:25:15
SOL005899,2026-08-25 11:27:04
SOL005895,2026-08-25 11:27:20
SOL005892,2026-08-25 11:36:34
SOL005890,2026-08-25 11:39:52
SOL005894,2026-08-25 11:47:08
SOL005900,2026-08-25 11:53:08
SOL005889,2026-08-25 11:58:11
SOL005907,2026-08-25 12:01:34
SOL005906,2026-08-25 12:05:31
SOL005910,2026-08-25 12:07:06
SOL005909,2026-08-25 12:18:31
SOL005902,2026-08-25 12:36:20
SOL005904,2026-08-25 12:39:32
SOL005901,2026-08-25 12:40:23
SOL005908,2026-08-25 12:40:23
SOL005905,2026-08-25 12:41:14
SOL005911,2026-08-25 12:41:50
SOL005903,2026-08-25 12:53:16
SOL005912,2026-08-25 12:53:59
SOL005917,2026-08-25 13:19:48
SOL005924,2026-08-25 13:21:43
SOL005926,2026-08-25 13:25:55
SOL005922,2026-08-25 13:25:56
SOL005925,2026-08-25 13:27:16
SOL005915,2026-08-25 13:29:16
SOL005918,2026-08-25 13:31:05
SOL005916,2026-08-25 13:31:07
SOL005921,2026-08-25 13:36:28
SOL005919,2026-08-25 13:37:57
SOL005923,2026-08-25 13:38:16
SOL005914,2026-08-25 13:47:16
SOL005913,2026-08-25 13:47:59
SOL005920,2026-08-25 13:56:07
SOL005932,2026-08-25 14:08:17
SOL005939,2026-08-25 14:08:36
SOL005940,2026-08-25 14:10:59
SOL005935,2026-08-25 14:14:35
SOL005928,2026-08-25 14:14:50
SOL005933,2026-08-25 14:26:29
SOL005936,2026-08-25 14:28:16
SOL005941,2026-08-25 14:28:48
SOL005931,2026-08-25 14:37:18
SOL005938,2026-08-25 14:39:21
SOL005927,2026-08-25 14:43:07
SOL005937,2026-08-25 14:46:40
SOL005930,2026-08-25 14:47:10
SOL005942,2026-08-25 14:50:21
SOL005934,2026-08-25 14:53:18
SOL005929,2026-08-25 14:53:24
SOL005943,2026-08-25 14:57:15
SOL005953,2026-08-25 15:03:19
SOL005947,2026-08-25 15:03:36
SOL005951,2026-08-25 15:11:23
SOL005946,2026-08-25 15:20:59
SOL005959,2026-08-25 15:25:04
SOL005962,2026-08-25 15:26:15
SOL005952,2026-08-25 15:28:24
SOL005950,2026-08-25 15:29:40
SOL005948,2026-08-25 15:29:58
SOL005949,2026-08-25 15:36:04
SOL005945,2026-08-25 15:41:51
SOL005955,2026-08-25 15:45:30
SOL005960,2026-08-25 15:49:37
SOL005956,2026-08-25 15:49:59
SOL005944,2026-08-25 15:53:40
SOL005954,2026-08-25 15:56:03
SOL005957,2026-08-25 15:56:11
SOL005958,2026-08-25 15:58:23
SOL005961,2026-08-25 15:58:42
SOL005974,2026-08-25 16:09:39
SOL005973,2026-08-25 16:12:58
SOL005970,2026-08-25 16:17:39
SOL005964,2026-08-25 16:18:26
SOL005972,2026-08-25 16:27:43
SOL005963,2026-08-25 16:30:16
SOL005965,2026-08-25 16:33:46
SOL005971,2026-08-25 16:39:45
SOL005966,2026-08-25 16:41:11
SOL005968,2026-08-25 16:42:54
SOL005975,2026-08-25 16:47:19
SOL005969,2026-08-25 16:48:18
SOL005967,2026-08-25 16:52:41
SOL005977,2026-08-25 17:05:28
SOL005978,2026-08-25 17:25:51
SOL005976,2026-08-25 17:52:13
SOL005979,2026-08-25 18:12:30
SOL005980,2026-08-25 18:48:39
SOL005981,2026-08-25 18:57:51
SOL005984,2026-08-25 19:01:06
SOL005987,2026-08-25 19:01:29
SOL005989,2026-08-25 19:12:42
SOL005988,2026-08-25 19:13:04
SOL005990,2026-08-25 19:30:23
SOL005985,2026-08-25 19:33:44
SOL005986,2026-08-25 19:39:46
SOL005983,2026-08-25 19:51:30
SOL005982,2026-08-25 19:55:45
SOL005993,2026-08-25 20:19:09
SOL005996,2026-08-25 20:21:53
SOL005992,2026-08-25 20:26:39
SOL005991,2026-08-25 20:35:28
SOL005995,2026-08-25 20:46:38
SOL005994,2026-08-25 20:50:08
SOL006001,2026-08-25 21:09:12
SOL006008,2026-08-25 21:09:12
SOL006010,2026-08-25 21:14:06
SOL006012,2026-08-25 21:20:05
SOL006007,2026-08-25 21:20:19
SOL005997,2026-08-25 21:25:52
SOL006003,2026-08-25 21:27:10
SOL006011,2026-08-25 21:32:59
SOL006004,2026-08-25 21:33:52
SOL006005,2026-08-25 21:39:58
SOL006002,2026-08-25 21:42:46
SOL005998,2026-08-25 21:42:57
SOL006009,2026-08-25 21:53:52
SOL005999,2026-08-25 21:57:58
SOL006000,2026-08-25 21:58:33
SOL006006,2026-08-25 21:59:53
SOL006019,2026-08-25 22:03:27
SOL006024,2026-08-25 22:04:22
SOL006016,2026-08-25 22:08:21
SOL006022,2026-08-25 22:08:35
SOL006014,2026-08-25 22:09:21
SOL006013,2026-08-25 22:10:59
SOL006023,2026-08-25 22:12:47
SOL006020,2026-08-25 22:14:26
SOL006018,2026-08-25 22:15:36
SOL006017,2026-08-25 22:23:09
SOL006021,2026-08-25 22:24:44
SOL006015,2026-08-25 22:31:11
SOL006025,2026-08-25 23:29:37
SOL006030,2026-08-25 23:34:24
SOL006026,2026-08-25 23:40:15
SOL006028,2026-08-25 23:43:40
SOL006027,2026-08-25 23:46:47
SOL006029,2026-08-25 23:50:01
SOL006032,2026-08-25 23:53:26
SOL006031,2026-08-25 23:59:05
SOL006035,2026-08-26 00:04:18
SOL006036,2026-08-26 00:07:11
SOL006040,2026-08-26 00:08:16
SOL006042,2026-08-26 00:08:26
SOL006039,2026-08-26 00:16:10
SOL006038,2026-08-26 00:16:52
SOL006033,2026-08-26 00:20:54
SOL006043,2026-08-26 00:22:41
SOL006034,2026-08-26 00:26:28
SOL006041,2026-08-26 00:27:25
SOL006044,2026-08-26 00:45:35
SOL006045,2026-08-26 00:54:08
SOL006037,2026-08-26 00:56:08
SOL006046,2026-08-26 01:07:31
SOL006047,2026-08-26 01:10:52
SOL006048,2026-08-26 01:20:33
SOL006049,2026-08-26 02:02:55
SOL006050,2026-08-26 02:08:36
SOL006054,2026-08-26 02:10:52
SOL006051,2026-08-26 02:27:47
SOL006055,2026-08-26 02:30:13
SOL006052,2026-08-26 02:41:23
SOL006056,2026-08-26 02:46:46
SOL006053,2026-08-26 02:55:40
SOL006059,2026-08-26 03:10:40
SOL006057,2026-08-26 03:28:44
SOL006058,2026-08-26 03:32:03
SOL006061,2026-08-26 03:42:15
SOL006060,2026-08-26 03:50:01
SOL006064,2026-08-26 04:01:40
SOL006067,2026-08-26 04:11:34
SOL006066,2026-08-26 04:28:49
SOL006071,2026-08-26 04:31:37
SOL006063,2026-08-26 04:32:14
SOL006069,2026-08-26 04:37:04
SOL006070,2026-08-26 04:38:10
SOL006065,2026-08-26 04:45:13
SOL006073,2026-08-26 04:46:22
SOL006074,2026-08-26 04:48:37
SOL006068,2026-08-26 04:48:58
SOL006062,2026-08-26 04:50:59
SOL006072,2026-08-26 04:51:06
SOL006080,2026-08-26 05:02:20
SOL006076,2026-08-26 05:04:41
SOL006075,2026-08-26 05:14:24
SOL006077,2026-08-26 05:17:32
SOL006079,2026-08-26 05:19:04
SOL006078,2026-08-26 05:30:27
SOL006081,2026-08-26 05:37:46
SOL006082,2026-08-26 05:53:03
SOL006083,2026-08-26 06:00:21
SOL006100,2026-08-26 06:00:33
SOL006106,2026-08-26 06:00:58
SOL006095,2026-08-26 06:05:28
SOL006102,2026-08-26 06:05:52
SOL006096,2026-08-26 06:05:55
SOL006098,2026-08-26 06:10:45
SOL006088,2026-08-26 06:13:35
SOL006092,2026-08-26 06:18:15
SOL006086,2026-08-26 06:24:21
SOL006084,2026-08-26 06:24:27
SOL006104,2026-08-26 06:26:46
SOL006085,2026-08-26 06:29:25
SOL006103,2026-08-26 06:32:14
SOL006099,2026-08-26 06:33:23
SOL006093,2026-08-26 06:35:25
SOL006091,2026-08-26 06:36:46
SOL006087,2026-08-26 06:37:06
SOL006097,2026-08-26 06:41:48
SOL006089,2026-08-26 06:45:42
SOL006105,2026-08-26 06:47:33
SOL006101,2026-08-26 06:53:24
SOL006090,2026-08-26 06:58:41
SOL006094,2026-08-26 06:59:35
SOL006108,2026-08-26 07:08:43
SOL006111,2026-08-26 07:09:18
SOL006110,2026-08-26 07:17:05
SOL006107,2026-08-26 07:36:18
SOL006109,2026-08-26 07:38:31
SOL006113,2026-08-26 07:48:23
SOL006112,2026-08-26 07:54:04
SOL006116,2026-08-26 08:24:25
SOL006117,2026-08-26 08:49:09
SOL006115,2026-08-26 08:56:15
SOL006114,2026-08-26 08:56:18
SOL006122,2026-08-26 09:03:21
SOL006118,2026-08-26 09:20:05
SOL006120,2026-08-26 09:24:02
SOL006119,2026-08-26 09:29:21
SOL006123,2026-08-26 09:30:25
SOL006121,2026-08-26 09:42:44
SOL006124,2026-08-26 10:03:47
SOL006127,2026-08-26 10:03:56
SOL006125,2026-08-26 10:07:01
SOL006134,2026-08-26 10:08:50
SOL006135,2026-08-26 10:11:29
SOL006138,2026-08-26 10:14:43
SOL006130,2026-08-26 10:16:21
SOL006136,2026-08-26 10:19:52
SOL006126,2026-08-26 10:23:19
SOL006128,2026-08-26 10:25:59
SOL006129,2026-08-26 10:32:57
SOL006131,2026-08-26 10:35:00
SOL006137,2026-08-26 10:35:18
SOL006132,2026-08-26 10:35:59
SOL006140,2026-08-26 10:44:39
SOL006133,2026-08-26 10:44:40
SOL006139,2026-08-26 10:51:42
SOL006149,2026-08-26 11:00:49
SOL006147,2026-08-26 11:03:10
SOL006143,2026-08-26 11:03:32
SOL006156,2026-08-26 11:10:33
SOL006153,2026-08-26 11:10:55
SOL006145,2026-08-26 11:13:14
SOL006148,2026-08-26 11:16:35
SOL006155,2026-08-26 11:26:07
SOL006154,2026-08-26 11:28:04
SOL006146,2026-08-26 11:32:15
SOL006144,2026-08-26 11:34:00
SOL006152,2026-08-26 11:41:53
SOL006150,2026-08-26 11:42:39
SOL006151,2026-08-26 11:43:35
SOL006142,2026-08-26 11:46:25
SOL006141,2026-08-26 11:53:53
SOL006157,2026-08-26 11:55:02
SOL006161,2026-08-26 12:17:45
SOL006158,2026-08-26 12:20:47
SOL006162,2026-08-26 12:29:44
SOL006159,2026-08-26 12:38:23
SOL006163,2026-08-26 12:49:38
SOL006160,2026-08-26 12:59:17
SOL006165,2026-08-26 13:00:30
SOL006175,2026-08-26 13:02:00
SOL006170,2026-08-26 13:14:24
SOL006177,2026-08-26 13:14:38
SOL006176,2026-08-26 13:26:11
SOL006173,2026-08-26 13:26:19
SOL006166,2026-08-26 13:28:54
SOL006172,2026-08-26 13:30:59
SOL006167,2026-08-26 13:33:43
SOL006174,2026-08-26 13:36:58
SOL006168,2026-08-26 13:49:00
SOL006164,2026-08-26 13:52:13
SOL006169,2026-08-26 13:53:14
SOL006171,2026-08-26 13:56:01
SOL006181,2026-08-26 14:01:44
SOL006178,2026-08-26 14:17:10
SOL006179,2026-08-26 14:32:03
SOL006180,2026-08-26 14:50:39
SOL006194,2026-08-26 15:00:50
SOL006183,2026-08-26 15:04:27
SOL006184,2026-08-26 15:07:37
SOL006196,2026-08-26 15:15:04
SOL006187,2026-08-26 15:16:58
SOL006189,2026-08-26 15:20:28
SOL006195,2026-08-26 15:21:19
SOL006182,2026-08-26 15:22:35
SOL006193,2026-08-26 15:31:33
SOL006186,2026-08-26 15:33:33
SOL006192,2026-08-26 15:33:55
SOL006185,2026-08-26 15:42:11
SOL006191,2026-08-26 15:47:05
SOL006188,2026-08-26 15:53:22
SOL006190,2026-08-26 15:56:29
SOL006198,2026-08-26 16:06:34
SOL006197,2026-08-26 16:22:20
SOL006209,2026-08-26 17:10:37
SOL006203,2026-08-26 17:16:43
SOL006210,2026-08-26 17:19:48
SOL006206,2026-08-26 17:23:01
SOL006207,2026-08-26 17:25:21
SOL006204,2026-08-26 17:30:02
SOL006200,2026-08-26 17:31:36
SOL006205,2026-08-26 17:31:51
SOL006201,2026-08-26 17:33:07
SOL006199,2026-08-26 17:35:15
SOL006212,2026-08-26 17:36:57
SOL006211,2026-08-26 17:40:07
SOL006208,2026-08-26 17:48:26
SOL006202,2026-08-26 17:48:54
SOL006213,2026-08-26 18:35:11
SOL006214,2026-08-26 18:54:04
SOL006215,2026-08-26 19:01:22
SOL006221,2026-08-26 19:04:26
SOL006219,2026-08-26 19:12:57
SOL006220,2026-08-26 19:16:35
SOL006218,2026-08-26 19:19:52
SOL006217,2026-08-26 19:25:56
SOL006216,2026-08-26 19:51:52
SOL006228,2026-08-26 20:04:26
SOL006223,2026-08-26 20:18:53
SOL006226,2026-08-26 20:26:40
SOL006227,2026-08-26 20:29:12
SOL006222,2026-08-26 20:32:19
SOL006224,2026-08-26 20:36:35
SOL006225,2026-08-26 20:43:48
SOL006232,2026-08-26 21:06:45
SOL006235,2026-08-26 21:17:07
SOL006233,2026-08-26 21:18:28
SOL006238,2026-08-26 21:19:02
SOL006239,2026-08-26 21:23:36
SOL006236,2026-08-26 21:24:30
SOL006229,2026-08-26 21:30:41
SOL006230,2026-08-26 21:39:06
SOL006234,2026-08-26 21:41:34
SOL006237,2026-08-26 21:42:39
SOL006231,2026-08-26 21:43:56
SOL006244,2026-08-26 23:02:32
SOL006245,2026-08-26 23:02:58
SOL006246,2026-08-26 23:14:21
SOL006252,2026-08-26 23:14:40
SOL006243,2026-08-26 23:16:25
SOL006240,2026-08-26 23:27:29
SOL006253,2026-08-26 23:30:00
SOL006241,2026-08-26 23:30:03
SOL006247,2026-08-26 23:38:53
SOL006251,2026-08-26 23:42:01
SOL006248,2026-08-26 23:53:18
SOL006242,2026-08-26 23:53:22
SOL006250,2026-08-26 23:53:34
SOL006249,2026-08-26 23:58:02
SOL006254,2026-08-26 23:59:51
SOL006256,2026-08-27 00:11:06
SOL006263,2026-08-27 00:19:22
SOL006260,2026-08-27 00:21:36
SOL006259,2026-08-27 00:25:07
SOL006265,2026-08-27 00:31:54
SOL006257,2026-08-27 00:34:32
SOL006262,2026-08-27 00:39:31
SOL006258,2026-08-27 00:40:56
SOL006261,2026-08-27 00:43:42
SOL006264,2026-08-27 00:48:13
SOL006255,2026-08-27 00:57:52
SOL006268,2026-08-27 01:01:34
SOL006280,2026-08-27 01:02:20
SOL006278,2026-08-27 01:03:06
SOL006279,2026-08-27 01:05:51
SOL006271,2026-08-27 01:18:05
SOL006267,2026-08-27 01:33:40
SOL006277,2026-08-27 01:35:19
SOL006270,2026-08-27 01:35:38
SOL006269,2026-08-27 01:36:21
SOL006276,2026-08-27 01:38:33
SOL006273,2026-08-27 01:40:26
SOL006274,2026-08-27 01:41:39
SOL006281,2026-08-27 01:43:50
SOL006272,2026-08-27 01:47:03
SOL006275,2026-08-27 01:48:58
SOL006266,2026-08-27 01:53:48
SOL006282,2026-08-27 02:15:32
SOL006285,2026-08-27 02:29:09
SOL006283,2026-08-27 02:40:27
SOL006284,2026-08-27 02:58:15
SOL006300,2026-08-27 03:04:10
SOL006289,2026-08-27 03:08:25
SOL006299,2026-08-27 03:09:08
SOL006291,2026-08-27 03:13:48
SOL006304,2026-08-27 03:18:45
SOL006292,2026-08-27 03:21:03
SOL006286,2026-08-27 03:32:34
SOL006288,2026-08-27 03:35:53
SOL006290,2026-08-27 03:37:43
SOL006296,2026-08-27 03:40:26
SOL006287,2026-08-27 03:41:24
SOL006295,2026-08-27 03:42:10
SOL006297,2026-08-27 03:42:37
SOL006298,2026-08-27 03:45:21
SOL006294,2026-08-27 03:51:14
SOL006293,2026-08-27 03:54:40
SOL006302,2026-08-27 03:55:48
SOL006303,2026-08-27 03:57:32
SOL006301,2026-08-27 03:59:16
SOL006313,2026-08-27 04:03:53
SOL006306,2026-08-27 04:04:47
SOL006307,2026-08-27 04:09:22
SOL006310,2026-08-27 04:09:41
SOL006315,2026-08-27 04:10:21
SOL006309,2026-08-27 04:12:15
SOL006314,2026-08-27 04:14:13
SOL006312,2026-08-27 04:28:35
SOL006311,2026-08-27 04:38:50
SOL006305,2026-08-27 04:43:06
SOL006308,2026-08-27 04:57:03
SOL006318,2026-08-27 05:00:46
SOL006317,2026-08-27 05:10:56
SOL006320,2026-08-27 05:17:53
SOL006319,2026-08-27 05:19:45
SOL006316,2026-08-27 05:54:48
SOL006322,2026-08-27 06:05:48
SOL006325,2026-08-27 06:06:39
SOL006323,2026-08-27 06:09:36
SOL006321,2026-08-27 06:43:30
SOL006326,2026-08-27 06:47:39
SOL006324,2026-08-27 06:55:21
SOL006335,2026-08-27 07:05:46
SOL006334,2026-08-27 07:12:05
SOL006330,2026-08-27 07:16:55
SOL006329,2026-08-27 07:18:22
SOL006336,2026-08-27 07:24:49
SOL006333,2026-08-27 07:43:21
SOL006328,2026-08-27 07:47:24
SOL006331,2026-08-27 07:48:09
SOL006327,2026-08-27 07:53:07
SOL006332,2026-08-27 07:56:20
SOL006341,2026-08-27 08:01:55
SOL006340,2026-08-27 08:09:51
SOL006337,2026-08-27 08:11:58
SOL006339,2026-08-27 08:22:09
SOL006338,2026-08-27 08:41:42
SOL006346,2026-08-27 09:13:31
SOL006350,2026-08-27 09:24:03
SOL006347,2026-08-27 09:27:58
SOL006351,2026-08-27 09:38:25
SOL006342,2026-08-27 09:41:50
SOL006352,2026-08-27 09:47:08
SOL006345,2026-08-27 09:49:56
SOL006343,2026-08-27 09:51:42
SOL006348,2026-08-27 09:52:59
SOL006349,2026-08-27 09:57:57
SOL006344,2026-08-27 09:58:16
SOL006356,2026-08-27 10:08:02
SOL006354,2026-08-27 10:18:44
SOL006360,2026-08-27 10:23:52
SOL006359,2026-08-27 10:28:04
SOL006358,2026-08-27 10:32:37
SOL006353,2026-08-27 10:34:03
SOL006357,2026-08-27 10:34:03
SOL006355,2026-08-27 10:52:59
SOL006362,2026-08-27 11:25:11
SOL006363,2026-08-27 11:41:22
SOL006361,2026-08-27 11:47:27
SOL006367,2026-08-27 12:06:28
SOL006368,2026-08-27 12:06:55
SOL006366,2026-08-27 12:18:39
SOL006365,2026-08-27 12:30:31
SOL006370,2026-08-27 12:43:25
SOL006364,2026-08-27 12:56:54
SOL006369,2026-08-27 12:56:59
SOL006376,2026-08-27 13:04:24
SOL006377,2026-08-27 13:20:15
SOL006373,2026-08-27 13:23:07
SOL006372,2026-08-27 13:33:23
SOL006374,2026-08-27 13:49:05
SOL006371,2026-08-27 13:51:27
SOL006375,2026-08-27 13:55:53
SOL006379,2026-08-27 14:05:31
SOL006378,2026-08-27 14:11:32
SOL006381,2026-08-27 14:17:47
SOL006380,2026-08-27 14:24:13
SOL006382,2026-08-27 15:01:15
SOL006387,2026-08-27 15:01:37
SOL006390,2026-08-27 15:06:36
SOL006385,2026-08-27 15:10:53
SOL006391,2026-08-27 15:14:14
SOL006392,2026-08-27 15:18:13
SOL006384,2026-08-27 15:29:32
SOL006388,2026-08-27 15:40:46
SOL006389,2026-08-27 15:45:57
SOL006383,2026-08-27 15:46:35
SOL006386,2026-08-27 15:48:28
SOL006393,2026-08-27 16:08:00
SOL006394,2026-08-27 16:15:34
SOL006396,2026-08-27 17:16:25
SOL006402,2026-08-27 17:18:47
SOL006400,2026-08-27 17:24:49
SOL006398,2026-08-27 17:25:16
SOL006401,2026-08-27 17:25:18
SOL006399,2026-08-27 17:26:46
SOL006395,2026-08-27 17:41:21
SOL006397,2026-08-27 17:50:57
SOL006403,2026-08-27 17:52:38
SOL006410,2026-08-27 18:07:22
SOL006408,2026-08-27 18:12:23
SOL006406,2026-08-27 18:23:18
SOL006404,2026-08-27 18:24:22
SOL006409,2026-08-27 18:45:03
SOL006407,2026-08-27 18:50:03
SOL006405,2026-08-27 18:54:43
SOL006417,2026-08-27 19:00:48
SOL006416,2026-08-27 19:05:47
SOL006418,2026-08-27 19:10:18
SOL006413,2026-08-27 19:12:04
SOL006415,2026-08-27 19:13:38
SOL006414,2026-08-27 19:18:31
SOL006412,2026-08-27 19:26:52
SOL006420,2026-08-27 19:27:30
SOL006411,2026-08-27 19:30:01
SOL006419,2026-08-27 19:53:56
SOL006421,2026-08-27 19:54:10
SOL006431,2026-08-27 20:01:45
SOL006427,2026-08-27 20:05:35
SOL006430,2026-08-27 20:05:38
SOL006437,2026-08-27 20:09:29
SOL006422,2026-08-27 20:10:58
SOL006436,2026-08-27 20:13:15
SOL006429,2026-08-27 20:14:23
SOL006434,2026-08-27 20:18:34
SOL006432,2026-08-27 20:23:31
SOL006433,2026-08-27 20:26:52
SOL006423,2026-08-27 20:30:33
SOL006424,2026-08-27 20:40:33
SOL006426,2026-08-27 20:41:45
SOL006425,2026-08-27 20:43:11
SOL006435,2026-08-27 20:50:15
SOL006428,2026-08-27 20:56:02
SOL006442,2026-08-27 21:09:45
SOL006441,2026-08-27 21:10:57
SOL006439,2026-08-27 21:33:29
SOL006440,2026-08-27 21:34:32
SOL006438,2026-08-27 21:37:36
SOL006443,2026-08-27 21:39:18
SOL006444,2026-08-27 21:43:10
SOL006445,2026-08-27 22:04:28
SOL006450,2026-08-27 22:09:12
SOL006453,2026-08-27 22:13:38
SOL006449,2026-08-27 22:14:04
SOL006451,2026-08-27 22:22:30
SOL006447,2026-08-27 22:24:15
SOL006446,2026-08-27 22:27:22
SOL006448,2026-08-27 22:34:53
SOL006456,2026-08-27 22:39:23
SOL006452,2026-08-27 22:39:47
SOL006454,2026-08-27 22:42:16
SOL006455,2026-08-27 22:59:59
SOL006458,2026-08-27 23:18:07
SOL006459,2026-08-27 23:21:57
SOL006464,2026-08-27 23:25:05
SOL006463,2026-08-27 23:40:33
SOL006461,2026-08-27 23:43:06
SOL006460,2026-08-27 23:44:42
SOL006457,2026-08-27 23:47:14
SOL006462,2026-08-27 23:53:56
SOL006469,2026-08-28 00:06:35
SOL006476,2026-08-28 00:08:01
SOL006472,2026-08-28 00:11:17
SOL006477,2026-08-28 00:12:18
SOL006482,2026-08-28 00:19:53
SOL006481,2026-08-28 00:19:54
SOL006467,2026-08-28 00:20:50
SOL006466,2026-08-28 00:27:42
SOL006468,2026-08-28 00:28:42
SOL006483,2026-08-28 00:32:46
SOL006473,2026-08-28 00:36:33
SOL006471,2026-08-28 00:38:27
SOL006475,2026-08-28 00:38:38
SOL006480,2026-08-28 00:42:22
SOL006478,2026-08-28 00:44:03
SOL006470,2026-08-28 00:44:57
SOL006465,2026-08-28 00:53:36
SOL006474,2026-08-28 00:53:52
SOL006479,2026-08-28 00:56:03
SOL006484,2026-08-28 00:56:37
SOL006496,2026-08-28 01:01:02
SOL006487,2026-08-28 01:06:36
SOL006489,2026-08-28 01:15:12
SOL006491,2026-08-28 01:15:58
SOL006492,2026-08-28 01:20:28
SOL006485,2026-08-28 01:23:55
SOL006494,2026-08-28 01:25:31
SOL006493,2026-08-28 01:29:59
SOL006495,2026-08-28 01:43:55
SOL006486,2026-08-28 01:48:21
SOL006490,2026-08-28 01:54:49
SOL006488,2026-08-28 01:56:02
SOL006501,2026-08-28 02:03:04
SOL006498,2026-08-28 02:11:47
SOL006503,2026-08-28 02:20:04
SOL006497,2026-08-28 02:32:32
SOL006500,2026-08-28 02:38:31
SOL006504,2026-08-28 02:41:50
SOL006502,2026-08-28 02:55:48
SOL006499,2026-08-28 02:59:59
SOL006510,2026-08-28 03:01:39
SOL006509,2026-08-28 03:13:14
SOL006508,2026-08-28 03:34:04
SOL006506,2026-08-28 03:38:25
SOL006507,2026-08-28 03:41:41
SOL006505,2026-08-28 03:51:22
SOL006514,2026-08-28 04:10:50
SOL006512,2026-08-28 04:18:44
SOL006516,2026-08-28 04:19:49
SOL006515,2026-08-28 04:24:57
SOL006518,2026-08-28 04:32:00
SOL006513,2026-08-28 04:34:44
SOL006511,2026-08-28 04:47:51
SOL006517,2026-08-28 04:54:15
SOL006519,2026-08-28 05:07:03
SOL006521,2026-08-28 05:20:30
SOL006522,2026-08-28 05:33:06
SOL006520,2026-08-28 05:39:25
SOL006523,2026-08-28 05:56:09
SOL006524,2026-08-28 06:13:32
SOL006526,2026-08-28 06:21:36
SOL006529,2026-08-28 06:24:23
SOL006528,2026-08-28 06:31:41
SOL006527,2026-08-28 06:39:26
SOL006525,2026-08-28 06:48:37
SOL006531,2026-08-28 07:06:15
SOL006533,2026-08-28 07:22:49
SOL006530,2026-08-28 07:29:01
SOL006537,2026-08-28 07:29:04
SOL006532,2026-08-28 07:33:39
SOL006538,2026-08-28 07:42:24
SOL006534,2026-08-28 07:43:57
SOL006535,2026-08-28 07:53:44
SOL006536,2026-08-28 07:56:56
SOL006550,2026-08-28 08:01:41
SOL006541,2026-08-28 08:12:34
SOL006539,2026-08-28 08:14:16
SOL006553,2026-08-28 08:20:03
SOL006549,2026-08-28 08:22:03
SOL006540,2026-08-28 08:22:21
SOL006548,2026-08-28 08:22:49
SOL006552,2026-08-28 08:25:04
SOL006542,2026-08-28 08:32:36
SOL006546,2026-08-28 08:33:34
SOL006547,2026-08-28 08:40:05
SOL006551,2026-08-28 08:43:58
SOL006544,2026-08-28 08:47:07
SOL006545,2026-08-28 08:50:32
SOL006543,2026-08-28 08:50:50
SOL006561,2026-08-28 09:05:34
SOL006559,2026-08-28 09:07:19
SOL006563,2026-08-28 09:22:18
SOL006554,2026-08-28 09:25:01
SOL006555,2026-08-28 09:25:50
SOL006560,2026-08-28 09:41:16
SOL006558,2026-08-28 09:41:44
SOL006557,2026-08-28 09:43:36
SOL006565,2026-08-28 09:49:23
SOL006556,2026-08-28 09:55:19
SOL006562,2026-08-28 09:55:36
SOL006564,2026-08-28 09:58:58
SOL006570,2026-08-28 10:03:20
SOL006574,2026-08-28 10:04:30
SOL006572,2026-08-28 10:10:05
SOL006568,2026-08-28 10:12:02
SOL006571,2026-08-28 10:29:40
SOL006569,2026-08-28 10:41:19
SOL006575,2026-08-28 10:41:54
SOL006573,2026-08-28 10:46:35
SOL006566,2026-08-28 10:52:03
SOL006567,2026-08-28 10:58:34
SOL006577,2026-08-28 11:04:12
SOL006583,2026-08-28 11:04:36
SOL006588,2026-08-28 11:05:22
SOL006590,2026-08-28 11:14:46
SOL006589,2026-08-28 11:16:36
SOL006592,2026-08-28 11:20:33
SOL006586,2026-08-28 11:20:53
SOL006584,2026-08-28 11:21:55
SOL006578,2026-08-28 11:31:39
SOL006579,2026-08-28 11:32:40
SOL006582,2026-08-28 11:39:18
SOL006585,2026-08-28 11:43:10
SOL006587,2026-08-28 11:50:51
SOL006581,2026-08-28 11:53:53
SOL006576,2026-08-28 11:53:57
SOL006580,2026-08-28 11:56:54
SOL006591,2026-08-28 11:59:59
SOL006595,2026-08-28 12:20:38
SOL006593,2026-08-28 12:21:17
SOL006597,2026-08-28 12:24:15
SOL006594,2026-08-28 12:31:29
SOL006598,2026-08-28 12:31:43
SOL006596,2026-08-28 12:43:11
SOL006599,2026-08-28 12:59:17
SOL006603,2026-08-28 13:02:31
SOL006602,2026-08-28 13:10:30
SOL006600,2026-08-28 13:19:59
SOL006604,2026-08-28 13:43:06
SOL006601,2026-08-28 13:48:55
SOL006605,2026-08-28 13:57:57
SOL006607,2026-08-28 14:07:10
SOL006606,2026-08-28 14:44:54
SOL006619,2026-08-28 15:04:57
SOL006608,2026-08-28 15:05:14
SOL006611,2026-08-28 15:05:28
SOL006623,2026-08-28 15:06:18
SOL006622,2026-08-28 15:10:02
SOL006612,2026-08-28 15:10:34
SOL006621,2026-08-28 15:11:11
SOL006629,2026-08-28 15:12:40
SOL006614,2026-08-28 15:13:23
SOL006609,2026-08-28 15:15:21
SOL006613,2026-08-28 15:15:44
SOL006626,2026-08-28 15:15:58
SOL006627,2026-08-28 15:19:07
SOL006620,2026-08-28 15:21:11
SOL006628,2026-08-28 15:21:36
SOL006625,2026-08-28 15:22:08
SOL006616,2026-08-28 15:22:58
SOL006617,2026-08-28 15:33:54
SOL006615,2026-08-28 15:36:55
SOL006618,2026-08-28 15:53:42
SOL006624,2026-08-28 15:56:50
SOL006610,2026-08-28 15:58:18
SOL006634,2026-08-28 16:01:09
SOL006630,2026-08-28 16:05:39
SOL006631,2026-08-28 16:35:12
SOL006635,2026-08-28 16:38:00
SOL006633,2026-08-28 16:44:42
SOL006632,2026-08-28 16:53:18
SOL006649,2026-08-28 17:00:18
SOL006652,2026-08-28 17:01:21
SOL006659,2026-08-28 17:02:35
SOL006655,2026-08-28 17:02:43
SOL006644,2026-08-28 17:09:03
SOL006660,2026-08-28 17:09:40
SOL006656,2026-08-28 17:09:43
SOL006650,2026-08-28 17:09:43
SOL006653,2026-08-28 17:15:53
SOL006648,2026-08-28 17:18:15
SOL006651,2026-08-28 17:22:43
SOL006637,2026-08-28 17:29:12
SOL006643,2026-08-28 17:29:31
SOL006645,2026-08-28 17:30:42
SOL006640,2026-08-28 17:31:33
SOL006642,2026-08-28 17:34:24
SOL006661,2026-08-28 17:38:48
SOL006636,2026-08-28 17:39:58
SOL006641,2026-08-28 17:40:52
SOL006658,2026-08-28 17:45:00
SOL006639,2026-08-28 17:46:10
SOL006638,2026-08-28 17:46:11
SOL006654,2026-08-28 17:47:08
SOL006662,2026-08-28 17:48:43
SOL006646,2026-08-28 17:48:47
SOL006657,2026-08-28 17:53:57
SOL006647,2026-08-28 17:57:04
SOL006665,2026-08-28 18:03:37
SOL006669,2026-08-28 18:15:16
SOL006664,2026-08-28 18:20:35
SOL006668,2026-08-28 18:33:50
SOL006666,2026-08-28 18:35:18
SOL006663,2026-08-28 18:36:21
SOL006667,2026-08-28 18:55:01
SOL006670,2026-08-28 19:35:28
SOL006671,2026-08-28 19:36:05
SOL006672,2026-08-28 20:21:42
SOL006674,2026-08-28 20:34:14
SOL006673,2026-08-28 20:47:15
SOL006678,2026-08-28 21:02:22
SOL006676,2026-08-28 21:09:19
SOL006681,2026-08-28 21:16:56
SOL006682,2026-08-28 21:30:10
SOL006677,2026-08-28 21:34:29
SOL006680,2026-08-28 21:35:21
SOL006684,2026-08-28 21:37:52
SOL006685,2026-08-28 21:38:56
SOL006683,2026-08-28 21:41:30
SOL006679,2026-08-28 21:45:27
SOL006675,2026-08-28 21:54:33
SOL006701,2026-08-28 22:02:46
SOL006702,2026-08-28 22:02:48
SOL006696,2026-08-28 22:04:43
SOL006689,2026-08-28 22:06:28
SOL006694,2026-08-28 22:12:15
SOL006691,2026-08-28 22:15:15
SOL006697,2026-08-28 22:15:22
SOL006692,2026-08-28 22:15:49
SOL006687,2026-08-28 22:17:46
SOL006693,2026-08-28 22:18:58
SOL006698,2026-08-28 22:25:59
SOL006688,2026-08-28 22:33:38
SOL006699,2026-08-28 22:37:57
SOL006690,2026-08-28 22:46:31
SOL006695,2026-08-28 22:50:21
SOL006700,2026-08-28 22:52:52
SOL006686,2026-08-28 22:59:56
SOL006714,2026-08-28 23:06:18
SOL006706,2026-08-28 23:12:27
SOL006710,2026-08-28 23:17:39
SOL006713,2026-08-28 23:23:00
SOL006711,2026-08-28 23:27:20
SOL006708,2026-08-28 23:30:49
SOL006704,2026-08-28 23:40:49
SOL006705,2026-08-28 23:41:21
SOL006703,2026-08-28 23:45:43
SOL006712,2026-08-28 23:47:04
SOL006707,2026-08-28 23:53:40
SOL006709,2026-08-28 23:56:39
SOL006715,2026-08-29 00:00:36
SOL006720,2026-08-29 00:03:35
SOL006726,2026-08-29 00:08:09
SOL006725,2026-08-29 00:08:21
SOL006716,2026-08-29 00:21:10
SOL006719,2026-08-29 00:27:08
SOL006727,2026-08-29 00:28:54
SOL006723,2026-08-29 00:37:26
SOL006722,2026-08-29 00:38:32
SOL006724,2026-08-29 00:40:52
SOL006717,2026-08-29 00:45:44
SOL006721,2026-08-29 00:47:09
SOL006718,2026-08-29 00:48:41
SOL006728,2026-08-29 00:54:16
SOL006729,2026-08-29 01:03:37
SOL006744,2026-08-29 01:10:51
SOL006743,2026-08-29 01:11:50
SOL006734,2026-08-29 01:12:16
SOL006736,2026-08-29 01:14:54
SOL006731,2026-08-29 01:15:30
SOL006745,2026-08-29 01:19:28
SOL006738,2026-08-29 01:19:32
SOL006742,2026-08-29 01:22:59
SOL006733,2026-08-29 01:23:02
SOL006740,2026-08-29 01:27:35
SOL006746,2026-08-29 01:33:58
SOL006739,2026-08-29 01:34:38
SOL006748,2026-08-29 01:36:15
SOL006737,2026-08-29 01:37:10
SOL006730,2026-08-29 01:38:50
SOL006732,2026-08-29 01:46:40
SOL006735,2026-08-29 01:47:41
SOL006741,2026-08-29 01:54:57
SOL006747,2026-08-29 01:59:38
SOL006749,2026-08-29 02:07:26
SOL006750,2026-08-29 03:01:44
SOL006759,2026-08-29 03:08:19
SOL006753,2026-08-29 03:09:51
SOL006756,2026-08-29 03:12:05
SOL006758,2026-08-29 03:18:10
SOL006761,2026-08-29 03:19:48
SOL006762,2026-08-29 03:22:53
SOL006763,2026-08-29 03:32:29
SOL006752,2026-08-29 03:39:25
SOL006751,2026-08-29 03:42:09
SOL006757,2026-08-29 03:48:29
SOL006755,2026-08-29 03:49:40
SOL006760,2026-08-29 03:50:51
SOL006754,2026-08-29 03:55:34
SOL006780,2026-08-29 04:03:37
SOL006773,2026-08-29 04:07:27
SOL006764,2026-08-29 04:08:44
SOL006765,2026-08-29 04:19:19
SOL006782,2026-08-29 04:23:44
SOL006776,2026-08-29 04:28:33
SOL006779,2026-08-29 04:29:41
SOL006768,2026-08-29 04:31:50
SOL006769,2026-08-29 04:41:13
SOL006781,2026-08-29 04:41:56
SOL006766,2026-08-29 04:42:44
SOL006770,2026-08-29 04:42:54
SOL006775,2026-08-29 04:44:10
SOL006772,2026-08-29 04:45:39
SOL006767,2026-08-29 04:48:22
SOL006771,2026-08-29 04:48:51
SOL006774,2026-08-29 04:54:04
SOL006778,2026-08-29 04:59:13
SOL006777,2026-08-29 04:59:36
SOL006783,2026-08-29 05:12:21
SOL006785,2026-08-29 05:46:26
SOL006786,2026-08-29 05:56:18
SOL006784,2026-08-29 05:59:24
SOL006797,2026-08-29 06:00:03
SOL006788,2026-08-29 06:00:08
SOL006803,2026-08-29 06:09:51
SOL006800,2026-08-29 06:14:01
SOL006791,2026-08-29 06:14:03
SOL006793,2026-08-29 06:20:54
SOL006796,2026-08-29 06:23:07
SOL006801,2026-08-29 06:26:02
SOL006790,2026-08-29 06:29:11
SOL006787,2026-08-29 06:32:27
SOL006799,2026-08-29 06:34:49
SOL006794,2026-08-29 06:35:24
SOL006795,2026-08-29 06:48:27
SOL006802,2026-08-29 06:48:58
SOL006792,2026-08-29 06:52:28
SOL006789,2026-08-29 06:57:15
SOL006798,2026-08-29 06:58:07
SOL006806,2026-08-29 07:12:34
SOL006807,2026-08-29 07:31:33
SOL006805,2026-08-29 07:31:44
SOL006809,2026-08-29 07:42:23
SOL006804,2026-08-29 07:42:38
SOL006808,2026-08-29 07:45:01
SOL006810,2026-08-29 07:50:17
SOL006821,2026-08-29 08:00:49
SOL006813,2026-08-29 08:01:15
SOL006832,2026-08-29 08:03:08
SOL006834,2026-08-29 08:05:45
SOL006822,2026-08-29 08:05:47
SOL006811,2026-08-29 08:06:52
SOL006817,2026-08-29 08:13:06
SOL006833,2026-08-29 08:15:03
SOL006830,2026-08-29 08:15:53
SOL006814,2026-08-29 08:18:30
SOL006820,2026-08-29 08:25:15
SOL006824,2026-08-29 08:27:22
SOL006818,2026-08-29 08:27:41
SOL006828,2026-08-29 08:31:20
SOL006826,2026-08-29 08:31:32
SOL006816,2026-08-29 08:32:46
SOL006812,2026-08-29 08:33:53
SOL006819,2026-08-29 08:38:07
SOL006827,2026-08-29 08:38:45
SOL006825,2026-08-29 08:47:41
SOL006823,2026-08-29 08:48:40
SOL006831,2026-08-29 08:49:24
SOL006815,2026-08-29 08:51:34
SOL006829,2026-08-29 08:57:05
SOL006845,2026-08-29 09:06:39
SOL006841,2026-08-29 09:11:02
SOL006840,2026-08-29 09:12:33
SOL006846,2026-08-29 09:13:59
SOL006835,2026-08-29 09:21:45
SOL006836,2026-08-29 09:25:06
SOL006838,2026-08-29 09:26:13
SOL006843,2026-08-29 09:30:42
SOL006844,2026-08-29 09:33:07
SOL006842,2026-08-29 09:46:35
SOL006837,2026-08-29 09:50:15
SOL006839,2026-08-29 09:56:59
SOL006852,2026-08-29 10:04:53
SOL006850,2026-08-29 10:05:34
SOL006857,2026-08-29 10:05:51
SOL006856,2026-08-29 10:14:44
SOL006847,2026-08-29 10:25:46
SOL006851,2026-08-29 10:28:12
SOL006848,2026-08-29 10:35:35
SOL006855,2026-08-29 10:36:42
SOL006849,2026-08-29 10:40:10
SOL006854,2026-08-29 10:40:42
SOL006853,2026-08-29 10:42:21
SOL006863,2026-08-29 12:05:21
SOL006858,2026-08-29 12:05:48
SOL006862,2026-08-29 12:15:56
SOL006864,2026-08-29 12:38:27
SOL006860,2026-08-29 12:48:10
SOL006859,2026-08-29 12:48:11
SOL006861,2026-08-29 12:55:02
SOL006866,2026-08-29 13:01:51
SOL006865,2026-08-29 13:07:03
SOL006868,2026-08-29 13:10:47
SOL006870,2026-08-29 13:11:26
SOL006867,2026-08-29 13:30:03
SOL006869,2026-08-29 13:41:40
SOL006872,2026-08-29 14:04:32
SOL006875,2026-08-29 14:08:31
SOL006873,2026-08-29 14:11:10
SOL006878,2026-08-29 14:11:11
SOL006881,2026-08-29 14:18:00
SOL006879,2026-08-29 14:37:07
SOL006880,2026-08-29 14:41:45
SOL006877,2026-08-29 14:43:02
SOL006876,2026-08-29 14:45:56
SOL006874,2026-08-29 14:47:01
SOL006871,2026-08-29 14:59:35
SOL006885,2026-08-29 15:15:49
SOL006883,2026-08-29 15:16:56
SOL006882,2026-08-29 15:23:51
SOL006893,2026-08-29 15:29:05
SOL006894,2026-08-29 15:29:41
SOL006889,2026-08-29 15:33:35
SOL006892,2026-08-29 15:37:09
SOL006884,2026-08-29 15:37:36
SOL006890,2026-08-29 15:42:16
SOL006887,2026-08-29 15:45:34
SOL006888,2026-08-29 15:48:01
SOL006891,2026-08-29 15:51:06
SOL006886,2026-08-29 15:53:48
SOL006902,2026-08-29 16:28:02
SOL006899,2026-08-29 16:28:06
SOL006900,2026-08-29 16:35:55
SOL006901,2026-08-29 16:45:21
SOL006897,2026-08-29 16:49:10
SOL006898,2026-08-29 16:56:10
SOL006896,2026-08-29 16:57:36
SOL006895,2026-08-29 16:58:33
SOL006909,2026-08-29 17:00:55
SOL006913,2026-08-29 17:08:05
SOL006910,2026-08-29 17:09:27
SOL006906,2026-08-29 17:13:29
SOL006903,2026-08-29 17:16:54
SOL006907,2026-08-29 17:17:23
SOL006908,2026-08-29 17:21:54
SOL006905,2026-08-29 17:23:30
SOL006904,2026-08-29 17:24:35
SOL006912,2026-08-29 17:38:50
SOL006914,2026-08-29 17:41:57
SOL006911,2026-08-29 17:52:38
SOL006936,2026-08-29 18:00:46
SOL006935,2026-08-29 18:01:22
SOL006922,2026-08-29 18:01:57
SOL006921,2026-08-29 18:07:36
SOL006916,2026-08-29 18:10:51
SOL006932,2026-08-29 18:11:35
SOL006926,2026-08-29 18:18:20
SOL006930,2026-08-29 18:19:07
SOL006929,2026-08-29 18:20:19
SOL006925,2026-08-29 18:24:14
SOL006927,2026-08-29 18:25:32
SOL006923,2026-08-29 18:30:32
SOL006928,2026-08-29 18:30:36
SOL006933,2026-08-29 18:33:31
SOL006924,2026-08-29 18:34:29
SOL006918,2026-08-29 18:42:31
SOL006919,2026-08-29 18:43:18
SOL006915,2026-08-29 18:44:22
SOL006931,2026-08-29 18:46:53
SOL006920,2026-08-29 18:50:10
SOL006917,2026-08-29 18:52:59
SOL006934,2026-08-29 18:58:35
SOL006940,2026-08-29 19:06:19
SOL006943,2026-08-29 19:17:53
SOL006944,2026-08-29 19:24:16
SOL006938,2026-08-29 19:35:37
SOL006939,2026-08-29 19:35:51
SOL006937,2026-08-29 19:52:58
SOL006942,2026-08-29 19:54:11
SOL006941,2026-08-29 19:56:20
SOL006945,2026-08-29 20:04:51
SOL006954,2026-08-29 20:08:18
SOL006946,2026-08-29 20:11:35
SOL006952,2026-08-29 20:15:29
SOL006947,2026-08-29 20:17:07
SOL006950,2026-08-29 20:25:32
SOL006953,2026-08-29 20:33:02
SOL006948,2026-08-29 20:33:15
SOL006949,2026-08-29 20:33:51
SOL006951,2026-08-29 20:43:15
SOL006962,2026-08-29 21:00:07
SOL006964,2026-08-29 21:01:47
SOL006957,2026-08-29 21:01:58
SOL006961,2026-08-29 21:10:44
SOL006963,2026-08-29 21:12:20
SOL006956,2026-08-29 21:15:04
SOL006959,2026-08-29 21:36:24
SOL006955,2026-08-29 21:38:27
SOL006958,2026-08-29 21:43:13
SOL006966,2026-08-29 21:53:17
SOL006965,2026-08-29 21:54:08
SOL006960,2026-08-29 21:59:54
SOL006974,2026-08-29 22:03:01
SOL006967,2026-08-29 22:06:44
SOL006973,2026-08-29 22:10:57
SOL006970,2026-08-29 22:33:19
SOL006972,2026-08-29 22:38:47
SOL006968,2026-08-29 22:46:03
SOL006969,2026-08-29 22:46:29
SOL006971,2026-08-29 22:54:57
SOL006976,2026-08-29 23:12:19
SOL006978,2026-08-29 23:30:24
SOL006977,2026-08-29 23:52:08
SOL006975,2026-08-29 23:53:48
SOL006985,2026-08-30 00:01:14
SOL006981,2026-08-30 00:15:04
SOL006980,2026-08-30 00:23:35
SOL006982,2026-08-30 00:34:55
SOL006979,2026-08-30 00:40:12
SOL006983,2026-08-30 00:42:30
SOL006984,2026-08-30 00:52:03
SOL007002,2026-08-30 01:03:24
SOL006993,2026-08-30 01:08:06
SOL006996,2026-08-30 01:11:03
SOL006998,2026-08-30 01:18:00
SOL006997,2026-08-30 01:18:56
SOL006987,2026-08-30 01:21:18
SOL006999,2026-08-30 01:23:21
SOL007001,2026-08-30 01:24:19
SOL007000,2026-08-30 01:26:09
SOL006989,2026-08-30 01:31:21
SOL006994,2026-08-30 01:32:41
SOL006991,2026-08-30 01:36:29
SOL006992,2026-08-30 01:36:52
SOL006995,2026-08-30 01:43:52
SOL006988,2026-08-30 01:44:06
SOL006990,2026-08-30 01:48:45
SOL006986,2026-08-30 01:53:00
SOL007003,2026-08-30 01:58:24
SOL007007,2026-08-30 02:10:20
SOL007006,2026-08-30 02:22:56
SOL007004,2026-08-30 02:28:11
SOL007008,2026-08-30 02:37:42
SOL007009,2026-08-30 02:44:17
SOL007005,2026-08-30 02:52:39
SOL007011,2026-08-30 03:09:40
SOL007012,2026-08-30 03:14:25
SOL007010,2026-08-30 03:44:54
SOL007031,2026-08-30 04:01:34
SOL007028,2026-08-30 04:06:29
SOL007024,2026-08-30 04:08:24
SOL007020,2026-08-30 04:10:51
SOL007029,2026-08-30 04:17:55
SOL007021,2026-08-30 04:20:39
SOL007023,2026-08-30 04:22:02
SOL007017,2026-08-30 04:30:13
SOL007019,2026-08-30 04:33:43
SOL007030,2026-08-30 04:38:07
SOL007014,2026-08-30 04:45:13
SOL007026,2026-08-30 04:49:16
SOL007013,2026-08-30 04:50:55
SOL007015,2026-08-30 04:54:45
SOL007025,2026-08-30 04:55:17
SOL007016,2026-08-30 04:57:29
SOL007027,2026-08-30 04:58:34
SOL007022,2026-08-30 04:59:40
SOL007018,2026-08-30 04:59:48
SOL007042,2026-08-30 05:03:16
SOL007044,2026-08-30 05:17:05
SOL007038,2026-08-30 05:19:43
SOL007034,2026-08-30 05:20:00
SOL007040,2026-08-30 05:23:01
SOL007035,2026-08-30 05:26:49
SOL007039,2026-08-30 05:33:19
SOL007037,2026-08-30 05:36:48
SOL007032,2026-08-30 05:37:36
SOL007041,2026-08-30 05:40:34
SOL007033,2026-08-30 05:57:49
SOL007036,2026-08-30 05:58:34
SOL007043,2026-08-30 05:58:44
SOL007055,2026-08-30 06:02:21
SOL007048,2026-08-30 06:04:44
SOL007051,2026-08-30 06:06:33
SOL007052,2026-08-30 06:09:46
SOL007054,2026-08-30 06:14:58
SOL007046,2026-08-30 06:15:29
SOL007053,2026-08-30 06:16:35
SOL007058,2026-08-30 06:29:04
SOL007045,2026-08-30 06:33:27
SOL007049,2026-08-30 06:33:28
SOL007057,2026-08-30 06:41:27
SOL007050,2026-08-30 06:47:34
SOL007056,2026-08-30 06:56:40
SOL007047,2026-08-30 06:59:40
SOL007067,2026-08-30 07:01:49
SOL007062,2026-08-30 07:04:04
SOL007069,2026-08-30 07:05:17
SOL007070,2026-08-30 07:05:22
SOL007068,2026-08-30 07:08:46
SOL007063,2026-08-30 07:09:11
SOL007076,2026-08-30 07:12:16
SOL007059,2026-08-30 07:22:19
SOL007078,2026-08-30 07:24:39
SOL007064,2026-08-30 07:26:55
SOL007066,2026-08-30 07:27:00
SOL007077,2026-08-30 07:29:17
SOL007073,2026-08-30 07:30:46
SOL007065,2026-08-30 07:32:04
SOL007075,2026-08-30 07:34:48
SOL007061,2026-08-30 07:35:36
SOL007071,2026-08-30 07:49:37
SOL007074,2026-08-30 07:51:12
SOL007060,2026-08-30 07:56:52
SOL007072,2026-08-30 07:57:03
SOL007081,2026-08-30 08:06:44
SOL007083,2026-08-30 08:07:58
SOL007085,2026-08-30 08:23:03
SOL007080,2026-08-30 08:29:22
SOL007079,2026-08-30 08:30:54
SOL007082,2026-08-30 08:30:59
SOL007084,2026-08-30 08:42:52
SOL007088,2026-08-30 08:49:45
SOL007086,2026-08-30 08:50:56
SOL007087,2026-08-30 08:55:17
SOL007097,2026-08-30 09:01:04
SOL007093,2026-08-30 09:05:25
SOL007099,2026-08-30 09:05:41
SOL007095,2026-08-30 09:07:31
SOL007102,2026-08-30 09:07:49
SOL007089,2026-08-30 09:11:17
SOL007096,2026-08-30 09:14:44
SOL007094,2026-08-30 09:17:45
SOL007090,2026-08-30 09:32:06
SOL007100,2026-08-30 09:34:56
SOL007098,2026-08-30 09:40:28
SOL007091,2026-08-30 09:44:11
SOL007101,2026-08-30 09:55:11
SOL007092,2026-08-30 09:56:08
SOL007126,2026-08-30 10:02:50
SOL007103,2026-08-30 10:07:59
SOL007114,2026-08-30 10:08:27
SOL007113,2026-08-30 10:09:19
SOL007109,2026-08-30 10:10:36
SOL007108,2026-08-30 10:11:32
SOL007118,2026-08-30 10:12:00
SOL007106,2026-08-30 10:15:11
SOL007122,2026-08-30 10:16:05
SOL007105,2026-08-30 10:16:29
SOL007123,2026-08-30 10:25:46
SOL007115,2026-08-30 10:27:34
SOL007117,2026-08-30 10:32:13
SOL007111,2026-08-30 10:35:02
SOL007119,2026-08-30 10:36:00
SOL007116,2026-08-30 10:36:41
SOL007110,2026-08-30 10:38:08
SOL007124,2026-08-30 10:38:15
SOL007121,2026-08-30 10:49:16
SOL007104,2026-08-30 10:49:41
SOL007107,2026-08-30 10:53:03
SOL007120,2026-08-30 10:57:25
SOL007125,2026-08-30 10:57:57
SOL007112,2026-08-30 10:59:37
SOL007132,2026-08-30 11:09:48
SOL007127,2026-08-30 11:13:50
SOL007129,2026-08-30 11:15:24
SOL007128,2026-08-30 11:18:34
SOL007131,2026-08-30 11:20:19
SOL007133,2026-08-30 11:22:56
SOL007134,2026-08-30 11:25:05
SOL007130,2026-08-30 11:45:05
SOL007143,2026-08-30 12:05:46
SOL007136,2026-08-30 12:11:40
SOL007141,2026-08-30 12:12:42
SOL007138,2026-08-30 12:27:09
SOL007137,2026-08-30 12:38:41
SOL007139,2026-08-30 12:42:38
SOL007135,2026-08-30 12:45:50
SOL007145,2026-08-30 12:47:50
SOL007144,2026-08-30 12:49:50
SOL007140,2026-08-30 12:54:44
SOL007142,2026-08-30 12:56:08
SOL007162,2026-08-30 13:02:32
SOL007150,2026-08-30 13:03:41
SOL007161,2026-08-30 13:04:52
SOL007149,2026-08-30 13:12:26
SOL007146,2026-08-30 13:13:13
SOL007154,2026-08-30 13:14:12
SOL007147,2026-08-30 13:16:13
SOL007164,2026-08-30 13:17:53
SOL007155,2026-08-30 13:31:08
SOL007151,2026-08-30 13:34:16
SOL007153,2026-08-30 13:34:29
SOL007163,2026-08-30 13:35:43
SOL007152,2026-08-30 13:41:41
SOL007148,2026-08-30 13:43:28
SOL007158,2026-08-30 13:44:24
SOL007160,2026-08-30 13:46:52
SOL007156,2026-08-30 13:49:49
SOL007165,2026-08-30 13:54:58
SOL007159,2026-08-30 13:55:44
SOL007157,2026-08-30 13:56:17
SOL007169,2026-08-30 14:10:53
SOL007167,2026-08-30 14:32:41
SOL007168,2026-08-30 14:49:07
SOL007170,2026-08-30 14:59:26
SOL007166,2026-08-30 14:59:51
SOL007171,2026-08-30 15:08:57
SOL007172,2026-08-30 15:14:17
SOL007174,2026-08-30 15:40:36
SOL007175,2026-08-30 15:44:38
SOL007173,2026-08-30 15:50:13
SOL007179,2026-08-30 16:16:07
SOL007176,2026-08-30 16:18:02
SOL007186,2026-08-30 16:22:03
SOL007184,2026-08-30 16:23:33
SOL007187,2026-08-30 16:32:57
SOL007180,2026-08-30 16:34:26
SOL007181,2026-08-30 16:34:38
SOL007183,2026-08-30 16:36:57
SOL007185,2026-08-30 16:43:20
SOL007182,2026-08-30 16:48:58
SOL007177,2026-08-30 16:50:25
SOL007178,2026-08-30 16:51:26
SOL007196,2026-08-30 17:14:22
SOL007189,2026-08-30 17:19:13
SOL007192,2026-08-30 17:24:57
SOL007193,2026-08-30 17:35:10
SOL007197,2026-08-30 17:45:36
SOL007188,2026-08-30 17:52:51
SOL007190,2026-08-30 17:53:38
SOL007195,2026-08-30 17:54:15
SOL007194,2026-08-30 17:55:36
SOL007191,2026-08-30 17:57:26
SOL007211,2026-08-30 18:00:01
SOL007198,2026-08-30 18:00:17
SOL007212,2026-08-30 18:00:40
SOL007208,2026-08-30 18:01:19
SOL007213,2026-08-30 18:10:09
SOL007199,2026-08-30 18:19:39
SOL007205,2026-08-30 18:22:41
SOL007204,2026-08-30 18:25:56
SOL007209,2026-08-30 18:27:29
SOL007210,2026-08-30 18:40:08
SOL007203,2026-08-30 18:43:05
SOL007207,2026-08-30 18:43:41
SOL007201,2026-08-30 18:53:21
SOL007202,2026-08-30 18:53:59
SOL007200,2026-08-30 18:56:41
SOL007206,2026-08-30 18:57:35
SOL007216,2026-08-30 19:20:07
SOL007215,2026-08-30 19:33:39
SOL007217,2026-08-30 19:39:08
SOL007219,2026-08-30 19:42:22
SOL007218,2026-08-30 19:56:10
SOL007214,2026-08-30 19:59:14
SOL007220,2026-08-30 20:12:22
SOL007222,2026-08-30 20:24:23
SOL007221,2026-08-30 20:31:35
SOL007223,2026-08-30 20:51:56
SOL007224,2026-08-30 21:02:19
SOL007225,2026-08-30 21:04:49
SOL007227,2026-08-30 21:10:46
SOL007226,2026-08-30 21:11:24
SOL007228,2026-08-30 21:15:41
SOL007230,2026-08-30 21:19:18
SOL007229,2026-08-30 21:59:50
SOL007234,2026-08-30 22:30:11
SOL007232,2026-08-30 22:42:17
SOL007233,2026-08-30 22:42:25
SOL007231,2026-08-30 22:42:33
SOL007235,2026-08-30 23:01:36
SOL007239,2026-08-30 23:03:53
SOL007240,2026-08-30 23:04:29
SOL007237,2026-08-30 23:20:07
SOL007241,2026-08-30 23:28:25
SOL007238,2026-08-30 23:33:12
SOL007236,2026-08-30 23:46:45
