client,delivery_date,date_execution,days_overdue
C0001,2023-07-20,2023-07-31,0
C0001,2023-07-20,2023-08-31,0
C0001,2023-07-20,2023-09-30,0
C0001,2023-07-20,2023-10-31,0
C0001,2023-07-20,2023-11-30,0
C0001,2023-07-20,2023-12-31,4
C0001,2023-07-20,2024-01-31,0
C0001,2023-07-20,2024-02-29,0
C0001,2023-07-20,2024-03-31,0
C0001,2023-07-20,2024-04-30,0
C0001,2023-07-20,2024-05-31,2
C0001,2023-07-20,2024-06-30,0
C0001,2023-07-20,2024-07-31,0
C0001,2023-07-20,2024-08-31,0
C0001,2023-07-20,2024-09-30,0
C0001,2023-07-20,2024-10-31,0
C0001,2023-07-20,2024-11-30,0
C0001,2023-07-20,2024-12-31,0
C0001,2023-07-20,2025-01-31,0
C0001,2023-07-20,2025-02-28,0
C0001,2023-07-20,2025-03-31,0
C0001,2023-07-20,2025-04-30,0
C0001,2023-07-20,2025-05-31,0
C0001,2023-07-20,2025-06-30,0
C0001,2023-07-20,2025-07-31,0
C0001,2023-07-20,2025-08-31,0
C0001,2023-07-20,2025-09-30,0
C0001,2023-07-20,2025-10-31,0
C0001,2023-07-20,2025-11-30,0
C0001,2023-07-20,2025-12-31,0
C0002,2023-04-25,2023-04-30,0
C0002,2023-04-25,2023-05-31,0
C0002,2023-04-25,2023-06-30,0
C0002,2023-04-25,2023-07-31,0
C0002,2023-04-25,2023-08-31,0
C0002,2023-04-25,2023-09-30,0
C0002,2023-04-25,2023-10-31,0
C0002,2023-04-25,2023-11-30,0
C0002,2023-04-25,2023-12-31,4
C0002,2023-04-25,2024-01-31,0
C0002,2023-04-25,2024-02-29,0
C0002,2023-04-25,2024-03-31,0
C0002,2023-04-25,2024-04-30,0
C0002,2023-04-25,2024-05-31,0
C0002,2023-04-25,2024-06-30,0
C0002,2023-04-25,2024-07-31,12
C0002,2023-04-25,2024-08-31,4
C0002,2023-04-25,2024-09-30,0
C0002,2023-04-25,2024-10-31,8
C0002,2023-04-25,2024-11-30,0
C0002,2023-04-25,2024-12-31,0
C0002,2023-04-25,2025-01-31,50
C0002,2023-04-25,2025-02-28,0
C0002,2023-04-25,2025-03-31,0
C0002,2023-04-25,2025-04-30,26
C0002,2023-04-25,2025-05-31,57
C0002,2023-04-25,2025-06-30,0
C0002,2023-04-25,2025-07-31,0
C0002,2023-04-25,2025-08-31,0
C0002,2023-04-25,2025-09-30,0
C0002,2023-04-25,2025-10-31,83
C0002,2023-04-25,2025-11-30,0
C0002,2023-04-25,2025-12-31,0
C0003,2023-11-19,2023-11-30,0
C0003,2023-11-19,2023-12-31,0
C0003,2023-11-19,2024-01-31,0
C0003,2023-11-19,2024-02-29,0
C0003,2023-11-19,2024-03-31,0
C0003,2023-11-19,2024-04-30,8
C0003,2023-11-19,2024-05-31,0
C0003,2023-11-19,2024-06-30,0
C0003,2023-11-19,2024-07-31,0
C0003,2023-11-19,2024-08-31,0
C0003,2023-11-19,2024-09-30,0
C0003,2023-11-19,2024-10-31,0
C0003,2023-11-19,2024-11-30,0
C0003,2023-11-19,2024-12-31,0
C0003,2023-11-19,2025-01-31,0
C0003,2023-11-19,2025-02-28,32
C0003,2023-11-19,2025-03-31,0
C0003,2023-11-19,2025-04-30,0
C0003,2023-11-19,2025-05-31,0
C0003,2023-11-19,2025-06-30,0
C0003,2023-11-19,2025-07-31,0
C0003,2023-11-19,2025-08-31,0
C0003,2023-11-19,2025-09-30,0
C0003,2023-11-19,2025-10-31,0
C0003,2023-11-19,2025-11-30,0
C0003,2023-11-19,2025-12-31,0
C0004,2024-08-04,2024-08-31,0
C0004,2024-08-04,2024-09-30,0
C0004,2024-08-04,2024-10-31,0
C0004,2024-08-04,2024-11-30,0
C0004,2024-08-04,2024-12-31,0
C0004,2024-08-04,2025-01-31,0
C0004,2024-08-04,2025-02-28,0
C0004,2024-08-04,2025-03-31,13
C0004,2024-08-04,2025-04-30,0
C0004,2024-08-04,2025-05-31,0
C0004,2024-08-04,2025-06-30,0
C0004,2024-08-04,2025-07-31,0
C0004,2024-08-04,2025-08-31,0
C0004,2024-08-04,2025-09-30,26
C0004,2024-08-04,2025-10-31,0
C0004,2024-08-04,2025-11-30,0
C0004,2024-08-04,2025-12-31,1
C0005,2025-01-27,2025-01-31,0
C0005,2025-01-27,2025-02-28,7
C0005,2025-01-27,2025-03-31,0
C0005,2025-01-27,2025-04-30,0
C0005,2025-01-27,2025-05-31,0
C0005,2025-01-27,2025-06-30,0
C0005,2025-01-27,2025-07-31,0
C0005,2025-01-27,2025-08-31,0
C0005,2025-01-27,2025-09-30,0
C0005,2025-01-27,2025-10-31,0
C0005,2025-01-27,2025-11-30,0
C0005,2025-01-27,2025-12-31,0
C0006,2025-06-17,2025-06-30,0
C0006,2025-06-17,2025-07-31,0
C0006,2025-06-17,2025-08-31,0
C0006,2025-06-17,2025-09-30,0
C0006,2025-06-17,2025-10-31,86
C0006,2025-06-17,2025-11-30,0
C0006,2025-06-17,2025-12-31,0
C0007,2024-10-23,2024-10-31,19
C0007,2024-10-23,2024-11-30,0
C0007,2024-10-23,2024-12-31,0
C0007,2024-10-23,2025-01-31,0
C0007,2024-10-23,2025-02-28,0
C0007,2024-10-23,2025-03-31,0
C0007,2024-10-23,2025-04-30,0
C0007,2024-10-23,2025-05-31,0
C0007,2024-10-23,2025-06-30,0
C0007,2024-10-23,2025-07-31,0
C0007,2024-10-23,2025-08-31,0
C0007,2024-10-23,2025-09-30,51
C0007,2024-10-23,2025-10-31,0
C0007,2024-10-23,2025-11-30,0
C0007,2024-10-23,2025-12-31,28
C0008,2025-03-06,2025-03-31,28
C0008,2025-03-06,2025-04-30,0
C0008,2025-03-06,2025-05-31,0
C0008,2025-03-06,2025-06-30,0
C0008,2025-03-06,2025-07-31,0
C0008,2025-03-06,2025-08-31,0
C0008,2025-03-06,2025-09-30,0
C0008,2025-03-06,2025-10-31,0
C0008,2025-03-06,2025-11-30,0
C0008,2025-03-06,2025-12-31,1
C0009,2023-11-28,2023-11-30,0
C0009,2023-11-28,2023-12-31,0
C0009,2023-11-28,2024-01-31,0
C0009,2023-11-28,2024-02-29,0
C0009,2023-11-28,2024-03-31,0
C0009,2023-11-28,2024-04-30,49
C0009,2023-11-28,2024-05-31,0
C0009,2023-11-28,2024-06-30,0
C0009,2023-11-28,2024-07-31,0
C0009,2023-11-28,2024-08-31,5
C0009,2023-11-28,2024-09-30,23
C0009,2023-11-28,2024-10-31,0
C0009,2023-11-28,2024-11-30,0
C0009,2023-11-28,2024-12-31,0
C0009,2023-11-28,2025-01-31,24
C0009,2023-11-28,2025-02-28,0
C0009,2023-11-28,2025-03-31,20
C0009,2023-11-28,2025-04-30,0
C0009,2023-11-28,2025-05-31,0
C0009,2023-11-28,2025-06-30,20
C0009,2023-11-28,2025-07-31,0
C0009,2023-11-28,2025-08-31,0
C0009,2023-11-28,2025-09-30,54
C0009,2023-11-28,2025-10-31,0
C0009,2023-11-28,2025-11-30,0
C0009,2023-11-28,2025-12-31,0
C0010,2024-10-03,2024-10-31,0
C0010,2024-10-03,2024-11-30,0
C0010,2024-10-03,2024-12-31,0
C0010,2024-10-03,2025-01-31,0
C0010,2024-10-03,2025-02-28,0
C0010,2024-10-03,2025-03-31,0
C0010,2024-10-03,2025-04-30,17
C0010,2024-10-03,2025-05-31,0
C0010,2024-10-03,2025-06-30,0
C0010,2024-10-03,2025-07-31,0
C0010,2024-10-03,2025-08-31,0
C0010,2024-10-03,2025-09-30,0
C0010,2024-10-03,2025-10-31,0
C0010,2024-10-03,2025-11-30,48
C0010,2024-10-03,2025-12-31,27
C0011,2025-03-02,2025-03-31,0
C0011,2025-03-02,2025-04-30,0
C0011,2025-03-02,2025-05-31,28
C0011,2025-03-02,2025-06-30,0
C0011,2025-03-02,2025-07-31,0
C0011,2025-03-02,2025-08-31,0
C0011,2025-03-02,2025-09-30,0
C0011,2025-03-02,2025-10-31,0
C0011,2025-03-02,2025-11-30,58
C0011,2025-03-02,2025-12-31,0
C0012,2023-06-03,2023-06-30,58
C0012,2023-06-03,2023-07-31,0
C0012,2023-06-03,2023-08-31,32
C0012,2023-06-03,2023-09-30,49
C0012,2023-06-03,2023-10-31,0
C0012,2023-06-03,2023-11-30,0
C0012,2023-06-03,2023-12-31,3
C0012,2023-06-03,2024-01-31,0
C0012,2023-06-03,2024-02-29,0
C0012,2023-06-03,2024-03-31,26
C0012,2023-06-03,2024-04-30,14
C0012,2023-06-03,2024-05-31,0
C0012,2023-06-03,2024-06-30,0
C0012,2023-06-03,2024-07-31,61
C0012,2023-06-03,2024-08-31,0
C0012,2023-06-03,2024-09-30,0
C0012,2023-06-03,2024-10-31,0
C0012,2023-06-03,2024-11-30,9
C0012,2023-06-03,2024-12-31,0
C0012,2023-06-03,2025-01-31,0
C0012,2023-06-03,2025-02-28,0
C0012,2023-06-03,2025-03-31,0
C0012,2023-06-03,2025-04-30,0
C0012,2023-06-03,2025-05-31,13
C0012,2023-06-03,2025-06-30,0
C0012,2023-06-03,2025-07-31,0
C0012,2023-06-03,2025-08-31,0
C0012,2023-06-03,2025-09-30,0
C0012,2023-06-03,2025-10-31,0
C0012,2023-06-03,2025-11-30,0
C0012,2023-06-03,2025-12-31,0
C0013,2024-07-23,2024-07-31,0
C0013,2024-07-23,2024-08-31,28
C0013,2024-07-23,2024-09-30,59
C0013,2024-07-23,2024-10-31,85
C0013,2024-07-23,2024-11-30,109
C0014,2023-10-06,2023-10-31,0
C0014,2023-10-06,2023-11-30,0
C0014,2023-10-06,2023-12-31,28
C0014,2023-10-06,2024-01-31,0
C0014,2023-10-06,2024-02-29,0
C0014,2023-10-06,2024-03-31,0
C0014,2023-10-06,2024-04-30,0
C0014,2023-10-06,2024-05-31,0
C0014,2023-10-06,2024-06-30,0
C0014,2023-10-06,2024-07-31,0
C0014,2023-10-06,2024-08-31,0
C0014,2023-10-06,2024-09-30,57
C0014,2023-10-06,2024-10-31,0
C0014,2023-10-06,2024-11-30,0
C0014,2023-10-06,2024-12-31,0
C0014,2023-10-06,2025-01-31,0
C0014,2023-10-06,2025-02-28,0
C0014,2023-10-06,2025-03-31,0
C0014,2023-10-06,2025-04-30,0
C0014,2023-10-06,2025-05-31,0
C0014,2023-10-06,2025-06-30,0
C0014,2023-10-06,2025-07-31,0
C0014,2023-10-06,2025-08-31,0
C0014,2023-10-06,2025-09-30,15
C0014,2023-10-06,2025-10-31,0
C0014,2023-10-06,2025-11-30,0
C0014,2023-10-06,2025-12-31,0
C0015,2023-08-13,2023-08-31,36
C0015,2023-08-13,2023-09-30,0
C0015,2023-08-13,2023-10-31,0
C0015,2023-08-13,2023-11-30,0
C0015,2023-08-13,2023-12-31,0
C0015,2023-08-13,2024-01-31,0
C0015,2023-08-13,2024-02-29,0
C0015,2023-08-13,2024-03-31,0
C0015,2023-08-13,2024-04-30,0
C0015,2023-08-13,2024-05-31,0
C0015,2023-08-13,2024-06-30,0
C0015,2023-08-13,2024-07-31,0
C0015,2023-08-13,2024-08-31,34
C0015,2023-08-13,2024-09-30,0
C0015,2023-08-13,2024-10-31,0
C0015,2023-08-13,2024-11-30,0
C0015,2023-08-13,2024-12-31,0
C0015,2023-08-13,2025-01-31,0
C0015,2023-08-13,2025-02-28,0
C0015,2023-08-13,2025-03-31,0
C0015,2023-08-13,2025-04-30,0
C0015,2023-08-13,2025-05-31,0
C0015,2023-08-13,2025-06-30,0
C0015,2023-08-13,2025-07-31,0
C0015,2023-08-13,2025-08-31,0
C0015,2023-08-13,2025-09-30,0
C0015,2023-08-13,2025-10-31,5
C0015,2023-08-13,2025-11-30,0
C0015,2023-08-13,2025-12-31,0
C0016,2024-04-23,2024-04-30,27
C0016,2024-04-23,2024-05-31,0
C0016,2024-04-23,2024-06-30,0
C0016,2024-04-23,2024-07-31,0
C0016,2024-04-23,2024-08-31,0
C0016,2024-04-23,2024-09-30,0
C0016,2024-04-23,2024-10-31,12
C0016,2024-04-23,2024-11-30,0
C0016,2024-04-23,2024-12-31,39
C0016,2024-04-23,2025-01-31,0
C0016,2024-04-23,2025-02-28,0
C0016,2024-04-23,2025-03-31,0
C0016,2024-04-23,2025-04-30,0
C0016,2024-04-23,2025-05-31,0
C0016,2024-04-23,2025-06-30,0
C0016,2024-04-23,2025-07-31,0
C0016,2024-04-23,2025-08-31,0
C0016,2024-04-23,2025-09-30,0
C0016,2024-04-23,2025-10-31,0
C0016,2024-04-23,2025-11-30,0
C0016,2024-04-23,2025-12-31,0
C0017,2023-07-04,2023-07-31,0
C0017,2023-07-04,2023-08-31,24
C0017,2023-07-04,2023-09-30,0
C0017,2023-07-04,2023-10-31,0
C0017,2023-07-04,2023-11-30,0
C0017,2023-07-04,2023-12-31,0
C0017,2023-07-04,2024-01-31,0
C0017,2023-07-04,2024-02-29,0
C0017,2023-07-04,2024-03-31,75
C0017,2023-07-04,2024-04-30,0
C0017,2023-07-04,2024-05-31,0
C0017,2023-07-04,2024-06-30,0
C0017,2023-07-04,2024-07-31,5
C0017,2023-07-04,2024-08-31,0
C0017,2023-07-04,2024-09-30,0
C0017,2023-07-04,2024-10-31,0
C0017,2023-07-04,2024-11-30,0
C0017,2023-07-04,2024-12-31,0
C0017,2023-07-04,2025-01-31,0
C0017,2023-07-04,2025-02-28,0
C0017,2023-07-04,2025-03-31,0
C0017,2023-07-04,2025-04-30,0
C0017,2023-07-04,2025-05-31,0
C0017,2023-07-04,2025-06-30,0
C0017,2023-07-04,2025-07-31,48
C0017,2023-07-04,2025-08-31,0
C0017,2023-07-04,2025-09-30,0
C0017,2023-07-04,2025-10-31,49
C0017,2023-07-04,2025-11-30,0
C0017,2023-07-04,2025-12-31,0
C0018,2024-09-05,2024-09-30,0
C0018,2024-09-05,2024-10-31,0
C0018,2024-09-05,2024-11-30,0
C0018,2024-09-05,2024-12-31,0
C0018,2024-09-05,2025-01-31,0
C0018,2024-09-05,2025-02-28,0
C0018,2024-09-05,2025-03-31,0
C0018,2024-09-05,2025-04-30,0
C0018,2024-09-05,2025-05-31,0
C0018,2024-09-05,2025-06-30,0
C0018,2024-09-05,2025-07-31,11
C0018,2024-09-05,2025-08-31,0
C0018,2024-09-05,2025-09-30,38
C0018,2024-09-05,2025-10-31,0
C0018,2024-09-05,2025-11-30,0
C0018,2024-09-05,2025-12-31,0
C0019,2023-07-14,2023-07-31,0
C0019,2023-07-14,2023-08-31,26
C0019,2023-07-14,2023-09-30,0
C0019,2023-07-14,2023-10-31,0
C0019,2023-07-14,2023-11-30,0
C0019,2023-07-14,2023-12-31,0
C0019,2023-07-14,2024-01-31,22
C0019,2023-07-14,2024-02-29,0
C0019,2023-07-14,2024-03-31,54
C0019,2023-07-14,2024-04-30,0
C0019,2023-07-14,2024-05-31,0
C0019,2023-07-14,2024-06-30,0
C0019,2023-07-14,2024-07-31,0
C0019,2023-07-14,2024-08-31,0
C0019,2023-07-14,2024-09-30,0
C0019,2023-07-14,2024-10-31,0
C0019,2023-07-14,2024-11-30,0
C0019,2023-07-14,2024-12-31,0
C0019,2023-07-14,2025-01-31,0
C0019,2023-07-14,2025-02-28,0
C0019,2023-07-14,2025-03-31,0
C0019,2023-07-14,2025-04-30,0
C0019,2023-07-14,2025-05-31,0
C0019,2023-07-14,2025-06-30,7
C0019,2023-07-14,2025-07-31,0
C0019,2023-07-14,2025-08-31,0
C0019,2023-07-14,2025-09-30,57
C0019,2023-07-14,2025-10-31,0
C0019,2023-07-14,2025-11-30,6
C0019,2023-07-14,2025-12-31,0
C0020,2025-02-12,2025-02-28,0
C0020,2025-02-12,2025-03-31,0
C0020,2025-02-12,2025-04-30,0
C0020,2025-02-12,2025-05-31,28
C0020,2025-02-12,2025-06-30,0
C0020,2025-02-12,2025-07-31,0
C0020,2025-02-12,2025-08-31,47
C0020,2025-02-12,2025-09-30,0
C0020,2025-02-12,2025-10-31,0
C0020,2025-02-12,2025-11-30,0
C0020,2025-02-12,2025-12-31,81
C0021,2024-10-03,2024-10-31,0
C0021,2024-10-03,2024-11-30,0
C0021,2024-10-03,2024-12-31,37
C0021,2024-10-03,2025-01-31,0
C0021,2024-10-03,2025-02-28,0
C0021,2024-10-03,2025-03-31,0
C0021,2024-10-03,2025-04-30,0
C0021,2024-10-03,2025-05-31,0
C0021,2024-10-03,2025-06-30,0
C0021,2024-10-03,2025-07-31,0
C0021,2024-10-03,2025-08-31,0
C0021,2024-10-03,2025-09-30,0
C0021,2024-10-03,2025-10-31,0
C0021,2024-10-03,2025-11-30,0
C0021,2024-10-03,2025-12-31,0
C0022,2023-09-01,2023-09-30,0
C0022,2023-09-01,2023-10-31,0
C0022,2023-09-01,2023-11-30,0
C0022,2023-09-01,2023-12-31,0
C0022,2023-09-01,2024-01-31,48
C0022,2023-09-01,2024-02-29,0
C0022,2023-09-01,2024-03-31,0
C0022,2023-09-01,2024-04-30,0
C0022,2023-09-01,2024-05-31,18
C0022,2023-09-01,2024-06-30,0
C0022,2023-09-01,2024-07-31,0
C0022,2023-09-01,2024-08-31,0
C0022,2023-09-01,2024-09-30,0
C0022,2023-09-01,2024-10-31,0
C0022,2023-09-01,2024-11-30,70
C0022,2023-09-01,2024-12-31,0
C0022,2023-09-01,2025-01-31,0
C0022,2023-09-01,2025-02-28,56
C0022,2023-09-01,2025-03-31,0
C0022,2023-09-01,2025-04-30,0
C0022,2023-09-01,2025-05-31,0
C0022,2023-09-01,2025-06-30,0
C0022,2023-09-01,2025-07-31,0
C0022,2023-09-01,2025-08-31,0
C0022,2023-09-01,2025-09-30,0
C0022,2023-09-01,2025-10-31,0
C0022,2023-09-01,2025-11-30,0
C0022,2023-09-01,2025-12-31,23
C0023,2023-05-21,2023-05-31,17
C0023,2023-05-21,2023-06-30,0
C0023,2023-05-21,2023-07-31,0
C0023,2023-05-21,2023-08-31,0
C0023,2023-05-21,2023-09-30,0
C0023,2023-05-21,2023-10-31,0
C0023,2023-05-21,2023-11-30,8
C0023,2023-05-21,2023-12-31,0
C0023,2023-05-21,2024-01-31,0
C0023,2023-05-21,2024-02-29,0
C0023,2023-05-21,2024-03-31,0
C0023,2023-05-21,2024-04-30,0
C0023,2023-05-21,2024-05-31,0
C0023,2023-05-21,2024-06-30,0
C0023,2023-05-21,2024-07-31,22
C0023,2023-05-21,2024-08-31,59
C0023,2023-05-21,2024-09-30,25
C0023,2023-05-21,2024-10-31,0
C0023,2023-05-21,2024-11-30,0
C0023,2023-05-21,2024-12-31,0
C0023,2023-05-21,2025-01-31,0
C0023,2023-05-21,2025-02-28,0
C0023,2023-05-21,2025-03-31,0
C0023,2023-05-21,2025-04-30,28
C0023,2023-05-21,2025-05-31,47
C0023,2023-05-21,2025-06-30,0
C0023,2023-05-21,2025-07-31,0
C0023,2023-05-21,2025-08-31,0
C0023,2023-05-21,2025-09-30,20
C0023,2023-05-21,2025-10-31,0
C0023,2023-05-21,2025-11-30,0
C0023,2023-05-21,2025-12-31,23
C0024,2023-10-19,2023-10-31,0
C0024,2023-10-19,2023-11-30,0
C0024,2023-10-19,2023-12-31,17
C0024,2023-10-19,2024-01-31,0
C0024,2023-10-19,2024-02-29,0
C0024,2023-10-19,2024-03-31,50
C0024,2023-10-19,2024-04-30,0
C0024,2023-10-19,2024-05-31,0
C0024,2023-10-19,2024-06-30,0
C0024,2023-10-19,2024-07-31,0
C0024,2023-10-19,2024-08-31,0
C0024,2023-10-19,2024-09-30,0
C0024,2023-10-19,2024-10-31,0
C0024,2023-10-19,2024-11-30,0
C0024,2023-10-19,2024-12-31,0
C0024,2023-10-19,2025-01-31,0
C0024,2023-10-19,2025-02-28,0
C0024,2023-10-19,2025-03-31,0
C0024,2023-10-19,2025-04-30,27
C0024,2023-10-19,2025-05-31,0
C0024,2023-10-19,2025-06-30,0
C0024,2023-10-19,2025-07-31,0
C0024,2023-10-19,2025-08-31,0
C0024,2023-10-19,2025-09-30,0
C0024,2023-10-19,2025-10-31,0
C0024,2023-10-19,2025-11-30,0
C0024,2023-10-19,2025-12-31,0
C0025,2023-01-05,2023-01-31,0
C0025,2023-01-05,2023-02-28,0
C0025,2023-01-05,2023-03-31,0
C0025,2023-01-05,2023-04-30,0
C0025,2023-01-05,2023-05-31,0
C0025,2023-01-05,2023-06-30,0
C0025,2023-01-05,2023-07-31,0
C0025,2023-01-05,2023-08-31,0
C0025,2023-01-05,2023-09-30,16
C0025,2023-01-05,2023-10-31,0
C0025,2023-01-05,2023-11-30,0
C0025,2023-01-05,2023-12-31,0
C0025,2023-01-05,2024-01-31,0
C0025,2023-01-05,2024-02-29,0
C0025,2023-01-05,2024-03-31,0
C0025,2023-01-05,2024-04-30,0
C0025,2023-01-05,2024-05-31,0
C0025,2023-01-05,2024-06-30,0
C0025,2023-01-05,2024-07-31,0
C0025,2023-01-05,2024-08-31,0
C0025,2023-01-05,2024-09-30,0
C0025,2023-01-05,2024-10-31,0
C0025,2023-01-05,2024-11-30,0
C0025,2023-01-05,2024-12-31,0
C0025,2023-01-05,2025-01-31,14
C0025,2023-01-05,2025-02-28,0
C0025,2023-01-05,2025-03-31,0
C0025,2023-01-05,2025-04-30,6
C0025,2023-01-05,2025-05-31,0
C0025,2023-01-05,2025-06-30,0
C0025,2023-01-05,2025-07-31,0
C0025,2023-01-05,2025-08-31,0
C0025,2023-01-05,2025-09-30,0
C0025,2023-01-05,2025-10-31,0
C0025,2023-01-05,2025-11-30,0
C0025,2023-01-05,2025-12-31,0
C0026,2023-12-25,2023-12-31,0
C0026,2023-12-25,2024-01-31,0
C0026,2023-12-25,2024-02-29,0
C0026,2023-12-25,2024-03-31,0
C0026,2023-12-25,2024-04-30,0
C0026,2023-12-25,2024-05-31,0
C0026,2023-12-25,2024-06-30,0
C0026,2023-12-25,2024-07-31,0
C0026,2023-12-25,2024-08-31,0
C0026,2023-12-25,2024-09-30,0
C0026,2023-12-25,2024-10-31,0
C0026,2023-12-25,2024-11-30,0
C0026,2023-12-25,2024-12-31,0
C0026,2023-12-25,2025-01-31,0
C0026,2023-12-25,2025-02-28,0
C0026,2023-12-25,2025-03-31,64
C0026,2023-12-25,2025-04-30,21
C0026,2023-12-25,2025-05-31,0
C0026,2023-12-25,2025-06-30,0
C0026,2023-12-25,2025-07-31,0
C0026,2023-12-25,2025-08-31,0
C0026,2023-12-25,2025-09-30,0
C0026,2023-12-25,2025-10-31,0
C0026,2023-12-25,2025-11-30,0
C0026,2023-12-25,2025-12-31,23
C0027,2023-03-19,2023-03-31,15
C0027,2023-03-19,2023-04-30,57
C0027,2023-03-19,2023-05-31,65
C0027,2023-03-19,2023-06-30,113
C0028,2023-06-19,2023-06-30,0
C0028,2023-06-19,2023-07-31,0
C0028,2023-06-19,2023-08-31,0
C0028,2023-06-19,2023-09-30,5
C0028,2023-06-19,2023-10-31,0
C0028,2023-06-19,2023-11-30,0
C0028,2023-06-19,2023-12-31,0
C0028,2023-06-19,2024-01-31,0
C0028,2023-06-19,2024-02-29,0
C0028,2023-06-19,2024-03-31,0
C0028,2023-06-19,2024-04-30,0
C0028,2023-06-19,2024-05-31,0
C0028,2023-06-19,2024-06-30,0
C0028,2023-06-19,2024-07-31,0
C0028,2023-06-19,2024-08-31,0
C0028,2023-06-19,2024-09-30,0
C0028,2023-06-19,2024-10-31,0
C0028,2023-06-19,2024-11-30,0
C0028,2023-06-19,2024-12-31,0
C0028,2023-06-19,2025-01-31,0
C0028,2023-06-19,2025-02-28,72
C0028,2023-06-19,2025-03-31,0
C0028,2023-06-19,2025-04-30,0
C0028,2023-06-19,2025-05-31,0
C0028,2023-06-19,2025-06-30,0
C0028,2023-06-19,2025-07-31,0
C0028,2023-06-19,2025-08-31,0
C0028,2023-06-19,2025-09-30,0
C0028,2023-06-19,2025-10-31,0
C0028,2023-06-19,2025-11-30,0
C0028,2023-06-19,2025-12-31,28
C0029,2023-12-18,2023-12-31,0
C0029,2023-12-18,2024-01-31,12
C0029,2023-12-18,2024-02-29,0
C0029,2023-12-18,2024-03-31,22
C0029,2023-12-18,2024-04-30,0
C0029,2023-12-18,2024-05-31,0
C0029,2023-12-18,2024-06-30,5
C0029,2023-12-18,2024-07-31,0
C0029,2023-12-18,2024-08-31,0
C0029,2023-12-18,2024-09-30,0
C0029,2023-12-18,2024-10-31,0
C0029,2023-12-18,2024-11-30,0
C0029,2023-12-18,2024-12-31,13
C0029,2023-12-18,2025-01-31,39
C0029,2023-12-18,2025-02-28,67
C0029,2023-12-18,2025-03-31,97
C0030,2024-02-19,2024-02-29,0
C0030,2024-02-19,2024-03-31,0
C0030,2024-02-19,2024-04-30,0
C0030,2024-02-19,2024-05-31,0
C0030,2024-02-19,2024-06-30,0
C0030,2024-02-19,2024-07-31,0
C0030,2024-02-19,2024-08-31,0
C0030,2024-02-19,2024-09-30,0
C0030,2024-02-19,2024-10-31,0
C0030,2024-02-19,2024-11-30,0
C0030,2024-02-19,2024-12-31,0
C0030,2024-02-19,2025-01-31,0
C0030,2024-02-19,2025-02-28,0
C0030,2024-02-19,2025-03-31,0
C0030,2024-02-19,2025-04-30,1
C0030,2024-02-19,2025-05-31,0
C0030,2024-02-19,2025-06-30,4
C0030,2024-02-19,2025-07-31,84
C0030,2024-02-19,2025-08-31,0
C0030,2024-02-19,2025-09-30,0
C0030,2024-02-19,2025-10-31,0
C0030,2024-02-19,2025-11-30,0
C0030,2024-02-19,2025-12-31,0
C0031,2023-10-05,2023-10-31,0
C0031,2023-10-05,2023-11-30,15
C0031,2023-10-05,2023-12-31,24
C0031,2023-10-05,2024-01-31,0
C0031,2023-10-05,2024-02-29,0
C0031,2023-10-05,2024-03-31,0
C0031,2023-10-05,2024-04-30,0
C0031,2023-10-05,2024-05-31,0
C0031,2023-10-05,2024-06-30,0
C0031,2023-10-05,2024-07-31,0
C0031,2023-10-05,2024-08-31,0
C0031,2023-10-05,2024-09-30,0
C0031,2023-10-05,2024-10-31,0
C0031,2023-10-05,2024-11-30,0
C0031,2023-10-05,2024-12-31,10
C0031,2023-10-05,2025-01-31,0
C0031,2023-10-05,2025-02-28,0
C0031,2023-10-05,2025-03-31,0
C0031,2023-10-05,2025-04-30,0
C0031,2023-10-05,2025-05-31,0
C0031,2023-10-05,2025-06-30,8
C0031,2023-10-05,2025-07-31,0
C0031,2023-10-05,2025-08-31,0
C0031,2023-10-05,2025-09-30,0
C0031,2023-10-05,2025-10-31,12
C0031,2023-10-05,2025-11-30,0
C0031,2023-10-05,2025-12-31,5
C0032,2024-12-05,2024-12-31,0
C0032,2024-12-05,2025-01-31,0
C0032,2024-12-05,2025-02-28,0
C0032,2024-12-05,2025-03-31,0
C0032,2024-12-05,2025-04-30,0
C0032,2024-12-05,2025-05-31,22
C0032,2024-12-05,2025-06-30,1
C0032,2024-12-05,2025-07-31,0
C0032,2024-12-05,2025-08-31,43
C0032,2024-12-05,2025-09-30,0
C0032,2024-12-05,2025-10-31,1
C0032,2024-12-05,2025-11-30,23
C0032,2024-12-05,2025-12-31,0
C0033,2024-03-21,2024-03-31,0
C0033,2024-03-21,2024-04-30,0
C0033,2024-03-21,2024-05-31,0
C0033,2024-03-21,2024-06-30,0
C0033,2024-03-21,2024-07-31,0
C0033,2024-03-21,2024-08-31,0
C0033,2024-03-21,2024-09-30,6
C0033,2024-03-21,2024-10-31,0
C0033,2024-03-21,2024-11-30,0
C0033,2024-03-21,2024-12-31,0
C0033,2024-03-21,2025-01-31,0
C0033,2024-03-21,2025-02-28,0
C0033,2024-03-21,2025-03-31,0
C0033,2024-03-21,2025-04-30,0
C0033,2024-03-21,2025-05-31,0
C0033,2024-03-21,2025-06-30,0
C0033,2024-03-21,2025-07-31,0
C0033,2024-03-21,2025-08-31,17
C0033,2024-03-21,2025-09-30,0
C0033,2024-03-21,2025-10-31,0
C0033,2024-03-21,2025-11-30,0
C0033,2024-03-21,2025-12-31,0
C0034,2024-05-07,2024-05-31,0
C0034,2024-05-07,2024-06-30,0
C0034,2024-05-07,2024-07-31,29
C0034,2024-05-07,2024-08-31,0
C0034,2024-05-07,2024-09-30,0
C0034,2024-05-07,2024-10-31,0
C0034,2024-05-07,2024-11-30,0
C0034,2024-05-07,2024-12-31,0
C0034,2024-05-07,2025-01-31,0
C0034,2024-05-07,2025-02-28,0
C0034,2024-05-07,2025-03-31,0
C0034,2024-05-07,2025-04-30,0
C0034,2024-05-07,2025-05-31,0
C0034,2024-05-07,2025-06-30,19
C0034,2024-05-07,2025-07-31,0
C0034,2024-05-07,2025-08-31,0
C0034,2024-05-07,2025-09-30,0
C0034,2024-05-07,2025-10-31,0
C0034,2024-05-07,2025-11-30,0
C0034,2024-05-07,2025-12-31,0
C0035,2023-06-19,2023-06-30,0
C0035,2023-06-19,2023-07-31,7
C0035,2023-06-19,2023-08-31,0
C0035,2023-06-19,2023-09-30,0
C0035,2023-06-19,2023-10-31,2
C0035,2023-06-19,2023-11-30,0
C0035,2023-06-19,2023-12-31,0
C0035,2023-06-19,2024-01-31,0
C0035,2023-06-19,2024-02-29,0
C0035,2023-06-19,2024-03-31,0
C0035,2023-06-19,2024-04-30,0
C0035,2023-06-19,2024-05-31,0
C0035,2023-06-19,2024-06-30,0
C0035,2023-06-19,2024-07-31,0
C0035,2023-06-19,2024-08-31,0
C0035,2023-06-19,2024-09-30,24
C0035,2023-06-19,2024-10-31,48
C0035,2023-06-19,2024-11-30,74
C0035,2023-06-19,2024-12-31,92
C0036,2024-12-14,2024-12-31,0
C0036,2024-12-14,2025-01-31,49
C0036,2024-12-14,2025-02-28,0
C0036,2024-12-14,2025-03-31,0
C0036,2024-12-14,2025-04-30,0
C0036,2024-12-14,2025-05-31,7
C0036,2024-12-14,2025-06-30,0
C0036,2024-12-14,2025-07-31,0
C0036,2024-12-14,2025-08-31,16
C0036,2024-12-14,2025-09-30,0
C0036,2024-12-14,2025-10-31,0
C0036,2024-12-14,2025-11-30,0
C0036,2024-12-14,2025-12-31,15
C0037,2023-05-20,2023-05-31,3
C0037,2023-05-20,2023-06-30,0
C0037,2023-05-20,2023-07-31,0
C0037,2023-05-20,2023-08-31,0
C0037,2023-05-20,2023-09-30,0
C0037,2023-05-20,2023-10-31,0
C0037,2023-05-20,2023-11-30,0
C0037,2023-05-20,2023-12-31,0
C0037,2023-05-20,2024-01-31,51
C0037,2023-05-20,2024-02-29,0
C0037,2023-05-20,2024-03-31,0
C0037,2023-05-20,2024-04-30,0
C0037,2023-05-20,2024-05-31,82
C0037,2023-05-20,2024-06-30,0
C0037,2023-05-20,2024-07-31,0
C0037,2023-05-20,2024-08-31,0
C0037,2023-05-20,2024-09-30,0
C0037,2023-05-20,2024-10-31,0
C0037,2023-05-20,2024-11-30,0
C0037,2023-05-20,2024-12-31,0
C0037,2023-05-20,2025-01-31,0
C0037,2023-05-20,2025-02-28,4
C0037,2023-05-20,2025-03-31,0
C0037,2023-05-20,2025-04-30,2
C0037,2023-05-20,2025-05-31,0
C0037,2023-05-20,2025-06-30,0
C0037,2023-05-20,2025-07-31,21
C0037,2023-05-20,2025-08-31,0
C0037,2023-05-20,2025-09-30,0
C0037,2023-05-20,2025-10-31,0
C0037,2023-05-20,2025-11-30,0
C0037,2023-05-20,2025-12-31,0
C0038,2023-12-23,2023-12-31,0
C0038,2023-12-23,2024-01-31,0
C0038,2023-12-23,2024-02-29,0
C0038,2023-12-23,2024-03-31,0
C0038,2023-12-23,2024-04-30,0
C0038,2023-12-23,2024-05-31,0
C0038,2023-12-23,2024-06-30,0
C0038,2023-12-23,2024-07-31,0
C0038,2023-12-23,2024-08-31,21
C0038,2023-12-23,2024-09-30,0
C0038,2023-12-23,2024-10-31,11
C0038,2023-12-23,2024-11-30,40
C0038,2023-12-23,2024-12-31,80
C0038,2023-12-23,2025-01-31,115
C0039,2025-05-21,2025-05-31,0
C0039,2025-05-21,2025-06-30,27
C0039,2025-05-21,2025-07-31,0
C0039,2025-05-21,2025-08-31,0
C0039,2025-05-21,2025-09-30,0
C0039,2025-05-21,2025-10-31,0
C0039,2025-05-21,2025-11-30,5
C0039,2025-05-21,2025-12-31,0
C0040,2025-02-04,2025-02-28,0
C0040,2025-02-04,2025-03-31,17
C0040,2025-02-04,2025-04-30,0
C0040,2025-02-04,2025-05-31,0
C0040,2025-02-04,2025-06-30,0
C0040,2025-02-04,2025-07-31,0
C0040,2025-02-04,2025-08-31,0
C0040,2025-02-04,2025-09-30,0
C0040,2025-02-04,2025-10-31,0
C0040,2025-02-04,2025-11-30,0
C0040,2025-02-04,2025-12-31,0
C0041,2023-10-25,2023-10-31,0
C0041,2023-10-25,2023-11-30,0
C0041,2023-10-25,2023-12-31,0
C0041,2023-10-25,2024-01-31,0
C0041,2023-10-25,2024-02-29,0
C0041,2023-10-25,2024-03-31,0
C0041,2023-10-25,2024-04-30,0
C0041,2023-10-25,2024-05-31,29
C0041,2023-10-25,2024-06-30,0
C0041,2023-10-25,2024-07-31,0
C0041,2023-10-25,2024-08-31,0
C0041,2023-10-25,2024-09-30,0
C0041,2023-10-25,2024-10-31,48
C0041,2023-10-25,2024-11-30,0
C0041,2023-10-25,2024-12-31,0
C0041,2023-10-25,2025-01-31,0
C0041,2023-10-25,2025-02-28,0
C0041,2023-10-25,2025-03-31,25
C0041,2023-10-25,2025-04-30,12
C0041,2023-10-25,2025-05-31,0
C0041,2023-10-25,2025-06-30,72
C0041,2023-10-25,2025-07-31,0
C0041,2023-10-25,2025-08-31,0
C0041,2023-10-25,2025-09-30,0
C0041,2023-10-25,2025-10-31,85
C0041,2023-10-25,2025-11-30,0
C0041,2023-10-25,2025-12-31,14
C0042,2024-03-21,2024-03-31,0
C0042,2024-03-21,2024-04-30,0
C0042,2024-03-21,2024-05-31,0
C0042,2024-03-21,2024-06-30,0
C0042,2024-03-21,2024-07-31,0
C0042,2024-03-21,2024-08-31,0
C0042,2024-03-21,2024-09-30,0
C0042,2024-03-21,2024-10-31,0
C0042,2024-03-21,2024-11-30,0
C0042,2024-03-21,2024-12-31,0
C0042,2024-03-21,2025-01-31,0
C0042,2024-03-21,2025-02-28,0
C0042,2024-03-21,2025-03-31,0
C0042,2024-03-21,2025-04-30,11
C0042,2024-03-21,2025-05-31,0
C0042,2024-03-21,2025-06-30,0
C0042,2024-03-21,2025-07-31,0
C0042,2024-03-21,2025-08-31,0
C0042,2024-03-21,2025-09-30,0
C0042,2024-03-21,2025-10-31,0
C0042,2024-03-21,2025-11-30,0
C0042,2024-03-21,2025-12-31,0
C0043,2024-04-13,2024-04-30,0
C0043,2024-04-13,2024-05-31,0
C0043,2024-04-13,2024-06-30,27
C0043,2024-04-13,2024-07-31,13
C0043,2024-04-13,2024-08-31,0
C0043,2024-04-13,2024-09-30,27
C0043,2024-04-13,2024-10-31,79
C0043,2024-04-13,2024-11-30,0
C0043,2024-04-13,2024-12-31,0
C0043,2024-04-13,2025-01-31,0
C0043,2024-04-13,2025-02-28,0
C0043,2024-04-13,2025-03-31,0
C0043,2024-04-13,2025-04-30,0
C0043,2024-04-13,2025-05-31,0
C0043,2024-04-13,2025-06-30,0
C0043,2024-04-13,2025-07-31,0
C0043,2024-04-13,2025-08-31,0
C0043,2024-04-13,2025-09-30,0
C0043,2024-04-13,2025-10-31,0
C0043,2024-04-13,2025-11-30,0
C0043,2024-04-13,2025-12-31,0
C0044,2024-06-04,2024-06-30,0
C0044,2024-06-04,2024-07-31,0
C0044,2024-06-04,2024-08-31,15
C0044,2024-06-04,2024-09-30,0
C0044,2024-06-04,2024-10-31,0
C0044,2024-06-04,2024-11-30,0
C0044,2024-06-04,2024-12-31,0
C0044,2024-06-04,2025-01-31,58
C0044,2024-06-04,2025-02-28,0
C0044,2024-06-04,2025-03-31,0
C0044,2024-06-04,2025-04-30,43
C0044,2024-06-04,2025-05-31,0
C0044,2024-06-04,2025-06-30,2
C0044,2024-06-04,2025-07-31,0
C0044,2024-06-04,2025-08-31,86
C0044,2024-06-04,2025-09-30,0
C0044,2024-06-04,2025-10-31,22
C0044,2024-06-04,2025-11-30,0
C0044,2024-06-04,2025-12-31,0
C0045,2023-10-11,2023-10-31,0
C0045,2023-10-11,2023-11-30,0
C0045,2023-10-11,2023-12-31,0
C0045,2023-10-11,2024-01-31,0
C0045,2023-10-11,2024-02-29,0
C0045,2023-10-11,2024-03-31,46
C0045,2023-10-11,2024-04-30,0
C0045,2023-10-11,2024-05-31,0
C0045,2023-10-11,2024-06-30,0
C0045,2023-10-11,2024-07-31,0
C0045,2023-10-11,2024-08-31,0
C0045,2023-10-11,2024-09-30,0
C0045,2023-10-11,2024-10-31,62
C0045,2023-10-11,2024-11-30,0
C0045,2023-10-11,2024-12-31,0
C0045,2023-10-11,2025-01-31,0
C0045,2023-10-11,2025-02-28,0
C0045,2023-10-11,2025-03-31,23
C0045,2023-10-11,2025-04-30,38
C0045,2023-10-11,2025-05-31,86
C0045,2023-10-11,2025-06-30,98
C0046,2023-03-25,2023-03-31,0
C0046,2023-03-25,2023-04-30,0
C0046,2023-03-25,2023-05-31,11
C0046,2023-03-25,2023-06-30,0
C0046,2023-03-25,2023-07-31,0
C0046,2023-03-25,2023-08-31,0
C0046,2023-03-25,2023-09-30,0
C0046,2023-03-25,2023-10-31,0
C0046,2023-03-25,2023-11-30,0
C0046,2023-03-25,2023-12-31,0
C0046,2023-03-25,2024-01-31,0
C0046,2023-03-25,2024-02-29,0
C0046,2023-03-25,2024-03-31,0
C0046,2023-03-25,2024-04-30,8
C0046,2023-03-25,2024-05-31,29
C0046,2023-03-25,2024-06-30,3
C0046,2023-03-25,2024-07-31,0
C0046,2023-03-25,2024-08-31,0
C0046,2023-03-25,2024-09-30,0
C0046,2023-03-25,2024-10-31,0
C0046,2023-03-25,2024-11-30,19
C0046,2023-03-25,2024-12-31,28
C0046,2023-03-25,2025-01-31,27
C0046,2023-03-25,2025-02-28,0
C0046,2023-03-25,2025-03-31,0
C0046,2023-03-25,2025-04-30,0
C0046,2023-03-25,2025-05-31,4
C0046,2023-03-25,2025-06-30,0
C0046,2023-03-25,2025-07-31,0
C0046,2023-03-25,2025-08-31,0
C0046,2023-03-25,2025-09-30,26
C0046,2023-03-25,2025-10-31,0
C0046,2023-03-25,2025-11-30,10
C0046,2023-03-25,2025-12-31,0
C0047,2023-11-21,2023-11-30,0
C0047,2023-11-21,2023-12-31,0
C0047,2023-11-21,2024-01-31,29
C0047,2023-11-21,2024-02-29,0
C0047,2023-11-21,2024-03-31,0
C0047,2023-11-21,2024-04-30,0
C0047,2023-11-21,2024-05-31,0
C0047,2023-11-21,2024-06-30,0
C0047,2023-11-21,2024-07-31,0
C0047,2023-11-21,2024-08-31,0
C0047,2023-11-21,2024-09-30,0
C0047,2023-11-21,2024-10-31,0
C0047,2023-11-21,2024-11-30,0
C0047,2023-11-21,2024-12-31,0
C0047,2023-11-21,2025-01-31,0
C0047,2023-11-21,2025-02-28,0
C0047,2023-11-21,2025-03-31,28
C0047,2023-11-21,2025-04-30,0
C0047,2023-11-21,2025-05-31,29
C0047,2023-11-21,2025-06-30,0
C0047,2023-11-21,2025-07-31,0
C0047,2023-11-21,2025-08-31,0
C0047,2023-11-21,2025-09-30,46
C0047,2023-11-21,2025-10-31,0
C0047,2023-11-21,2025-11-30,0
C0047,2023-11-21,2025-12-31,0
C0048,2024-10-26,2024-10-31,14
C0048,2024-10-26,2024-11-30,58
C0048,2024-10-26,2024-12-31,0
C0048,2024-10-26,2025-01-31,0
C0048,2024-10-26,2025-02-28,0
C0048,2024-10-26,2025-03-31,0
C0048,2024-10-26,2025-04-30,0
C0048,2024-10-26,2025-05-31,24
C0048,2024-10-26,2025-06-30,40
C0048,2024-10-26,2025-07-31,85
C0048,2024-10-26,2025-08-31,91
C0049,2025-05-04,2025-05-31,0
C0049,2025-05-04,2025-06-30,0
C0049,2025-05-04,2025-07-31,0
C0049,2025-05-04,2025-08-31,0
C0049,2025-05-04,2025-09-30,0
C0049,2025-05-04,2025-10-31,0
C0049,2025-05-04,2025-11-30,0
C0049,2025-05-04,2025-12-31,0
C0050,2025-03-03,2025-03-31,0
C0050,2025-03-03,2025-04-30,0
C0050,2025-03-03,2025-05-31,45
C0050,2025-03-03,2025-06-30,20
C0050,2025-03-03,2025-07-31,0
C0050,2025-03-03,2025-08-31,0
C0050,2025-03-03,2025-09-30,30
C0050,2025-03-03,2025-10-31,0
C0050,2025-03-03,2025-11-30,0
C0050,2025-03-03,2025-12-31,0
C0051,2023-03-17,2023-03-31,0
C0051,2023-03-17,2023-04-30,16
C0051,2023-03-17,2023-05-31,0
C0051,2023-03-17,2023-06-30,0
C0051,2023-03-17,2023-07-31,0
C0051,2023-03-17,2023-08-31,0
C0051,2023-03-17,2023-09-30,0
C0051,2023-03-17,2023-10-31,0
C0051,2023-03-17,2023-11-30,0
C0051,2023-03-17,2023-12-31,0
C0051,2023-03-17,2024-01-31,0
C0051,2023-03-17,2024-02-29,0
C0051,2023-03-17,2024-03-31,26
C0051,2023-03-17,2024-04-30,0
C0051,2023-03-17,2024-05-31,0
C0051,2023-03-17,2024-06-30,0
C0051,2023-03-17,2024-07-31,0
C0051,2023-03-17,2024-08-31,0
C0051,2023-03-17,2024-09-30,0
C0051,2023-03-17,2024-10-31,0
C0051,2023-03-17,2024-11-30,0
C0051,2023-03-17,2024-12-31,0
C0051,2023-03-17,2025-01-31,0
C0051,2023-03-17,2025-02-28,0
C0051,2023-03-17,2025-03-31,0
C0051,2023-03-17,2025-04-30,0
C0051,2023-03-17,2025-05-31,0
C0051,2023-03-17,2025-06-30,0
C0051,2023-03-17,2025-07-31,0
C0051,2023-03-17,2025-08-31,0
C0051,2023-03-17,2025-09-30,0
C0051,2023-03-17,2025-10-31,0
C0051,2023-03-17,2025-11-30,0
C0051,2023-03-17,2025-12-31,0
C0052,2024-01-25,2024-01-31,0
C0052,2024-01-25,2024-02-29,0
C0052,2024-01-25,2024-03-31,0
C0052,2024-01-25,2024-04-30,0
C0052,2024-01-25,2024-05-31,0
C0052,2024-01-25,2024-06-30,74
C0052,2024-01-25,2024-07-31,0
C0052,2024-01-25,2024-08-31,0
C0052,2024-01-25,2024-09-30,0
C0052,2024-01-25,2024-10-31,0
C0052,2024-01-25,2024-11-30,0
C0052,2024-01-25,2024-12-31,0
C0052,2024-01-25,2025-01-31,0
C0052,2024-01-25,2025-02-28,0
C0052,2024-01-25,2025-03-31,0
C0052,2024-01-25,2025-04-30,0
C0052,2024-01-25,2025-05-31,0
C0052,2024-01-25,2025-06-30,0
C0052,2024-01-25,2025-07-31,0
C0052,2024-01-25,2025-08-31,0
C0052,2024-01-25,2025-09-30,0
C0052,2024-01-25,2025-10-31,0
C0052,2024-01-25,2025-11-30,0
C0052,2024-01-25,2025-12-31,0
C0053,2024-05-08,2024-05-31,0
C0053,2024-05-08,2024-06-30,0
C0053,2024-05-08,2024-07-31,7
C0053,2024-05-08,2024-08-31,0
C0053,2024-05-08,2024-09-30,0
C0053,2024-05-08,2024-10-31,8
C0053,2024-05-08,2024-11-30,0
C0053,2024-05-08,2024-12-31,0
C0053,2024-05-08,2025-01-31,0
C0053,2024-05-08,2025-02-28,0
C0053,2024-05-08,2025-03-31,0
C0053,2024-05-08,2025-04-30,4
C0053,2024-05-08,2025-05-31,0
C0053,2024-05-08,2025-06-30,0
C0053,2024-05-08,2025-07-31,0
C0053,2024-05-08,2025-08-31,0
C0053,2024-05-08,2025-09-30,0
C0053,2024-05-08,2025-10-31,0
C0053,2024-05-08,2025-11-30,0
C0053,2024-05-08,2025-12-31,0
C0054,2023-12-13,2023-12-31,0
C0054,2023-12-13,2024-01-31,0
C0054,2023-12-13,2024-02-29,0
C0054,2023-12-13,2024-03-31,0
C0054,2023-12-13,2024-04-30,21
C0054,2023-12-13,2024-05-31,0
C0054,2023-12-13,2024-06-30,0
C0054,2023-12-13,2024-07-31,0
C0054,2023-12-13,2024-08-31,0
C0054,2023-12-13,2024-09-30,0
C0054,2023-12-13,2024-10-31,68
C0054,2023-12-13,2024-11-30,0
C0054,2023-12-13,2024-12-31,0
C0054,2023-12-13,2025-01-31,0
C0054,2023-12-13,2025-02-28,0
C0054,2023-12-13,2025-03-31,0
C0054,2023-12-13,2025-04-30,0
C0054,2023-12-13,2025-05-31,17
C0054,2023-12-13,2025-06-30,26
C0054,2023-12-13,2025-07-31,0
C0054,2023-12-13,2025-08-31,0
C0054,2023-12-13,2025-09-30,0
C0054,2023-12-13,2025-10-31,0
C0054,2023-12-13,2025-11-30,83
C0054,2023-12-13,2025-12-31,0
C0055,2024-07-09,2024-07-31,0
C0055,2024-07-09,2024-08-31,0
C0055,2024-07-09,2024-09-30,2
C0055,2024-07-09,2024-10-31,0
C0055,2024-07-09,2024-11-30,0
C0055,2024-07-09,2024-12-31,85
C0055,2024-07-09,2025-01-31,12
C0055,2024-07-09,2025-02-28,0
C0055,2024-07-09,2025-03-31,0
C0055,2024-07-09,2025-04-30,1
C0055,2024-07-09,2025-05-31,0
C0055,2024-07-09,2025-06-30,0
C0055,2024-07-09,2025-07-31,23
C0055,2024-07-09,2025-08-31,0
C0055,2024-07-09,2025-09-30,0
C0055,2024-07-09,2025-10-31,0
C0055,2024-07-09,2025-11-30,0
C0055,2024-07-09,2025-12-31,0
C0056,2023-09-22,2023-09-30,0
C0056,2023-09-22,2023-10-31,0
C0056,2023-09-22,2023-11-30,0
C0056,2023-09-22,2023-12-31,0
C0056,2023-09-22,2024-01-31,0
C0056,2023-09-22,2024-02-29,0
C0056,2023-09-22,2024-03-31,31
C0056,2023-09-22,2024-04-30,5
C0056,2023-09-22,2024-05-31,0
C0056,2023-09-22,2024-06-30,0
C0056,2023-09-22,2024-07-31,0
C0056,2023-09-22,2024-08-31,44
C0056,2023-09-22,2024-09-30,0
C0056,2023-09-22,2024-10-31,22
C0056,2023-09-22,2024-11-30,0
C0056,2023-09-22,2024-12-31,0
C0056,2023-09-22,2025-01-31,0
C0056,2023-09-22,2025-02-28,1
C0056,2023-09-22,2025-03-31,0
C0056,2023-09-22,2025-04-30,0
C0056,2023-09-22,2025-05-31,54
C0056,2023-09-22,2025-06-30,0
C0056,2023-09-22,2025-07-31,0
C0056,2023-09-22,2025-08-31,0
C0056,2023-09-22,2025-09-30,0
C0056,2023-09-22,2025-10-31,0
C0056,2023-09-22,2025-11-30,0
C0056,2023-09-22,2025-12-31,12
C0057,2024-12-28,2024-12-31,0
C0057,2024-12-28,2025-01-31,0
C0057,2024-12-28,2025-02-28,0
C0057,2024-12-28,2025-03-31,68
C0057,2024-12-28,2025-04-30,0
C0057,2024-12-28,2025-05-31,29
C0057,2024-12-28,2025-06-30,0
C0057,2024-12-28,2025-07-31,0
C0057,2024-12-28,2025-08-31,0
C0057,2024-12-28,2025-09-30,0
C0057,2024-12-28,2025-10-31,0
C0057,2024-12-28,2025-11-30,0
C0057,2024-12-28,2025-12-31,0
C0058,2024-08-21,2024-08-31,0
C0058,2024-08-21,2024-09-30,0
C0058,2024-08-21,2024-10-31,0
C0058,2024-08-21,2024-11-30,36
C0058,2024-08-21,2024-12-31,0
C0058,2024-08-21,2025-01-31,0
C0058,2024-08-21,2025-02-28,0
C0058,2024-08-21,2025-03-31,0
C0058,2024-08-21,2025-04-30,0
C0058,2024-08-21,2025-05-31,0
C0058,2024-08-21,2025-06-30,0
C0058,2024-08-21,2025-07-31,0
C0058,2024-08-21,2025-08-31,0
C0058,2024-08-21,2025-09-30,0
C0058,2024-08-21,2025-10-31,30
C0058,2024-08-21,2025-11-30,0
C0058,2024-08-21,2025-12-31,0
C0059,2023-06-05,2023-06-30,0
C0059,2023-06-05,2023-07-31,0
C0059,2023-06-05,2023-08-31,40
C0059,2023-06-05,2023-09-30,0
C0059,2023-06-05,2023-10-31,0
C0059,2023-06-05,2023-11-30,0
C0059,2023-06-05,2023-12-31,8
C0059,2023-06-05,2024-01-31,0
C0059,2023-06-05,2024-02-29,0
C0059,2023-06-05,2024-03-31,0
C0059,2023-06-05,2024-04-30,1
C0059,2023-06-05,2024-05-31,0
C0059,2023-06-05,2024-06-30,0
C0059,2023-06-05,2024-07-31,0
C0059,2023-06-05,2024-08-31,0
C0059,2023-06-05,2024-09-30,0
C0059,2023-06-05,2024-10-31,0
C0059,2023-06-05,2024-11-30,65
C0059,2023-06-05,2024-12-31,0
C0059,2023-06-05,2025-01-31,25
C0059,2023-06-05,2025-02-28,9
C0059,2023-06-05,2025-03-31,0
C0059,2023-06-05,2025-04-30,0
C0059,2023-06-05,2025-05-31,0
C0059,2023-06-05,2025-06-30,0
C0059,2023-06-05,2025-07-31,0
C0059,2023-06-05,2025-08-31,19
C0059,2023-06-05,2025-09-30,0
C0059,2023-06-05,2025-10-31,0
C0059,2023-06-05,2025-11-30,0
C0059,2023-06-05,2025-12-31,0
C0060,2023-11-01,2023-11-30,0
C0060,2023-11-01,2023-12-31,0
C0060,2023-11-01,2024-01-31,0
C0060,2023-11-01,2024-02-29,0
C0060,2023-11-01,2024-03-31,0
C0060,2023-11-01,2024-04-30,0
C0060,2023-11-01,2024-05-31,0
C0060,2023-11-01,2024-06-30,0
C0060,2023-11-01,2024-07-31,0
C0060,2023-11-01,2024-08-31,0
C0060,2023-11-01,2024-09-30,0
C0060,2023-11-01,2024-10-31,12
C0060,2023-11-01,2024-11-30,43
C0060,2023-11-01,2024-12-31,73
C0060,2023-11-01,2025-01-31,110
C0061,2025-02-08,2025-02-28,0
C0061,2025-02-08,2025-03-31,0
C0061,2025-02-08,2025-04-30,0
C0061,2025-02-08,2025-05-31,0
C0061,2025-02-08,2025-06-30,0
C0061,2025-02-08,2025-07-31,0
C0061,2025-02-08,2025-08-31,0
C0061,2025-02-08,2025-09-30,0
C0061,2025-02-08,2025-10-31,0
C0061,2025-02-08,2025-11-30,0
C0061,2025-02-08,2025-12-31,0
C0062,2025-03-11,2025-03-31,25
C0062,2025-03-11,2025-04-30,57
C0062,2025-03-11,2025-05-31,70
C0062,2025-03-11,2025-06-30,93
C0063,2024-09-13,2024-09-30,0
C0063,2024-09-13,2024-10-31,0
C0063,2024-09-13,2024-11-30,0
C0063,2024-09-13,2024-12-31,0
C0063,2024-09-13,2025-01-31,0
C0063,2024-09-13,2025-02-28,0
C0063,2024-09-13,2025-03-31,0
C0063,2024-09-13,2025-04-30,0
C0063,2024-09-13,2025-05-31,0
C0063,2024-09-13,2025-06-30,0
C0063,2024-09-13,2025-07-31,0
C0063,2024-09-13,2025-08-31,0
C0063,2024-09-13,2025-09-30,0
C0063,2024-09-13,2025-10-31,0
C0063,2024-09-13,2025-11-30,0
C0063,2024-09-13,2025-12-31,0
C0064,2024-01-07,2024-01-31,0
C0064,2024-01-07,2024-02-29,0
C0064,2024-01-07,2024-03-31,20
C0064,2024-01-07,2024-04-30,0
C0064,2024-01-07,2024-05-31,0
C0064,2024-01-07,2024-06-30,0
C0064,2024-01-07,2024-07-31,0
C0064,2024-01-07,2024-08-31,0
C0064,2024-01-07,2024-09-30,52
C0064,2024-01-07,2024-10-31,0
C0064,2024-01-07,2024-11-30,0
C0064,2024-01-07,2024-12-31,0
C0064,2024-01-07,2025-01-31,0
C0064,2024-01-07,2025-02-28,0
C0064,2024-01-07,2025-03-31,0
C0064,2024-01-07,2025-04-30,0
C0064,2024-01-07,2025-05-31,24
C0064,2024-01-07,2025-06-30,0
C0064,2024-01-07,2025-07-31,0
C0064,2024-01-07,2025-08-31,0
C0064,2024-01-07,2025-09-30,0
C0064,2024-01-07,2025-10-31,28
C0064,2024-01-07,2025-11-30,0
C0064,2024-01-07,2025-12-31,0
C0065,2024-07-04,2024-07-31,0
C0065,2024-07-04,2024-08-31,0
C0065,2024-07-04,2024-09-30,0
C0065,2024-07-04,2024-10-31,1
C0065,2024-07-04,2024-11-30,0
C0065,2024-07-04,2024-12-31,0
C0065,2024-07-04,2025-01-31,0
C0065,2024-07-04,2025-02-28,0
C0065,2024-07-04,2025-03-31,0
C0065,2024-07-04,2025-04-30,0
C0065,2024-07-04,2025-05-31,0
C0065,2024-07-04,2025-06-30,0
C0065,2024-07-04,2025-07-31,0
C0065,2024-07-04,2025-08-31,0
C0065,2024-07-04,2025-09-30,62
C0065,2024-07-04,2025-10-31,32
C0065,2024-07-04,2025-11-30,88
C0065,2024-07-04,2025-12-31,106
C0066,2023-11-07,2023-11-30,0
C0066,2023-11-07,2023-12-31,0
C0066,2023-11-07,2024-01-31,0
C0066,2023-11-07,2024-02-29,13
C0066,2023-11-07,2024-03-31,0
C0066,2023-11-07,2024-04-30,0
C0066,2023-11-07,2024-05-31,3
C0066,2023-11-07,2024-06-30,0
C0066,2023-11-07,2024-07-31,0
C0066,2023-11-07,2024-08-31,0
C0066,2023-11-07,2024-09-30,0
C0066,2023-11-07,2024-10-31,0
C0066,2023-11-07,2024-11-30,28
C0066,2023-11-07,2024-12-31,0
C0066,2023-11-07,2025-01-31,0
C0066,2023-11-07,2025-02-28,0
C0066,2023-11-07,2025-03-31,18
C0066,2023-11-07,2025-04-30,0
C0066,2023-11-07,2025-05-31,0
C0066,2023-11-07,2025-06-30,0
C0066,2023-11-07,2025-07-31,0
C0066,2023-11-07,2025-08-31,0
C0066,2023-11-07,2025-09-30,0
C0066,2023-11-07,2025-10-31,0
C0066,2023-11-07,2025-11-30,82
C0066,2023-11-07,2025-12-31,0
C0067,2023-08-22,2023-08-31,42
C0067,2023-08-22,2023-09-30,0
C0067,2023-08-22,2023-10-31,0
C0067,2023-08-22,2023-11-30,0
C0067,2023-08-22,2023-12-31,0
C0067,2023-08-22,2024-01-31,0
C0067,2023-08-22,2024-02-29,12
C0067,2023-08-22,2024-03-31,0
C0067,2023-08-22,2024-04-30,0
C0067,2023-08-22,2024-05-31,0
C0067,2023-08-22,2024-06-30,13
C0067,2023-08-22,2024-07-31,0
C0067,2023-08-22,2024-08-31,51
C0067,2023-08-22,2024-09-30,67
C0067,2023-08-22,2024-10-31,0
C0067,2023-08-22,2024-11-30,0
C0067,2023-08-22,2024-12-31,0
C0067,2023-08-22,2025-01-31,0
C0067,2023-08-22,2025-02-28,0
C0067,2023-08-22,2025-03-31,0
C0067,2023-08-22,2025-04-30,21
C0067,2023-08-22,2025-05-31,6
C0067,2023-08-22,2025-06-30,0
C0067,2023-08-22,2025-07-31,0
C0067,2023-08-22,2025-08-31,0
C0067,2023-08-22,2025-09-30,0
C0067,2023-08-22,2025-10-31,0
C0067,2023-08-22,2025-11-30,0
C0067,2023-08-22,2025-12-31,0
C0068,2025-01-09,2025-01-31,23
C0068,2025-01-09,2025-02-28,47
C0068,2025-01-09,2025-03-31,0
C0068,2025-01-09,2025-04-30,11
C0068,2025-01-09,2025-05-31,0
C0068,2025-01-09,2025-06-30,0
C0068,2025-01-09,2025-07-31,0
C0068,2025-01-09,2025-08-31,0
C0068,2025-01-09,2025-09-30,0
C0068,2025-01-09,2025-10-31,0
C0068,2025-01-09,2025-11-30,0
C0068,2025-01-09,2025-12-31,0
C0069,2023-10-14,2023-10-31,0
C0069,2023-10-14,2023-11-30,0
C0069,2023-10-14,2023-12-31,0
C0069,2023-10-14,2024-01-31,0
C0069,2023-10-14,2024-02-29,0
C0069,2023-10-14,2024-03-31,0
C0069,2023-10-14,2024-04-30,0
C0069,2023-10-14,2024-05-31,39
C0069,2023-10-14,2024-06-30,25
C0069,2023-10-14,2024-07-31,0
C0069,2023-10-14,2024-08-31,0
C0069,2023-10-14,2024-09-30,0
C0069,2023-10-14,2024-10-31,0
C0069,2023-10-14,2024-11-30,14
C0069,2023-10-14,2024-12-31,0
C0069,2023-10-14,2025-01-31,0
C0069,2023-10-14,2025-02-28,0
C0069,2023-10-14,2025-03-31,0
C0069,2023-10-14,2025-04-30,0
C0069,2023-10-14,2025-05-31,0
C0069,2023-10-14,2025-06-30,0
C0069,2023-10-14,2025-07-31,0
C0069,2023-10-14,2025-08-31,57
C0069,2023-10-14,2025-09-30,0
C0069,2023-10-14,2025-10-31,0
C0069,2023-10-14,2025-11-30,0
C0069,2023-10-14,2025-12-31,20
C0070,2024-06-28,2024-06-30,0
C0070,2024-06-28,2024-07-31,0
C0070,2024-06-28,2024-08-31,0
C0070,2024-06-28,2024-09-30,0
C0070,2024-06-28,2024-10-31,0
C0070,2024-06-28,2024-11-30,0
C0070,2024-06-28,2024-12-31,0
C0070,2024-06-28,2025-01-31,0
C0070,2024-06-28,2025-02-28,0
C0070,2024-06-28,2025-03-31,0
C0070,2024-06-28,2025-04-30,0
C0070,2024-06-28,2025-05-31,0
C0070,2024-06-28,2025-06-30,0
C0070,2024-06-28,2025-07-31,0
C0070,2024-06-28,2025-08-31,0
C0070,2024-06-28,2025-09-30,0
C0070,2024-06-28,2025-10-31,0
C0070,2024-06-28,2025-11-30,0
C0070,2024-06-28,2025-12-31,0
C0071,2023-01-04,2023-01-31,0
C0071,2023-01-04,2023-02-28,0
C0071,2023-01-04,2023-03-31,0
C0071,2023-01-04,2023-04-30,0
C0071,2023-01-04,2023-05-31,0
C0071,2023-01-04,2023-06-30,18
C0071,2023-01-04,2023-07-31,0
C0071,2023-01-04,2023-08-31,29
C0071,2023-01-04,2023-09-30,0
C0071,2023-01-04,2023-10-31,0
C0071,2023-01-04,2023-11-30,0
C0071,2023-01-04,2023-12-31,0
C0071,2023-01-04,2024-01-31,0
C0071,2023-01-04,2024-02-29,52
C0071,2023-01-04,2024-03-31,0
C0071,2023-01-04,2024-04-30,0
C0071,2023-01-04,2024-05-31,0
C0071,2023-01-04,2024-06-30,0
C0071,2023-01-04,2024-07-31,0
C0071,2023-01-04,2024-08-31,0
C0071,2023-01-04,2024-09-30,0
C0071,2023-01-04,2024-10-31,0
C0071,2023-01-04,2024-11-30,0
C0071,2023-01-04,2024-12-31,0
C0071,2023-01-04,2025-01-31,47
C0071,2023-01-04,2025-02-28,0
C0071,2023-01-04,2025-03-31,0
C0071,2023-01-04,2025-04-30,0
C0071,2023-01-04,2025-05-31,0
C0071,2023-01-04,2025-06-30,0
C0071,2023-01-04,2025-07-31,0
C0071,2023-01-04,2025-08-31,0
C0071,2023-01-04,2025-09-30,0
C0071,2023-01-04,2025-10-31,0
C0071,2023-01-04,2025-11-30,16
C0071,2023-01-04,2025-12-31,0
C0072,2023-08-03,2023-08-31,0
C0072,2023-08-03,2023-09-30,0
C0072,2023-08-03,2023-10-31,0
C0072,2023-08-03,2023-11-30,9
C0072,2023-08-03,2023-12-31,0
C0072,2023-08-03,2024-01-31,0
C0072,2023-08-03,2024-02-29,31
C0072,2023-08-03,2024-03-31,0
C0072,2023-08-03,2024-04-30,0
C0072,2023-08-03,2024-05-31,26
C0072,2023-08-03,2024-06-30,0
C0072,2023-08-03,2024-07-31,0
C0072,2023-08-03,2024-08-31,23
C0072,2023-08-03,2024-09-30,0
C0072,2023-08-03,2024-10-31,8
C0072,2023-08-03,2024-11-30,0
C0072,2023-08-03,2024-12-31,23
C0072,2023-08-03,2025-01-31,0
C0072,2023-08-03,2025-02-28,0
C0072,2023-08-03,2025-03-31,0
C0072,2023-08-03,2025-04-30,0
C0072,2023-08-03,2025-05-31,0
C0072,2023-08-03,2025-06-30,0
C0072,2023-08-03,2025-07-31,0
C0072,2023-08-03,2025-08-31,0
C0072,2023-08-03,2025-09-30,0
C0072,2023-08-03,2025-10-31,0
C0072,2023-08-03,2025-11-30,0
C0072,2023-08-03,2025-12-31,50
C0073,2023-08-26,2023-08-31,79
C0073,2023-08-26,2023-09-30,0
C0073,2023-08-26,2023-10-31,0
C0073,2023-08-26,2023-11-30,0
C0073,2023-08-26,2023-12-31,0
C0073,2023-08-26,2024-01-31,0
C0073,2023-08-26,2024-02-29,0
C0073,2023-08-26,2024-03-31,0
C0073,2023-08-26,2024-04-30,0
C0073,2023-08-26,2024-05-31,0
C0073,2023-08-26,2024-06-30,0
C0073,2023-08-26,2024-07-31,37
C0073,2023-08-26,2024-08-31,0
C0073,2023-08-26,2024-09-30,0
C0073,2023-08-26,2024-10-31,0
C0073,2023-08-26,2024-11-30,0
C0073,2023-08-26,2024-12-31,0
C0073,2023-08-26,2025-01-31,0
C0073,2023-08-26,2025-02-28,0
C0073,2023-08-26,2025-03-31,0
C0073,2023-08-26,2025-04-30,0
C0073,2023-08-26,2025-05-31,0
C0073,2023-08-26,2025-06-30,50
C0073,2023-08-26,2025-07-31,0
C0073,2023-08-26,2025-08-31,0
C0073,2023-08-26,2025-09-30,0
C0073,2023-08-26,2025-10-31,0
C0073,2023-08-26,2025-11-30,16
C0073,2023-08-26,2025-12-31,0
C0074,2025-04-02,2025-04-30,0
C0074,2025-04-02,2025-05-31,23
C0074,2025-04-02,2025-06-30,0
C0074,2025-04-02,2025-07-31,0
C0074,2025-04-02,2025-08-31,0
C0074,2025-04-02,2025-09-30,0
C0074,2025-04-02,2025-10-31,0
C0074,2025-04-02,2025-11-30,0
C0074,2025-04-02,2025-12-31,12
C0075,2024-07-14,2024-07-31,85
C0075,2024-07-14,2024-08-31,71
C0075,2024-07-14,2024-09-30,110
C0076,2024-01-21,2024-01-31,0
C0076,2024-01-21,2024-02-29,0
C0076,2024-01-21,2024-03-31,0
C0076,2024-01-21,2024-04-30,0
C0076,2024-01-21,2024-05-31,0
C0076,2024-01-21,2024-06-30,0
C0076,2024-01-21,2024-07-31,0
C0076,2024-01-21,2024-08-31,0
C0076,2024-01-21,2024-09-30,0
C0076,2024-01-21,2024-10-31,0
C0076,2024-01-21,2024-11-30,0
C0076,2024-01-21,2024-12-31,0
C0076,2024-01-21,2025-01-31,44
C0076,2024-01-21,2025-02-28,0
C0076,2024-01-21,2025-03-31,13
C0076,2024-01-21,2025-04-30,0
C0076,2024-01-21,2025-05-31,0
C0076,2024-01-21,2025-06-30,0
C0076,2024-01-21,2025-07-31,0
C0076,2024-01-21,2025-08-31,0
C0076,2024-01-21,2025-09-30,0
C0076,2024-01-21,2025-10-31,0
C0076,2024-01-21,2025-11-30,0
C0076,2024-01-21,2025-12-31,5
C0077,2024-03-08,2024-03-31,0
C0077,2024-03-08,2024-04-30,0
C0077,2024-03-08,2024-05-31,0
C0077,2024-03-08,2024-06-30,67
C0077,2024-03-08,2024-07-31,0
C0077,2024-03-08,2024-08-31,2
C0077,2024-03-08,2024-09-30,0
C0077,2024-03-08,2024-10-31,0
C0077,2024-03-08,2024-11-30,0
C0077,2024-03-08,2024-12-31,0
C0077,2024-03-08,2025-01-31,0
C0077,2024-03-08,2025-02-28,0
C0077,2024-03-08,2025-03-31,0
C0077,2024-03-08,2025-04-30,0
C0077,2024-03-08,2025-05-31,0
C0077,2024-03-08,2025-06-30,0
C0077,2024-03-08,2025-07-31,0
C0077,2024-03-08,2025-08-31,0
C0077,2024-03-08,2025-09-30,0
C0077,2024-03-08,2025-10-31,54
C0077,2024-03-08,2025-11-30,0
C0077,2024-03-08,2025-12-31,0
C0078,2024-11-06,2024-11-30,63
C0078,2024-11-06,2024-12-31,0
C0078,2024-11-06,2025-01-31,0
C0078,2024-11-06,2025-02-28,0
C0078,2024-11-06,2025-03-31,0
C0078,2024-11-06,2025-04-30,0
C0078,2024-11-06,2025-05-31,0
C0078,2024-11-06,2025-06-30,0
C0078,2024-11-06,2025-07-31,0
C0078,2024-11-06,2025-08-31,0
C0078,2024-11-06,2025-09-30,0
C0078,2024-11-06,2025-10-31,0
C0078,2024-11-06,2025-11-30,0
C0078,2024-11-06,2025-12-31,0
C0079,2023-07-04,2023-07-31,0
C0079,2023-07-04,2023-08-31,0
C0079,2023-07-04,2023-09-30,0
C0079,2023-07-04,2023-10-31,0
C0079,2023-07-04,2023-11-30,0
C0079,2023-07-04,2023-12-31,0
C0079,2023-07-04,2024-01-31,0
C0079,2023-07-04,2024-02-29,0
C0079,2023-07-04,2024-03-31,0
C0079,2023-07-04,2024-04-30,0
C0079,2023-07-04,2024-05-31,0
C0079,2023-07-04,2024-06-30,0
C0079,2023-07-04,2024-07-31,0
C0079,2023-07-04,2024-08-31,0
C0079,2023-07-04,2024-09-30,50
C0079,2023-07-04,2024-10-31,0
C0079,2023-07-04,2024-11-30,0
C0079,2023-07-04,2024-12-31,0
C0079,2023-07-04,2025-01-31,0
C0079,2023-07-04,2025-02-28,0
C0079,2023-07-04,2025-03-31,0
C0079,2023-07-04,2025-04-30,0
C0079,2023-07-04,2025-05-31,0
C0079,2023-07-04,2025-06-30,0
C0079,2023-07-04,2025-07-31,0
C0079,2023-07-04,2025-08-31,87
C0079,2023-07-04,2025-09-30,0
C0079,2023-07-04,2025-10-31,0
C0079,2023-07-04,2025-11-30,0
C0079,2023-07-04,2025-12-31,0
C0080,2024-03-27,2024-03-31,87
C0080,2024-03-27,2024-04-30,0
C0080,2024-03-27,2024-05-31,0
C0080,2024-03-27,2024-06-30,0
C0080,2024-03-27,2024-07-31,0
C0080,2024-03-27,2024-08-31,0
C0080,2024-03-27,2024-09-30,0
C0080,2024-03-27,2024-10-31,0
C0080,2024-03-27,2024-11-30,0
C0080,2024-03-27,2024-12-31,13
C0080,2024-03-27,2025-01-31,0
C0080,2024-03-27,2025-02-28,19
C0080,2024-03-27,2025-03-31,39
C0080,2024-03-27,2025-04-30,26
C0080,2024-03-27,2025-05-31,29
C0080,2024-03-27,2025-06-30,0
C0080,2024-03-27,2025-07-31,0
C0080,2024-03-27,2025-08-31,0
C0080,2024-03-27,2025-09-30,4
C0080,2024-03-27,2025-10-31,0
C0080,2024-03-27,2025-11-30,0
C0080,2024-03-27,2025-12-31,0
C0081,2024-06-03,2024-06-30,0
C0081,2024-06-03,2024-07-31,0
C0081,2024-06-03,2024-08-31,0
C0081,2024-06-03,2024-09-30,0
C0081,2024-06-03,2024-10-31,0
C0081,2024-06-03,2024-11-30,0
C0081,2024-06-03,2024-12-31,0
C0081,2024-06-03,2025-01-31,59
C0081,2024-06-03,2025-02-28,0
C0081,2024-06-03,2025-03-31,0
C0081,2024-06-03,2025-04-30,0
C0081,2024-06-03,2025-05-31,0
C0081,2024-06-03,2025-06-30,0
C0081,2024-06-03,2025-07-31,0
C0081,2024-06-03,2025-08-31,45
C0081,2024-06-03,2025-09-30,0
C0081,2024-06-03,2025-10-31,0
C0081,2024-06-03,2025-11-30,0
C0081,2024-06-03,2025-12-31,0
C0082,2024-01-04,2024-01-31,0
C0082,2024-01-04,2024-02-29,25
C0082,2024-01-04,2024-03-31,27
C0082,2024-01-04,2024-04-30,36
C0082,2024-01-04,2024-05-31,74
C0082,2024-01-04,2024-06-30,113
C0083,2023-11-20,2023-11-30,21
C0083,2023-11-20,2023-12-31,0
C0083,2023-11-20,2024-01-31,0
C0083,2023-11-20,2024-02-29,0
C0083,2023-11-20,2024-03-31,0
C0083,2023-11-20,2024-04-30,47
C0083,2023-11-20,2024-05-31,0
C0083,2023-11-20,2024-06-30,0
C0083,2023-11-20,2024-07-31,0
C0083,2023-11-20,2024-08-31,0
C0083,2023-11-20,2024-09-30,0
C0083,2023-11-20,2024-10-31,41
C0083,2023-11-20,2024-11-30,18
C0083,2023-11-20,2024-12-31,50
C0083,2023-11-20,2025-01-31,69
C0083,2023-11-20,2025-02-28,111
C0084,2024-11-01,2024-11-30,0
C0084,2024-11-01,2024-12-31,26
C0084,2024-11-01,2025-01-31,0
C0084,2024-11-01,2025-02-28,0
C0084,2024-11-01,2025-03-31,0
C0084,2024-11-01,2025-04-30,0
C0084,2024-11-01,2025-05-31,0
C0084,2024-11-01,2025-06-30,10
C0084,2024-11-01,2025-07-31,0
C0084,2024-11-01,2025-08-31,45
C0084,2024-11-01,2025-09-30,0
C0084,2024-11-01,2025-10-31,0
C0084,2024-11-01,2025-11-30,19
C0084,2024-11-01,2025-12-31,0
C0085,2024-10-12,2024-10-31,0
C0085,2024-10-12,2024-11-30,0
C0085,2024-10-12,2024-12-31,0
C0085,2024-10-12,2025-01-31,0
C0085,2024-10-12,2025-02-28,0
C0085,2024-10-12,2025-03-31,16
C0085,2024-10-12,2025-04-30,33
C0085,2024-10-12,2025-05-31,81
C0085,2024-10-12,2025-06-30,97
C0086,2024-09-15,2024-09-30,27
C0086,2024-09-15,2024-10-31,37
C0086,2024-09-15,2024-11-30,55
C0086,2024-09-15,2024-12-31,0
C0086,2024-09-15,2025-01-31,0
C0086,2024-09-15,2025-02-28,0
C0086,2024-09-15,2025-03-31,0
C0086,2024-09-15,2025-04-30,0
C0086,2024-09-15,2025-05-31,0
C0086,2024-09-15,2025-06-30,0
C0086,2024-09-15,2025-07-31,0
C0086,2024-09-15,2025-08-31,0
C0086,2024-09-15,2025-09-30,0
C0086,2024-09-15,2025-10-31,0
C0086,2024-09-15,2025-11-30,0
C0086,2024-09-15,2025-12-31,0
C0087,2023-12-10,2023-12-31,0
C0087,2023-12-10,2024-01-31,0
C0087,2023-12-10,2024-02-29,0
C0087,2023-12-10,2024-03-31,0
C0087,2023-12-10,2024-04-30,0
C0087,2023-12-10,2024-05-31,0
C0087,2023-12-10,2024-06-30,18
C0087,2023-12-10,2024-07-31,0
C0087,2023-12-10,2024-08-31,0
C0087,2023-12-10,2024-09-30,16
C0087,2023-12-10,2024-10-31,42
C0087,2023-12-10,2024-11-30,70
C0087,2023-12-10,2024-12-31,117
C0088,2023-01-23,2023-01-31,28
C0088,2023-01-23,2023-02-28,5
C0088,2023-01-23,2023-03-31,0
C0088,2023-01-23,2023-04-30,0
C0088,2023-01-23,2023-05-31,0
C0088,2023-01-23,2023-06-30,12
C0088,2023-01-23,2023-07-31,0
C0088,2023-01-23,2023-08-31,0
C0088,2023-01-23,2023-09-30,72
C0088,2023-01-23,2023-10-31,50
C0088,2023-01-23,2023-11-30,0
C0088,2023-01-23,2023-12-31,0
C0088,2023-01-23,2024-01-31,85
C0088,2023-01-23,2024-02-29,0
C0088,2023-01-23,2024-03-31,0
C0088,2023-01-23,2024-04-30,0
C0088,2023-01-23,2024-05-31,0
C0088,2023-01-23,2024-06-30,0
C0088,2023-01-23,2024-07-31,11
C0088,2023-01-23,2024-08-31,59
C0088,2023-01-23,2024-09-30,88
C0088,2023-01-23,2024-10-31,98
C0089,2024-08-06,2024-08-31,0
C0089,2024-08-06,2024-09-30,0
C0089,2024-08-06,2024-10-31,0
C0089,2024-08-06,2024-11-30,12
C0089,2024-08-06,2024-12-31,0
C0089,2024-08-06,2025-01-31,0
C0089,2024-08-06,2025-02-28,0
C0089,2024-08-06,2025-03-31,26
C0089,2024-08-06,2025-04-30,0
C0089,2024-08-06,2025-05-31,0
C0089,2024-08-06,2025-06-30,0
C0089,2024-08-06,2025-07-31,0
C0089,2024-08-06,2025-08-31,0
C0089,2024-08-06,2025-09-30,19
C0089,2024-08-06,2025-10-31,0
C0089,2024-08-06,2025-11-30,0
C0089,2024-08-06,2025-12-31,0
C0090,2024-04-22,2024-04-30,0
C0090,2024-04-22,2024-05-31,27
C0090,2024-04-22,2024-06-30,0
C0090,2024-04-22,2024-07-31,0
C0090,2024-04-22,2024-08-31,0
C0090,2024-04-22,2024-09-30,0
C0090,2024-04-22,2024-10-31,0
C0090,2024-04-22,2024-11-30,0
C0090,2024-04-22,2024-12-31,0
C0090,2024-04-22,2025-01-31,28
C0090,2024-04-22,2025-02-28,82
C0090,2024-04-22,2025-03-31,0
C0090,2024-04-22,2025-04-30,0
C0090,2024-04-22,2025-05-31,0
C0090,2024-04-22,2025-06-30,0
C0090,2024-04-22,2025-07-31,0
C0090,2024-04-22,2025-08-31,0
C0090,2024-04-22,2025-09-30,0
C0090,2024-04-22,2025-10-31,0
C0090,2024-04-22,2025-11-30,0
C0090,2024-04-22,2025-12-31,12
C0091,2024-05-07,2024-05-31,0
C0091,2024-05-07,2024-06-30,19
C0091,2024-05-07,2024-07-31,27
C0091,2024-05-07,2024-08-31,0
C0091,2024-05-07,2024-09-30,0
C0091,2024-05-07,2024-10-31,0
C0091,2024-05-07,2024-11-30,0
C0091,2024-05-07,2024-12-31,0
C0091,2024-05-07,2025-01-31,0
C0091,2024-05-07,2025-02-28,0
C0091,2024-05-07,2025-03-31,0
C0091,2024-05-07,2025-04-30,0
C0091,2024-05-07,2025-05-31,0
C0091,2024-05-07,2025-06-30,0
C0091,2024-05-07,2025-07-31,0
C0091,2024-05-07,2025-08-31,0
C0091,2024-05-07,2025-09-30,51
C0091,2024-05-07,2025-10-31,19
C0091,2024-05-07,2025-11-30,32
C0091,2024-05-07,2025-12-31,0
C0092,2023-09-28,2023-09-30,38
C0092,2023-09-28,2023-10-31,53
C0092,2023-09-28,2023-11-30,88
C0092,2023-09-28,2023-12-31,106
C0093,2025-06-09,2025-06-30,54
C0093,2025-06-09,2025-07-31,62
C0093,2025-06-09,2025-08-31,103
C0094,2025-06-09,2025-06-30,8
C0094,2025-06-09,2025-07-31,29
C0094,2025-06-09,2025-08-31,0
C0094,2025-06-09,2025-09-30,23
C0094,2025-06-09,2025-10-31,0
C0094,2025-06-09,2025-11-30,16
C0094,2025-06-09,2025-12-31,0
C0095,2023-03-11,2023-03-31,21
C0095,2023-03-11,2023-04-30,0
C0095,2023-03-11,2023-05-31,3
C0095,2023-03-11,2023-06-30,0
C0095,2023-03-11,2023-07-31,0
C0095,2023-03-11,2023-08-31,0
C0095,2023-03-11,2023-09-30,0
C0095,2023-03-11,2023-10-31,2
C0095,2023-03-11,2023-11-30,1
C0095,2023-03-11,2023-12-31,0
C0095,2023-03-11,2024-01-31,0
C0095,2023-03-11,2024-02-29,0
C0095,2023-03-11,2024-03-31,14
C0095,2023-03-11,2024-04-30,0
C0095,2023-03-11,2024-05-31,0
C0095,2023-03-11,2024-06-30,29
C0095,2023-03-11,2024-07-31,0
C0095,2023-03-11,2024-08-31,35
C0095,2023-03-11,2024-09-30,0
C0095,2023-03-11,2024-10-31,0
C0095,2023-03-11,2024-11-30,0
C0095,2023-03-11,2024-12-31,0
C0095,2023-03-11,2025-01-31,0
C0095,2023-03-11,2025-02-28,0
C0095,2023-03-11,2025-03-31,0
C0095,2023-03-11,2025-04-30,0
C0095,2023-03-11,2025-05-31,31
C0095,2023-03-11,2025-06-30,0
C0095,2023-03-11,2025-07-31,37
C0095,2023-03-11,2025-08-31,0
C0095,2023-03-11,2025-09-30,0
C0095,2023-03-11,2025-10-31,0
C0095,2023-03-11,2025-11-30,0
C0095,2023-03-11,2025-12-31,0
C0096,2025-02-27,2025-02-28,0
C0096,2025-02-27,2025-03-31,58
C0096,2025-02-27,2025-04-30,0
C0096,2025-02-27,2025-05-31,0
C0096,2025-02-27,2025-06-30,0
C0096,2025-02-27,2025-07-31,0
C0096,2025-02-27,2025-08-31,0
C0096,2025-02-27,2025-09-30,0
C0096,2025-02-27,2025-10-31,0
C0096,2025-02-27,2025-11-30,17
C0096,2025-02-27,2025-12-31,0
C0097,2023-11-20,2023-11-30,0
C0097,2023-11-20,2023-12-31,0
C0097,2023-11-20,2024-01-31,0
C0097,2023-11-20,2024-02-29,0
C0097,2023-11-20,2024-03-31,0
C0097,2023-11-20,2024-04-30,9
C0097,2023-11-20,2024-05-31,0
C0097,2023-11-20,2024-06-30,0
C0097,2023-11-20,2024-07-31,0
C0097,2023-11-20,2024-08-31,0
C0097,2023-11-20,2024-09-30,23
C0097,2023-11-20,2024-10-31,40
C0097,2023-11-20,2024-11-30,70
C0097,2023-11-20,2024-12-31,103
C0098,2024-01-01,2024-01-31,0
C0098,2024-01-01,2024-02-29,29
C0098,2024-01-01,2024-03-31,0
C0098,2024-01-01,2024-04-30,0
C0098,2024-01-01,2024-05-31,0
C0098,2024-01-01,2024-06-30,7
C0098,2024-01-01,2024-07-31,34
C0098,2024-01-01,2024-08-31,0
C0098,2024-01-01,2024-09-30,0
C0098,2024-01-01,2024-10-31,0
C0098,2024-01-01,2024-11-30,0
C0098,2024-01-01,2024-12-31,0
C0098,2024-01-01,2025-01-31,0
C0098,2024-01-01,2025-02-28,0
C0098,2024-01-01,2025-03-31,0
C0098,2024-01-01,2025-04-30,0
C0098,2024-01-01,2025-05-31,0
C0098,2024-01-01,2025-06-30,0
C0098,2024-01-01,2025-07-31,0
C0098,2024-01-01,2025-08-31,0
C0098,2024-01-01,2025-09-30,0
C0098,2024-01-01,2025-10-31,0
C0098,2024-01-01,2025-11-30,0
C0098,2024-01-01,2025-12-31,0
C0099,2023-07-02,2023-07-31,0
C0099,2023-07-02,2023-08-31,0
C0099,2023-07-02,2023-09-30,0
C0099,2023-07-02,2023-10-31,0
C0099,2023-07-02,2023-11-30,0
C0099,2023-07-02,2023-12-31,25
C0099,2023-07-02,2024-01-31,0
C0099,2023-07-02,2024-02-29,0
C0099,2023-07-02,2024-03-31,0
C0099,2023-07-02,2024-04-30,0
C0099,2023-07-02,2024-05-31,0
C0099,2023-07-02,2024-06-30,8
C0099,2023-07-02,2024-07-31,9
C0099,2023-07-02,2024-08-31,0
C0099,2023-07-02,2024-09-30,0
C0099,2023-07-02,2024-10-31,0
C0099,2023-07-02,2024-11-30,0
C0099,2023-07-02,2024-12-31,0
C0099,2023-07-02,2025-01-31,0
C0099,2023-07-02,2025-02-28,0
C0099,2023-07-02,2025-03-31,0
C0099,2023-07-02,2025-04-30,0
C0099,2023-07-02,2025-05-31,0
C0099,2023-07-02,2025-06-30,22
C0099,2023-07-02,2025-07-31,4
C0099,2023-07-02,2025-08-31,0
C0099,2023-07-02,2025-09-30,0
C0099,2023-07-02,2025-10-31,0
C0099,2023-07-02,2025-11-30,0
C0099,2023-07-02,2025-12-31,0
C0100,2023-02-03,2023-02-28,0
C0100,2023-02-03,2023-03-31,0
C0100,2023-02-03,2023-04-30,0
C0100,2023-02-03,2023-05-31,26
C0100,2023-02-03,2023-06-30,0
C0100,2023-02-03,2023-07-31,0
C0100,2023-02-03,2023-08-31,0
C0100,2023-02-03,2023-09-30,0
C0100,2023-02-03,2023-10-31,0
C0100,2023-02-03,2023-11-30,0
C0100,2023-02-03,2023-12-31,0
C0100,2023-02-03,2024-01-31,0
C0100,2023-02-03,2024-02-29,0
C0100,2023-02-03,2024-03-31,48
C0100,2023-02-03,2024-04-30,0
C0100,2023-02-03,2024-05-31,0
C0100,2023-02-03,2024-06-30,0
C0100,2023-02-03,2024-07-31,0
C0100,2023-02-03,2024-08-31,0
C0100,2023-02-03,2024-09-30,0
C0100,2023-02-03,2024-10-31,0
C0100,2023-02-03,2024-11-30,0
C0100,2023-02-03,2024-12-31,0
C0100,2023-02-03,2025-01-31,0
C0100,2023-02-03,2025-02-28,0
C0100,2023-02-03,2025-03-31,60
C0100,2023-02-03,2025-04-30,0
C0100,2023-02-03,2025-05-31,0
C0100,2023-02-03,2025-06-30,59
C0100,2023-02-03,2025-07-31,0
C0100,2023-02-03,2025-08-31,0
C0100,2023-02-03,2025-09-30,33
C0100,2023-02-03,2025-10-31,0
C0100,2023-02-03,2025-11-30,0
C0100,2023-02-03,2025-12-31,27
C0101,2023-10-19,2023-10-31,0
C0101,2023-10-19,2023-11-30,19
C0101,2023-10-19,2023-12-31,34
C0101,2023-10-19,2024-01-31,62
C0101,2023-10-19,2024-02-29,107
C0102,2025-04-09,2025-04-30,0
C0102,2025-04-09,2025-05-31,49
C0102,2025-04-09,2025-06-30,0
C0102,2025-04-09,2025-07-31,51
C0102,2025-04-09,2025-08-31,0
C0102,2025-04-09,2025-09-30,0
C0102,2025-04-09,2025-10-31,0
C0102,2025-04-09,2025-11-30,0
C0102,2025-04-09,2025-12-31,0
C0103,2025-03-23,2025-03-31,0
C0103,2025-03-23,2025-04-30,0
C0103,2025-03-23,2025-05-31,0
C0103,2025-03-23,2025-06-30,0
C0103,2025-03-23,2025-07-31,0
C0103,2025-03-23,2025-08-31,0
C0103,2025-03-23,2025-09-30,36
C0103,2025-03-23,2025-10-31,0
C0103,2025-03-23,2025-11-30,0
C0103,2025-03-23,2025-12-31,0
C0104,2025-05-03,2025-05-31,0
C0104,2025-05-03,2025-06-30,0
C0104,2025-05-03,2025-07-31,0
C0104,2025-05-03,2025-08-31,0
C0104,2025-05-03,2025-09-30,0
C0104,2025-05-03,2025-10-31,0
C0104,2025-05-03,2025-11-30,0
C0104,2025-05-03,2025-12-31,0
C0105,2023-07-21,2023-07-31,5
C0105,2023-07-21,2023-08-31,0
C0105,2023-07-21,2023-09-30,0
C0105,2023-07-21,2023-10-31,50
C0105,2023-07-21,2023-11-30,0
C0105,2023-07-21,2023-12-31,0
C0105,2023-07-21,2024-01-31,0
C0105,2023-07-21,2024-02-29,0
C0105,2023-07-21,2024-03-31,0
C0105,2023-07-21,2024-04-30,0
C0105,2023-07-21,2024-05-31,0
C0105,2023-07-21,2024-06-30,0
C0105,2023-07-21,2024-07-31,0
C0105,2023-07-21,2024-08-31,0
C0105,2023-07-21,2024-09-30,48
C0105,2023-07-21,2024-10-31,41
C0105,2023-07-21,2024-11-30,65
C0105,2023-07-21,2024-12-31,115
C0106,2023-04-06,2023-04-30,0
C0106,2023-04-06,2023-05-31,0
C0106,2023-04-06,2023-06-30,0
C0106,2023-04-06,2023-07-31,19
C0106,2023-04-06,2023-08-31,0
C0106,2023-04-06,2023-09-30,14
C0106,2023-04-06,2023-10-31,0
C0106,2023-04-06,2023-11-30,0
C0106,2023-04-06,2023-12-31,0
C0106,2023-04-06,2024-01-31,0
C0106,2023-04-06,2024-02-29,0
C0106,2023-04-06,2024-03-31,0
C0106,2023-04-06,2024-04-30,67
C0106,2023-04-06,2024-05-31,17
C0106,2023-04-06,2024-06-30,0
C0106,2023-04-06,2024-07-31,0
C0106,2023-04-06,2024-08-31,0
C0106,2023-04-06,2024-09-30,0
C0106,2023-04-06,2024-10-31,0
C0106,2023-04-06,2024-11-30,0
C0106,2023-04-06,2024-12-31,58
C0106,2023-04-06,2025-01-31,16
C0106,2023-04-06,2025-02-28,0
C0106,2023-04-06,2025-03-31,22
C0106,2023-04-06,2025-04-30,0
C0106,2023-04-06,2025-05-31,0
C0106,2023-04-06,2025-06-30,0
C0106,2023-04-06,2025-07-31,0
C0106,2023-04-06,2025-08-31,0
C0106,2023-04-06,2025-09-30,0
C0106,2023-04-06,2025-10-31,0
C0106,2023-04-06,2025-11-30,0
C0106,2023-04-06,2025-12-31,44
C0107,2023-03-19,2023-03-31,67
C0107,2023-03-19,2023-04-30,0
C0107,2023-03-19,2023-05-31,0
C0107,2023-03-19,2023-06-30,0
C0107,2023-03-19,2023-07-31,1
C0107,2023-03-19,2023-08-31,0
C0107,2023-03-19,2023-09-30,0
C0107,2023-03-19,2023-10-31,28
C0107,2023-03-19,2023-11-30,0
C0107,2023-03-19,2023-12-31,0
C0107,2023-03-19,2024-01-31,2
C0107,2023-03-19,2024-02-29,0
C0107,2023-03-19,2024-03-31,0
C0107,2023-03-19,2024-04-30,0
C0107,2023-03-19,2024-05-31,0
C0107,2023-03-19,2024-06-30,0
C0107,2023-03-19,2024-07-31,0
C0107,2023-03-19,2024-08-31,0
C0107,2023-03-19,2024-09-30,0
C0107,2023-03-19,2024-10-31,22
C0107,2023-03-19,2024-11-30,42
C0107,2023-03-19,2024-12-31,65
C0107,2023-03-19,2025-01-31,97
C0108,2024-05-23,2024-05-31,0
C0108,2024-05-23,2024-06-30,0
C0108,2024-05-23,2024-07-31,0
C0108,2024-05-23,2024-08-31,0
C0108,2024-05-23,2024-09-30,0
C0108,2024-05-23,2024-10-31,0
C0108,2024-05-23,2024-11-30,3
C0108,2024-05-23,2024-12-31,0
C0108,2024-05-23,2025-01-31,23
C0108,2024-05-23,2025-02-28,29
C0108,2024-05-23,2025-03-31,0
C0108,2024-05-23,2025-04-30,17
C0108,2024-05-23,2025-05-31,0
C0108,2024-05-23,2025-06-30,50
C0108,2024-05-23,2025-07-31,0
C0108,2024-05-23,2025-08-31,0
C0108,2024-05-23,2025-09-30,0
C0108,2024-05-23,2025-10-31,0
C0108,2024-05-23,2025-11-30,0
C0108,2024-05-23,2025-12-31,10
C0109,2023-10-04,2023-10-31,0
C0109,2023-10-04,2023-11-30,0
C0109,2023-10-04,2023-12-31,0
C0109,2023-10-04,2024-01-31,0
C0109,2023-10-04,2024-02-29,24
C0109,2023-10-04,2024-03-31,0
C0109,2023-10-04,2024-04-30,0
C0109,2023-10-04,2024-05-31,0
C0109,2023-10-04,2024-06-30,8
C0109,2023-10-04,2024-07-31,0
C0109,2023-10-04,2024-08-31,0
C0109,2023-10-04,2024-09-30,0
C0109,2023-10-04,2024-10-31,0
C0109,2023-10-04,2024-11-30,0
C0109,2023-10-04,2024-12-31,0
C0109,2023-10-04,2025-01-31,0
C0109,2023-10-04,2025-02-28,0
C0109,2023-10-04,2025-03-31,0
C0109,2023-10-04,2025-04-30,0
C0109,2023-10-04,2025-05-31,0
C0109,2023-10-04,2025-06-30,0
C0109,2023-10-04,2025-07-31,0
C0109,2023-10-04,2025-08-31,0
C0109,2023-10-04,2025-09-30,9
C0109,2023-10-04,2025-10-31,0
C0109,2023-10-04,2025-11-30,58
C0109,2023-10-04,2025-12-31,25
C0110,2023-01-11,2023-01-31,12
C0110,2023-01-11,2023-02-28,0
C0110,2023-01-11,2023-03-31,19
C0110,2023-01-11,2023-04-30,0
C0110,2023-01-11,2023-05-31,16
C0110,2023-01-11,2023-06-30,19
C0110,2023-01-11,2023-07-31,0
C0110,2023-01-11,2023-08-31,0
C0110,2023-01-11,2023-09-30,0
C0110,2023-01-11,2023-10-31,0
C0110,2023-01-11,2023-11-30,0
C0110,2023-01-11,2023-12-31,0
C0110,2023-01-11,2024-01-31,0
C0110,2023-01-11,2024-02-29,0
C0110,2023-01-11,2024-03-31,0
C0110,2023-01-11,2024-04-30,0
C0110,2023-01-11,2024-05-31,41
C0110,2023-01-11,2024-06-30,0
C0110,2023-01-11,2024-07-31,0
C0110,2023-01-11,2024-08-31,38
C0110,2023-01-11,2024-09-30,0
C0110,2023-01-11,2024-10-31,0
C0110,2023-01-11,2024-11-30,0
C0110,2023-01-11,2024-12-31,0
C0110,2023-01-11,2025-01-31,0
C0110,2023-01-11,2025-02-28,57
C0110,2023-01-11,2025-03-31,24
C0110,2023-01-11,2025-04-30,43
C0110,2023-01-11,2025-05-31,68
C0110,2023-01-11,2025-06-30,98
C0111,2024-01-18,2024-01-31,0
C0111,2024-01-18,2024-02-29,0
C0111,2024-01-18,2024-03-31,0
C0111,2024-01-18,2024-04-30,22
C0111,2024-01-18,2024-05-31,1
C0111,2024-01-18,2024-06-30,0
C0111,2024-01-18,2024-07-31,0
C0111,2024-01-18,2024-08-31,0
C0111,2024-01-18,2024-09-30,0
C0111,2024-01-18,2024-10-31,4
C0111,2024-01-18,2024-11-30,0
C0111,2024-01-18,2024-12-31,0
C0111,2024-01-18,2025-01-31,0
C0111,2024-01-18,2025-02-28,0
C0111,2024-01-18,2025-03-31,0
C0111,2024-01-18,2025-04-30,0
C0111,2024-01-18,2025-05-31,28
C0111,2024-01-18,2025-06-30,0
C0111,2024-01-18,2025-07-31,0
C0111,2024-01-18,2025-08-31,22
C0111,2024-01-18,2025-09-30,0
C0111,2024-01-18,2025-10-31,0
C0111,2024-01-18,2025-11-30,14
C0111,2024-01-18,2025-12-31,0
C0112,2023-06-24,2023-06-30,0
C0112,2023-06-24,2023-07-31,32
C0112,2023-06-24,2023-08-31,0
C0112,2023-06-24,2023-09-30,0
C0112,2023-06-24,2023-10-31,0
C0112,2023-06-24,2023-11-30,0
C0112,2023-06-24,2023-12-31,0
C0112,2023-06-24,2024-01-31,0
C0112,2023-06-24,2024-02-29,57
C0112,2023-06-24,2024-03-31,0
C0112,2023-06-24,2024-04-30,0
C0112,2023-06-24,2024-05-31,0
C0112,2023-06-24,2024-06-30,0
C0112,2023-06-24,2024-07-31,0
C0112,2023-06-24,2024-08-31,0
C0112,2023-06-24,2024-09-30,22
C0112,2023-06-24,2024-10-31,0
C0112,2023-06-24,2024-11-30,0
C0112,2023-06-24,2024-12-31,0
C0112,2023-06-24,2025-01-31,0
C0112,2023-06-24,2025-02-28,0
C0112,2023-06-24,2025-03-31,0
C0112,2023-06-24,2025-04-30,0
C0112,2023-06-24,2025-05-31,0
C0112,2023-06-24,2025-06-30,0
C0112,2023-06-24,2025-07-31,0
C0112,2023-06-24,2025-08-31,0
C0112,2023-06-24,2025-09-30,0
C0112,2023-06-24,2025-10-31,0
C0112,2023-06-24,2025-11-30,0
C0112,2023-06-24,2025-12-31,44
C0113,2024-07-09,2024-07-31,23
C0113,2024-07-09,2024-08-31,0
C0113,2024-07-09,2024-09-30,0
C0113,2024-07-09,2024-10-31,0
C0113,2024-07-09,2024-11-30,0
C0113,2024-07-09,2024-12-31,0
C0113,2024-07-09,2025-01-31,0
C0113,2024-07-09,2025-02-28,0
C0113,2024-07-09,2025-03-31,0
C0113,2024-07-09,2025-04-30,0
C0113,2024-07-09,2025-05-31,0
C0113,2024-07-09,2025-06-30,0
C0113,2024-07-09,2025-07-31,38
C0113,2024-07-09,2025-08-31,0
C0113,2024-07-09,2025-09-30,0
C0113,2024-07-09,2025-10-31,0
C0113,2024-07-09,2025-11-30,0
C0113,2024-07-09,2025-12-31,0
C0114,2024-10-09,2024-10-31,0
C0114,2024-10-09,2024-11-30,0
C0114,2024-10-09,2024-12-31,25
C0114,2024-10-09,2025-01-31,0
C0114,2024-10-09,2025-02-28,0
C0114,2024-10-09,2025-03-31,0
C0114,2024-10-09,2025-04-30,0
C0114,2024-10-09,2025-05-31,0
C0114,2024-10-09,2025-06-30,0
C0114,2024-10-09,2025-07-31,0
C0114,2024-10-09,2025-08-31,0
C0114,2024-10-09,2025-09-30,0
C0114,2024-10-09,2025-10-31,24
C0114,2024-10-09,2025-11-30,0
C0114,2024-10-09,2025-12-31,0
C0115,2023-09-14,2023-09-30,0
C0115,2023-09-14,2023-10-31,0
C0115,2023-09-14,2023-11-30,0
C0115,2023-09-14,2023-12-31,0
C0115,2023-09-14,2024-01-31,0
C0115,2023-09-14,2024-02-29,56
C0115,2023-09-14,2024-03-31,58
C0115,2023-09-14,2024-04-30,64
C0115,2023-09-14,2024-05-31,119
C0116,2024-10-18,2024-10-31,0
C0116,2024-10-18,2024-11-30,0
C0116,2024-10-18,2024-12-31,0
C0116,2024-10-18,2025-01-31,8
C0116,2024-10-18,2025-02-28,0
C0116,2024-10-18,2025-03-31,0
C0116,2024-10-18,2025-04-30,16
C0116,2024-10-18,2025-05-31,77
C0116,2024-10-18,2025-06-30,28
C0116,2024-10-18,2025-07-31,0
C0116,2024-10-18,2025-08-31,0
C0116,2024-10-18,2025-09-30,0
C0116,2024-10-18,2025-10-31,0
C0116,2024-10-18,2025-11-30,0
C0116,2024-10-18,2025-12-31,59
C0117,2025-01-12,2025-01-31,0
C0117,2025-01-12,2025-02-28,0
C0117,2025-01-12,2025-03-31,0
C0117,2025-01-12,2025-04-30,0
C0117,2025-01-12,2025-05-31,33
C0117,2025-01-12,2025-06-30,29
C0117,2025-01-12,2025-07-31,2
C0117,2025-01-12,2025-08-31,0
C0117,2025-01-12,2025-09-30,0
C0117,2025-01-12,2025-10-31,31
C0117,2025-01-12,2025-11-30,0
C0117,2025-01-12,2025-12-31,0
C0118,2023-08-04,2023-08-31,0
C0118,2023-08-04,2023-09-30,0
C0118,2023-08-04,2023-10-31,0
C0118,2023-08-04,2023-11-30,0
C0118,2023-08-04,2023-12-31,0
C0118,2023-08-04,2024-01-31,0
C0118,2023-08-04,2024-02-29,0
C0118,2023-08-04,2024-03-31,0
C0118,2023-08-04,2024-04-30,0
C0118,2023-08-04,2024-05-31,10
C0118,2023-08-04,2024-06-30,0
C0118,2023-08-04,2024-07-31,0
C0118,2023-08-04,2024-08-31,0
C0118,2023-08-04,2024-09-30,0
C0118,2023-08-04,2024-10-31,0
C0118,2023-08-04,2024-11-30,0
C0118,2023-08-04,2024-12-31,0
C0118,2023-08-04,2025-01-31,0
C0118,2023-08-04,2025-02-28,0
C0118,2023-08-04,2025-03-31,13
C0118,2023-08-04,2025-04-30,0
C0118,2023-08-04,2025-05-31,0
C0118,2023-08-04,2025-06-30,0
C0118,2023-08-04,2025-07-31,19
C0118,2023-08-04,2025-08-31,16
C0118,2023-08-04,2025-09-30,49
C0118,2023-08-04,2025-10-31,89
C0118,2023-08-04,2025-11-30,96
C0119,2025-03-26,2025-03-31,0
C0119,2025-03-26,2025-04-30,0
C0119,2025-03-26,2025-05-31,0
C0119,2025-03-26,2025-06-30,0
C0119,2025-03-26,2025-07-31,0
C0119,2025-03-26,2025-08-31,0
C0119,2025-03-26,2025-09-30,0
C0119,2025-03-26,2025-10-31,20
C0119,2025-03-26,2025-11-30,0
C0119,2025-03-26,2025-12-31,9
C0120,2023-09-05,2023-09-30,0
C0120,2023-09-05,2023-10-31,13
C0120,2023-09-05,2023-11-30,13
C0120,2023-09-05,2023-12-31,40
C0120,2023-09-05,2024-01-31,80
C0120,2023-09-05,2024-02-29,115
C0121,2024-07-19,2024-07-31,0
C0121,2024-07-19,2024-08-31,26
C0121,2024-07-19,2024-09-30,21
C0121,2024-07-19,2024-10-31,0
C0121,2024-07-19,2024-11-30,20
C0121,2024-07-19,2024-12-31,0
C0121,2024-07-19,2025-01-31,0
C0121,2024-07-19,2025-02-28,0
C0121,2024-07-19,2025-03-31,0
C0121,2024-07-19,2025-04-30,0
C0121,2024-07-19,2025-05-31,28
C0121,2024-07-19,2025-06-30,0
C0121,2024-07-19,2025-07-31,0
C0121,2024-07-19,2025-08-31,0
C0121,2024-07-19,2025-09-30,12
C0121,2024-07-19,2025-10-31,56
C0121,2024-07-19,2025-11-30,63
C0121,2024-07-19,2025-12-31,113
C0122,2024-12-10,2024-12-31,0
C0122,2024-12-10,2025-01-31,0
C0122,2024-12-10,2025-02-28,0
C0122,2024-12-10,2025-03-31,0
C0122,2024-12-10,2025-04-30,21
C0122,2024-12-10,2025-05-31,0
C0122,2024-12-10,2025-06-30,0
C0122,2024-12-10,2025-07-31,0
C0122,2024-12-10,2025-08-31,0
C0122,2024-12-10,2025-09-30,0
C0122,2024-12-10,2025-10-31,36
C0122,2024-12-10,2025-11-30,0
C0122,2024-12-10,2025-12-31,0
C0123,2024-08-03,2024-08-31,0
C0123,2024-08-03,2024-09-30,0
C0123,2024-08-03,2024-10-31,0
C0123,2024-08-03,2024-11-30,0
C0123,2024-08-03,2024-12-31,0
C0123,2024-08-03,2025-01-31,0
C0123,2024-08-03,2025-02-28,0
C0123,2024-08-03,2025-03-31,0
C0123,2024-08-03,2025-04-30,5
C0123,2024-08-03,2025-05-31,0
C0123,2024-08-03,2025-06-30,0
C0123,2024-08-03,2025-07-31,0
C0123,2024-08-03,2025-08-31,0
C0123,2024-08-03,2025-09-30,22
C0123,2024-08-03,2025-10-31,0
C0123,2024-08-03,2025-11-30,0
C0123,2024-08-03,2025-12-31,0
C0124,2024-10-21,2024-10-31,0
C0124,2024-10-21,2024-11-30,0
C0124,2024-10-21,2024-12-31,0
C0124,2024-10-21,2025-01-31,0
C0124,2024-10-21,2025-02-28,0
C0124,2024-10-21,2025-03-31,0
C0124,2024-10-21,2025-04-30,0
C0124,2024-10-21,2025-05-31,0
C0124,2024-10-21,2025-06-30,0
C0124,2024-10-21,2025-07-31,0
C0124,2024-10-21,2025-08-31,44
C0124,2024-10-21,2025-09-30,0
C0124,2024-10-21,2025-10-31,0
C0124,2024-10-21,2025-11-30,0
C0124,2024-10-21,2025-12-31,0
C0125,2025-01-19,2025-01-31,24
C0125,2025-01-19,2025-02-28,0
C0125,2025-01-19,2025-03-31,0
C0125,2025-01-19,2025-04-30,0
C0125,2025-01-19,2025-05-31,0
C0125,2025-01-19,2025-06-30,0
C0125,2025-01-19,2025-07-31,0
C0125,2025-01-19,2025-08-31,25
C0125,2025-01-19,2025-09-30,0
C0125,2025-01-19,2025-10-31,0
C0125,2025-01-19,2025-11-30,0
C0125,2025-01-19,2025-12-31,0
C0126,2023-06-20,2023-06-30,17
C0126,2023-06-20,2023-07-31,0
C0126,2023-06-20,2023-08-31,0
C0126,2023-06-20,2023-09-30,30
C0126,2023-06-20,2023-10-31,0
C0126,2023-06-20,2023-11-30,0
C0126,2023-06-20,2023-12-31,0
C0126,2023-06-20,2024-01-31,0
C0126,2023-06-20,2024-02-29,17
C0126,2023-06-20,2024-03-31,0
C0126,2023-06-20,2024-04-30,8
C0126,2023-06-20,2024-05-31,0
C0126,2023-06-20,2024-06-30,0
C0126,2023-06-20,2024-07-31,23
C0126,2023-06-20,2024-08-31,0
C0126,2023-06-20,2024-09-30,0
C0126,2023-06-20,2024-10-31,0
C0126,2023-06-20,2024-11-30,0
C0126,2023-06-20,2024-12-31,48
C0126,2023-06-20,2025-01-31,0
C0126,2023-06-20,2025-02-28,0
C0126,2023-06-20,2025-03-31,0
C0126,2023-06-20,2025-04-30,0
C0126,2023-06-20,2025-05-31,59
C0126,2023-06-20,2025-06-30,0
C0126,2023-06-20,2025-07-31,0
C0126,2023-06-20,2025-08-31,0
C0126,2023-06-20,2025-09-30,20
C0126,2023-06-20,2025-10-31,0
C0126,2023-06-20,2025-11-30,0
C0126,2023-06-20,2025-12-31,0
C0127,2024-10-19,2024-10-31,0
C0127,2024-10-19,2024-11-30,0
C0127,2024-10-19,2024-12-31,18
C0127,2024-10-19,2025-01-31,19
C0127,2024-10-19,2025-02-28,0
C0127,2024-10-19,2025-03-31,0
C0127,2024-10-19,2025-04-30,0
C0127,2024-10-19,2025-05-31,0
C0127,2024-10-19,2025-06-30,0
C0127,2024-10-19,2025-07-31,0
C0127,2024-10-19,2025-08-31,0
C0127,2024-10-19,2025-09-30,0
C0127,2024-10-19,2025-10-31,5
C0127,2024-10-19,2025-11-30,0
C0127,2024-10-19,2025-12-31,0
C0128,2024-10-24,2024-10-31,0
C0128,2024-10-24,2024-11-30,0
C0128,2024-10-24,2024-12-31,0
C0128,2024-10-24,2025-01-31,0
C0128,2024-10-24,2025-02-28,0
C0128,2024-10-24,2025-03-31,0
C0128,2024-10-24,2025-04-30,42
C0128,2024-10-24,2025-05-31,0
C0128,2024-10-24,2025-06-30,0
C0128,2024-10-24,2025-07-31,0
C0128,2024-10-24,2025-08-31,0
C0128,2024-10-24,2025-09-30,0
C0128,2024-10-24,2025-10-31,0
C0128,2024-10-24,2025-11-30,83
C0128,2024-10-24,2025-12-31,0
C0129,2023-10-09,2023-10-31,0
C0129,2023-10-09,2023-11-30,0
C0129,2023-10-09,2023-12-31,0
C0129,2023-10-09,2024-01-31,34
C0129,2023-10-09,2024-02-29,38
C0129,2023-10-09,2024-03-31,0
C0129,2023-10-09,2024-04-30,0
C0129,2023-10-09,2024-05-31,0
C0129,2023-10-09,2024-06-30,0
C0129,2023-10-09,2024-07-31,0
C0129,2023-10-09,2024-08-31,0
C0129,2023-10-09,2024-09-30,0
C0129,2023-10-09,2024-10-31,0
C0129,2023-10-09,2024-11-30,0
C0129,2023-10-09,2024-12-31,0
C0129,2023-10-09,2025-01-31,0
C0129,2023-10-09,2025-02-28,40
C0129,2023-10-09,2025-03-31,0
C0129,2023-10-09,2025-04-30,0
C0129,2023-10-09,2025-05-31,20
C0129,2023-10-09,2025-06-30,0
C0129,2023-10-09,2025-07-31,0
C0129,2023-10-09,2025-08-31,0
C0129,2023-10-09,2025-09-30,0
C0129,2023-10-09,2025-10-31,0
C0129,2023-10-09,2025-11-30,0
C0129,2023-10-09,2025-12-31,0
C0130,2023-03-06,2023-03-31,0
C0130,2023-03-06,2023-04-30,0
C0130,2023-03-06,2023-05-31,0
C0130,2023-03-06,2023-06-30,0
C0130,2023-03-06,2023-07-31,0
C0130,2023-03-06,2023-08-31,0
C0130,2023-03-06,2023-09-30,1
C0130,2023-03-06,2023-10-31,0
C0130,2023-03-06,2023-11-30,0
C0130,2023-03-06,2023-12-31,0
C0130,2023-03-06,2024-01-31,0
C0130,2023-03-06,2024-02-29,21
C0130,2023-03-06,2024-03-31,0
C0130,2023-03-06,2024-04-30,0
C0130,2023-03-06,2024-05-31,0
C0130,2023-03-06,2024-06-30,0
C0130,2023-03-06,2024-07-31,0
C0130,2023-03-06,2024-08-31,0
C0130,2023-03-06,2024-09-30,0
C0130,2023-03-06,2024-10-31,0
C0130,2023-03-06,2024-11-30,0
C0130,2023-03-06,2024-12-31,33
C0130,2023-03-06,2025-01-31,0
C0130,2023-03-06,2025-02-28,0
C0130,2023-03-06,2025-03-31,15
C0130,2023-03-06,2025-04-30,46
C0130,2023-03-06,2025-05-31,81
C0130,2023-03-06,2025-06-30,109
C0131,2025-03-21,2025-03-31,0
C0131,2025-03-21,2025-04-30,0
C0131,2025-03-21,2025-05-31,0
C0131,2025-03-21,2025-06-30,0
C0131,2025-03-21,2025-07-31,0
C0131,2025-03-21,2025-08-31,0
C0131,2025-03-21,2025-09-30,0
C0131,2025-03-21,2025-10-31,0
C0131,2025-03-21,2025-11-30,0
C0131,2025-03-21,2025-12-31,0
C0132,2023-08-07,2023-08-31,20
C0132,2023-08-07,2023-09-30,0
C0132,2023-08-07,2023-10-31,0
C0132,2023-08-07,2023-11-30,0
C0132,2023-08-07,2023-12-31,0
C0132,2023-08-07,2024-01-31,0
C0132,2023-08-07,2024-02-29,0
C0132,2023-08-07,2024-03-31,0
C0132,2023-08-07,2024-04-30,0
C0132,2023-08-07,2024-05-31,0
C0132,2023-08-07,2024-06-30,0
C0132,2023-08-07,2024-07-31,0
C0132,2023-08-07,2024-08-31,39
C0132,2023-08-07,2024-09-30,19
C0132,2023-08-07,2024-10-31,0
C0132,2023-08-07,2024-11-30,0
C0132,2023-08-07,2024-12-31,0
C0132,2023-08-07,2025-01-31,0
C0132,2023-08-07,2025-02-28,0
C0132,2023-08-07,2025-03-31,23
C0132,2023-08-07,2025-04-30,43
C0132,2023-08-07,2025-05-31,68
C0132,2023-08-07,2025-06-30,100
C0133,2025-01-07,2025-01-31,0
C0133,2025-01-07,2025-02-28,9
C0133,2025-01-07,2025-03-31,0
C0133,2025-01-07,2025-04-30,0
C0133,2025-01-07,2025-05-31,0
C0133,2025-01-07,2025-06-30,27
C0133,2025-01-07,2025-07-31,0
C0133,2025-01-07,2025-08-31,0
C0133,2025-01-07,2025-09-30,0
C0133,2025-01-07,2025-10-31,0
C0133,2025-01-07,2025-11-30,28
C0133,2025-01-07,2025-12-31,0
C0134,2024-10-11,2024-10-31,0
C0134,2024-10-11,2024-11-30,0
C0134,2024-10-11,2024-12-31,0
C0134,2024-10-11,2025-01-31,0
C0134,2024-10-11,2025-02-28,0
C0134,2024-10-11,2025-03-31,0
C0134,2024-10-11,2025-04-30,0
C0134,2024-10-11,2025-05-31,0
C0134,2024-10-11,2025-06-30,0
C0134,2024-10-11,2025-07-31,0
C0134,2024-10-11,2025-08-31,21
C0134,2024-10-11,2025-09-30,0
C0134,2024-10-11,2025-10-31,0
C0134,2024-10-11,2025-11-30,0
C0134,2024-10-11,2025-12-31,0
C0135,2023-07-03,2023-07-31,0
C0135,2023-07-03,2023-08-31,0
C0135,2023-07-03,2023-09-30,0
C0135,2023-07-03,2023-10-31,0
C0135,2023-07-03,2023-11-30,0
C0135,2023-07-03,2023-12-31,0
C0135,2023-07-03,2024-01-31,0
C0135,2023-07-03,2024-02-29,0
C0135,2023-07-03,2024-03-31,0
C0135,2023-07-03,2024-04-30,25
C0135,2023-07-03,2024-05-31,14
C0135,2023-07-03,2024-06-30,5
C0135,2023-07-03,2024-07-31,0
C0135,2023-07-03,2024-08-31,0
C0135,2023-07-03,2024-09-30,0
C0135,2023-07-03,2024-10-31,30
C0135,2023-07-03,2024-11-30,0
C0135,2023-07-03,2024-12-31,6
C0135,2023-07-03,2025-01-31,0
C0135,2023-07-03,2025-02-28,0
C0135,2023-07-03,2025-03-31,0
C0135,2023-07-03,2025-04-30,10
C0135,2023-07-03,2025-05-31,12
C0135,2023-07-03,2025-06-30,3
C0135,2023-07-03,2025-07-31,0
C0135,2023-07-03,2025-08-31,0
C0135,2023-07-03,2025-09-30,0
C0135,2023-07-03,2025-10-31,0
C0135,2023-07-03,2025-11-30,0
C0135,2023-07-03,2025-12-31,0
C0136,2024-08-15,2024-08-31,0
C0136,2024-08-15,2024-09-30,0
C0136,2024-08-15,2024-10-31,5
C0136,2024-08-15,2024-11-30,0
C0136,2024-08-15,2024-12-31,0
C0136,2024-08-15,2025-01-31,0
C0136,2024-08-15,2025-02-28,0
C0136,2024-08-15,2025-03-31,0
C0136,2024-08-15,2025-04-30,0
C0136,2024-08-15,2025-05-31,14
C0136,2024-08-15,2025-06-30,0
C0136,2024-08-15,2025-07-31,0
C0136,2024-08-15,2025-08-31,0
C0136,2024-08-15,2025-09-30,0
C0136,2024-08-15,2025-10-31,0
C0136,2024-08-15,2025-11-30,0
C0136,2024-08-15,2025-12-31,0
C0137,2024-03-22,2024-03-31,0
C0137,2024-03-22,2024-04-30,0
C0137,2024-03-22,2024-05-31,0
C0137,2024-03-22,2024-06-30,68
C0137,2024-03-22,2024-07-31,0
C0137,2024-03-22,2024-08-31,0
C0137,2024-03-22,2024-09-30,0
C0137,2024-03-22,2024-10-31,0
C0137,2024-03-22,2024-11-30,0
C0137,2024-03-22,2024-12-31,0
C0137,2024-03-22,2025-01-31,0
C0137,2024-03-22,2025-02-28,0
C0137,2024-03-22,2025-03-31,2
C0137,2024-03-22,2025-04-30,0
C0137,2024-03-22,2025-05-31,45
C0137,2024-03-22,2025-06-30,0
C0137,2024-03-22,2025-07-31,0
C0137,2024-03-22,2025-08-31,0
C0137,2024-03-22,2025-09-30,0
C0137,2024-03-22,2025-10-31,0
C0137,2024-03-22,2025-11-30,0
C0137,2024-03-22,2025-12-31,0
C0138,2024-05-03,2024-05-31,0
C0138,2024-05-03,2024-06-30,0
C0138,2024-05-03,2024-07-31,0
C0138,2024-05-03,2024-08-31,0
C0138,2024-05-03,2024-09-30,0
C0138,2024-05-03,2024-10-31,0
C0138,2024-05-03,2024-11-30,0
C0138,2024-05-03,2024-12-31,0
C0138,2024-05-03,2025-01-31,0
C0138,2024-05-03,2025-02-28,0
C0138,2024-05-03,2025-03-31,0
C0138,2024-05-03,2025-04-30,0
C0138,2024-05-03,2025-05-31,0
C0138,2024-05-03,2025-06-30,25
C0138,2024-05-03,2025-07-31,9
C0138,2024-05-03,2025-08-31,0
C0138,2024-05-03,2025-09-30,0
C0138,2024-05-03,2025-10-31,0
C0138,2024-05-03,2025-11-30,0
C0138,2024-05-03,2025-12-31,0
C0139,2023-02-09,2023-02-28,0
C0139,2023-02-09,2023-03-31,0
C0139,2023-02-09,2023-04-30,0
C0139,2023-02-09,2023-05-31,0
C0139,2023-02-09,2023-06-30,16
C0139,2023-02-09,2023-07-31,0
C0139,2023-02-09,2023-08-31,0
C0139,2023-02-09,2023-09-30,0
C0139,2023-02-09,2023-10-31,0
C0139,2023-02-09,2023-11-30,0
C0139,2023-02-09,2023-12-31,20
C0139,2023-02-09,2024-01-31,0
C0139,2023-02-09,2024-02-29,0
C0139,2023-02-09,2024-03-31,0
C0139,2023-02-09,2024-04-30,0
C0139,2023-02-09,2024-05-31,0
C0139,2023-02-09,2024-06-30,86
C0139,2023-02-09,2024-07-31,0
C0139,2023-02-09,2024-08-31,0
C0139,2023-02-09,2024-09-30,0
C0139,2023-02-09,2024-10-31,0
C0139,2023-02-09,2024-11-30,0
C0139,2023-02-09,2024-12-31,0
C0139,2023-02-09,2025-01-31,0
C0139,2023-02-09,2025-02-28,0
C0139,2023-02-09,2025-03-31,0
C0139,2023-02-09,2025-04-30,0
C0139,2023-02-09,2025-05-31,11
C0139,2023-02-09,2025-06-30,17
C0139,2023-02-09,2025-07-31,0
C0139,2023-02-09,2025-08-31,0
C0139,2023-02-09,2025-09-30,0
C0139,2023-02-09,2025-10-31,0
C0139,2023-02-09,2025-11-30,0
C0139,2023-02-09,2025-12-31,0
C0140,2023-09-26,2023-09-30,0
C0140,2023-09-26,2023-10-31,0
C0140,2023-09-26,2023-11-30,0
C0140,2023-09-26,2023-12-31,0
C0140,2023-09-26,2024-01-31,0
C0140,2023-09-26,2024-02-29,0
C0140,2023-09-26,2024-03-31,0
C0140,2023-09-26,2024-04-30,0
C0140,2023-09-26,2024-05-31,0
C0140,2023-09-26,2024-06-30,0
C0140,2023-09-26,2024-07-31,0
C0140,2023-09-26,2024-08-31,0
C0140,2023-09-26,2024-09-30,0
C0140,2023-09-26,2024-10-31,0
C0140,2023-09-26,2024-11-30,0
C0140,2023-09-26,2024-12-31,0
C0140,2023-09-26,2025-01-31,21
C0140,2023-09-26,2025-02-28,0
C0140,2023-09-26,2025-03-31,0
C0140,2023-09-26,2025-04-30,0
C0140,2023-09-26,2025-05-31,0
C0140,2023-09-26,2025-06-30,0
C0140,2023-09-26,2025-07-31,0
C0140,2023-09-26,2025-08-31,0
C0140,2023-09-26,2025-09-30,0
C0140,2023-09-26,2025-10-31,0
C0140,2023-09-26,2025-11-30,0
C0140,2023-09-26,2025-12-31,12
C0141,2023-11-15,2023-11-30,0
C0141,2023-11-15,2023-12-31,0
C0141,2023-11-15,2024-01-31,0
C0141,2023-11-15,2024-02-29,0
C0141,2023-11-15,2024-03-31,46
C0141,2023-11-15,2024-04-30,0
C0141,2023-11-15,2024-05-31,0
C0141,2023-11-15,2024-06-30,0
C0141,2023-11-15,2024-07-31,29
C0141,2023-11-15,2024-08-31,0
C0141,2023-11-15,2024-09-30,0
C0141,2023-11-15,2024-10-31,0
C0141,2023-11-15,2024-11-30,0
C0141,2023-11-15,2024-12-31,0
C0141,2023-11-15,2025-01-31,0
C0141,2023-11-15,2025-02-28,0
C0141,2023-11-15,2025-03-31,0
C0141,2023-11-15,2025-04-30,0
C0141,2023-11-15,2025-05-31,0
C0141,2023-11-15,2025-06-30,0
C0141,2023-11-15,2025-07-31,0
C0141,2023-11-15,2025-08-31,0
C0141,2023-11-15,2025-09-30,0
C0141,2023-11-15,2025-10-31,0
C0141,2023-11-15,2025-11-30,0
C0141,2023-11-15,2025-12-31,0
C0142,2024-10-06,2024-10-31,15
C0142,2024-10-06,2024-11-30,0
C0142,2024-10-06,2024-12-31,0
C0142,2024-10-06,2025-01-31,0
C0142,2024-10-06,2025-02-28,0
C0142,2024-10-06,2025-03-31,27
C0142,2024-10-06,2025-04-30,0
C0142,2024-10-06,2025-05-31,0
C0142,2024-10-06,2025-06-30,0
C0142,2024-10-06,2025-07-31,0
C0142,2024-10-06,2025-08-31,0
C0142,2024-10-06,2025-09-30,0
C0142,2024-10-06,2025-10-31,0
C0142,2024-10-06,2025-11-30,0
C0142,2024-10-06,2025-12-31,56
C0143,2024-08-12,2024-08-31,0
C0143,2024-08-12,2024-09-30,0
C0143,2024-08-12,2024-10-31,13
C0143,2024-08-12,2024-11-30,0
C0143,2024-08-12,2024-12-31,0
C0143,2024-08-12,2025-01-31,0
C0143,2024-08-12,2025-02-28,0
C0143,2024-08-12,2025-03-31,40
C0143,2024-08-12,2025-04-30,0
C0143,2024-08-12,2025-05-31,0
C0143,2024-08-12,2025-06-30,0
C0143,2024-08-12,2025-07-31,0
C0143,2024-08-12,2025-08-31,0
C0143,2024-08-12,2025-09-30,0
C0143,2024-08-12,2025-10-31,0
C0143,2024-08-12,2025-11-30,0
C0143,2024-08-12,2025-12-31,0
C0144,2023-04-23,2023-04-30,0
C0144,2023-04-23,2023-05-31,0
C0144,2023-04-23,2023-06-30,0
C0144,2023-04-23,2023-07-31,10
C0144,2023-04-23,2023-08-31,0
C0144,2023-04-23,2023-09-30,0
C0144,2023-04-23,2023-10-31,0
C0144,2023-04-23,2023-11-30,0
C0144,2023-04-23,2023-12-31,0
C0144,2023-04-23,2024-01-31,0
C0144,2023-04-23,2024-02-29,0
C0144,2023-04-23,2024-03-31,0
C0144,2023-04-23,2024-04-30,11
C0144,2023-04-23,2024-05-31,23
C0144,2023-04-23,2024-06-30,0
C0144,2023-04-23,2024-07-31,0
C0144,2023-04-23,2024-08-31,0
C0144,2023-04-23,2024-09-30,0
C0144,2023-04-23,2024-10-31,0
C0144,2023-04-23,2024-11-30,10
C0144,2023-04-23,2024-12-31,0
C0144,2023-04-23,2025-01-31,0
C0144,2023-04-23,2025-02-28,0
C0144,2023-04-23,2025-03-31,0
C0144,2023-04-23,2025-04-30,0
C0144,2023-04-23,2025-05-31,0
C0144,2023-04-23,2025-06-30,0
C0144,2023-04-23,2025-07-31,50
C0144,2023-04-23,2025-08-31,0
C0144,2023-04-23,2025-09-30,0
C0144,2023-04-23,2025-10-31,0
C0144,2023-04-23,2025-11-30,51
C0144,2023-04-23,2025-12-31,0
C0145,2024-07-01,2024-07-31,0
C0145,2024-07-01,2024-08-31,0
C0145,2024-07-01,2024-09-30,0
C0145,2024-07-01,2024-10-31,0
C0145,2024-07-01,2024-11-30,0
C0145,2024-07-01,2024-12-31,14
C0145,2024-07-01,2025-01-31,0
C0145,2024-07-01,2025-02-28,0
C0145,2024-07-01,2025-03-31,0
C0145,2024-07-01,2025-04-30,0
C0145,2024-07-01,2025-05-31,0
C0145,2024-07-01,2025-06-30,0
C0145,2024-07-01,2025-07-31,0
C0145,2024-07-01,2025-08-31,28
C0145,2024-07-01,2025-09-30,0
C0145,2024-07-01,2025-10-31,0
C0145,2024-07-01,2025-11-30,0
C0145,2024-07-01,2025-12-31,0
C0146,2023-06-02,2023-06-30,0
C0146,2023-06-02,2023-07-31,0
C0146,2023-06-02,2023-08-31,0
C0146,2023-06-02,2023-09-30,0
C0146,2023-06-02,2023-10-31,0
C0146,2023-06-02,2023-11-30,0
C0146,2023-06-02,2023-12-31,0
C0146,2023-06-02,2024-01-31,0
C0146,2023-06-02,2024-02-29,16
C0146,2023-06-02,2024-03-31,0
C0146,2023-06-02,2024-04-30,0
C0146,2023-06-02,2024-05-31,0
C0146,2023-06-02,2024-06-30,53
C0146,2023-06-02,2024-07-31,0
C0146,2023-06-02,2024-08-31,0
C0146,2023-06-02,2024-09-30,0
C0146,2023-06-02,2024-10-31,0
C0146,2023-06-02,2024-11-30,79
C0146,2023-06-02,2024-12-31,0
C0146,2023-06-02,2025-01-31,0
C0146,2023-06-02,2025-02-28,0
C0146,2023-06-02,2025-03-31,0
C0146,2023-06-02,2025-04-30,50
C0146,2023-06-02,2025-05-31,0
C0146,2023-06-02,2025-06-30,0
C0146,2023-06-02,2025-07-31,0
C0146,2023-06-02,2025-08-31,46
C0146,2023-06-02,2025-09-30,0
C0146,2023-06-02,2025-10-31,29
C0146,2023-06-02,2025-11-30,0
C0146,2023-06-02,2025-12-31,0
C0147,2024-06-07,2024-06-30,0
C0147,2024-06-07,2024-07-31,0
C0147,2024-06-07,2024-08-31,0
C0147,2024-06-07,2024-09-30,0
C0147,2024-06-07,2024-10-31,0
C0147,2024-06-07,2024-11-30,0
C0147,2024-06-07,2024-12-31,59
C0147,2024-06-07,2025-01-31,0
C0147,2024-06-07,2025-02-28,0
C0147,2024-06-07,2025-03-31,0
C0147,2024-06-07,2025-04-30,0
C0147,2024-06-07,2025-05-31,0
C0147,2024-06-07,2025-06-30,0
C0147,2024-06-07,2025-07-31,0
C0147,2024-06-07,2025-08-31,0
C0147,2024-06-07,2025-09-30,28
C0147,2024-06-07,2025-10-31,0
C0147,2024-06-07,2025-11-30,0
C0147,2024-06-07,2025-12-31,0
C0148,2023-05-26,2023-05-31,0
C0148,2023-05-26,2023-06-30,0
C0148,2023-05-26,2023-07-31,24
C0148,2023-05-26,2023-08-31,0
C0148,2023-05-26,2023-09-30,0
C0148,2023-05-26,2023-10-31,0
C0148,2023-05-26,2023-11-30,0
C0148,2023-05-26,2023-12-31,0
C0148,2023-05-26,2024-01-31,0
C0148,2023-05-26,2024-02-29,0
C0148,2023-05-26,2024-03-31,0
C0148,2023-05-26,2024-04-30,0
C0148,2023-05-26,2024-05-31,0
C0148,2023-05-26,2024-06-30,0
C0148,2023-05-26,2024-07-31,0
C0148,2023-05-26,2024-08-31,0
C0148,2023-05-26,2024-09-30,0
C0148,2023-05-26,2024-10-31,0
C0148,2023-05-26,2024-11-30,10
C0148,2023-05-26,2024-12-31,0
C0148,2023-05-26,2025-01-31,0
C0148,2023-05-26,2025-02-28,0
C0148,2023-05-26,2025-03-31,0
C0148,2023-05-26,2025-04-30,0
C0148,2023-05-26,2025-05-31,76
C0148,2023-05-26,2025-06-30,15
C0148,2023-05-26,2025-07-31,0
C0148,2023-05-26,2025-08-31,0
C0148,2023-05-26,2025-09-30,0
C0148,2023-05-26,2025-10-31,0
C0148,2023-05-26,2025-11-30,55
C0148,2023-05-26,2025-12-31,0
C0149,2024-06-13,2024-06-30,0
C0149,2024-06-13,2024-07-31,0
C0149,2024-06-13,2024-08-31,7
C0149,2024-06-13,2024-09-30,0
C0149,2024-06-13,2024-10-31,0
C0149,2024-06-13,2024-11-30,0
C0149,2024-06-13,2024-12-31,0
C0149,2024-06-13,2025-01-31,0
C0149,2024-06-13,2025-02-28,0
C0149,2024-06-13,2025-03-31,13
C0149,2024-06-13,2025-04-30,34
C0149,2024-06-13,2025-05-31,0
C0149,2024-06-13,2025-06-30,0
C0149,2024-06-13,2025-07-31,0
C0149,2024-06-13,2025-08-31,22
C0149,2024-06-13,2025-09-30,0
C0149,2024-06-13,2025-10-31,0
C0149,2024-06-13,2025-11-30,0
C0149,2024-06-13,2025-12-31,0
C0150,2023-06-06,2023-06-30,0
C0150,2023-06-06,2023-07-31,3
C0150,2023-06-06,2023-08-31,0
C0150,2023-06-06,2023-09-30,22
C0150,2023-06-06,2023-10-31,0
C0150,2023-06-06,2023-11-30,0
C0150,2023-06-06,2023-12-31,0
C0150,2023-06-06,2024-01-31,0
C0150,2023-06-06,2024-02-29,0
C0150,2023-06-06,2024-03-31,0
C0150,2023-06-06,2024-04-30,27
C0150,2023-06-06,2024-05-31,0
C0150,2023-06-06,2024-06-30,0
C0150,2023-06-06,2024-07-31,0
C0150,2023-06-06,2024-08-31,0
C0150,2023-06-06,2024-09-30,68
C0150,2023-06-06,2024-10-31,0
C0150,2023-06-06,2024-11-30,0
C0150,2023-06-06,2024-12-31,0
C0150,2023-06-06,2025-01-31,0
C0150,2023-06-06,2025-02-28,0
C0150,2023-06-06,2025-03-31,0
C0150,2023-06-06,2025-04-30,0
C0150,2023-06-06,2025-05-31,0
C0150,2023-06-06,2025-06-30,0
C0150,2023-06-06,2025-07-31,0
C0150,2023-06-06,2025-08-31,0
C0150,2023-06-06,2025-09-30,0
C0150,2023-06-06,2025-10-31,0
C0150,2023-06-06,2025-11-30,0
C0150,2023-06-06,2025-12-31,0
C0151,2025-03-13,2025-03-31,0
C0151,2025-03-13,2025-04-30,15
C0151,2025-03-13,2025-05-31,7
C0151,2025-03-13,2025-06-30,0
C0151,2025-03-13,2025-07-31,0
C0151,2025-03-13,2025-08-31,0
C0151,2025-03-13,2025-09-30,0
C0151,2025-03-13,2025-10-31,0
C0151,2025-03-13,2025-11-30,0
C0151,2025-03-13,2025-12-31,0
C0152,2024-01-18,2024-01-31,13
C0152,2024-01-18,2024-02-29,0
C0152,2024-01-18,2024-03-31,0
C0152,2024-01-18,2024-04-30,0
C0152,2024-01-18,2024-05-31,0
C0152,2024-01-18,2024-06-30,0
C0152,2024-01-18,2024-07-31,0
C0152,2024-01-18,2024-08-31,0
C0152,2024-01-18,2024-09-30,0
C0152,2024-01-18,2024-10-31,0
C0152,2024-01-18,2024-11-30,0
C0152,2024-01-18,2024-12-31,0
C0152,2024-01-18,2025-01-31,9
C0152,2024-01-18,2025-02-28,1
C0152,2024-01-18,2025-03-31,0
C0152,2024-01-18,2025-04-30,0
C0152,2024-01-18,2025-05-31,0
C0152,2024-01-18,2025-06-30,0
C0152,2024-01-18,2025-07-31,0
C0152,2024-01-18,2025-08-31,0
C0152,2024-01-18,2025-09-30,8
C0152,2024-01-18,2025-10-31,0
C0152,2024-01-18,2025-11-30,0
C0152,2024-01-18,2025-12-31,0
C0153,2023-08-10,2023-08-31,0
C0153,2023-08-10,2023-09-30,0
C0153,2023-08-10,2023-10-31,0
C0153,2023-08-10,2023-11-30,0
C0153,2023-08-10,2023-12-31,0
C0153,2023-08-10,2024-01-31,0
C0153,2023-08-10,2024-02-29,6
C0153,2023-08-10,2024-03-31,0
C0153,2023-08-10,2024-04-30,0
C0153,2023-08-10,2024-05-31,0
C0153,2023-08-10,2024-06-30,0
C0153,2023-08-10,2024-07-31,0
C0153,2023-08-10,2024-08-31,0
C0153,2023-08-10,2024-09-30,0
C0153,2023-08-10,2024-10-31,0
C0153,2023-08-10,2024-11-30,0
C0153,2023-08-10,2024-12-31,0
C0153,2023-08-10,2025-01-31,0
C0153,2023-08-10,2025-02-28,0
C0153,2023-08-10,2025-03-31,0
C0153,2023-08-10,2025-04-30,0
C0153,2023-08-10,2025-05-31,0
C0153,2023-08-10,2025-06-30,0
C0153,2023-08-10,2025-07-31,0
C0153,2023-08-10,2025-08-31,0
C0153,2023-08-10,2025-09-30,0
C0153,2023-08-10,2025-10-31,0
C0153,2023-08-10,2025-11-30,4
C0153,2023-08-10,2025-12-31,49
C0154,2025-02-17,2025-02-28,0
C0154,2025-02-17,2025-03-31,85
C0154,2025-02-17,2025-04-30,0
C0154,2025-02-17,2025-05-31,0
C0154,2025-02-17,2025-06-30,0
C0154,2025-02-17,2025-07-31,10
C0154,2025-02-17,2025-08-31,0
C0154,2025-02-17,2025-09-30,12
C0154,2025-02-17,2025-10-31,0
C0154,2025-02-17,2025-11-30,0
C0154,2025-02-17,2025-12-31,12
C0155,2025-03-09,2025-03-31,0
C0155,2025-03-09,2025-04-30,0
C0155,2025-03-09,2025-05-31,0
C0155,2025-03-09,2025-06-30,0
C0155,2025-03-09,2025-07-31,3
C0155,2025-03-09,2025-08-31,0
C0155,2025-03-09,2025-09-30,0
C0155,2025-03-09,2025-10-31,0
C0155,2025-03-09,2025-11-30,0
C0155,2025-03-09,2025-12-31,0
C0156,2023-10-19,2023-10-31,0
C0156,2023-10-19,2023-11-30,0
C0156,2023-10-19,2023-12-31,0
C0156,2023-10-19,2024-01-31,0
C0156,2023-10-19,2024-02-29,0
C0156,2023-10-19,2024-03-31,0
C0156,2023-10-19,2024-04-30,0
C0156,2023-10-19,2024-05-31,0
C0156,2023-10-19,2024-06-30,20
C0156,2023-10-19,2024-07-31,0
C0156,2023-10-19,2024-08-31,0
C0156,2023-10-19,2024-09-30,0
C0156,2023-10-19,2024-10-31,0
C0156,2023-10-19,2024-11-30,0
C0156,2023-10-19,2024-12-31,0
C0156,2023-10-19,2025-01-31,50
C0156,2023-10-19,2025-02-28,0
C0156,2023-10-19,2025-03-31,22
C0156,2023-10-19,2025-04-30,0
C0156,2023-10-19,2025-05-31,0
C0156,2023-10-19,2025-06-30,0
C0156,2023-10-19,2025-07-31,0
C0156,2023-10-19,2025-08-31,43
C0156,2023-10-19,2025-09-30,0
C0156,2023-10-19,2025-10-31,0
C0156,2023-10-19,2025-11-30,0
C0156,2023-10-19,2025-12-31,0
C0157,2023-05-06,2023-05-31,0
C0157,2023-05-06,2023-06-30,0
C0157,2023-05-06,2023-07-31,0
C0157,2023-05-06,2023-08-31,28
C0157,2023-05-06,2023-09-30,8
C0157,2023-05-06,2023-10-31,0
C0157,2023-05-06,2023-11-30,18
C0157,2023-05-06,2023-12-31,0
C0157,2023-05-06,2024-01-31,37
C0157,2023-05-06,2024-02-29,29
C0157,2023-05-06,2024-03-31,0
C0157,2023-05-06,2024-04-30,0
C0157,2023-05-06,2024-05-31,0
C0157,2023-05-06,2024-06-30,0
C0157,2023-05-06,2024-07-31,0
C0157,2023-05-06,2024-08-31,0
C0157,2023-05-06,2024-09-30,0
C0157,2023-05-06,2024-10-31,2
C0157,2023-05-06,2024-11-30,0
C0157,2023-05-06,2024-12-31,0
C0157,2023-05-06,2025-01-31,0
C0157,2023-05-06,2025-02-28,0
C0157,2023-05-06,2025-03-31,0
C0157,2023-05-06,2025-04-30,0
C0157,2023-05-06,2025-05-31,0
C0157,2023-05-06,2025-06-30,0
C0157,2023-05-06,2025-07-31,22
C0157,2023-05-06,2025-08-31,0
C0157,2023-05-06,2025-09-30,0
C0157,2023-05-06,2025-10-31,0
C0157,2023-05-06,2025-11-30,0
C0157,2023-05-06,2025-12-31,0
C0158,2023-02-23,2023-02-28,0
C0158,2023-02-23,2023-03-31,0
C0158,2023-02-23,2023-04-30,0
C0158,2023-02-23,2023-05-31,60
C0158,2023-02-23,2023-06-30,0
C0158,2023-02-23,2023-07-31,0
C0158,2023-02-23,2023-08-31,0
C0158,2023-02-23,2023-09-30,17
C0158,2023-02-23,2023-10-31,0
C0158,2023-02-23,2023-11-30,16
C0158,2023-02-23,2023-12-31,0
C0158,2023-02-23,2024-01-31,26
C0158,2023-02-23,2024-02-29,42
C0158,2023-02-23,2024-03-31,76
C0158,2023-02-23,2024-04-30,102
C0159,2023-06-03,2023-06-30,0
C0159,2023-06-03,2023-07-31,0
C0159,2023-06-03,2023-08-31,27
C0159,2023-06-03,2023-09-30,0
C0159,2023-06-03,2023-10-31,0
C0159,2023-06-03,2023-11-30,0
C0159,2023-06-03,2023-12-31,0
C0159,2023-06-03,2024-01-31,0
C0159,2023-06-03,2024-02-29,0
C0159,2023-06-03,2024-03-31,0
C0159,2023-06-03,2024-04-30,0
C0159,2023-06-03,2024-05-31,26
C0159,2023-06-03,2024-06-30,0
C0159,2023-06-03,2024-07-31,0
C0159,2023-06-03,2024-08-31,0
C0159,2023-06-03,2024-09-30,46
C0159,2023-06-03,2024-10-31,14
C0159,2023-06-03,2024-11-30,0
C0159,2023-06-03,2024-12-31,0
C0159,2023-06-03,2025-01-31,0
C0159,2023-06-03,2025-02-28,0
C0159,2023-06-03,2025-03-31,12
C0159,2023-06-03,2025-04-30,48
C0159,2023-06-03,2025-05-31,62
C0159,2023-06-03,2025-06-30,105
C0160,2023-12-08,2023-12-31,0
C0160,2023-12-08,2024-01-31,18
C0160,2023-12-08,2024-02-29,0
C0160,2023-12-08,2024-03-31,0
C0160,2023-12-08,2024-04-30,0
C0160,2023-12-08,2024-05-31,0
C0160,2023-12-08,2024-06-30,0
C0160,2023-12-08,2024-07-31,0
C0160,2023-12-08,2024-08-31,0
C0160,2023-12-08,2024-09-30,0
C0160,2023-12-08,2024-10-31,0
C0160,2023-12-08,2024-11-30,4
C0160,2023-12-08,2024-12-31,0
C0160,2023-12-08,2025-01-31,0
C0160,2023-12-08,2025-02-28,3
C0160,2023-12-08,2025-03-31,0
C0160,2023-12-08,2025-04-30,0
C0160,2023-12-08,2025-05-31,0
C0160,2023-12-08,2025-06-30,42
C0160,2023-12-08,2025-07-31,7
C0160,2023-12-08,2025-08-31,19
C0160,2023-12-08,2025-09-30,0
C0160,2023-12-08,2025-10-31,0
C0160,2023-12-08,2025-11-30,0
C0160,2023-12-08,2025-12-31,0
C0161,2023-06-18,2023-06-30,0
C0161,2023-06-18,2023-07-31,0
C0161,2023-06-18,2023-08-31,0
C0161,2023-06-18,2023-09-30,23
C0161,2023-06-18,2023-10-31,53
C0161,2023-06-18,2023-11-30,71
C0161,2023-06-18,2023-12-31,112
C0162,2023-06-10,2023-06-30,0
C0162,2023-06-10,2023-07-31,0
C0162,2023-06-10,2023-08-31,0
C0162,2023-06-10,2023-09-30,0
C0162,2023-06-10,2023-10-31,0
C0162,2023-06-10,2023-11-30,0
C0162,2023-06-10,2023-12-31,0
C0162,2023-06-10,2024-01-31,0
C0162,2023-06-10,2024-02-29,33
C0162,2023-06-10,2024-03-31,0
C0162,2023-06-10,2024-04-30,0
C0162,2023-06-10,2024-05-31,0
C0162,2023-06-10,2024-06-30,24
C0162,2023-06-10,2024-07-31,0
C0162,2023-06-10,2024-08-31,49
C0162,2023-06-10,2024-09-30,0
C0162,2023-06-10,2024-10-31,0
C0162,2023-06-10,2024-11-30,0
C0162,2023-06-10,2024-12-31,0
C0162,2023-06-10,2025-01-31,71
C0162,2023-06-10,2025-02-28,0
C0162,2023-06-10,2025-03-31,0
C0162,2023-06-10,2025-04-30,0
C0162,2023-06-10,2025-05-31,23
C0162,2023-06-10,2025-06-30,0
C0162,2023-06-10,2025-07-31,5
C0162,2023-06-10,2025-08-31,0
C0162,2023-06-10,2025-09-30,0
C0162,2023-06-10,2025-10-31,0
C0162,2023-06-10,2025-11-30,0
C0162,2023-06-10,2025-12-31,0
C0163,2024-04-15,2024-04-30,25
C0163,2024-04-15,2024-05-31,0
C0163,2024-04-15,2024-06-30,0
C0163,2024-04-15,2024-07-31,0
C0163,2024-04-15,2024-08-31,0
C0163,2024-04-15,2024-09-30,0
C0163,2024-04-15,2024-10-31,0
C0163,2024-04-15,2024-11-30,0
C0163,2024-04-15,2024-12-31,0
C0163,2024-04-15,2025-01-31,22
C0163,2024-04-15,2025-02-28,52
C0163,2024-04-15,2025-03-31,0
C0163,2024-04-15,2025-04-30,0
C0163,2024-04-15,2025-05-31,0
C0163,2024-04-15,2025-06-30,0
C0163,2024-04-15,2025-07-31,27
C0163,2024-04-15,2025-08-31,0
C0163,2024-04-15,2025-09-30,0
C0163,2024-04-15,2025-10-31,0
C0163,2024-04-15,2025-11-30,0
C0163,2024-04-15,2025-12-31,0
C0164,2023-06-25,2023-06-30,0
C0164,2023-06-25,2023-07-31,0
C0164,2023-06-25,2023-08-31,0
C0164,2023-06-25,2023-09-30,0
C0164,2023-06-25,2023-10-31,31
C0164,2023-06-25,2023-11-30,0
C0164,2023-06-25,2023-12-31,0
C0164,2023-06-25,2024-01-31,0
C0164,2023-06-25,2024-02-29,0
C0164,2023-06-25,2024-03-31,0
C0164,2023-06-25,2024-04-30,0
C0164,2023-06-25,2024-05-31,0
C0164,2023-06-25,2024-06-30,0
C0164,2023-06-25,2024-07-31,0
C0164,2023-06-25,2024-08-31,0
C0164,2023-06-25,2024-09-30,0
C0164,2023-06-25,2024-10-31,0
C0164,2023-06-25,2024-11-30,0
C0164,2023-06-25,2024-12-31,0
C0164,2023-06-25,2025-01-31,0
C0164,2023-06-25,2025-02-28,0
C0164,2023-06-25,2025-03-31,0
C0164,2023-06-25,2025-04-30,0
C0164,2023-06-25,2025-05-31,0
C0164,2023-06-25,2025-06-30,0
C0164,2023-06-25,2025-07-31,0
C0164,2023-06-25,2025-08-31,0
C0164,2023-06-25,2025-09-30,29
C0164,2023-06-25,2025-10-31,0
C0164,2023-06-25,2025-11-30,0
C0164,2023-06-25,2025-12-31,0
C0165,2024-02-20,2024-02-29,0
C0165,2024-02-20,2024-03-31,0
C0165,2024-02-20,2024-04-30,0
C0165,2024-02-20,2024-05-31,0
C0165,2024-02-20,2024-06-30,0
C0165,2024-02-20,2024-07-31,0
C0165,2024-02-20,2024-08-31,0
C0165,2024-02-20,2024-09-30,0
C0165,2024-02-20,2024-10-31,0
C0165,2024-02-20,2024-11-30,0
C0165,2024-02-20,2024-12-31,0
C0165,2024-02-20,2025-01-31,0
C0165,2024-02-20,2025-02-28,0
C0165,2024-02-20,2025-03-31,0
C0165,2024-02-20,2025-04-30,0
C0165,2024-02-20,2025-05-31,29
C0165,2024-02-20,2025-06-30,38
C0165,2024-02-20,2025-07-31,78
C0165,2024-02-20,2025-08-31,109
C0166,2024-03-15,2024-03-31,0
C0166,2024-03-15,2024-04-30,18
C0166,2024-03-15,2024-05-31,0
C0166,2024-03-15,2024-06-30,0
C0166,2024-03-15,2024-07-31,0
C0166,2024-03-15,2024-08-31,0
C0166,2024-03-15,2024-09-30,0
C0166,2024-03-15,2024-10-31,72
C0166,2024-03-15,2024-11-30,69
C0166,2024-03-15,2024-12-31,0
C0166,2024-03-15,2025-01-31,0
C0166,2024-03-15,2025-02-28,0
C0166,2024-03-15,2025-03-31,0
C0166,2024-03-15,2025-04-30,0
C0166,2024-03-15,2025-05-31,0
C0166,2024-03-15,2025-06-30,0
C0166,2024-03-15,2025-07-31,61
C0166,2024-03-15,2025-08-31,0
C0166,2024-03-15,2025-09-30,0
C0166,2024-03-15,2025-10-31,0
C0166,2024-03-15,2025-11-30,0
C0166,2024-03-15,2025-12-31,0
C0167,2024-04-14,2024-04-30,0
C0167,2024-04-14,2024-05-31,20
C0167,2024-04-14,2024-06-30,33
C0167,2024-04-14,2024-07-31,74
C0167,2024-04-14,2024-08-31,120
C0168,2024-05-01,2024-05-31,0
C0168,2024-05-01,2024-06-30,0
C0168,2024-05-01,2024-07-31,0
C0168,2024-05-01,2024-08-31,0
C0168,2024-05-01,2024-09-30,0
C0168,2024-05-01,2024-10-31,0
C0168,2024-05-01,2024-11-30,0
C0168,2024-05-01,2024-12-31,0
C0168,2024-05-01,2025-01-31,0
C0168,2024-05-01,2025-02-28,32
C0168,2024-05-01,2025-03-31,0
C0168,2024-05-01,2025-04-30,0
C0168,2024-05-01,2025-05-31,0
C0168,2024-05-01,2025-06-30,0
C0168,2024-05-01,2025-07-31,0
C0168,2024-05-01,2025-08-31,0
C0168,2024-05-01,2025-09-30,0
C0168,2024-05-01,2025-10-31,0
C0168,2024-05-01,2025-11-30,0
C0168,2024-05-01,2025-12-31,0
C0169,2025-04-10,2025-04-30,0
C0169,2025-04-10,2025-05-31,0
C0169,2025-04-10,2025-06-30,0
C0169,2025-04-10,2025-07-31,0
C0169,2025-04-10,2025-08-31,0
C0169,2025-04-10,2025-09-30,0
C0169,2025-04-10,2025-10-31,11
C0169,2025-04-10,2025-11-30,0
C0169,2025-04-10,2025-12-31,85
C0170,2025-01-02,2025-01-31,0
C0170,2025-01-02,2025-02-28,0
C0170,2025-01-02,2025-03-31,0
C0170,2025-01-02,2025-04-30,0
C0170,2025-01-02,2025-05-31,7
C0170,2025-01-02,2025-06-30,0
C0170,2025-01-02,2025-07-31,0
C0170,2025-01-02,2025-08-31,0
C0170,2025-01-02,2025-09-30,0
C0170,2025-01-02,2025-10-31,0
C0170,2025-01-02,2025-11-30,0
C0170,2025-01-02,2025-12-31,58
C0171,2024-03-12,2024-03-31,0
C0171,2024-03-12,2024-04-30,0
C0171,2024-03-12,2024-05-31,0
C0171,2024-03-12,2024-06-30,0
C0171,2024-03-12,2024-07-31,24
C0171,2024-03-12,2024-08-31,0
C0171,2024-03-12,2024-09-30,12
C0171,2024-03-12,2024-10-31,0
C0171,2024-03-12,2024-11-30,13
C0171,2024-03-12,2024-12-31,0
C0171,2024-03-12,2025-01-31,0
C0171,2024-03-12,2025-02-28,0
C0171,2024-03-12,2025-03-31,25
C0171,2024-03-12,2025-04-30,0
C0171,2024-03-12,2025-05-31,20
C0171,2024-03-12,2025-06-30,32
C0171,2024-03-12,2025-07-31,0
C0171,2024-03-12,2025-08-31,0
C0171,2024-03-12,2025-09-30,0
C0171,2024-03-12,2025-10-31,21
C0171,2024-03-12,2025-11-30,0
C0171,2024-03-12,2025-12-31,0
C0172,2024-02-06,2024-02-29,23
C0172,2024-02-06,2024-03-31,0
C0172,2024-02-06,2024-04-30,0
C0172,2024-02-06,2024-05-31,0
C0172,2024-02-06,2024-06-30,0
C0172,2024-02-06,2024-07-31,15
C0172,2024-02-06,2024-08-31,0
C0172,2024-02-06,2024-09-30,0
C0172,2024-02-06,2024-10-31,23
C0172,2024-02-06,2024-11-30,0
C0172,2024-02-06,2024-12-31,0
C0172,2024-02-06,2025-01-31,0
C0172,2024-02-06,2025-02-28,0
C0172,2024-02-06,2025-03-31,0
C0172,2024-02-06,2025-04-30,0
C0172,2024-02-06,2025-05-31,0
C0172,2024-02-06,2025-06-30,0
C0172,2024-02-06,2025-07-31,0
C0172,2024-02-06,2025-08-31,27
C0172,2024-02-06,2025-09-30,5
C0172,2024-02-06,2025-10-31,0
C0172,2024-02-06,2025-11-30,0
C0172,2024-02-06,2025-12-31,0
C0173,2024-10-02,2024-10-31,0
C0173,2024-10-02,2024-11-30,0
C0173,2024-10-02,2024-12-31,0
C0173,2024-10-02,2025-01-31,0
C0173,2024-10-02,2025-02-28,0
C0173,2024-10-02,2025-03-31,0
C0173,2024-10-02,2025-04-30,83
C0173,2024-10-02,2025-05-31,0
C0173,2024-10-02,2025-06-30,0
C0173,2024-10-02,2025-07-31,0
C0173,2024-10-02,2025-08-31,3
C0173,2024-10-02,2025-09-30,0
C0173,2024-10-02,2025-10-31,0
C0173,2024-10-02,2025-11-30,0
C0173,2024-10-02,2025-12-31,0
C0174,2025-05-20,2025-05-31,0
C0174,2025-05-20,2025-06-30,0
C0174,2025-05-20,2025-07-31,0
C0174,2025-05-20,2025-08-31,0
C0174,2025-05-20,2025-09-30,0
C0174,2025-05-20,2025-10-31,0
C0174,2025-05-20,2025-11-30,0
C0174,2025-05-20,2025-12-31,0
C0175,2023-04-19,2023-04-30,0
C0175,2023-04-19,2023-05-31,0
C0175,2023-04-19,2023-06-30,0
C0175,2023-04-19,2023-07-31,0
C0175,2023-04-19,2023-08-31,0
C0175,2023-04-19,2023-09-30,0
C0175,2023-04-19,2023-10-31,0
C0175,2023-04-19,2023-11-30,19
C0175,2023-04-19,2023-12-31,0
C0175,2023-04-19,2024-01-31,0
C0175,2023-04-19,2024-02-29,0
C0175,2023-04-19,2024-03-31,0
C0175,2023-04-19,2024-04-30,0
C0175,2023-04-19,2024-05-31,0
C0175,2023-04-19,2024-06-30,0
C0175,2023-04-19,2024-07-31,0
C0175,2023-04-19,2024-08-31,19
C0175,2023-04-19,2024-09-30,0
C0175,2023-04-19,2024-10-31,0
C0175,2023-04-19,2024-11-30,0
C0175,2023-04-19,2024-12-31,0
C0175,2023-04-19,2025-01-31,6
C0175,2023-04-19,2025-02-28,0
C0175,2023-04-19,2025-03-31,0
C0175,2023-04-19,2025-04-30,0
C0175,2023-04-19,2025-05-31,0
C0175,2023-04-19,2025-06-30,0
C0175,2023-04-19,2025-07-31,0
C0175,2023-04-19,2025-08-31,37
C0175,2023-04-19,2025-09-30,0
C0175,2023-04-19,2025-10-31,0
C0175,2023-04-19,2025-11-30,0
C0175,2023-04-19,2025-12-31,0
C0176,2025-05-04,2025-05-31,0
C0176,2025-05-04,2025-06-30,0
C0176,2025-05-04,2025-07-31,0
C0176,2025-05-04,2025-08-31,14
C0176,2025-05-04,2025-09-30,0
C0176,2025-05-04,2025-10-31,13
C0176,2025-05-04,2025-11-30,0
C0176,2025-05-04,2025-12-31,0
C0177,2025-01-20,2025-01-31,0
C0177,2025-01-20,2025-02-28,0
C0177,2025-01-20,2025-03-31,0
C0177,2025-01-20,2025-04-30,0
C0177,2025-01-20,2025-05-31,23
C0177,2025-01-20,2025-06-30,0
C0177,2025-01-20,2025-07-31,0
C0177,2025-01-20,2025-08-31,0
C0177,2025-01-20,2025-09-30,0
C0177,2025-01-20,2025-10-31,0
C0177,2025-01-20,2025-11-30,0
C0177,2025-01-20,2025-12-31,0
C0178,2024-02-14,2024-02-29,0
C0178,2024-02-14,2024-03-31,0
C0178,2024-02-14,2024-04-30,0
C0178,2024-02-14,2024-05-31,42
C0178,2024-02-14,2024-06-30,0
C0178,2024-02-14,2024-07-31,19
C0178,2024-02-14,2024-08-31,44
C0178,2024-02-14,2024-09-30,81
C0178,2024-02-14,2024-10-31,95
C0179,2024-11-25,2024-11-30,0
C0179,2024-11-25,2024-12-31,38
C0179,2024-11-25,2025-01-31,0
C0179,2024-11-25,2025-02-28,0
C0179,2024-11-25,2025-03-31,0
C0179,2024-11-25,2025-04-30,0
C0179,2024-11-25,2025-05-31,1
C0179,2024-11-25,2025-06-30,0
C0179,2024-11-25,2025-07-31,0
C0179,2024-11-25,2025-08-31,0
C0179,2024-11-25,2025-09-30,0
C0179,2024-11-25,2025-10-31,0
C0179,2024-11-25,2025-11-30,0
C0179,2024-11-25,2025-12-31,0
C0180,2025-06-18,2025-06-30,0
C0180,2025-06-18,2025-07-31,0
C0180,2025-06-18,2025-08-31,0
C0180,2025-06-18,2025-09-30,0
C0180,2025-06-18,2025-10-31,0
C0180,2025-06-18,2025-11-30,0
C0180,2025-06-18,2025-12-31,18
C0181,2025-04-28,2025-04-30,0
C0181,2025-04-28,2025-05-31,4
C0181,2025-04-28,2025-06-30,0
C0181,2025-04-28,2025-07-31,0
C0181,2025-04-28,2025-08-31,0
C0181,2025-04-28,2025-09-30,0
C0181,2025-04-28,2025-10-31,0
C0181,2025-04-28,2025-11-30,0
C0181,2025-04-28,2025-12-31,0
C0182,2023-02-12,2023-02-28,0
C0182,2023-02-12,2023-03-31,0
C0182,2023-02-12,2023-04-30,0
C0182,2023-02-12,2023-05-31,0
C0182,2023-02-12,2023-06-30,0
C0182,2023-02-12,2023-07-31,85
C0182,2023-02-12,2023-08-31,0
C0182,2023-02-12,2023-09-30,0
C0182,2023-02-12,2023-10-31,0
C0182,2023-02-12,2023-11-30,0
C0182,2023-02-12,2023-12-31,0
C0182,2023-02-12,2024-01-31,0
C0182,2023-02-12,2024-02-29,25
C0182,2023-02-12,2024-03-31,10
C0182,2023-02-12,2024-04-30,0
C0182,2023-02-12,2024-05-31,56
C0182,2023-02-12,2024-06-30,0
C0182,2023-02-12,2024-07-31,12
C0182,2023-02-12,2024-08-31,0
C0182,2023-02-12,2024-09-30,0
C0182,2023-02-12,2024-10-31,0
C0182,2023-02-12,2024-11-30,0
C0182,2023-02-12,2024-12-31,0
C0182,2023-02-12,2025-01-31,0
C0182,2023-02-12,2025-02-28,0
C0182,2023-02-12,2025-03-31,0
C0182,2023-02-12,2025-04-30,12
C0182,2023-02-12,2025-05-31,0
C0182,2023-02-12,2025-06-30,12
C0182,2023-02-12,2025-07-31,0
C0182,2023-02-12,2025-08-31,4
C0182,2023-02-12,2025-09-30,0
C0182,2023-02-12,2025-10-31,0
C0182,2023-02-12,2025-11-30,0
C0182,2023-02-12,2025-12-31,0
C0183,2023-02-12,2023-02-28,0
C0183,2023-02-12,2023-03-31,0
C0183,2023-02-12,2023-04-30,0
C0183,2023-02-12,2023-05-31,0
C0183,2023-02-12,2023-06-30,7
C0183,2023-02-12,2023-07-31,0
C0183,2023-02-12,2023-08-31,0
C0183,2023-02-12,2023-09-30,0
C0183,2023-02-12,2023-10-31,0
C0183,2023-02-12,2023-11-30,0
C0183,2023-02-12,2023-12-31,0
C0183,2023-02-12,2024-01-31,0
C0183,2023-02-12,2024-02-29,0
C0183,2023-02-12,2024-03-31,0
C0183,2023-02-12,2024-04-30,0
C0183,2023-02-12,2024-05-31,0
C0183,2023-02-12,2024-06-30,0
C0183,2023-02-12,2024-07-31,0
C0183,2023-02-12,2024-08-31,0
C0183,2023-02-12,2024-09-30,0
C0183,2023-02-12,2024-10-31,0
C0183,2023-02-12,2024-11-30,0
C0183,2023-02-12,2024-12-31,0
C0183,2023-02-12,2025-01-31,0
C0183,2023-02-12,2025-02-28,0
C0183,2023-02-12,2025-03-31,0
C0183,2023-02-12,2025-04-30,0
C0183,2023-02-12,2025-05-31,20
C0183,2023-02-12,2025-06-30,0
C0183,2023-02-12,2025-07-31,0
C0183,2023-02-12,2025-08-31,0
C0183,2023-02-12,2025-09-30,0
C0183,2023-02-12,2025-10-31,0
C0183,2023-02-12,2025-11-30,68
C0183,2023-02-12,2025-12-31,0
C0184,2024-01-21,2024-01-31,0
C0184,2024-01-21,2024-02-29,0
C0184,2024-01-21,2024-03-31,0
C0184,2024-01-21,2024-04-30,0
C0184,2024-01-21,2024-05-31,10
C0184,2024-01-21,2024-06-30,45
C0184,2024-01-21,2024-07-31,76
C0184,2024-01-21,2024-08-31,101
C0185,2025-01-17,2025-01-31,0
C0185,2025-01-17,2025-02-28,0
C0185,2025-01-17,2025-03-31,0
C0185,2025-01-17,2025-04-30,0
C0185,2025-01-17,2025-05-31,0
C0185,2025-01-17,2025-06-30,0
C0185,2025-01-17,2025-07-31,0
C0185,2025-01-17,2025-08-31,11
C0185,2025-01-17,2025-09-30,0
C0185,2025-01-17,2025-10-31,0
C0185,2025-01-17,2025-11-30,0
C0185,2025-01-17,2025-12-31,0
C0186,2024-07-24,2024-07-31,0
C0186,2024-07-24,2024-08-31,0
C0186,2024-07-24,2024-09-30,0
C0186,2024-07-24,2024-10-31,0
C0186,2024-07-24,2024-11-30,0
C0186,2024-07-24,2024-12-31,0
C0186,2024-07-24,2025-01-31,37
C0186,2024-07-24,2025-02-28,0
C0186,2024-07-24,2025-03-31,36
C0186,2024-07-24,2025-04-30,0
C0186,2024-07-24,2025-05-31,0
C0186,2024-07-24,2025-06-30,0
C0186,2024-07-24,2025-07-31,0
C0186,2024-07-24,2025-08-31,0
C0186,2024-07-24,2025-09-30,0
C0186,2024-07-24,2025-10-31,0
C0186,2024-07-24,2025-11-30,0
C0186,2024-07-24,2025-12-31,15
C0187,2024-01-18,2024-01-31,0
C0187,2024-01-18,2024-02-29,7
C0187,2024-01-18,2024-03-31,0
C0187,2024-01-18,2024-04-30,22
C0187,2024-01-18,2024-05-31,0
C0187,2024-01-18,2024-06-30,0
C0187,2024-01-18,2024-07-31,0
C0187,2024-01-18,2024-08-31,0
C0187,2024-01-18,2024-09-30,0
C0187,2024-01-18,2024-10-31,0
C0187,2024-01-18,2024-11-30,0
C0187,2024-01-18,2024-12-31,0
C0187,2024-01-18,2025-01-31,0
C0187,2024-01-18,2025-02-28,0
C0187,2024-01-18,2025-03-31,0
C0187,2024-01-18,2025-04-30,0
C0187,2024-01-18,2025-05-31,0
C0187,2024-01-18,2025-06-30,0
C0187,2024-01-18,2025-07-31,32
C0187,2024-01-18,2025-08-31,0
C0187,2024-01-18,2025-09-30,0
C0187,2024-01-18,2025-10-31,0
C0187,2024-01-18,2025-11-30,0
C0187,2024-01-18,2025-12-31,0
C0188,2024-10-22,2024-10-31,0
C0188,2024-10-22,2024-11-30,0
C0188,2024-10-22,2024-12-31,0
C0188,2024-10-22,2025-01-31,0
C0188,2024-10-22,2025-02-28,50
C0188,2024-10-22,2025-03-31,0
C0188,2024-10-22,2025-04-30,0
C0188,2024-10-22,2025-05-31,0
C0188,2024-10-22,2025-06-30,0
C0188,2024-10-22,2025-07-31,0
C0188,2024-10-22,2025-08-31,0
C0188,2024-10-22,2025-09-30,0
C0188,2024-10-22,2025-10-31,0
C0188,2024-10-22,2025-11-30,18
C0188,2024-10-22,2025-12-31,0
C0189,2023-01-21,2023-01-31,0
C0189,2023-01-21,2023-02-28,0
C0189,2023-01-21,2023-03-31,0
C0189,2023-01-21,2023-04-30,0
C0189,2023-01-21,2023-05-31,0
C0189,2023-01-21,2023-06-30,0
C0189,2023-01-21,2023-07-31,0
C0189,2023-01-21,2023-08-31,0
C0189,2023-01-21,2023-09-30,0
C0189,2023-01-21,2023-10-31,0
C0189,2023-01-21,2023-11-30,0
C0189,2023-01-21,2023-12-31,0
C0189,2023-01-21,2024-01-31,0
C0189,2023-01-21,2024-02-29,0
C0189,2023-01-21,2024-03-31,0
C0189,2023-01-21,2024-04-30,0
C0189,2023-01-21,2024-05-31,0
C0189,2023-01-21,2024-06-30,0
C0189,2023-01-21,2024-07-31,0
C0189,2023-01-21,2024-08-31,0
C0189,2023-01-21,2024-09-30,0
C0189,2023-01-21,2024-10-31,0
C0189,2023-01-21,2024-11-30,0
C0189,2023-01-21,2024-12-31,0
C0189,2023-01-21,2025-01-31,0
C0189,2023-01-21,2025-02-28,0
C0189,2023-01-21,2025-03-31,0
C0189,2023-01-21,2025-04-30,52
C0189,2023-01-21,2025-05-31,0
C0189,2023-01-21,2025-06-30,0
C0189,2023-01-21,2025-07-31,0
C0189,2023-01-21,2025-08-31,0
C0189,2023-01-21,2025-09-30,0
C0189,2023-01-21,2025-10-31,0
C0189,2023-01-21,2025-11-30,0
C0189,2023-01-21,2025-12-31,0
C0190,2025-01-13,2025-01-31,0
C0190,2025-01-13,2025-02-28,0
C0190,2025-01-13,2025-03-31,0
C0190,2025-01-13,2025-04-30,0
C0190,2025-01-13,2025-05-31,0
C0190,2025-01-13,2025-06-30,0
C0190,2025-01-13,2025-07-31,0
C0190,2025-01-13,2025-08-31,0
C0190,2025-01-13,2025-09-30,0
C0190,2025-01-13,2025-10-31,0
C0190,2025-01-13,2025-11-30,0
C0190,2025-01-13,2025-12-31,0
C0191,2024-06-02,2024-06-30,0
C0191,2024-06-02,2024-07-31,0
C0191,2024-06-02,2024-08-31,0
C0191,2024-06-02,2024-09-30,11
C0191,2024-06-02,2024-10-31,0
C0191,2024-06-02,2024-11-30,0
C0191,2024-06-02,2024-12-31,0
C0191,2024-06-02,2025-01-31,0
C0191,2024-06-02,2025-02-28,0
C0191,2024-06-02,2025-03-31,0
C0191,2024-06-02,2025-04-30,0
C0191,2024-06-02,2025-05-31,0
C0191,2024-06-02,2025-06-30,0
C0191,2024-06-02,2025-07-31,0
C0191,2024-06-02,2025-08-31,0
C0191,2024-06-02,2025-09-30,16
C0191,2024-06-02,2025-10-31,0
C0191,2024-06-02,2025-11-30,0
C0191,2024-06-02,2025-12-31,0
C0192,2023-05-20,2023-05-31,29
C0192,2023-05-20,2023-06-30,10
C0192,2023-05-20,2023-07-31,0
C0192,2023-05-20,2023-08-31,0
C0192,2023-05-20,2023-09-30,0
C0192,2023-05-20,2023-10-31,0
C0192,2023-05-20,2023-11-30,0
C0192,2023-05-20,2023-12-31,0
C0192,2023-05-20,2024-01-31,0
C0192,2023-05-20,2024-02-29,0
C0192,2023-05-20,2024-03-31,10
C0192,2023-05-20,2024-04-30,24
C0192,2023-05-20,2024-05-31,0
C0192,2023-05-20,2024-06-30,0
C0192,2023-05-20,2024-07-31,9
C0192,2023-05-20,2024-08-31,0
C0192,2023-05-20,2024-09-30,0
C0192,2023-05-20,2024-10-31,0
C0192,2023-05-20,2024-11-30,0
C0192,2023-05-20,2024-12-31,36
C0192,2023-05-20,2025-01-31,0
C0192,2023-05-20,2025-02-28,0
C0192,2023-05-20,2025-03-31,0
C0192,2023-05-20,2025-04-30,25
C0192,2023-05-20,2025-05-31,0
C0192,2023-05-20,2025-06-30,0
C0192,2023-05-20,2025-07-31,0
C0192,2023-05-20,2025-08-31,0
C0192,2023-05-20,2025-09-30,55
C0192,2023-05-20,2025-10-31,0
C0192,2023-05-20,2025-11-30,0
C0192,2023-05-20,2025-12-31,0
C0193,2025-02-03,2025-02-28,0
C0193,2025-02-03,2025-03-31,0
C0193,2025-02-03,2025-04-30,0
C0193,2025-02-03,2025-05-31,0
C0193,2025-02-03,2025-06-30,0
C0193,2025-02-03,2025-07-31,0
C0193,2025-02-03,2025-08-31,0
C0193,2025-02-03,2025-09-30,4
C0193,2025-02-03,2025-10-31,0
C0193,2025-02-03,2025-11-30,0
C0193,2025-02-03,2025-12-31,0
C0194,2024-02-17,2024-02-29,0
C0194,2024-02-17,2024-03-31,0
C0194,2024-02-17,2024-04-30,0
C0194,2024-02-17,2024-05-31,22
C0194,2024-02-17,2024-06-30,0
C0194,2024-02-17,2024-07-31,0
C0194,2024-02-17,2024-08-31,0
C0194,2024-02-17,2024-09-30,0
C0194,2024-02-17,2024-10-31,13
C0194,2024-02-17,2024-11-30,27
C0194,2024-02-17,2024-12-31,0
C0194,2024-02-17,2025-01-31,0
C0194,2024-02-17,2025-02-28,18
C0194,2024-02-17,2025-03-31,58
C0194,2024-02-17,2025-04-30,0
C0194,2024-02-17,2025-05-31,0
C0194,2024-02-17,2025-06-30,0
C0194,2024-02-17,2025-07-31,0
C0194,2024-02-17,2025-08-31,0
C0194,2024-02-17,2025-09-30,0
C0194,2024-02-17,2025-10-31,0
C0194,2024-02-17,2025-11-30,0
C0194,2024-02-17,2025-12-31,0
C0195,2024-07-26,2024-07-31,0
C0195,2024-07-26,2024-08-31,0
C0195,2024-07-26,2024-09-30,48
C0195,2024-07-26,2024-10-31,51
C0195,2024-07-26,2024-11-30,9
C0195,2024-07-26,2024-12-31,88
C0195,2024-07-26,2025-01-31,0
C0195,2024-07-26,2025-02-28,0
C0195,2024-07-26,2025-03-31,12
C0195,2024-07-26,2025-04-30,37
C0195,2024-07-26,2025-05-31,86
C0195,2024-07-26,2025-06-30,96
C0196,2023-12-23,2023-12-31,21
C0196,2023-12-23,2024-01-31,0
C0196,2023-12-23,2024-02-29,0
C0196,2023-12-23,2024-03-31,0
C0196,2023-12-23,2024-04-30,0
C0196,2023-12-23,2024-05-31,0
C0196,2023-12-23,2024-06-30,0
C0196,2023-12-23,2024-07-31,32
C0196,2023-12-23,2024-08-31,0
C0196,2023-12-23,2024-09-30,0
C0196,2023-12-23,2024-10-31,16
C0196,2023-12-23,2024-11-30,0
C0196,2023-12-23,2024-12-31,0
C0196,2023-12-23,2025-01-31,24
C0196,2023-12-23,2025-02-28,0
C0196,2023-12-23,2025-03-31,0
C0196,2023-12-23,2025-04-30,27
C0196,2023-12-23,2025-05-31,35
C0196,2023-12-23,2025-06-30,77
C0196,2023-12-23,2025-07-31,97
C0197,2024-03-03,2024-03-31,2
C0197,2024-03-03,2024-04-30,0
C0197,2024-03-03,2024-05-31,0
C0197,2024-03-03,2024-06-30,0
C0197,2024-03-03,2024-07-31,0
C0197,2024-03-03,2024-08-31,0
C0197,2024-03-03,2024-09-30,59
C0197,2024-03-03,2024-10-31,0
C0197,2024-03-03,2024-11-30,0
C0197,2024-03-03,2024-12-31,0
C0197,2024-03-03,2025-01-31,0
C0197,2024-03-03,2025-02-28,0
C0197,2024-03-03,2025-03-31,0
C0197,2024-03-03,2025-04-30,0
C0197,2024-03-03,2025-05-31,0
C0197,2024-03-03,2025-06-30,0
C0197,2024-03-03,2025-07-31,0
C0197,2024-03-03,2025-08-31,0
C0197,2024-03-03,2025-09-30,0
C0197,2024-03-03,2025-10-31,29
C0197,2024-03-03,2025-11-30,0
C0197,2024-03-03,2025-12-31,0
C0198,2024-10-03,2024-10-31,17
C0198,2024-10-03,2024-11-30,0
C0198,2024-10-03,2024-12-31,0
C0198,2024-10-03,2025-01-31,0
C0198,2024-10-03,2025-02-28,7
C0198,2024-10-03,2025-03-31,0
C0198,2024-10-03,2025-04-30,0
C0198,2024-10-03,2025-05-31,64
C0198,2024-10-03,2025-06-30,0
C0198,2024-10-03,2025-07-31,0
C0198,2024-10-03,2025-08-31,0
C0198,2024-10-03,2025-09-30,0
C0198,2024-10-03,2025-10-31,0
C0198,2024-10-03,2025-11-30,2
C0198,2024-10-03,2025-12-31,0
C0199,2023-04-22,2023-04-30,0
C0199,2023-04-22,2023-05-31,0
C0199,2023-04-22,2023-06-30,0
C0199,2023-04-22,2023-07-31,0
C0199,2023-04-22,2023-08-31,0
C0199,2023-04-22,2023-09-30,1
C0199,2023-04-22,2023-10-31,0
C0199,2023-04-22,2023-11-30,0
C0199,2023-04-22,2023-12-31,0
C0199,2023-04-22,2024-01-31,0
C0199,2023-04-22,2024-02-29,0
C0199,2023-04-22,2024-03-31,0
C0199,2023-04-22,2024-04-30,0
C0199,2023-04-22,2024-05-31,0
C0199,2023-04-22,2024-06-30,16
C0199,2023-04-22,2024-07-31,0
C0199,2023-04-22,2024-08-31,0
C0199,2023-04-22,2024-09-30,0
C0199,2023-04-22,2024-10-31,0
C0199,2023-04-22,2024-11-30,0
C0199,2023-04-22,2024-12-31,0
C0199,2023-04-22,2025-01-31,0
C0199,2023-04-22,2025-02-28,0
C0199,2023-04-22,2025-03-31,0
C0199,2023-04-22,2025-04-30,18
C0199,2023-04-22,2025-05-31,19
C0199,2023-04-22,2025-06-30,0
C0199,2023-04-22,2025-07-31,0
C0199,2023-04-22,2025-08-31,0
C0199,2023-04-22,2025-09-30,0
C0199,2023-04-22,2025-10-31,0
C0199,2023-04-22,2025-11-30,0
C0199,2023-04-22,2025-12-31,0
C0200,2025-02-01,2025-02-28,0
C0200,2025-02-01,2025-03-31,29
C0200,2025-02-01,2025-04-30,0
C0200,2025-02-01,2025-05-31,0
C0200,2025-02-01,2025-06-30,0
C0200,2025-02-01,2025-07-31,0
C0200,2025-02-01,2025-08-31,0
C0200,2025-02-01,2025-09-30,0
C0200,2025-02-01,2025-10-31,0
C0200,2025-02-01,2025-11-30,6
C0200,2025-02-01,2025-12-31,81
C0201,2024-05-17,2024-05-31,0
C0201,2024-05-17,2024-06-30,0
C0201,2024-05-17,2024-07-31,0
C0201,2024-05-17,2024-08-31,0
C0201,2024-05-17,2024-09-30,0
C0201,2024-05-17,2024-10-31,0
C0201,2024-05-17,2024-11-30,20
C0201,2024-05-17,2024-12-31,0
C0201,2024-05-17,2025-01-31,0
C0201,2024-05-17,2025-02-28,0
C0201,2024-05-17,2025-03-31,16
C0201,2024-05-17,2025-04-30,0
C0201,2024-05-17,2025-05-31,65
C0201,2024-05-17,2025-06-30,0
C0201,2024-05-17,2025-07-31,0
C0201,2024-05-17,2025-08-31,0
C0201,2024-05-17,2025-09-30,0
C0201,2024-05-17,2025-10-31,0
C0201,2024-05-17,2025-11-30,0
C0201,2024-05-17,2025-12-31,0
C0202,2023-03-18,2023-03-31,29
C0202,2023-03-18,2023-04-30,0
C0202,2023-03-18,2023-05-31,0
C0202,2023-03-18,2023-06-30,0
C0202,2023-03-18,2023-07-31,0
C0202,2023-03-18,2023-08-31,0
C0202,2023-03-18,2023-09-30,0
C0202,2023-03-18,2023-10-31,0
C0202,2023-03-18,2023-11-30,0
C0202,2023-03-18,2023-12-31,0
C0202,2023-03-18,2024-01-31,11
C0202,2023-03-18,2024-02-29,0
C0202,2023-03-18,2024-03-31,0
C0202,2023-03-18,2024-04-30,50
C0202,2023-03-18,2024-05-31,0
C0202,2023-03-18,2024-06-30,0
C0202,2023-03-18,2024-07-31,0
C0202,2023-03-18,2024-08-31,0
C0202,2023-03-18,2024-09-30,16
C0202,2023-03-18,2024-10-31,31
C0202,2023-03-18,2024-11-30,88
C0202,2023-03-18,2024-12-31,101
C0203,2023-06-22,2023-06-30,0
C0203,2023-06-22,2023-07-31,0
C0203,2023-06-22,2023-08-31,0
C0203,2023-06-22,2023-09-30,0
C0203,2023-06-22,2023-10-31,0
C0203,2023-06-22,2023-11-30,0
C0203,2023-06-22,2023-12-31,0
C0203,2023-06-22,2024-01-31,0
C0203,2023-06-22,2024-02-29,41
C0203,2023-06-22,2024-03-31,30
C0203,2023-06-22,2024-04-30,0
C0203,2023-06-22,2024-05-31,0
C0203,2023-06-22,2024-06-30,0
C0203,2023-06-22,2024-07-31,58
C0203,2023-06-22,2024-08-31,0
C0203,2023-06-22,2024-09-30,16
C0203,2023-06-22,2024-10-31,52
C0203,2023-06-22,2024-11-30,0
C0203,2023-06-22,2024-12-31,0
C0203,2023-06-22,2025-01-31,0
C0203,2023-06-22,2025-02-28,0
C0203,2023-06-22,2025-03-31,0
C0203,2023-06-22,2025-04-30,0
C0203,2023-06-22,2025-05-31,0
C0203,2023-06-22,2025-06-30,0
C0203,2023-06-22,2025-07-31,18
C0203,2023-06-22,2025-08-31,9
C0203,2023-06-22,2025-09-30,0
C0203,2023-06-22,2025-10-31,0
C0203,2023-06-22,2025-11-30,0
C0203,2023-06-22,2025-12-31,0
C0204,2023-07-26,2023-07-31,0
C0204,2023-07-26,2023-08-31,0
C0204,2023-07-26,2023-09-30,0
C0204,2023-07-26,2023-10-31,0
C0204,2023-07-26,2023-11-30,0
C0204,2023-07-26,2023-12-31,0
C0204,2023-07-26,2024-01-31,0
C0204,2023-07-26,2024-02-29,0
C0204,2023-07-26,2024-03-31,0
C0204,2023-07-26,2024-04-30,0
C0204,2023-07-26,2024-05-31,17
C0204,2023-07-26,2024-06-30,0
C0204,2023-07-26,2024-07-31,0
C0204,2023-07-26,2024-08-31,0
C0204,2023-07-26,2024-09-30,0
C0204,2023-07-26,2024-10-31,0
C0204,2023-07-26,2024-11-30,0
C0204,2023-07-26,2024-12-31,0
C0204,2023-07-26,2025-01-31,0
C0204,2023-07-26,2025-02-28,0
C0204,2023-07-26,2025-03-31,0
C0204,2023-07-26,2025-04-30,25
C0204,2023-07-26,2025-05-31,0
C0204,2023-07-26,2025-06-30,0
C0204,2023-07-26,2025-07-31,0
C0204,2023-07-26,2025-08-31,0
C0204,2023-07-26,2025-09-30,0
C0204,2023-07-26,2025-10-31,0
C0204,2023-07-26,2025-11-30,0
C0204,2023-07-26,2025-12-31,2
C0205,2025-01-28,2025-01-31,0
C0205,2025-01-28,2025-02-28,21
C0205,2025-01-28,2025-03-31,0
C0205,2025-01-28,2025-04-30,0
C0205,2025-01-28,2025-05-31,0
C0205,2025-01-28,2025-06-30,0
C0205,2025-01-28,2025-07-31,0
C0205,2025-01-28,2025-08-31,0
C0205,2025-01-28,2025-09-30,0
C0205,2025-01-28,2025-10-31,10
C0205,2025-01-28,2025-11-30,0
C0205,2025-01-28,2025-12-31,18
C0206,2024-05-09,2024-05-31,0
C0206,2024-05-09,2024-06-30,0
C0206,2024-05-09,2024-07-31,0
C0206,2024-05-09,2024-08-31,0
C0206,2024-05-09,2024-09-30,0
C0206,2024-05-09,2024-10-31,0
C0206,2024-05-09,2024-11-30,0
C0206,2024-05-09,2024-12-31,0
C0206,2024-05-09,2025-01-31,0
C0206,2024-05-09,2025-02-28,26
C0206,2024-05-09,2025-03-31,25
C0206,2024-05-09,2025-04-30,0
C0206,2024-05-09,2025-05-31,0
C0206,2024-05-09,2025-06-30,0
C0206,2024-05-09,2025-07-31,3
C0206,2024-05-09,2025-08-31,0
C0206,2024-05-09,2025-09-30,17
C0206,2024-05-09,2025-10-31,0
C0206,2024-05-09,2025-11-30,0
C0206,2024-05-09,2025-12-31,0
C0207,2023-03-11,2023-03-31,8
C0207,2023-03-11,2023-04-30,0
C0207,2023-03-11,2023-05-31,36
C0207,2023-03-11,2023-06-30,0
C0207,2023-03-11,2023-07-31,0
C0207,2023-03-11,2023-08-31,0
C0207,2023-03-11,2023-09-30,0
C0207,2023-03-11,2023-10-31,0
C0207,2023-03-11,2023-11-30,0
C0207,2023-03-11,2023-12-31,0
C0207,2023-03-11,2024-01-31,0
C0207,2023-03-11,2024-02-29,0
C0207,2023-03-11,2024-03-31,0
C0207,2023-03-11,2024-04-30,0
C0207,2023-03-11,2024-05-31,0
C0207,2023-03-11,2024-06-30,0
C0207,2023-03-11,2024-07-31,0
C0207,2023-03-11,2024-08-31,0
C0207,2023-03-11,2024-09-30,0
C0207,2023-03-11,2024-10-31,0
C0207,2023-03-11,2024-11-30,0
C0207,2023-03-11,2024-12-31,0
C0207,2023-03-11,2025-01-31,0
C0207,2023-03-11,2025-02-28,0
C0207,2023-03-11,2025-03-31,0
C0207,2023-03-11,2025-04-30,0
C0207,2023-03-11,2025-05-31,0
C0207,2023-03-11,2025-06-30,0
C0207,2023-03-11,2025-07-31,30
C0207,2023-03-11,2025-08-31,0
C0207,2023-03-11,2025-09-30,0
C0207,2023-03-11,2025-10-31,0
C0207,2023-03-11,2025-11-30,0
C0207,2023-03-11,2025-12-31,0
C0208,2023-04-08,2023-04-30,44
C0208,2023-04-08,2023-05-31,0
C0208,2023-04-08,2023-06-30,0
C0208,2023-04-08,2023-07-31,11
C0208,2023-04-08,2023-08-31,56
C0208,2023-04-08,2023-09-30,71
C0208,2023-04-08,2023-10-31,93
C0209,2024-02-16,2024-02-29,14
C0209,2024-02-16,2024-03-31,0
C0209,2024-02-16,2024-04-30,22
C0209,2024-02-16,2024-05-31,0
C0209,2024-02-16,2024-06-30,22
C0209,2024-02-16,2024-07-31,0
C0209,2024-02-16,2024-08-31,0
C0209,2024-02-16,2024-09-30,0
C0209,2024-02-16,2024-10-31,6
C0209,2024-02-16,2024-11-30,0
C0209,2024-02-16,2024-12-31,5
C0209,2024-02-16,2025-01-31,0
C0209,2024-02-16,2025-02-28,11
C0209,2024-02-16,2025-03-31,0
C0209,2024-02-16,2025-04-30,5
C0209,2024-02-16,2025-05-31,0
C0209,2024-02-16,2025-06-30,0
C0209,2024-02-16,2025-07-31,0
C0209,2024-02-16,2025-08-31,0
C0209,2024-02-16,2025-09-30,0
C0209,2024-02-16,2025-10-31,0
C0209,2024-02-16,2025-11-30,0
C0209,2024-02-16,2025-12-31,0
C0210,2023-08-10,2023-08-31,0
C0210,2023-08-10,2023-09-30,43
C0210,2023-08-10,2023-10-31,0
C0210,2023-08-10,2023-11-30,0
C0210,2023-08-10,2023-12-31,0
C0210,2023-08-10,2024-01-31,0
C0210,2023-08-10,2024-02-29,17
C0210,2023-08-10,2024-03-31,0
C0210,2023-08-10,2024-04-30,0
C0210,2023-08-10,2024-05-31,0
C0210,2023-08-10,2024-06-30,0
C0210,2023-08-10,2024-07-31,0
C0210,2023-08-10,2024-08-31,0
C0210,2023-08-10,2024-09-30,0
C0210,2023-08-10,2024-10-31,0
C0210,2023-08-10,2024-11-30,34
C0210,2023-08-10,2024-12-31,0
C0210,2023-08-10,2025-01-31,0
C0210,2023-08-10,2025-02-28,0
C0210,2023-08-10,2025-03-31,0
C0210,2023-08-10,2025-04-30,0
C0210,2023-08-10,2025-05-31,0
C0210,2023-08-10,2025-06-30,0
C0210,2023-08-10,2025-07-31,0
C0210,2023-08-10,2025-08-31,0
C0210,2023-08-10,2025-09-30,0
C0210,2023-08-10,2025-10-31,0
C0210,2023-08-10,2025-11-30,0
C0210,2023-08-10,2025-12-31,0
C0211,2024-04-08,2024-04-30,0
C0211,2024-04-08,2024-05-31,0
C0211,2024-04-08,2024-06-30,18
C0211,2024-04-08,2024-07-31,0
C0211,2024-04-08,2024-08-31,0
C0211,2024-04-08,2024-09-30,0
C0211,2024-04-08,2024-10-31,24
C0211,2024-04-08,2024-11-30,0
C0211,2024-04-08,2024-12-31,0
C0211,2024-04-08,2025-01-31,0
C0211,2024-04-08,2025-02-28,29
C0211,2024-04-08,2025-03-31,0
C0211,2024-04-08,2025-04-30,0
C0211,2024-04-08,2025-05-31,26
C0211,2024-04-08,2025-06-30,0
C0211,2024-04-08,2025-07-31,0
C0211,2024-04-08,2025-08-31,0
C0211,2024-04-08,2025-09-30,0
C0211,2024-04-08,2025-10-31,0
C0211,2024-04-08,2025-11-30,0
C0211,2024-04-08,2025-12-31,0
C0212,2025-01-07,2025-01-31,0
C0212,2025-01-07,2025-02-28,0
C0212,2025-01-07,2025-03-31,0
C0212,2025-01-07,2025-04-30,16
C0212,2025-01-07,2025-05-31,0
C0212,2025-01-07,2025-06-30,0
C0212,2025-01-07,2025-07-31,10
C0212,2025-01-07,2025-08-31,0
C0212,2025-01-07,2025-09-30,0
C0212,2025-01-07,2025-10-31,0
C0212,2025-01-07,2025-11-30,0
C0212,2025-01-07,2025-12-31,0
C0213,2025-06-23,2025-06-30,0
C0213,2025-06-23,2025-07-31,0
C0213,2025-06-23,2025-08-31,18
C0213,2025-06-23,2025-09-30,0
C0213,2025-06-23,2025-10-31,0
C0213,2025-06-23,2025-11-30,0
C0213,2025-06-23,2025-12-31,29
C0214,2024-10-18,2024-10-31,0
C0214,2024-10-18,2024-11-30,0
C0214,2024-10-18,2024-12-31,0
C0214,2024-10-18,2025-01-31,0
C0214,2024-10-18,2025-02-28,0
C0214,2024-10-18,2025-03-31,55
C0214,2024-10-18,2025-04-30,0
C0214,2024-10-18,2025-05-31,0
C0214,2024-10-18,2025-06-30,0
C0214,2024-10-18,2025-07-31,0
C0214,2024-10-18,2025-08-31,18
C0214,2024-10-18,2025-09-30,0
C0214,2024-10-18,2025-10-31,0
C0214,2024-10-18,2025-11-30,0
C0214,2024-10-18,2025-12-31,0
C0215,2023-01-12,2023-01-31,0
C0215,2023-01-12,2023-02-28,0
C0215,2023-01-12,2023-03-31,5
C0215,2023-01-12,2023-04-30,0
C0215,2023-01-12,2023-05-31,0
C0215,2023-01-12,2023-06-30,0
C0215,2023-01-12,2023-07-31,0
C0215,2023-01-12,2023-08-31,0
C0215,2023-01-12,2023-09-30,0
C0215,2023-01-12,2023-10-31,0
C0215,2023-01-12,2023-11-30,12
C0215,2023-01-12,2023-12-31,42
C0215,2023-01-12,2024-01-31,12
C0215,2023-01-12,2024-02-29,0
C0215,2023-01-12,2024-03-31,0
C0215,2023-01-12,2024-04-30,24
C0215,2023-01-12,2024-05-31,0
C0215,2023-01-12,2024-06-30,0
C0215,2023-01-12,2024-07-31,0
C0215,2023-01-12,2024-08-31,0
C0215,2023-01-12,2024-09-30,0
C0215,2023-01-12,2024-10-31,0
C0215,2023-01-12,2024-11-30,0
C0215,2023-01-12,2024-12-31,0
C0215,2023-01-12,2025-01-31,0
C0215,2023-01-12,2025-02-28,0
C0215,2023-01-12,2025-03-31,24
C0215,2023-01-12,2025-04-30,8
C0215,2023-01-12,2025-05-31,0
C0215,2023-01-12,2025-06-30,0
C0215,2023-01-12,2025-07-31,0
C0215,2023-01-12,2025-08-31,0
C0215,2023-01-12,2025-09-30,0
C0215,2023-01-12,2025-10-31,0
C0215,2023-01-12,2025-11-30,0
C0215,2023-01-12,2025-12-31,52
C0216,2025-05-21,2025-05-31,0
C0216,2025-05-21,2025-06-30,37
C0216,2025-05-21,2025-07-31,0
C0216,2025-05-21,2025-08-31,59
C0216,2025-05-21,2025-09-30,0
C0216,2025-05-21,2025-10-31,0
C0216,2025-05-21,2025-11-30,0
C0216,2025-05-21,2025-12-31,0
C0217,2025-01-12,2025-01-31,0
C0217,2025-01-12,2025-02-28,28
C0217,2025-01-12,2025-03-31,0
C0217,2025-01-12,2025-04-30,0
C0217,2025-01-12,2025-05-31,0
C0217,2025-01-12,2025-06-30,0
C0217,2025-01-12,2025-07-31,0
C0217,2025-01-12,2025-08-31,31
C0217,2025-01-12,2025-09-30,0
C0217,2025-01-12,2025-10-31,45
C0217,2025-01-12,2025-11-30,0
C0217,2025-01-12,2025-12-31,0
C0218,2023-06-04,2023-06-30,0
C0218,2023-06-04,2023-07-31,0
C0218,2023-06-04,2023-08-31,19
C0218,2023-06-04,2023-09-30,0
C0218,2023-06-04,2023-10-31,0
C0218,2023-06-04,2023-11-30,0
C0218,2023-06-04,2023-12-31,0
C0218,2023-06-04,2024-01-31,0
C0218,2023-06-04,2024-02-29,0
C0218,2023-06-04,2024-03-31,0
C0218,2023-06-04,2024-04-30,47
C0218,2023-06-04,2024-05-31,0
C0218,2023-06-04,2024-06-30,0
C0218,2023-06-04,2024-07-31,0
C0218,2023-06-04,2024-08-31,0
C0218,2023-06-04,2024-09-30,0
C0218,2023-06-04,2024-10-31,0
C0218,2023-06-04,2024-11-30,11
C0218,2023-06-04,2024-12-31,54
C0218,2023-06-04,2025-01-31,0
C0218,2023-06-04,2025-02-28,0
C0218,2023-06-04,2025-03-31,0
C0218,2023-06-04,2025-04-30,0
C0218,2023-06-04,2025-05-31,0
C0218,2023-06-04,2025-06-30,0
C0218,2023-06-04,2025-07-31,0
C0218,2023-06-04,2025-08-31,0
C0218,2023-06-04,2025-09-30,0
C0218,2023-06-04,2025-10-31,0
C0218,2023-06-04,2025-11-30,0
C0218,2023-06-04,2025-12-31,0
C0219,2024-04-27,2024-04-30,0
C0219,2024-04-27,2024-05-31,7
C0219,2024-04-27,2024-06-30,0
C0219,2024-04-27,2024-07-31,0
C0219,2024-04-27,2024-08-31,0
C0219,2024-04-27,2024-09-30,18
C0219,2024-04-27,2024-10-31,52
C0219,2024-04-27,2024-11-30,83
C0219,2024-04-27,2024-12-31,119
C0220,2024-03-15,2024-03-31,0
C0220,2024-03-15,2024-04-30,0
C0220,2024-03-15,2024-05-31,28
C0220,2024-03-15,2024-06-30,0
C0220,2024-03-15,2024-07-31,0
C0220,2024-03-15,2024-08-31,0
C0220,2024-03-15,2024-09-30,0
C0220,2024-03-15,2024-10-31,12
C0220,2024-03-15,2024-11-30,0
C0220,2024-03-15,2024-12-31,0
C0220,2024-03-15,2025-01-31,0
C0220,2024-03-15,2025-02-28,18
C0220,2024-03-15,2025-03-31,0
C0220,2024-03-15,2025-04-30,0
C0220,2024-03-15,2025-05-31,0
C0220,2024-03-15,2025-06-30,0
C0220,2024-03-15,2025-07-31,26
C0220,2024-03-15,2025-08-31,21
C0220,2024-03-15,2025-09-30,0
C0220,2024-03-15,2025-10-31,16
C0220,2024-03-15,2025-11-30,0
C0220,2024-03-15,2025-12-31,0
C0221,2024-06-05,2024-06-30,0
C0221,2024-06-05,2024-07-31,0
C0221,2024-06-05,2024-08-31,0
C0221,2024-06-05,2024-09-30,0
C0221,2024-06-05,2024-10-31,0
C0221,2024-06-05,2024-11-30,0
C0221,2024-06-05,2024-12-31,0
C0221,2024-06-05,2025-01-31,0
C0221,2024-06-05,2025-02-28,0
C0221,2024-06-05,2025-03-31,5
C0221,2024-06-05,2025-04-30,0
C0221,2024-06-05,2025-05-31,0
C0221,2024-06-05,2025-06-30,0
C0221,2024-06-05,2025-07-31,0
C0221,2024-06-05,2025-08-31,0
C0221,2024-06-05,2025-09-30,0
C0221,2024-06-05,2025-10-31,0
C0221,2024-06-05,2025-11-30,0
C0221,2024-06-05,2025-12-31,0
C0222,2023-01-28,2023-01-31,0
C0222,2023-01-28,2023-02-28,0
C0222,2023-01-28,2023-03-31,0
C0222,2023-01-28,2023-04-30,0
C0222,2023-01-28,2023-05-31,0
C0222,2023-01-28,2023-06-30,0
C0222,2023-01-28,2023-07-31,0
C0222,2023-01-28,2023-08-31,11
C0222,2023-01-28,2023-09-30,0
C0222,2023-01-28,2023-10-31,0
C0222,2023-01-28,2023-11-30,0
C0222,2023-01-28,2023-12-31,0
C0222,2023-01-28,2024-01-31,29
C0222,2023-01-28,2024-02-29,0
C0222,2023-01-28,2024-03-31,71
C0222,2023-01-28,2024-04-30,0
C0222,2023-01-28,2024-05-31,1
C0222,2023-01-28,2024-06-30,0
C0222,2023-01-28,2024-07-31,0
C0222,2023-01-28,2024-08-31,45
C0222,2023-01-28,2024-09-30,52
C0222,2023-01-28,2024-10-31,0
C0222,2023-01-28,2024-11-30,0
C0222,2023-01-28,2024-12-31,5
C0222,2023-01-28,2025-01-31,0
C0222,2023-01-28,2025-02-28,0
C0222,2023-01-28,2025-03-31,0
C0222,2023-01-28,2025-04-30,0
C0222,2023-01-28,2025-05-31,0
C0222,2023-01-28,2025-06-30,62
C0222,2023-01-28,2025-07-31,3
C0222,2023-01-28,2025-08-31,0
C0222,2023-01-28,2025-09-30,0
C0222,2023-01-28,2025-10-31,0
C0222,2023-01-28,2025-11-30,0
C0222,2023-01-28,2025-12-31,0
C0223,2024-08-12,2024-08-31,0
C0223,2024-08-12,2024-09-30,52
C0223,2024-08-12,2024-10-31,0
C0223,2024-08-12,2024-11-30,0
C0223,2024-08-12,2024-12-31,0
C0223,2024-08-12,2025-01-31,0
C0223,2024-08-12,2025-02-28,0
C0223,2024-08-12,2025-03-31,24
C0223,2024-08-12,2025-04-30,19
C0223,2024-08-12,2025-05-31,49
C0223,2024-08-12,2025-06-30,74
C0223,2024-08-12,2025-07-31,119
C0224,2023-04-19,2023-04-30,80
C0224,2023-04-19,2023-05-31,36
C0224,2023-04-19,2023-06-30,0
C0224,2023-04-19,2023-07-31,0
C0224,2023-04-19,2023-08-31,0
C0224,2023-04-19,2023-09-30,34
C0224,2023-04-19,2023-10-31,0
C0224,2023-04-19,2023-11-30,29
C0224,2023-04-19,2023-12-31,0
C0224,2023-04-19,2024-01-31,0
C0224,2023-04-19,2024-02-29,0
C0224,2023-04-19,2024-03-31,0
C0224,2023-04-19,2024-04-30,71
C0224,2023-04-19,2024-05-31,0
C0224,2023-04-19,2024-06-30,11
C0224,2023-04-19,2024-07-31,0
C0224,2023-04-19,2024-08-31,0
C0224,2023-04-19,2024-09-30,0
C0224,2023-04-19,2024-10-31,0
C0224,2023-04-19,2024-11-30,0
C0224,2023-04-19,2024-12-31,0
C0224,2023-04-19,2025-01-31,0
C0224,2023-04-19,2025-02-28,0
C0224,2023-04-19,2025-03-31,0
C0224,2023-04-19,2025-04-30,0
C0224,2023-04-19,2025-05-31,0
C0224,2023-04-19,2025-06-30,0
C0224,2023-04-19,2025-07-31,0
C0224,2023-04-19,2025-08-31,0
C0224,2023-04-19,2025-09-30,0
C0224,2023-04-19,2025-10-31,0
C0224,2023-04-19,2025-11-30,0
C0224,2023-04-19,2025-12-31,0
C0225,2024-02-27,2024-02-29,0
C0225,2024-02-27,2024-03-31,18
C0225,2024-02-27,2024-04-30,22
C0225,2024-02-27,2024-05-31,2
C0225,2024-02-27,2024-06-30,0
C0225,2024-02-27,2024-07-31,0
C0225,2024-02-27,2024-08-31,0
C0225,2024-02-27,2024-09-30,0
C0225,2024-02-27,2024-10-31,14
C0225,2024-02-27,2024-11-30,0
C0225,2024-02-27,2024-12-31,0
C0225,2024-02-27,2025-01-31,0
C0225,2024-02-27,2025-02-28,0
C0225,2024-02-27,2025-03-31,0
C0225,2024-02-27,2025-04-30,25
C0225,2024-02-27,2025-05-31,2
C0225,2024-02-27,2025-06-30,0
C0225,2024-02-27,2025-07-31,0
C0225,2024-02-27,2025-08-31,0
C0225,2024-02-27,2025-09-30,0
C0225,2024-02-27,2025-10-31,0
C0225,2024-02-27,2025-11-30,0
C0225,2024-02-27,2025-12-31,0
C0226,2023-01-07,2023-01-31,0
C0226,2023-01-07,2023-02-28,0
C0226,2023-01-07,2023-03-31,0
C0226,2023-01-07,2023-04-30,0
C0226,2023-01-07,2023-05-31,47
C0226,2023-01-07,2023-06-30,0
C0226,2023-01-07,2023-07-31,0
C0226,2023-01-07,2023-08-31,0
C0226,2023-01-07,2023-09-30,0
C0226,2023-01-07,2023-10-31,0
C0226,2023-01-07,2023-11-30,0
C0226,2023-01-07,2023-12-31,27
C0226,2023-01-07,2024-01-31,0
C0226,2023-01-07,2024-02-29,0
C0226,2023-01-07,2024-03-31,0
C0226,2023-01-07,2024-04-30,0
C0226,2023-01-07,2024-05-31,0
C0226,2023-01-07,2024-06-30,0
C0226,2023-01-07,2024-07-31,14
C0226,2023-01-07,2024-08-31,0
C0226,2023-01-07,2024-09-30,0
C0226,2023-01-07,2024-10-31,0
C0226,2023-01-07,2024-11-30,22
C0226,2023-01-07,2024-12-31,32
C0226,2023-01-07,2025-01-31,0
C0226,2023-01-07,2025-02-28,0
C0226,2023-01-07,2025-03-31,0
C0226,2023-01-07,2025-04-30,0
C0226,2023-01-07,2025-05-31,10
C0226,2023-01-07,2025-06-30,0
C0226,2023-01-07,2025-07-31,0
C0226,2023-01-07,2025-08-31,14
C0226,2023-01-07,2025-09-30,38
C0226,2023-01-07,2025-10-31,78
C0226,2023-01-07,2025-11-30,95
C0227,2023-04-24,2023-04-30,0
C0227,2023-04-24,2023-05-31,0
C0227,2023-04-24,2023-06-30,0
C0227,2023-04-24,2023-07-31,0
C0227,2023-04-24,2023-08-31,0
C0227,2023-04-24,2023-09-30,0
C0227,2023-04-24,2023-10-31,0
C0227,2023-04-24,2023-11-30,14
C0227,2023-04-24,2023-12-31,0
C0227,2023-04-24,2024-01-31,0
C0227,2023-04-24,2024-02-29,0
C0227,2023-04-24,2024-03-31,0
C0227,2023-04-24,2024-04-30,0
C0227,2023-04-24,2024-05-31,72
C0227,2023-04-24,2024-06-30,0
C0227,2023-04-24,2024-07-31,0
C0227,2023-04-24,2024-08-31,0
C0227,2023-04-24,2024-09-30,0
C0227,2023-04-24,2024-10-31,0
C0227,2023-04-24,2024-11-30,0
C0227,2023-04-24,2024-12-31,0
C0227,2023-04-24,2025-01-31,0
C0227,2023-04-24,2025-02-28,0
C0227,2023-04-24,2025-03-31,0
C0227,2023-04-24,2025-04-30,68
C0227,2023-04-24,2025-05-31,0
C0227,2023-04-24,2025-06-30,0
C0227,2023-04-24,2025-07-31,0
C0227,2023-04-24,2025-08-31,0
C0227,2023-04-24,2025-09-30,0
C0227,2023-04-24,2025-10-31,0
C0227,2023-04-24,2025-11-30,0
C0227,2023-04-24,2025-12-31,0
C0228,2024-12-05,2024-12-31,0
C0228,2024-12-05,2025-01-31,0
C0228,2024-12-05,2025-02-28,0
C0228,2024-12-05,2025-03-31,0
C0228,2024-12-05,2025-04-30,0
C0228,2024-12-05,2025-05-31,0
C0228,2024-12-05,2025-06-30,0
C0228,2024-12-05,2025-07-31,0
C0228,2024-12-05,2025-08-31,20
C0228,2024-12-05,2025-09-30,0
C0228,2024-12-05,2025-10-31,0
C0228,2024-12-05,2025-11-30,0
C0228,2024-12-05,2025-12-31,0
C0229,2024-05-13,2024-05-31,0
C0229,2024-05-13,2024-06-30,0
C0229,2024-05-13,2024-07-31,0
C0229,2024-05-13,2024-08-31,0
C0229,2024-05-13,2024-09-30,0
C0229,2024-05-13,2024-10-31,0
C0229,2024-05-13,2024-11-30,0
C0229,2024-05-13,2024-12-31,5
C0229,2024-05-13,2025-01-31,0
C0229,2024-05-13,2025-02-28,0
C0229,2024-05-13,2025-03-31,0
C0229,2024-05-13,2025-04-30,0
C0229,2024-05-13,2025-05-31,22
C0229,2024-05-13,2025-06-30,0
C0229,2024-05-13,2025-07-31,0
C0229,2024-05-13,2025-08-31,0
C0229,2024-05-13,2025-09-30,0
C0229,2024-05-13,2025-10-31,0
C0229,2024-05-13,2025-11-30,0
C0229,2024-05-13,2025-12-31,0
C0230,2023-01-16,2023-01-31,0
C0230,2023-01-16,2023-02-28,13
C0230,2023-01-16,2023-03-31,0
C0230,2023-01-16,2023-04-30,0
C0230,2023-01-16,2023-05-31,0
C0230,2023-01-16,2023-06-30,13
C0230,2023-01-16,2023-07-31,0
C0230,2023-01-16,2023-08-31,0
C0230,2023-01-16,2023-09-30,0
C0230,2023-01-16,2023-10-31,0
C0230,2023-01-16,2023-11-30,16
C0230,2023-01-16,2023-12-31,50
C0230,2023-01-16,2024-01-31,64
C0230,2023-01-16,2024-02-29,110
C0231,2024-03-26,2024-03-31,0
C0231,2024-03-26,2024-04-30,22
C0231,2024-03-26,2024-05-31,0
C0231,2024-03-26,2024-06-30,0
C0231,2024-03-26,2024-07-31,62
C0231,2024-03-26,2024-08-31,0
C0231,2024-03-26,2024-09-30,0
C0231,2024-03-26,2024-10-31,0
C0231,2024-03-26,2024-11-30,70
C0231,2024-03-26,2024-12-31,0
C0231,2024-03-26,2025-01-31,6
C0231,2024-03-26,2025-02-28,56
C0231,2024-03-26,2025-03-31,0
C0231,2024-03-26,2025-04-30,0
C0231,2024-03-26,2025-05-31,3
C0231,2024-03-26,2025-06-30,0
C0231,2024-03-26,2025-07-31,0
C0231,2024-03-26,2025-08-31,0
C0231,2024-03-26,2025-09-30,0
C0231,2024-03-26,2025-10-31,0
C0231,2024-03-26,2025-11-30,0
C0231,2024-03-26,2025-12-31,0
C0232,2025-06-12,2025-06-30,9
C0232,2025-06-12,2025-07-31,0
C0232,2025-06-12,2025-08-31,0
C0232,2025-06-12,2025-09-30,10
C0232,2025-06-12,2025-10-31,0
C0232,2025-06-12,2025-11-30,0
C0232,2025-06-12,2025-12-31,15
C0233,2023-06-16,2023-06-30,0
C0233,2023-06-16,2023-07-31,0
C0233,2023-06-16,2023-08-31,0
C0233,2023-06-16,2023-09-30,0
C0233,2023-06-16,2023-10-31,0
C0233,2023-06-16,2023-11-30,0
C0233,2023-06-16,2023-12-31,0
C0233,2023-06-16,2024-01-31,0
C0233,2023-06-16,2024-02-29,0
C0233,2023-06-16,2024-03-31,0
C0233,2023-06-16,2024-04-30,0
C0233,2023-06-16,2024-05-31,13
C0233,2023-06-16,2024-06-30,0
C0233,2023-06-16,2024-07-31,0
C0233,2023-06-16,2024-08-31,0
C0233,2023-06-16,2024-09-30,0
C0233,2023-06-16,2024-10-31,26
C0233,2023-06-16,2024-11-30,0
C0233,2023-06-16,2024-12-31,0
C0233,2023-06-16,2025-01-31,8
C0233,2023-06-16,2025-02-28,0
C0233,2023-06-16,2025-03-31,0
C0233,2023-06-16,2025-04-30,0
C0233,2023-06-16,2025-05-31,0
C0233,2023-06-16,2025-06-30,21
C0233,2023-06-16,2025-07-31,0
C0233,2023-06-16,2025-08-31,0
C0233,2023-06-16,2025-09-30,18
C0233,2023-06-16,2025-10-31,0
C0233,2023-06-16,2025-11-30,0
C0233,2023-06-16,2025-12-31,0
C0234,2025-02-10,2025-02-28,0
C0234,2025-02-10,2025-03-31,0
C0234,2025-02-10,2025-04-30,0
C0234,2025-02-10,2025-05-31,0
C0234,2025-02-10,2025-06-30,0
C0234,2025-02-10,2025-07-31,16
C0234,2025-02-10,2025-08-31,0
C0234,2025-02-10,2025-09-30,0
C0234,2025-02-10,2025-10-31,0
C0234,2025-02-10,2025-11-30,84
C0234,2025-02-10,2025-12-31,0
C0235,2025-03-24,2025-03-31,0
C0235,2025-03-24,2025-04-30,0
C0235,2025-03-24,2025-05-31,8
C0235,2025-03-24,2025-06-30,0
C0235,2025-03-24,2025-07-31,0
C0235,2025-03-24,2025-08-31,0
C0235,2025-03-24,2025-09-30,0
C0235,2025-03-24,2025-10-31,0
C0235,2025-03-24,2025-11-30,0
C0235,2025-03-24,2025-12-31,0
C0236,2024-09-27,2024-09-30,0
C0236,2024-09-27,2024-10-31,0
C0236,2024-09-27,2024-11-30,0
C0236,2024-09-27,2024-12-31,0
C0236,2024-09-27,2025-01-31,0
C0236,2024-09-27,2025-02-28,0
C0236,2024-09-27,2025-03-31,0
C0236,2024-09-27,2025-04-30,0
C0236,2024-09-27,2025-05-31,12
C0236,2024-09-27,2025-06-30,0
C0236,2024-09-27,2025-07-31,0
C0236,2024-09-27,2025-08-31,49
C0236,2024-09-27,2025-09-30,0
C0236,2024-09-27,2025-10-31,0
C0236,2024-09-27,2025-11-30,49
C0236,2024-09-27,2025-12-31,38
C0237,2024-03-03,2024-03-31,0
C0237,2024-03-03,2024-04-30,0
C0237,2024-03-03,2024-05-31,0
C0237,2024-03-03,2024-06-30,1
C0237,2024-03-03,2024-07-31,0
C0237,2024-03-03,2024-08-31,24
C0237,2024-03-03,2024-09-30,0
C0237,2024-03-03,2024-10-31,16
C0237,2024-03-03,2024-11-30,0
C0237,2024-03-03,2024-12-31,0
C0237,2024-03-03,2025-01-31,15
C0237,2024-03-03,2025-02-28,0
C0237,2024-03-03,2025-03-31,0
C0237,2024-03-03,2025-04-30,0
C0237,2024-03-03,2025-05-31,0
C0237,2024-03-03,2025-06-30,0
C0237,2024-03-03,2025-07-31,0
C0237,2024-03-03,2025-08-31,47
C0237,2024-03-03,2025-09-30,38
C0237,2024-03-03,2025-10-31,0
C0237,2024-03-03,2025-11-30,0
C0237,2024-03-03,2025-12-31,0
C0238,2023-03-12,2023-03-31,5
C0238,2023-03-12,2023-04-30,31
C0238,2023-03-12,2023-05-31,7
C0238,2023-03-12,2023-06-30,0
C0238,2023-03-12,2023-07-31,0
C0238,2023-03-12,2023-08-31,0
C0238,2023-03-12,2023-09-30,0
C0238,2023-03-12,2023-10-31,0
C0238,2023-03-12,2023-11-30,0
C0238,2023-03-12,2023-12-31,0
C0238,2023-03-12,2024-01-31,0
C0238,2023-03-12,2024-02-29,0
C0238,2023-03-12,2024-03-31,0
C0238,2023-03-12,2024-04-30,0
C0238,2023-03-12,2024-05-31,0
C0238,2023-03-12,2024-06-30,0
C0238,2023-03-12,2024-07-31,0
C0238,2023-03-12,2024-08-31,0
C0238,2023-03-12,2024-09-30,0
C0238,2023-03-12,2024-10-31,4
C0238,2023-03-12,2024-11-30,0
C0238,2023-03-12,2024-12-31,21
C0238,2023-03-12,2025-01-31,0
C0238,2023-03-12,2025-02-28,0
C0238,2023-03-12,2025-03-31,0
C0238,2023-03-12,2025-04-30,0
C0238,2023-03-12,2025-05-31,21
C0238,2023-03-12,2025-06-30,36
C0238,2023-03-12,2025-07-31,85
C0238,2023-03-12,2025-08-31,105
C0239,2025-04-19,2025-04-30,64
C0239,2025-04-19,2025-05-31,0
C0239,2025-04-19,2025-06-30,0
C0239,2025-04-19,2025-07-31,0
C0239,2025-04-19,2025-08-31,0
C0239,2025-04-19,2025-09-30,0
C0239,2025-04-19,2025-10-31,0
C0239,2025-04-19,2025-11-30,2
C0239,2025-04-19,2025-12-31,0
C0240,2024-07-27,2024-07-31,0
C0240,2024-07-27,2024-08-31,0
C0240,2024-07-27,2024-09-30,0
C0240,2024-07-27,2024-10-31,0
C0240,2024-07-27,2024-11-30,0
C0240,2024-07-27,2024-12-31,0
C0240,2024-07-27,2025-01-31,10
C0240,2024-07-27,2025-02-28,34
C0240,2024-07-27,2025-03-31,9
C0240,2024-07-27,2025-04-30,0
C0240,2024-07-27,2025-05-31,0
C0240,2024-07-27,2025-06-30,25
C0240,2024-07-27,2025-07-31,0
C0240,2024-07-27,2025-08-31,0
C0240,2024-07-27,2025-09-30,0
C0240,2024-07-27,2025-10-31,0
C0240,2024-07-27,2025-11-30,0
C0240,2024-07-27,2025-12-31,0
C0241,2023-04-18,2023-04-30,0
C0241,2023-04-18,2023-05-31,11
C0241,2023-04-18,2023-06-30,0
C0241,2023-04-18,2023-07-31,0
C0241,2023-04-18,2023-08-31,0
C0241,2023-04-18,2023-09-30,0
C0241,2023-04-18,2023-10-31,0
C0241,2023-04-18,2023-11-30,20
C0241,2023-04-18,2023-12-31,0
C0241,2023-04-18,2024-01-31,65
C0241,2023-04-18,2024-02-29,0
C0241,2023-04-18,2024-03-31,0
C0241,2023-04-18,2024-04-30,0
C0241,2023-04-18,2024-05-31,0
C0241,2023-04-18,2024-06-30,0
C0241,2023-04-18,2024-07-31,0
C0241,2023-04-18,2024-08-31,0
C0241,2023-04-18,2024-09-30,72
C0241,2023-04-18,2024-10-31,30
C0241,2023-04-18,2024-11-30,0
C0241,2023-04-18,2024-12-31,0
C0241,2023-04-18,2025-01-31,0
C0241,2023-04-18,2025-02-28,0
C0241,2023-04-18,2025-03-31,0
C0241,2023-04-18,2025-04-30,0
C0241,2023-04-18,2025-05-31,0
C0241,2023-04-18,2025-06-30,43
C0241,2023-04-18,2025-07-31,0
C0241,2023-04-18,2025-08-31,0
C0241,2023-04-18,2025-09-30,3
C0241,2023-04-18,2025-10-31,9
C0241,2023-04-18,2025-11-30,0
C0241,2023-04-18,2025-12-31,0
C0242,2023-12-12,2023-12-31,0
C0242,2023-12-12,2024-01-31,0
C0242,2023-12-12,2024-02-29,0
C0242,2023-12-12,2024-03-31,0
C0242,2023-12-12,2024-04-30,0
C0242,2023-12-12,2024-05-31,54
C0242,2023-12-12,2024-06-30,0
C0242,2023-12-12,2024-07-31,0
C0242,2023-12-12,2024-08-31,0
C0242,2023-12-12,2024-09-30,0
C0242,2023-12-12,2024-10-31,0
C0242,2023-12-12,2024-11-30,0
C0242,2023-12-12,2024-12-31,0
C0242,2023-12-12,2025-01-31,6
C0242,2023-12-12,2025-02-28,0
C0242,2023-12-12,2025-03-31,0
C0242,2023-12-12,2025-04-30,17
C0242,2023-12-12,2025-05-31,0
C0242,2023-12-12,2025-06-30,0
C0242,2023-12-12,2025-07-31,18
C0242,2023-12-12,2025-08-31,0
C0242,2023-12-12,2025-09-30,0
C0242,2023-12-12,2025-10-31,0
C0242,2023-12-12,2025-11-30,27
C0242,2023-12-12,2025-12-31,0
C0243,2023-11-28,2023-11-30,15
C0243,2023-11-28,2023-12-31,49
C0243,2023-11-28,2024-01-31,0
C0243,2023-11-28,2024-02-29,0
C0243,2023-11-28,2024-03-31,0
C0243,2023-11-28,2024-04-30,0
C0243,2023-11-28,2024-05-31,0
C0243,2023-11-28,2024-06-30,55
C0243,2023-11-28,2024-07-31,0
C0243,2023-11-28,2024-08-31,0
C0243,2023-11-28,2024-09-30,0
C0243,2023-11-28,2024-10-31,0
C0243,2023-11-28,2024-11-30,0
C0243,2023-11-28,2024-12-31,0
C0243,2023-11-28,2025-01-31,1
C0243,2023-11-28,2025-02-28,0
C0243,2023-11-28,2025-03-31,0
C0243,2023-11-28,2025-04-30,0
C0243,2023-11-28,2025-05-31,0
C0243,2023-11-28,2025-06-30,0
C0243,2023-11-28,2025-07-31,0
C0243,2023-11-28,2025-08-31,26
C0243,2023-11-28,2025-09-30,0
C0243,2023-11-28,2025-10-31,0
C0243,2023-11-28,2025-11-30,0
C0243,2023-11-28,2025-12-31,0
C0244,2023-01-11,2023-01-31,0
C0244,2023-01-11,2023-02-28,13
C0244,2023-01-11,2023-03-31,85
C0244,2023-01-11,2023-04-30,0
C0244,2023-01-11,2023-05-31,0
C0244,2023-01-11,2023-06-30,0
C0244,2023-01-11,2023-07-31,18
C0244,2023-01-11,2023-08-31,0
C0244,2023-01-11,2023-09-30,0
C0244,2023-01-11,2023-10-31,0
C0244,2023-01-11,2023-11-30,0
C0244,2023-01-11,2023-12-31,0
C0244,2023-01-11,2024-01-31,0
C0244,2023-01-11,2024-02-29,0
C0244,2023-01-11,2024-03-31,22
C0244,2023-01-11,2024-04-30,0
C0244,2023-01-11,2024-05-31,0
C0244,2023-01-11,2024-06-30,14
C0244,2023-01-11,2024-07-31,0
C0244,2023-01-11,2024-08-31,0
C0244,2023-01-11,2024-09-30,0
C0244,2023-01-11,2024-10-31,0
C0244,2023-01-11,2024-11-30,0
C0244,2023-01-11,2024-12-31,0
C0244,2023-01-11,2025-01-31,0
C0244,2023-01-11,2025-02-28,0
C0244,2023-01-11,2025-03-31,0
C0244,2023-01-11,2025-04-30,0
C0244,2023-01-11,2025-05-31,19
C0244,2023-01-11,2025-06-30,3
C0244,2023-01-11,2025-07-31,0
C0244,2023-01-11,2025-08-31,0
C0244,2023-01-11,2025-09-30,35
C0244,2023-01-11,2025-10-31,0
C0244,2023-01-11,2025-11-30,0
C0244,2023-01-11,2025-12-31,0
C0245,2024-06-07,2024-06-30,32
C0245,2024-06-07,2024-07-31,0
C0245,2024-06-07,2024-08-31,0
C0245,2024-06-07,2024-09-30,0
C0245,2024-06-07,2024-10-31,0
C0245,2024-06-07,2024-11-30,0
C0245,2024-06-07,2024-12-31,13
C0245,2024-06-07,2025-01-31,0
C0245,2024-06-07,2025-02-28,0
C0245,2024-06-07,2025-03-31,0
C0245,2024-06-07,2025-04-30,0
C0245,2024-06-07,2025-05-31,0
C0245,2024-06-07,2025-06-30,85
C0245,2024-06-07,2025-07-31,0
C0245,2024-06-07,2025-08-31,0
C0245,2024-06-07,2025-09-30,0
C0245,2024-06-07,2025-10-31,0
C0245,2024-06-07,2025-11-30,0
C0245,2024-06-07,2025-12-31,0
C0246,2023-10-17,2023-10-31,0
C0246,2023-10-17,2023-11-30,0
C0246,2023-10-17,2023-12-31,0
C0246,2023-10-17,2024-01-31,0
C0246,2023-10-17,2024-02-29,26
C0246,2023-10-17,2024-03-31,55
C0246,2023-10-17,2024-04-30,0
C0246,2023-10-17,2024-05-31,0
C0246,2023-10-17,2024-06-30,0
C0246,2023-10-17,2024-07-31,0
C0246,2023-10-17,2024-08-31,0
C0246,2023-10-17,2024-09-30,0
C0246,2023-10-17,2024-10-31,0
C0246,2023-10-17,2024-11-30,0
C0246,2023-10-17,2024-12-31,0
C0246,2023-10-17,2025-01-31,35
C0246,2023-10-17,2025-02-28,0
C0246,2023-10-17,2025-03-31,0
C0246,2023-10-17,2025-04-30,0
C0246,2023-10-17,2025-05-31,0
C0246,2023-10-17,2025-06-30,0
C0246,2023-10-17,2025-07-31,0
C0246,2023-10-17,2025-08-31,0
C0246,2023-10-17,2025-09-30,0
C0246,2023-10-17,2025-10-31,0
C0246,2023-10-17,2025-11-30,0
C0246,2023-10-17,2025-12-31,34
C0247,2023-09-21,2023-09-30,0
C0247,2023-09-21,2023-10-31,0
C0247,2023-09-21,2023-11-30,0
C0247,2023-09-21,2023-12-31,0
C0247,2023-09-21,2024-01-31,0
C0247,2023-09-21,2024-02-29,0
C0247,2023-09-21,2024-03-31,40
C0247,2023-09-21,2024-04-30,0
C0247,2023-09-21,2024-05-31,0
C0247,2023-09-21,2024-06-30,0
C0247,2023-09-21,2024-07-31,7
C0247,2023-09-21,2024-08-31,0
C0247,2023-09-21,2024-09-30,0
C0247,2023-09-21,2024-10-31,50
C0247,2023-09-21,2024-11-30,0
C0247,2023-09-21,2024-12-31,0
C0247,2023-09-21,2025-01-31,0
C0247,2023-09-21,2025-02-28,0
C0247,2023-09-21,2025-03-31,0
C0247,2023-09-21,2025-04-30,0
C0247,2023-09-21,2025-05-31,0
C0247,2023-09-21,2025-06-30,0
C0247,2023-09-21,2025-07-31,0
C0247,2023-09-21,2025-08-31,0
C0247,2023-09-21,2025-09-30,12
C0247,2023-09-21,2025-10-31,0
C0247,2023-09-21,2025-11-30,0
C0247,2023-09-21,2025-12-31,0
C0248,2025-06-05,2025-06-30,0
C0248,2025-06-05,2025-07-31,0
C0248,2025-06-05,2025-08-31,0
C0248,2025-06-05,2025-09-30,0
C0248,2025-06-05,2025-10-31,5
C0248,2025-06-05,2025-11-30,0
C0248,2025-06-05,2025-12-31,0
C0249,2023-08-24,2023-08-31,0
C0249,2023-08-24,2023-09-30,0
C0249,2023-08-24,2023-10-31,0
C0249,2023-08-24,2023-11-30,7
C0249,2023-08-24,2023-12-31,59
C0249,2023-08-24,2024-01-31,0
C0249,2023-08-24,2024-02-29,9
C0249,2023-08-24,2024-03-31,0
C0249,2023-08-24,2024-04-30,0
C0249,2023-08-24,2024-05-31,0
C0249,2023-08-24,2024-06-30,47
C0249,2023-08-24,2024-07-31,0
C0249,2023-08-24,2024-08-31,0
C0249,2023-08-24,2024-09-30,0
C0249,2023-08-24,2024-10-31,0
C0249,2023-08-24,2024-11-30,0
C0249,2023-08-24,2024-12-31,0
C0249,2023-08-24,2025-01-31,0
C0249,2023-08-24,2025-02-28,0
C0249,2023-08-24,2025-03-31,0
C0249,2023-08-24,2025-04-30,0
C0249,2023-08-24,2025-05-31,0
C0249,2023-08-24,2025-06-30,0
C0249,2023-08-24,2025-07-31,0
C0249,2023-08-24,2025-08-31,15
C0249,2023-08-24,2025-09-30,0
C0249,2023-08-24,2025-10-31,0
C0249,2023-08-24,2025-11-30,25
C0249,2023-08-24,2025-12-31,0
C0250,2025-02-14,2025-02-28,0
C0250,2025-02-14,2025-03-31,0
C0250,2025-02-14,2025-04-30,0
C0250,2025-02-14,2025-05-31,0
C0250,2025-02-14,2025-06-30,0
C0250,2025-02-14,2025-07-31,0
C0250,2025-02-14,2025-08-31,0
C0250,2025-02-14,2025-09-30,0
C0250,2025-02-14,2025-10-31,22
C0250,2025-02-14,2025-11-30,0
C0250,2025-02-14,2025-12-31,0
C0251,2023-03-24,2023-03-31,0
C0251,2023-03-24,2023-04-30,0
C0251,2023-03-24,2023-05-31,0
C0251,2023-03-24,2023-06-30,56
C0251,2023-03-24,2023-07-31,0
C0251,2023-03-24,2023-08-31,0
C0251,2023-03-24,2023-09-30,0
C0251,2023-03-24,2023-10-31,0
C0251,2023-03-24,2023-11-30,0
C0251,2023-03-24,2023-12-31,16
C0251,2023-03-24,2024-01-31,0
C0251,2023-03-24,2024-02-29,0
C0251,2023-03-24,2024-03-31,0
C0251,2023-03-24,2024-04-30,33
C0251,2023-03-24,2024-05-31,0
C0251,2023-03-24,2024-06-30,0
C0251,2023-03-24,2024-07-31,0
C0251,2023-03-24,2024-08-31,0
C0251,2023-03-24,2024-09-30,0
C0251,2023-03-24,2024-10-31,0
C0251,2023-03-24,2024-11-30,0
C0251,2023-03-24,2024-12-31,0
C0251,2023-03-24,2025-01-31,0
C0251,2023-03-24,2025-02-28,0
C0251,2023-03-24,2025-03-31,0
C0251,2023-03-24,2025-04-30,42
C0251,2023-03-24,2025-05-31,0
C0251,2023-03-24,2025-06-30,0
C0251,2023-03-24,2025-07-31,14
C0251,2023-03-24,2025-08-31,0
C0251,2023-03-24,2025-09-30,0
C0251,2023-03-24,2025-10-31,24
C0251,2023-03-24,2025-11-30,0
C0251,2023-03-24,2025-12-31,0
C0252,2024-05-14,2024-05-31,0
C0252,2024-05-14,2024-06-30,0
C0252,2024-05-14,2024-07-31,51
C0252,2024-05-14,2024-08-31,0
C0252,2024-05-14,2024-09-30,0
C0252,2024-05-14,2024-10-31,0
C0252,2024-05-14,2024-11-30,0
C0252,2024-05-14,2024-12-31,9
C0252,2024-05-14,2025-01-31,0
C0252,2024-05-14,2025-02-28,79
C0252,2024-05-14,2025-03-31,0
C0252,2024-05-14,2025-04-30,0
C0252,2024-05-14,2025-05-31,0
C0252,2024-05-14,2025-06-30,0
C0252,2024-05-14,2025-07-31,0
C0252,2024-05-14,2025-08-31,17
C0252,2024-05-14,2025-09-30,0
C0252,2024-05-14,2025-10-31,0
C0252,2024-05-14,2025-11-30,0
C0252,2024-05-14,2025-12-31,0
C0253,2023-11-05,2023-11-30,11
C0253,2023-11-05,2023-12-31,0
C0253,2023-11-05,2024-01-31,0
C0253,2023-11-05,2024-02-29,0
C0253,2023-11-05,2024-03-31,0
C0253,2023-11-05,2024-04-30,23
C0253,2023-11-05,2024-05-31,19
C0253,2023-11-05,2024-06-30,0
C0253,2023-11-05,2024-07-31,0
C0253,2023-11-05,2024-08-31,0
C0253,2023-11-05,2024-09-30,5
C0253,2023-11-05,2024-10-31,0
C0253,2023-11-05,2024-11-30,0
C0253,2023-11-05,2024-12-31,0
C0253,2023-11-05,2025-01-31,0
C0253,2023-11-05,2025-02-28,70
C0253,2023-11-05,2025-03-31,0
C0253,2023-11-05,2025-04-30,0
C0253,2023-11-05,2025-05-31,0
C0253,2023-11-05,2025-06-30,20
C0253,2023-11-05,2025-07-31,50
C0253,2023-11-05,2025-08-31,74
C0253,2023-11-05,2025-09-30,111
C0254,2024-09-28,2024-09-30,0
C0254,2024-09-28,2024-10-31,0
C0254,2024-09-28,2024-11-30,28
C0254,2024-09-28,2024-12-31,0
C0254,2024-09-28,2025-01-31,0
C0254,2024-09-28,2025-02-28,64
C0254,2024-09-28,2025-03-31,0
C0254,2024-09-28,2025-04-30,0
C0254,2024-09-28,2025-05-31,0
C0254,2024-09-28,2025-06-30,0
C0254,2024-09-28,2025-07-31,0
C0254,2024-09-28,2025-08-31,0
C0254,2024-09-28,2025-09-30,14
C0254,2024-09-28,2025-10-31,0
C0254,2024-09-28,2025-11-30,0
C0254,2024-09-28,2025-12-31,0
C0255,2023-02-15,2023-02-28,0
C0255,2023-02-15,2023-03-31,0
C0255,2023-02-15,2023-04-30,41
C0255,2023-02-15,2023-05-31,0
C0255,2023-02-15,2023-06-30,0
C0255,2023-02-15,2023-07-31,0
C0255,2023-02-15,2023-08-31,0
C0255,2023-02-15,2023-09-30,0
C0255,2023-02-15,2023-10-31,0
C0255,2023-02-15,2023-11-30,0
C0255,2023-02-15,2023-12-31,0
C0255,2023-02-15,2024-01-31,74
C0255,2023-02-15,2024-02-29,0
C0255,2023-02-15,2024-03-31,0
C0255,2023-02-15,2024-04-30,0
C0255,2023-02-15,2024-05-31,25
C0255,2023-02-15,2024-06-30,37
C0255,2023-02-15,2024-07-31,0
C0255,2023-02-15,2024-08-31,0
C0255,2023-02-15,2024-09-30,22
C0255,2023-02-15,2024-10-31,0
C0255,2023-02-15,2024-11-30,0
C0255,2023-02-15,2024-12-31,27
C0255,2023-02-15,2025-01-31,0
C0255,2023-02-15,2025-02-28,0
C0255,2023-02-15,2025-03-31,0
C0255,2023-02-15,2025-04-30,0
C0255,2023-02-15,2025-05-31,0
C0255,2023-02-15,2025-06-30,0
C0255,2023-02-15,2025-07-31,0
C0255,2023-02-15,2025-08-31,0
C0255,2023-02-15,2025-09-30,0
C0255,2023-02-15,2025-10-31,0
C0255,2023-02-15,2025-11-30,0
C0255,2023-02-15,2025-12-31,0
C0256,2025-01-05,2025-01-31,0
C0256,2025-01-05,2025-02-28,0
C0256,2025-01-05,2025-03-31,0
C0256,2025-01-05,2025-04-30,0
C0256,2025-01-05,2025-05-31,0
C0256,2025-01-05,2025-06-30,0
C0256,2025-01-05,2025-07-31,77
C0256,2025-01-05,2025-08-31,0
C0256,2025-01-05,2025-09-30,0
C0256,2025-01-05,2025-10-31,0
C0256,2025-01-05,2025-11-30,0
C0256,2025-01-05,2025-12-31,0
C0257,2024-03-10,2024-03-31,0
C0257,2024-03-10,2024-04-30,0
C0257,2024-03-10,2024-05-31,0
C0257,2024-03-10,2024-06-30,0
C0257,2024-03-10,2024-07-31,0
C0257,2024-03-10,2024-08-31,0
C0257,2024-03-10,2024-09-30,0
C0257,2024-03-10,2024-10-31,0
C0257,2024-03-10,2024-11-30,0
C0257,2024-03-10,2024-12-31,0
C0257,2024-03-10,2025-01-31,0
C0257,2024-03-10,2025-02-28,0
C0257,2024-03-10,2025-03-31,0
C0257,2024-03-10,2025-04-30,0
C0257,2024-03-10,2025-05-31,0
C0257,2024-03-10,2025-06-30,15
C0257,2024-03-10,2025-07-31,0
C0257,2024-03-10,2025-08-31,0
C0257,2024-03-10,2025-09-30,0
C0257,2024-03-10,2025-10-31,0
C0257,2024-03-10,2025-11-30,0
C0257,2024-03-10,2025-12-31,0
C0258,2024-03-14,2024-03-31,0
C0258,2024-03-14,2024-04-30,3
C0258,2024-03-14,2024-05-31,0
C0258,2024-03-14,2024-06-30,0
C0258,2024-03-14,2024-07-31,12
C0258,2024-03-14,2024-08-31,40
C0258,2024-03-14,2024-09-30,0
C0258,2024-03-14,2024-10-31,27
C0258,2024-03-14,2024-11-30,0
C0258,2024-03-14,2024-12-31,2
C0258,2024-03-14,2025-01-31,0
C0258,2024-03-14,2025-02-28,12
C0258,2024-03-14,2025-03-31,0
C0258,2024-03-14,2025-04-30,0
C0258,2024-03-14,2025-05-31,0
C0258,2024-03-14,2025-06-30,12
C0258,2024-03-14,2025-07-31,0
C0258,2024-03-14,2025-08-31,0
C0258,2024-03-14,2025-09-30,0
C0258,2024-03-14,2025-10-31,0
C0258,2024-03-14,2025-11-30,0
C0258,2024-03-14,2025-12-31,0
C0259,2023-05-17,2023-05-31,31
C0259,2023-05-17,2023-06-30,0
C0259,2023-05-17,2023-07-31,0
C0259,2023-05-17,2023-08-31,44
C0259,2023-05-17,2023-09-30,0
C0259,2023-05-17,2023-10-31,25
C0259,2023-05-17,2023-11-30,0
C0259,2023-05-17,2023-12-31,0
C0259,2023-05-17,2024-01-31,0
C0259,2023-05-17,2024-02-29,0
C0259,2023-05-17,2024-03-31,0
C0259,2023-05-17,2024-04-30,0
C0259,2023-05-17,2024-05-31,0
C0259,2023-05-17,2024-06-30,0
C0259,2023-05-17,2024-07-31,0
C0259,2023-05-17,2024-08-31,0
C0259,2023-05-17,2024-09-30,0
C0259,2023-05-17,2024-10-31,0
C0259,2023-05-17,2024-11-30,0
C0259,2023-05-17,2024-12-31,0
C0259,2023-05-17,2025-01-31,1
C0259,2023-05-17,2025-02-28,0
C0259,2023-05-17,2025-03-31,0
C0259,2023-05-17,2025-04-30,0
C0259,2023-05-17,2025-05-31,0
C0259,2023-05-17,2025-06-30,29
C0259,2023-05-17,2025-07-31,0
C0259,2023-05-17,2025-08-31,0
C0259,2023-05-17,2025-09-30,0
C0259,2023-05-17,2025-10-31,0
C0259,2023-05-17,2025-11-30,0
C0259,2023-05-17,2025-12-31,0
C0260,2024-08-25,2024-08-31,0
C0260,2024-08-25,2024-09-30,0
C0260,2024-08-25,2024-10-31,0
C0260,2024-08-25,2024-11-30,0
C0260,2024-08-25,2024-12-31,17
C0260,2024-08-25,2025-01-31,0
C0260,2024-08-25,2025-02-28,0
C0260,2024-08-25,2025-03-31,0
C0260,2024-08-25,2025-04-30,0
C0260,2024-08-25,2025-05-31,0
C0260,2024-08-25,2025-06-30,0
C0260,2024-08-25,2025-07-31,0
C0260,2024-08-25,2025-08-31,0
C0260,2024-08-25,2025-09-30,0
C0260,2024-08-25,2025-10-31,0
C0260,2024-08-25,2025-11-30,0
C0260,2024-08-25,2025-12-31,0
C0261,2023-06-11,2023-06-30,7
C0261,2023-06-11,2023-07-31,0
C0261,2023-06-11,2023-08-31,30
C0261,2023-06-11,2023-09-30,0
C0261,2023-06-11,2023-10-31,66
C0261,2023-06-11,2023-11-30,0
C0261,2023-06-11,2023-12-31,0
C0261,2023-06-11,2024-01-31,0
C0261,2023-06-11,2024-02-29,16
C0261,2023-06-11,2024-03-31,0
C0261,2023-06-11,2024-04-30,31
C0261,2023-06-11,2024-05-31,52
C0261,2023-06-11,2024-06-30,0
C0261,2023-06-11,2024-07-31,12
C0261,2023-06-11,2024-08-31,0
C0261,2023-06-11,2024-09-30,0
C0261,2023-06-11,2024-10-31,0
C0261,2023-06-11,2024-11-30,0
C0261,2023-06-11,2024-12-31,0
C0261,2023-06-11,2025-01-31,0
C0261,2023-06-11,2025-02-28,0
C0261,2023-06-11,2025-03-31,12
C0261,2023-06-11,2025-04-30,0
C0261,2023-06-11,2025-05-31,0
C0261,2023-06-11,2025-06-30,0
C0261,2023-06-11,2025-07-31,0
C0261,2023-06-11,2025-08-31,0
C0261,2023-06-11,2025-09-30,0
C0261,2023-06-11,2025-10-31,0
C0261,2023-06-11,2025-11-30,55
C0261,2023-06-11,2025-12-31,5
C0262,2024-01-28,2024-01-31,0
C0262,2024-01-28,2024-02-29,7
C0262,2024-01-28,2024-03-31,0
C0262,2024-01-28,2024-04-30,0
C0262,2024-01-28,2024-05-31,0
C0262,2024-01-28,2024-06-30,0
C0262,2024-01-28,2024-07-31,0
C0262,2024-01-28,2024-08-31,0
C0262,2024-01-28,2024-09-30,0
C0262,2024-01-28,2024-10-31,0
C0262,2024-01-28,2024-11-30,0
C0262,2024-01-28,2024-12-31,75
C0262,2024-01-28,2025-01-31,0
C0262,2024-01-28,2025-02-28,8
C0262,2024-01-28,2025-03-31,0
C0262,2024-01-28,2025-04-30,17
C0262,2024-01-28,2025-05-31,0
C0262,2024-01-28,2025-06-30,0
C0262,2024-01-28,2025-07-31,0
C0262,2024-01-28,2025-08-31,45
C0262,2024-01-28,2025-09-30,24
C0262,2024-01-28,2025-10-31,0
C0262,2024-01-28,2025-11-30,0
C0262,2024-01-28,2025-12-31,0
C0263,2023-04-26,2023-04-30,0
C0263,2023-04-26,2023-05-31,0
C0263,2023-04-26,2023-06-30,0
C0263,2023-04-26,2023-07-31,0
C0263,2023-04-26,2023-08-31,25
C0263,2023-04-26,2023-09-30,0
C0263,2023-04-26,2023-10-31,0
C0263,2023-04-26,2023-11-30,0
C0263,2023-04-26,2023-12-31,20
C0263,2023-04-26,2024-01-31,0
C0263,2023-04-26,2024-02-29,0
C0263,2023-04-26,2024-03-31,0
C0263,2023-04-26,2024-04-30,0
C0263,2023-04-26,2024-05-31,37
C0263,2023-04-26,2024-06-30,0
C0263,2023-04-26,2024-07-31,0
C0263,2023-04-26,2024-08-31,0
C0263,2023-04-26,2024-09-30,0
C0263,2023-04-26,2024-10-31,0
C0263,2023-04-26,2024-11-30,0
C0263,2023-04-26,2024-12-31,15
C0263,2023-04-26,2025-01-31,34
C0263,2023-04-26,2025-02-28,85
C0263,2023-04-26,2025-03-31,105
C0264,2024-10-14,2024-10-31,0
C0264,2024-10-14,2024-11-30,0
C0264,2024-10-14,2024-12-31,0
C0264,2024-10-14,2025-01-31,0
C0264,2024-10-14,2025-02-28,81
C0264,2024-10-14,2025-03-31,0
C0264,2024-10-14,2025-04-30,0
C0264,2024-10-14,2025-05-31,0
C0264,2024-10-14,2025-06-30,7
C0264,2024-10-14,2025-07-31,0
C0264,2024-10-14,2025-08-31,0
C0264,2024-10-14,2025-09-30,0
C0264,2024-10-14,2025-10-31,0
C0264,2024-10-14,2025-11-30,0
C0264,2024-10-14,2025-12-31,0
C0265,2025-03-06,2025-03-31,41
C0265,2025-03-06,2025-04-30,27
C0265,2025-03-06,2025-05-31,0
C0265,2025-03-06,2025-06-30,0
C0265,2025-03-06,2025-07-31,0
C0265,2025-03-06,2025-08-31,0
C0265,2025-03-06,2025-09-30,0
C0265,2025-03-06,2025-10-31,4
C0265,2025-03-06,2025-11-30,0
C0265,2025-03-06,2025-12-31,0
C0266,2023-11-06,2023-11-30,0
C0266,2023-11-06,2023-12-31,0
C0266,2023-11-06,2024-01-31,0
C0266,2023-11-06,2024-02-29,0
C0266,2023-11-06,2024-03-31,0
C0266,2023-11-06,2024-04-30,0
C0266,2023-11-06,2024-05-31,0
C0266,2023-11-06,2024-06-30,0
C0266,2023-11-06,2024-07-31,0
C0266,2023-11-06,2024-08-31,0
C0266,2023-11-06,2024-09-30,45
C0266,2023-11-06,2024-10-31,0
C0266,2023-11-06,2024-11-30,45
C0266,2023-11-06,2024-12-31,17
C0266,2023-11-06,2025-01-31,0
C0266,2023-11-06,2025-02-28,0
C0266,2023-11-06,2025-03-31,0
C0266,2023-11-06,2025-04-30,0
C0266,2023-11-06,2025-05-31,0
C0266,2023-11-06,2025-06-30,0
C0266,2023-11-06,2025-07-31,23
C0266,2023-11-06,2025-08-31,0
C0266,2023-11-06,2025-09-30,0
C0266,2023-11-06,2025-10-31,0
C0266,2023-11-06,2025-11-30,0
C0266,2023-11-06,2025-12-31,0
C0267,2025-02-24,2025-02-28,33
C0267,2025-02-24,2025-03-31,84
C0267,2025-02-24,2025-04-30,108
C0268,2023-10-05,2023-10-31,0
C0268,2023-10-05,2023-11-30,7
C0268,2023-10-05,2023-12-31,0
C0268,2023-10-05,2024-01-31,13
C0268,2023-10-05,2024-02-29,16
C0268,2023-10-05,2024-03-31,40
C0268,2023-10-05,2024-04-30,70
C0268,2023-10-05,2024-05-31,118
C0269,2024-04-07,2024-04-30,71
C0269,2024-04-07,2024-05-31,0
C0269,2024-04-07,2024-06-30,0
C0269,2024-04-07,2024-07-31,0
C0269,2024-04-07,2024-08-31,9
C0269,2024-04-07,2024-09-30,24
C0269,2024-04-07,2024-10-31,16
C0269,2024-04-07,2024-11-30,35
C0269,2024-04-07,2024-12-31,70
C0269,2024-04-07,2025-01-31,108
C0270,2023-04-26,2023-04-30,0
C0270,2023-04-26,2023-05-31,0
C0270,2023-04-26,2023-06-30,0
C0270,2023-04-26,2023-07-31,30
C0270,2023-04-26,2023-08-31,0
C0270,2023-04-26,2023-09-30,0
C0270,2023-04-26,2023-10-31,0
C0270,2023-04-26,2023-11-30,0
C0270,2023-04-26,2023-12-31,0
C0270,2023-04-26,2024-01-31,0
C0270,2023-04-26,2024-02-29,0
C0270,2023-04-26,2024-03-31,0
C0270,2023-04-26,2024-04-30,0
C0270,2023-04-26,2024-05-31,0
C0270,2023-04-26,2024-06-30,0
C0270,2023-04-26,2024-07-31,0
C0270,2023-04-26,2024-08-31,0
C0270,2023-04-26,2024-09-30,50
C0270,2023-04-26,2024-10-31,0
C0270,2023-04-26,2024-11-30,0
C0270,2023-04-26,2024-12-31,0
C0270,2023-04-26,2025-01-31,0
C0270,2023-04-26,2025-02-28,0
C0270,2023-04-26,2025-03-31,0
C0270,2023-04-26,2025-04-30,0
C0270,2023-04-26,2025-05-31,0
C0270,2023-04-26,2025-06-30,0
C0270,2023-04-26,2025-07-31,0
C0270,2023-04-26,2025-08-31,0
C0270,2023-04-26,2025-09-30,0
C0270,2023-04-26,2025-10-31,0
C0270,2023-04-26,2025-11-30,0
C0270,2023-04-26,2025-12-31,43
C0271,2024-04-24,2024-04-30,0
C0271,2024-04-24,2024-05-31,0
C0271,2024-04-24,2024-06-30,1
C0271,2024-04-24,2024-07-31,22
C0271,2024-04-24,2024-08-31,0
C0271,2024-04-24,2024-09-30,0
C0271,2024-04-24,2024-10-31,0
C0271,2024-04-24,2024-11-30,0
C0271,2024-04-24,2024-12-31,0
C0271,2024-04-24,2025-01-31,0
C0271,2024-04-24,2025-02-28,0
C0271,2024-04-24,2025-03-31,0
C0271,2024-04-24,2025-04-30,0
C0271,2024-04-24,2025-05-31,0
C0271,2024-04-24,2025-06-30,3
C0271,2024-04-24,2025-07-31,0
C0271,2024-04-24,2025-08-31,0
C0271,2024-04-24,2025-09-30,0
C0271,2024-04-24,2025-10-31,17
C0271,2024-04-24,2025-11-30,0
C0271,2024-04-24,2025-12-31,0
C0272,2024-11-20,2024-11-30,0
C0272,2024-11-20,2024-12-31,0
C0272,2024-11-20,2025-01-31,0
C0272,2024-11-20,2025-02-28,0
C0272,2024-11-20,2025-03-31,12
C0272,2024-11-20,2025-04-30,0
C0272,2024-11-20,2025-05-31,26
C0272,2024-11-20,2025-06-30,0
C0272,2024-11-20,2025-07-31,0
C0272,2024-11-20,2025-08-31,0
C0272,2024-11-20,2025-09-30,0
C0272,2024-11-20,2025-10-31,0
C0272,2024-11-20,2025-11-30,0
C0272,2024-11-20,2025-12-31,0
C0273,2023-08-19,2023-08-31,0
C0273,2023-08-19,2023-09-30,0
C0273,2023-08-19,2023-10-31,0
C0273,2023-08-19,2023-11-30,0
C0273,2023-08-19,2023-12-31,55
C0273,2023-08-19,2024-01-31,0
C0273,2023-08-19,2024-02-29,0
C0273,2023-08-19,2024-03-31,0
C0273,2023-08-19,2024-04-30,0
C0273,2023-08-19,2024-05-31,0
C0273,2023-08-19,2024-06-30,0
C0273,2023-08-19,2024-07-31,0
C0273,2023-08-19,2024-08-31,0
C0273,2023-08-19,2024-09-30,0
C0273,2023-08-19,2024-10-31,0
C0273,2023-08-19,2024-11-30,23
C0273,2023-08-19,2024-12-31,0
C0273,2023-08-19,2025-01-31,0
C0273,2023-08-19,2025-02-28,0
C0273,2023-08-19,2025-03-31,0
C0273,2023-08-19,2025-04-30,0
C0273,2023-08-19,2025-05-31,0
C0273,2023-08-19,2025-06-30,0
C0273,2023-08-19,2025-07-31,0
C0273,2023-08-19,2025-08-31,0
C0273,2023-08-19,2025-09-30,0
C0273,2023-08-19,2025-10-31,0
C0273,2023-08-19,2025-11-30,18
C0273,2023-08-19,2025-12-31,0
C0274,2024-06-18,2024-06-30,0
C0274,2024-06-18,2024-07-31,0
C0274,2024-06-18,2024-08-31,0
C0274,2024-06-18,2024-09-30,0
C0274,2024-06-18,2024-10-31,0
C0274,2024-06-18,2024-11-30,0
C0274,2024-06-18,2024-12-31,0
C0274,2024-06-18,2025-01-31,0
C0274,2024-06-18,2025-02-28,0
C0274,2024-06-18,2025-03-31,0
C0274,2024-06-18,2025-04-30,0
C0274,2024-06-18,2025-05-31,24
C0274,2024-06-18,2025-06-30,0
C0274,2024-06-18,2025-07-31,20
C0274,2024-06-18,2025-08-31,0
C0274,2024-06-18,2025-09-30,0
C0274,2024-06-18,2025-10-31,0
C0274,2024-06-18,2025-11-30,0
C0274,2024-06-18,2025-12-31,0
C0275,2024-12-28,2024-12-31,24
C0275,2024-12-28,2025-01-31,0
C0275,2024-12-28,2025-02-28,2
C0275,2024-12-28,2025-03-31,0
C0275,2024-12-28,2025-04-30,0
C0275,2024-12-28,2025-05-31,0
C0275,2024-12-28,2025-06-30,11
C0275,2024-12-28,2025-07-31,0
C0275,2024-12-28,2025-08-31,0
C0275,2024-12-28,2025-09-30,0
C0275,2024-12-28,2025-10-31,0
C0275,2024-12-28,2025-11-30,0
C0275,2024-12-28,2025-12-31,0
C0276,2023-10-27,2023-10-31,0
C0276,2023-10-27,2023-11-30,0
C0276,2023-10-27,2023-12-31,0
C0276,2023-10-27,2024-01-31,0
C0276,2023-10-27,2024-02-29,0
C0276,2023-10-27,2024-03-31,0
C0276,2023-10-27,2024-04-30,0
C0276,2023-10-27,2024-05-31,0
C0276,2023-10-27,2024-06-30,0
C0276,2023-10-27,2024-07-31,0
C0276,2023-10-27,2024-08-31,0
C0276,2023-10-27,2024-09-30,0
C0276,2023-10-27,2024-10-31,0
C0276,2023-10-27,2024-11-30,1
C0276,2023-10-27,2024-12-31,21
C0276,2023-10-27,2025-01-31,0
C0276,2023-10-27,2025-02-28,0
C0276,2023-10-27,2025-03-31,0
C0276,2023-10-27,2025-04-30,0
C0276,2023-10-27,2025-05-31,0
C0276,2023-10-27,2025-06-30,0
C0276,2023-10-27,2025-07-31,0
C0276,2023-10-27,2025-08-31,0
C0276,2023-10-27,2025-09-30,0
C0276,2023-10-27,2025-10-31,0
C0276,2023-10-27,2025-11-30,0
C0276,2023-10-27,2025-12-31,0
C0277,2024-04-01,2024-04-30,22
C0277,2024-04-01,2024-05-31,0
C0277,2024-04-01,2024-06-30,0
C0277,2024-04-01,2024-07-31,0
C0277,2024-04-01,2024-08-31,0
C0277,2024-04-01,2024-09-30,0
C0277,2024-04-01,2024-10-31,59
C0277,2024-04-01,2024-11-30,0
C0277,2024-04-01,2024-12-31,0
C0277,2024-04-01,2025-01-31,0
C0277,2024-04-01,2025-02-28,0
C0277,2024-04-01,2025-03-31,0
C0277,2024-04-01,2025-04-30,0
C0277,2024-04-01,2025-05-31,0
C0277,2024-04-01,2025-06-30,0
C0277,2024-04-01,2025-07-31,24
C0277,2024-04-01,2025-08-31,1
C0277,2024-04-01,2025-09-30,0
C0277,2024-04-01,2025-10-31,0
C0277,2024-04-01,2025-11-30,0
C0277,2024-04-01,2025-12-31,10
C0278,2023-01-10,2023-01-31,0
C0278,2023-01-10,2023-02-28,84
C0278,2023-01-10,2023-03-31,0
C0278,2023-01-10,2023-04-30,0
C0278,2023-01-10,2023-05-31,0
C0278,2023-01-10,2023-06-30,0
C0278,2023-01-10,2023-07-31,0
C0278,2023-01-10,2023-08-31,56
C0278,2023-01-10,2023-09-30,23
C0278,2023-01-10,2023-10-31,9
C0278,2023-01-10,2023-11-30,0
C0278,2023-01-10,2023-12-31,0
C0278,2023-01-10,2024-01-31,0
C0278,2023-01-10,2024-02-29,0
C0278,2023-01-10,2024-03-31,0
C0278,2023-01-10,2024-04-30,0
C0278,2023-01-10,2024-05-31,14
C0278,2023-01-10,2024-06-30,0
C0278,2023-01-10,2024-07-31,0
C0278,2023-01-10,2024-08-31,0
C0278,2023-01-10,2024-09-30,0
C0278,2023-01-10,2024-10-31,0
C0278,2023-01-10,2024-11-30,0
C0278,2023-01-10,2024-12-31,0
C0278,2023-01-10,2025-01-31,0
C0278,2023-01-10,2025-02-28,0
C0278,2023-01-10,2025-03-31,0
C0278,2023-01-10,2025-04-30,0
C0278,2023-01-10,2025-05-31,0
C0278,2023-01-10,2025-06-30,0
C0278,2023-01-10,2025-07-31,0
C0278,2023-01-10,2025-08-31,0
C0278,2023-01-10,2025-09-30,0
C0278,2023-01-10,2025-10-31,0
C0278,2023-01-10,2025-11-30,0
C0278,2023-01-10,2025-12-31,0
C0279,2024-11-09,2024-11-30,1
C0279,2024-11-09,2024-12-31,0
C0279,2024-11-09,2025-01-31,22
C0279,2024-11-09,2025-02-28,0
C0279,2024-11-09,2025-03-31,0
C0279,2024-11-09,2025-04-30,0
C0279,2024-11-09,2025-05-31,0
C0279,2024-11-09,2025-06-30,0
C0279,2024-11-09,2025-07-31,72
C0279,2024-11-09,2025-08-31,0
C0279,2024-11-09,2025-09-30,0
C0279,2024-11-09,2025-10-31,0
C0279,2024-11-09,2025-11-30,0
C0279,2024-11-09,2025-12-31,0
C0280,2023-03-27,2023-03-31,0
C0280,2023-03-27,2023-04-30,37
C0280,2023-03-27,2023-05-31,0
C0280,2023-03-27,2023-06-30,0
C0280,2023-03-27,2023-07-31,0
C0280,2023-03-27,2023-08-31,0
C0280,2023-03-27,2023-09-30,0
C0280,2023-03-27,2023-10-31,0
C0280,2023-03-27,2023-11-30,0
C0280,2023-03-27,2023-12-31,0
C0280,2023-03-27,2024-01-31,0
C0280,2023-03-27,2024-02-29,25
C0280,2023-03-27,2024-03-31,0
C0280,2023-03-27,2024-04-30,0
C0280,2023-03-27,2024-05-31,0
C0280,2023-03-27,2024-06-30,10
C0280,2023-03-27,2024-07-31,35
C0280,2023-03-27,2024-08-31,0
C0280,2023-03-27,2024-09-30,0
C0280,2023-03-27,2024-10-31,0
C0280,2023-03-27,2024-11-30,0
C0280,2023-03-27,2024-12-31,37
C0280,2023-03-27,2025-01-31,13
C0280,2023-03-27,2025-02-28,0
C0280,2023-03-27,2025-03-31,0
C0280,2023-03-27,2025-04-30,5
C0280,2023-03-27,2025-05-31,0
C0280,2023-03-27,2025-06-30,0
C0280,2023-03-27,2025-07-31,0
C0280,2023-03-27,2025-08-31,0
C0280,2023-03-27,2025-09-30,50
C0280,2023-03-27,2025-10-31,0
C0280,2023-03-27,2025-11-30,0
C0280,2023-03-27,2025-12-31,0
C0281,2025-06-09,2025-06-30,23
C0281,2025-06-09,2025-07-31,0
C0281,2025-06-09,2025-08-31,0
C0281,2025-06-09,2025-09-30,0
C0281,2025-06-09,2025-10-31,0
C0281,2025-06-09,2025-11-30,17
C0281,2025-06-09,2025-12-31,0
C0282,2024-07-17,2024-07-31,0
C0282,2024-07-17,2024-08-31,0
C0282,2024-07-17,2024-09-30,70
C0282,2024-07-17,2024-10-31,0
C0282,2024-07-17,2024-11-30,0
C0282,2024-07-17,2024-12-31,19
C0282,2024-07-17,2025-01-31,0
C0282,2024-07-17,2025-02-28,0
C0282,2024-07-17,2025-03-31,0
C0282,2024-07-17,2025-04-30,0
C0282,2024-07-17,2025-05-31,11
C0282,2024-07-17,2025-06-30,57
C0282,2024-07-17,2025-07-31,68
C0282,2024-07-17,2025-08-31,110
C0283,2024-10-02,2024-10-31,0
C0283,2024-10-02,2024-11-30,0
C0283,2024-10-02,2024-12-31,0
C0283,2024-10-02,2025-01-31,0
C0283,2024-10-02,2025-02-28,0
C0283,2024-10-02,2025-03-31,0
C0283,2024-10-02,2025-04-30,0
C0283,2024-10-02,2025-05-31,0
C0283,2024-10-02,2025-06-30,0
C0283,2024-10-02,2025-07-31,40
C0283,2024-10-02,2025-08-31,12
C0283,2024-10-02,2025-09-30,0
C0283,2024-10-02,2025-10-31,0
C0283,2024-10-02,2025-11-30,0
C0283,2024-10-02,2025-12-31,0
C0284,2023-03-18,2023-03-31,0
C0284,2023-03-18,2023-04-30,0
C0284,2023-03-18,2023-05-31,0
C0284,2023-03-18,2023-06-30,0
C0284,2023-03-18,2023-07-31,0
C0284,2023-03-18,2023-08-31,0
C0284,2023-03-18,2023-09-30,0
C0284,2023-03-18,2023-10-31,0
C0284,2023-03-18,2023-11-30,8
C0284,2023-03-18,2023-12-31,0
C0284,2023-03-18,2024-01-31,0
C0284,2023-03-18,2024-02-29,0
C0284,2023-03-18,2024-03-31,0
C0284,2023-03-18,2024-04-30,0
C0284,2023-03-18,2024-05-31,21
C0284,2023-03-18,2024-06-30,0
C0284,2023-03-18,2024-07-31,0
C0284,2023-03-18,2024-08-31,21
C0284,2023-03-18,2024-09-30,0
C0284,2023-03-18,2024-10-31,0
C0284,2023-03-18,2024-11-30,0
C0284,2023-03-18,2024-12-31,8
C0284,2023-03-18,2025-01-31,0
C0284,2023-03-18,2025-02-28,0
C0284,2023-03-18,2025-03-31,27
C0284,2023-03-18,2025-04-30,0
C0284,2023-03-18,2025-05-31,0
C0284,2023-03-18,2025-06-30,0
C0284,2023-03-18,2025-07-31,0
C0284,2023-03-18,2025-08-31,0
C0284,2023-03-18,2025-09-30,0
C0284,2023-03-18,2025-10-31,0
C0284,2023-03-18,2025-11-30,0
C0284,2023-03-18,2025-12-31,0
C0285,2024-01-07,2024-01-31,0
C0285,2024-01-07,2024-02-29,42
C0285,2024-01-07,2024-03-31,0
C0285,2024-01-07,2024-04-30,0
C0285,2024-01-07,2024-05-31,0
C0285,2024-01-07,2024-06-30,0
C0285,2024-01-07,2024-07-31,0
C0285,2024-01-07,2024-08-31,0
C0285,2024-01-07,2024-09-30,0
C0285,2024-01-07,2024-10-31,0
C0285,2024-01-07,2024-11-30,0
C0285,2024-01-07,2024-12-31,0
C0285,2024-01-07,2025-01-31,13
C0285,2024-01-07,2025-02-28,0
C0285,2024-01-07,2025-03-31,45
C0285,2024-01-07,2025-04-30,0
C0285,2024-01-07,2025-05-31,0
C0285,2024-01-07,2025-06-30,0
C0285,2024-01-07,2025-07-31,0
C0285,2024-01-07,2025-08-31,0
C0285,2024-01-07,2025-09-30,0
C0285,2024-01-07,2025-10-31,0
C0285,2024-01-07,2025-11-30,0
C0285,2024-01-07,2025-12-31,0
C0286,2023-11-17,2023-11-30,0
C0286,2023-11-17,2023-12-31,44
C0286,2023-11-17,2024-01-31,28
C0286,2023-11-17,2024-02-29,0
C0286,2023-11-17,2024-03-31,1
C0286,2023-11-17,2024-04-30,15
C0286,2023-11-17,2024-05-31,0
C0286,2023-11-17,2024-06-30,0
C0286,2023-11-17,2024-07-31,0
C0286,2023-11-17,2024-08-31,0
C0286,2023-11-17,2024-09-30,0
C0286,2023-11-17,2024-10-31,0
C0286,2023-11-17,2024-11-30,0
C0286,2023-11-17,2024-12-31,0
C0286,2023-11-17,2025-01-31,22
C0286,2023-11-17,2025-02-28,0
C0286,2023-11-17,2025-03-31,0
C0286,2023-11-17,2025-04-30,0
C0286,2023-11-17,2025-05-31,0
C0286,2023-11-17,2025-06-30,0
C0286,2023-11-17,2025-07-31,0
C0286,2023-11-17,2025-08-31,0
C0286,2023-11-17,2025-09-30,29
C0286,2023-11-17,2025-10-31,0
C0286,2023-11-17,2025-11-30,0
C0286,2023-11-17,2025-12-31,0
C0287,2024-08-15,2024-08-31,0
C0287,2024-08-15,2024-09-30,0
C0287,2024-08-15,2024-10-31,15
C0287,2024-08-15,2024-11-30,0
C0287,2024-08-15,2024-12-31,17
C0287,2024-08-15,2025-01-31,1
C0287,2024-08-15,2025-02-28,0
C0287,2024-08-15,2025-03-31,0
C0287,2024-08-15,2025-04-30,7
C0287,2024-08-15,2025-05-31,0
C0287,2024-08-15,2025-06-30,0
C0287,2024-08-15,2025-07-31,0
C0287,2024-08-15,2025-08-31,23
C0287,2024-08-15,2025-09-30,0
C0287,2024-08-15,2025-10-31,0
C0287,2024-08-15,2025-11-30,0
C0287,2024-08-15,2025-12-31,0
C0288,2023-07-26,2023-07-31,0
C0288,2023-07-26,2023-08-31,9
C0288,2023-07-26,2023-09-30,27
C0288,2023-07-26,2023-10-31,0
C0288,2023-07-26,2023-11-30,0
C0288,2023-07-26,2023-12-31,0
C0288,2023-07-26,2024-01-31,0
C0288,2023-07-26,2024-02-29,38
C0288,2023-07-26,2024-03-31,0
C0288,2023-07-26,2024-04-30,0
C0288,2023-07-26,2024-05-31,0
C0288,2023-07-26,2024-06-30,0
C0288,2023-07-26,2024-07-31,0
C0288,2023-07-26,2024-08-31,0
C0288,2023-07-26,2024-09-30,0
C0288,2023-07-26,2024-10-31,0
C0288,2023-07-26,2024-11-30,0
C0288,2023-07-26,2024-12-31,0
C0288,2023-07-26,2025-01-31,20
C0288,2023-07-26,2025-02-28,59
C0288,2023-07-26,2025-03-31,64
C0288,2023-07-26,2025-04-30,101
C0289,2024-09-25,2024-09-30,0
C0289,2024-09-25,2024-10-31,25
C0289,2024-09-25,2024-11-30,0
C0289,2024-09-25,2024-12-31,0
C0289,2024-09-25,2025-01-31,0
C0289,2024-09-25,2025-02-28,0
C0289,2024-09-25,2025-03-31,0
C0289,2024-09-25,2025-04-30,9
C0289,2024-09-25,2025-05-31,23
C0289,2024-09-25,2025-06-30,0
C0289,2024-09-25,2025-07-31,0
C0289,2024-09-25,2025-08-31,2
C0289,2024-09-25,2025-09-30,0
C0289,2024-09-25,2025-10-31,26
C0289,2024-09-25,2025-11-30,0
C0289,2024-09-25,2025-12-31,0
C0290,2024-03-12,2024-03-31,0
C0290,2024-03-12,2024-04-30,0
C0290,2024-03-12,2024-05-31,0
C0290,2024-03-12,2024-06-30,0
C0290,2024-03-12,2024-07-31,0
C0290,2024-03-12,2024-08-31,23
C0290,2024-03-12,2024-09-30,0
C0290,2024-03-12,2024-10-31,0
C0290,2024-03-12,2024-11-30,0
C0290,2024-03-12,2024-12-31,0
C0290,2024-03-12,2025-01-31,0
C0290,2024-03-12,2025-02-28,0
C0290,2024-03-12,2025-03-31,0
C0290,2024-03-12,2025-04-30,0
C0290,2024-03-12,2025-05-31,0
C0290,2024-03-12,2025-06-30,0
C0290,2024-03-12,2025-07-31,0
C0290,2024-03-12,2025-08-31,0
C0290,2024-03-12,2025-09-30,0
C0290,2024-03-12,2025-10-31,0
C0290,2024-03-12,2025-11-30,0
C0290,2024-03-12,2025-12-31,0
C0291,2024-12-11,2024-12-31,0
C0291,2024-12-11,2025-01-31,0
C0291,2024-12-11,2025-02-28,0
C0291,2024-12-11,2025-03-31,28
C0291,2024-12-11,2025-04-30,0
C0291,2024-12-11,2025-05-31,0
C0291,2024-12-11,2025-06-30,0
C0291,2024-12-11,2025-07-31,0
C0291,2024-12-11,2025-08-31,15
C0291,2024-12-11,2025-09-30,0
C0291,2024-12-11,2025-10-31,8
C0291,2024-12-11,2025-11-30,0
C0291,2024-12-11,2025-12-31,82
C0292,2023-10-22,2023-10-31,0
C0292,2023-10-22,2023-11-30,0
C0292,2023-10-22,2023-12-31,0
C0292,2023-10-22,2024-01-31,7
C0292,2023-10-22,2024-02-29,0
C0292,2023-10-22,2024-03-31,0
C0292,2023-10-22,2024-04-30,0
C0292,2023-10-22,2024-05-31,0
C0292,2023-10-22,2024-06-30,0
C0292,2023-10-22,2024-07-31,0
C0292,2023-10-22,2024-08-31,0
C0292,2023-10-22,2024-09-30,0
C0292,2023-10-22,2024-10-31,0
C0292,2023-10-22,2024-11-30,0
C0292,2023-10-22,2024-12-31,0
C0292,2023-10-22,2025-01-31,0
C0292,2023-10-22,2025-02-28,0
C0292,2023-10-22,2025-03-31,0
C0292,2023-10-22,2025-04-30,0
C0292,2023-10-22,2025-05-31,0
C0292,2023-10-22,2025-06-30,0
C0292,2023-10-22,2025-07-31,0
C0292,2023-10-22,2025-08-31,0
C0292,2023-10-22,2025-09-30,0
C0292,2023-10-22,2025-10-31,0
C0292,2023-10-22,2025-11-30,8
C0292,2023-10-22,2025-12-31,0
C0293,2023-07-23,2023-07-31,0
C0293,2023-07-23,2023-08-31,9
C0293,2023-07-23,2023-09-30,38
C0293,2023-07-23,2023-10-31,0
C0293,2023-07-23,2023-11-30,30
C0293,2023-07-23,2023-12-31,0
C0293,2023-07-23,2024-01-31,0
C0293,2023-07-23,2024-02-29,0
C0293,2023-07-23,2024-03-31,0
C0293,2023-07-23,2024-04-30,0
C0293,2023-07-23,2024-05-31,13
C0293,2023-07-23,2024-06-30,0
C0293,2023-07-23,2024-07-31,0
C0293,2023-07-23,2024-08-31,0
C0293,2023-07-23,2024-09-30,0
C0293,2023-07-23,2024-10-31,0
C0293,2023-07-23,2024-11-30,15
C0293,2023-07-23,2024-12-31,11
C0293,2023-07-23,2025-01-31,0
C0293,2023-07-23,2025-02-28,0
C0293,2023-07-23,2025-03-31,0
C0293,2023-07-23,2025-04-30,0
C0293,2023-07-23,2025-05-31,0
C0293,2023-07-23,2025-06-30,29
C0293,2023-07-23,2025-07-31,0
C0293,2023-07-23,2025-08-31,0
C0293,2023-07-23,2025-09-30,0
C0293,2023-07-23,2025-10-31,6
C0293,2023-07-23,2025-11-30,0
C0293,2023-07-23,2025-12-31,0
C0294,2025-05-13,2025-05-31,0
C0294,2025-05-13,2025-06-30,0
C0294,2025-05-13,2025-07-31,0
C0294,2025-05-13,2025-08-31,0
C0294,2025-05-13,2025-09-30,43
C0294,2025-05-13,2025-10-31,0
C0294,2025-05-13,2025-11-30,0
C0294,2025-05-13,2025-12-31,0
C0295,2024-05-04,2024-05-31,0
C0295,2024-05-04,2024-06-30,0
C0295,2024-05-04,2024-07-31,0
C0295,2024-05-04,2024-08-31,15
C0295,2024-05-04,2024-09-30,0
C0295,2024-05-04,2024-10-31,0
C0295,2024-05-04,2024-11-30,0
C0295,2024-05-04,2024-12-31,27
C0295,2024-05-04,2025-01-31,0
C0295,2024-05-04,2025-02-28,0
C0295,2024-05-04,2025-03-31,0
C0295,2024-05-04,2025-04-30,0
C0295,2024-05-04,2025-05-31,0
C0295,2024-05-04,2025-06-30,0
C0295,2024-05-04,2025-07-31,0
C0295,2024-05-04,2025-08-31,18
C0295,2024-05-04,2025-09-30,0
C0295,2024-05-04,2025-10-31,0
C0295,2024-05-04,2025-11-30,6
C0295,2024-05-04,2025-12-31,0
C0296,2023-09-19,2023-09-30,0
C0296,2023-09-19,2023-10-31,0
C0296,2023-09-19,2023-11-30,0
C0296,2023-09-19,2023-12-31,0
C0296,2023-09-19,2024-01-31,0
C0296,2023-09-19,2024-02-29,0
C0296,2023-09-19,2024-03-31,0
C0296,2023-09-19,2024-04-30,0
C0296,2023-09-19,2024-05-31,0
C0296,2023-09-19,2024-06-30,0
C0296,2023-09-19,2024-07-31,0
C0296,2023-09-19,2024-08-31,0
C0296,2023-09-19,2024-09-30,27
C0296,2023-09-19,2024-10-31,0
C0296,2023-09-19,2024-11-30,42
C0296,2023-09-19,2024-12-31,0
C0296,2023-09-19,2025-01-31,0
C0296,2023-09-19,2025-02-28,24
C0296,2023-09-19,2025-03-31,13
C0296,2023-09-19,2025-04-30,53
C0296,2023-09-19,2025-05-31,75
C0296,2023-09-19,2025-06-30,96
C0297,2025-04-10,2025-04-30,0
C0297,2025-04-10,2025-05-31,0
C0297,2025-04-10,2025-06-30,0
C0297,2025-04-10,2025-07-31,26
C0297,2025-04-10,2025-08-31,0
C0297,2025-04-10,2025-09-30,43
C0297,2025-04-10,2025-10-31,7
C0297,2025-04-10,2025-11-30,0
C0297,2025-04-10,2025-12-31,0
C0298,2023-05-06,2023-05-31,0
C0298,2023-05-06,2023-06-30,0
C0298,2023-05-06,2023-07-31,0
C0298,2023-05-06,2023-08-31,0
C0298,2023-05-06,2023-09-30,0
C0298,2023-05-06,2023-10-31,20
C0298,2023-05-06,2023-11-30,59
C0298,2023-05-06,2023-12-31,83
C0298,2023-05-06,2024-01-31,105
C0299,2024-09-13,2024-09-30,0
C0299,2024-09-13,2024-10-31,0
C0299,2024-09-13,2024-11-30,0
C0299,2024-09-13,2024-12-31,0
C0299,2024-09-13,2025-01-31,0
C0299,2024-09-13,2025-02-28,0
C0299,2024-09-13,2025-03-31,0
C0299,2024-09-13,2025-04-30,0
C0299,2024-09-13,2025-05-31,0
C0299,2024-09-13,2025-06-30,26
C0299,2024-09-13,2025-07-31,31
C0299,2024-09-13,2025-08-31,0
C0299,2024-09-13,2025-09-30,0
C0299,2024-09-13,2025-10-31,0
C0299,2024-09-13,2025-11-30,0
C0299,2024-09-13,2025-12-31,0
C0300,2024-01-01,2024-01-31,0
C0300,2024-01-01,2024-02-29,0
C0300,2024-01-01,2024-03-31,0
C0300,2024-01-01,2024-04-30,5
C0300,2024-01-01,2024-05-31,0
C0300,2024-01-01,2024-06-30,0
C0300,2024-01-01,2024-07-31,0
C0300,2024-01-01,2024-08-31,0
C0300,2024-01-01,2024-09-30,30
C0300,2024-01-01,2024-10-31,0
C0300,2024-01-01,2024-11-30,35
C0300,2024-01-01,2024-12-31,0
C0300,2024-01-01,2025-01-31,0
C0300,2024-01-01,2025-02-28,0
C0300,2024-01-01,2025-03-31,46
C0300,2024-01-01,2025-04-30,0
C0300,2024-01-01,2025-05-31,0
C0300,2024-01-01,2025-06-30,38
C0300,2024-01-01,2025-07-31,0
C0300,2024-01-01,2025-08-31,0
C0300,2024-01-01,2025-09-30,0
C0300,2024-01-01,2025-10-31,12
C0300,2024-01-01,2025-11-30,0
C0300,2024-01-01,2025-12-31,0
C0301,2023-11-25,2023-11-30,0
C0301,2023-11-25,2023-12-31,0
C0301,2023-11-25,2024-01-31,0
C0301,2023-11-25,2024-02-29,0
C0301,2023-11-25,2024-03-31,0
C0301,2023-11-25,2024-04-30,0
C0301,2023-11-25,2024-05-31,0
C0301,2023-11-25,2024-06-30,45
C0301,2023-11-25,2024-07-31,0
C0301,2023-11-25,2024-08-31,0
C0301,2023-11-25,2024-09-30,51
C0301,2023-11-25,2024-10-31,0
C0301,2023-11-25,2024-11-30,0
C0301,2023-11-25,2024-12-31,0
C0301,2023-11-25,2025-01-31,0
C0301,2023-11-25,2025-02-28,0
C0301,2023-11-25,2025-03-31,0
C0301,2023-11-25,2025-04-30,0
C0301,2023-11-25,2025-05-31,0
C0301,2023-11-25,2025-06-30,0
C0301,2023-11-25,2025-07-31,0
C0301,2023-11-25,2025-08-31,0
C0301,2023-11-25,2025-09-30,0
C0301,2023-11-25,2025-10-31,0
C0301,2023-11-25,2025-11-30,0
C0301,2023-11-25,2025-12-31,75
C0302,2023-07-04,2023-07-31,0
C0302,2023-07-04,2023-08-31,0
C0302,2023-07-04,2023-09-30,33
C0302,2023-07-04,2023-10-31,23
C0302,2023-07-04,2023-11-30,0
C0302,2023-07-04,2023-12-31,0
C0302,2023-07-04,2024-01-31,0
C0302,2023-07-04,2024-02-29,0
C0302,2023-07-04,2024-03-31,0
C0302,2023-07-04,2024-04-30,0
C0302,2023-07-04,2024-05-31,34
C0302,2023-07-04,2024-06-30,0
C0302,2023-07-04,2024-07-31,0
C0302,2023-07-04,2024-08-31,0
C0302,2023-07-04,2024-09-30,54
C0302,2023-07-04,2024-10-31,0
C0302,2023-07-04,2024-11-30,42
C0302,2023-07-04,2024-12-31,0
C0302,2023-07-04,2025-01-31,0
C0302,2023-07-04,2025-02-28,0
C0302,2023-07-04,2025-03-31,0
C0302,2023-07-04,2025-04-30,0
C0302,2023-07-04,2025-05-31,0
C0302,2023-07-04,2025-06-30,0
C0302,2023-07-04,2025-07-31,0
C0302,2023-07-04,2025-08-31,0
C0302,2023-07-04,2025-09-30,25
C0302,2023-07-04,2025-10-31,39
C0302,2023-07-04,2025-11-30,70
C0302,2023-07-04,2025-12-31,102
C0303,2025-01-17,2025-01-31,0
C0303,2025-01-17,2025-02-28,0
C0303,2025-01-17,2025-03-31,0
C0303,2025-01-17,2025-04-30,0
C0303,2025-01-17,2025-05-31,0
C0303,2025-01-17,2025-06-30,0
C0303,2025-01-17,2025-07-31,82
C0303,2025-01-17,2025-08-31,27
C0303,2025-01-17,2025-09-30,30
C0303,2025-01-17,2025-10-31,60
C0303,2025-01-17,2025-11-30,96
C0304,2025-05-16,2025-05-31,0
C0304,2025-05-16,2025-06-30,0
C0304,2025-05-16,2025-07-31,0
C0304,2025-05-16,2025-08-31,0
C0304,2025-05-16,2025-09-30,6
C0304,2025-05-16,2025-10-31,0
C0304,2025-05-16,2025-11-30,0
C0304,2025-05-16,2025-12-31,0
C0305,2023-12-23,2023-12-31,0
C0305,2023-12-23,2024-01-31,0
C0305,2023-12-23,2024-02-29,0
C0305,2023-12-23,2024-03-31,0
C0305,2023-12-23,2024-04-30,0
C0305,2023-12-23,2024-05-31,0
C0305,2023-12-23,2024-06-30,0
C0305,2023-12-23,2024-07-31,0
C0305,2023-12-23,2024-08-31,0
C0305,2023-12-23,2024-09-30,0
C0305,2023-12-23,2024-10-31,0
C0305,2023-12-23,2024-11-30,0
C0305,2023-12-23,2024-12-31,3
C0305,2023-12-23,2025-01-31,0
C0305,2023-12-23,2025-02-28,0
C0305,2023-12-23,2025-03-31,0
C0305,2023-12-23,2025-04-30,0
C0305,2023-12-23,2025-05-31,0
C0305,2023-12-23,2025-06-30,0
C0305,2023-12-23,2025-07-31,0
C0305,2023-12-23,2025-08-31,0
C0305,2023-12-23,2025-09-30,0
C0305,2023-12-23,2025-10-31,0
C0305,2023-12-23,2025-11-30,0
C0305,2023-12-23,2025-12-31,0
C0306,2024-12-23,2024-12-31,0
C0306,2024-12-23,2025-01-31,0
C0306,2024-12-23,2025-02-28,0
C0306,2024-12-23,2025-03-31,0
C0306,2024-12-23,2025-04-30,5
C0306,2024-12-23,2025-05-31,25
C0306,2024-12-23,2025-06-30,0
C0306,2024-12-23,2025-07-31,0
C0306,2024-12-23,2025-08-31,0
C0306,2024-12-23,2025-09-30,0
C0306,2024-12-23,2025-10-31,0
C0306,2024-12-23,2025-11-30,0
C0306,2024-12-23,2025-12-31,0
C0307,2023-03-23,2023-03-31,0
C0307,2023-03-23,2023-04-30,0
C0307,2023-03-23,2023-05-31,0
C0307,2023-03-23,2023-06-30,0
C0307,2023-03-23,2023-07-31,0
C0307,2023-03-23,2023-08-31,0
C0307,2023-03-23,2023-09-30,0
C0307,2023-03-23,2023-10-31,15
C0307,2023-03-23,2023-11-30,0
C0307,2023-03-23,2023-12-31,49
C0307,2023-03-23,2024-01-31,0
C0307,2023-03-23,2024-02-29,0
C0307,2023-03-23,2024-03-31,0
C0307,2023-03-23,2024-04-30,0
C0307,2023-03-23,2024-05-31,14
C0307,2023-03-23,2024-06-30,1
C0307,2023-03-23,2024-07-31,0
C0307,2023-03-23,2024-08-31,23
C0307,2023-03-23,2024-09-30,7
C0307,2023-03-23,2024-10-31,0
C0307,2023-03-23,2024-11-30,0
C0307,2023-03-23,2024-12-31,0
C0307,2023-03-23,2025-01-31,25
C0307,2023-03-23,2025-02-28,0
C0307,2023-03-23,2025-03-31,0
C0307,2023-03-23,2025-04-30,24
C0307,2023-03-23,2025-05-31,0
C0307,2023-03-23,2025-06-30,3
C0307,2023-03-23,2025-07-31,0
C0307,2023-03-23,2025-08-31,0
C0307,2023-03-23,2025-09-30,0
C0307,2023-03-23,2025-10-31,0
C0307,2023-03-23,2025-11-30,0
C0307,2023-03-23,2025-12-31,0
C0308,2023-02-01,2023-02-28,58
C0308,2023-02-01,2023-03-31,0
C0308,2023-02-01,2023-04-30,0
C0308,2023-02-01,2023-05-31,0
C0308,2023-02-01,2023-06-30,0
C0308,2023-02-01,2023-07-31,0
C0308,2023-02-01,2023-08-31,24
C0308,2023-02-01,2023-09-30,0
C0308,2023-02-01,2023-10-31,0
C0308,2023-02-01,2023-11-30,29
C0308,2023-02-01,2023-12-31,0
C0308,2023-02-01,2024-01-31,0
C0308,2023-02-01,2024-02-29,1
C0308,2023-02-01,2024-03-31,0
C0308,2023-02-01,2024-04-30,0
C0308,2023-02-01,2024-05-31,0
C0308,2023-02-01,2024-06-30,0
C0308,2023-02-01,2024-07-31,0
C0308,2023-02-01,2024-08-31,1
C0308,2023-02-01,2024-09-30,20
C0308,2023-02-01,2024-10-31,0
C0308,2023-02-01,2024-11-30,0
C0308,2023-02-01,2024-12-31,55
C0308,2023-02-01,2025-01-31,0
C0308,2023-02-01,2025-02-28,20
C0308,2023-02-01,2025-03-31,0
C0308,2023-02-01,2025-04-30,0
C0308,2023-02-01,2025-05-31,0
C0308,2023-02-01,2025-06-30,0
C0308,2023-02-01,2025-07-31,0
C0308,2023-02-01,2025-08-31,0
C0308,2023-02-01,2025-09-30,47
C0308,2023-02-01,2025-10-31,0
C0308,2023-02-01,2025-11-30,0
C0308,2023-02-01,2025-12-31,0
C0309,2024-12-09,2024-12-31,0
C0309,2024-12-09,2025-01-31,0
C0309,2024-12-09,2025-02-28,0
C0309,2024-12-09,2025-03-31,0
C0309,2024-12-09,2025-04-30,0
C0309,2024-12-09,2025-05-31,21
C0309,2024-12-09,2025-06-30,0
C0309,2024-12-09,2025-07-31,0
C0309,2024-12-09,2025-08-31,0
C0309,2024-12-09,2025-09-30,0
C0309,2024-12-09,2025-10-31,0
C0309,2024-12-09,2025-11-30,0
C0309,2024-12-09,2025-12-31,0
C0310,2023-10-09,2023-10-31,0
C0310,2023-10-09,2023-11-30,0
C0310,2023-10-09,2023-12-31,0
C0310,2023-10-09,2024-01-31,3
C0310,2023-10-09,2024-02-29,0
C0310,2023-10-09,2024-03-31,0
C0310,2023-10-09,2024-04-30,0
C0310,2023-10-09,2024-05-31,17
C0310,2023-10-09,2024-06-30,0
C0310,2023-10-09,2024-07-31,0
C0310,2023-10-09,2024-08-31,0
C0310,2023-10-09,2024-09-30,0
C0310,2023-10-09,2024-10-31,0
C0310,2023-10-09,2024-11-30,0
C0310,2023-10-09,2024-12-31,0
C0310,2023-10-09,2025-01-31,0
C0310,2023-10-09,2025-02-28,10
C0310,2023-10-09,2025-03-31,58
C0310,2023-10-09,2025-04-30,67
C0310,2023-10-09,2025-05-31,95
C0311,2025-04-22,2025-04-30,53
C0311,2025-04-22,2025-05-31,0
C0311,2025-04-22,2025-06-30,0
C0311,2025-04-22,2025-07-31,0
C0311,2025-04-22,2025-08-31,0
C0311,2025-04-22,2025-09-30,0
C0311,2025-04-22,2025-10-31,0
C0311,2025-04-22,2025-11-30,20
C0311,2025-04-22,2025-12-31,0
C0312,2024-07-21,2024-07-31,0
C0312,2024-07-21,2024-08-31,0
C0312,2024-07-21,2024-09-30,0
C0312,2024-07-21,2024-10-31,0
C0312,2024-07-21,2024-11-30,0
C0312,2024-07-21,2024-12-31,1
C0312,2024-07-21,2025-01-31,0
C0312,2024-07-21,2025-02-28,0
C0312,2024-07-21,2025-03-31,27
C0312,2024-07-21,2025-04-30,17
C0312,2024-07-21,2025-05-31,0
C0312,2024-07-21,2025-06-30,88
C0312,2024-07-21,2025-07-31,0
C0312,2024-07-21,2025-08-31,0
C0312,2024-07-21,2025-09-30,0
C0312,2024-07-21,2025-10-31,0
C0312,2024-07-21,2025-11-30,0
C0312,2024-07-21,2025-12-31,0
C0313,2023-01-15,2023-01-31,0
C0313,2023-01-15,2023-02-28,0
C0313,2023-01-15,2023-03-31,0
C0313,2023-01-15,2023-04-30,0
C0313,2023-01-15,2023-05-31,0
C0313,2023-01-15,2023-06-30,0
C0313,2023-01-15,2023-07-31,0
C0313,2023-01-15,2023-08-31,6
C0313,2023-01-15,2023-09-30,0
C0313,2023-01-15,2023-10-31,0
C0313,2023-01-15,2023-11-30,0
C0313,2023-01-15,2023-12-31,0
C0313,2023-01-15,2024-01-31,27
C0313,2023-01-15,2024-02-29,0
C0313,2023-01-15,2024-03-31,5
C0313,2023-01-15,2024-04-30,0
C0313,2023-01-15,2024-05-31,0
C0313,2023-01-15,2024-06-30,0
C0313,2023-01-15,2024-07-31,0
C0313,2023-01-15,2024-08-31,0
C0313,2023-01-15,2024-09-30,0
C0313,2023-01-15,2024-10-31,0
C0313,2023-01-15,2024-11-30,0
C0313,2023-01-15,2024-12-31,0
C0313,2023-01-15,2025-01-31,0
C0313,2023-01-15,2025-02-28,0
C0313,2023-01-15,2025-03-31,5
C0313,2023-01-15,2025-04-30,0
C0313,2023-01-15,2025-05-31,0
C0313,2023-01-15,2025-06-30,0
C0313,2023-01-15,2025-07-31,0
C0313,2023-01-15,2025-08-31,19
C0313,2023-01-15,2025-09-30,45
C0313,2023-01-15,2025-10-31,82
C0313,2023-01-15,2025-11-30,118
C0314,2024-10-17,2024-10-31,0
C0314,2024-10-17,2024-11-30,0
C0314,2024-10-17,2024-12-31,0
C0314,2024-10-17,2025-01-31,0
C0314,2024-10-17,2025-02-28,0
C0314,2024-10-17,2025-03-31,0
C0314,2024-10-17,2025-04-30,0
C0314,2024-10-17,2025-05-31,0
C0314,2024-10-17,2025-06-30,0
C0314,2024-10-17,2025-07-31,0
C0314,2024-10-17,2025-08-31,0
C0314,2024-10-17,2025-09-30,0
C0314,2024-10-17,2025-10-31,0
C0314,2024-10-17,2025-11-30,0
C0314,2024-10-17,2025-12-31,0
C0315,2023-05-05,2023-05-31,0
C0315,2023-05-05,2023-06-30,0
C0315,2023-05-05,2023-07-31,0
C0315,2023-05-05,2023-08-31,0
C0315,2023-05-05,2023-09-30,15
C0315,2023-05-05,2023-10-31,0
C0315,2023-05-05,2023-11-30,0
C0315,2023-05-05,2023-12-31,0
C0315,2023-05-05,2024-01-31,47
C0315,2023-05-05,2024-02-29,0
C0315,2023-05-05,2024-03-31,0
C0315,2023-05-05,2024-04-30,0
C0315,2023-05-05,2024-05-31,42
C0315,2023-05-05,2024-06-30,0
C0315,2023-05-05,2024-07-31,3
C0315,2023-05-05,2024-08-31,0
C0315,2023-05-05,2024-09-30,0
C0315,2023-05-05,2024-10-31,0
C0315,2023-05-05,2024-11-30,0
C0315,2023-05-05,2024-12-31,0
C0315,2023-05-05,2025-01-31,0
C0315,2023-05-05,2025-02-28,0
C0315,2023-05-05,2025-03-31,0
C0315,2023-05-05,2025-04-30,10
C0315,2023-05-05,2025-05-31,0
C0315,2023-05-05,2025-06-30,0
C0315,2023-05-05,2025-07-31,11
C0315,2023-05-05,2025-08-31,9
C0315,2023-05-05,2025-09-30,0
C0315,2023-05-05,2025-10-31,16
C0315,2023-05-05,2025-11-30,0
C0315,2023-05-05,2025-12-31,0
C0316,2023-01-05,2023-01-31,0
C0316,2023-01-05,2023-02-28,0
C0316,2023-01-05,2023-03-31,0
C0316,2023-01-05,2023-04-30,0
C0316,2023-01-05,2023-05-31,0
C0316,2023-01-05,2023-06-30,0
C0316,2023-01-05,2023-07-31,0
C0316,2023-01-05,2023-08-31,21
C0316,2023-01-05,2023-09-30,0
C0316,2023-01-05,2023-10-31,0
C0316,2023-01-05,2023-11-30,0
C0316,2023-01-05,2023-12-31,0
C0316,2023-01-05,2024-01-31,0
C0316,2023-01-05,2024-02-29,0
C0316,2023-01-05,2024-03-31,0
C0316,2023-01-05,2024-04-30,0
C0316,2023-01-05,2024-05-31,0
C0316,2023-01-05,2024-06-30,0
C0316,2023-01-05,2024-07-31,0
C0316,2023-01-05,2024-08-31,0
C0316,2023-01-05,2024-09-30,0
C0316,2023-01-05,2024-10-31,0
C0316,2023-01-05,2024-11-30,6
C0316,2023-01-05,2024-12-31,0
C0316,2023-01-05,2025-01-31,0
C0316,2023-01-05,2025-02-28,11
C0316,2023-01-05,2025-03-31,0
C0316,2023-01-05,2025-04-30,0
C0316,2023-01-05,2025-05-31,38
C0316,2023-01-05,2025-06-30,0
C0316,2023-01-05,2025-07-31,0
C0316,2023-01-05,2025-08-31,0
C0316,2023-01-05,2025-09-30,27
C0316,2023-01-05,2025-10-31,0
C0316,2023-01-05,2025-11-30,0
C0316,2023-01-05,2025-12-31,0
C0317,2023-12-05,2023-12-31,0
C0317,2023-12-05,2024-01-31,77
C0317,2023-12-05,2024-02-29,0
C0317,2023-12-05,2024-03-31,0
C0317,2023-12-05,2024-04-30,0
C0317,2023-12-05,2024-05-31,0
C0317,2023-12-05,2024-06-30,0
C0317,2023-12-05,2024-07-31,0
C0317,2023-12-05,2024-08-31,0
C0317,2023-12-05,2024-09-30,0
C0317,2023-12-05,2024-10-31,0
C0317,2023-12-05,2024-11-30,0
C0317,2023-12-05,2024-12-31,0
C0317,2023-12-05,2025-01-31,27
C0317,2023-12-05,2025-02-28,45
C0317,2023-12-05,2025-03-31,67
C0317,2023-12-05,2025-04-30,100
C0318,2025-04-25,2025-04-30,0
C0318,2025-04-25,2025-05-31,0
C0318,2025-04-25,2025-06-30,13
C0318,2025-04-25,2025-07-31,0
C0318,2025-04-25,2025-08-31,0
C0318,2025-04-25,2025-09-30,0
C0318,2025-04-25,2025-10-31,0
C0318,2025-04-25,2025-11-30,0
C0318,2025-04-25,2025-12-31,0
C0319,2024-11-10,2024-11-30,0
C0319,2024-11-10,2024-12-31,13
C0319,2024-11-10,2025-01-31,6
C0319,2024-11-10,2025-02-28,0
C0319,2024-11-10,2025-03-31,28
C0319,2024-11-10,2025-04-30,0
C0319,2024-11-10,2025-05-31,0
C0319,2024-11-10,2025-06-30,0
C0319,2024-11-10,2025-07-31,13
C0319,2024-11-10,2025-08-31,0
C0319,2024-11-10,2025-09-30,0
C0319,2024-11-10,2025-10-31,0
C0319,2024-11-10,2025-11-30,0
C0319,2024-11-10,2025-12-31,0
C0320,2023-03-27,2023-03-31,0
C0320,2023-03-27,2023-04-30,23
C0320,2023-03-27,2023-05-31,0
C0320,2023-03-27,2023-06-30,0
C0320,2023-03-27,2023-07-31,0
C0320,2023-03-27,2023-08-31,0
C0320,2023-03-27,2023-09-30,0
C0320,2023-03-27,2023-10-31,0
C0320,2023-03-27,2023-11-30,0
C0320,2023-03-27,2023-12-31,0
C0320,2023-03-27,2024-01-31,87
C0320,2023-03-27,2024-02-29,12
C0320,2023-03-27,2024-03-31,26
C0320,2023-03-27,2024-04-30,0
C0320,2023-03-27,2024-05-31,0
C0320,2023-03-27,2024-06-30,0
C0320,2023-03-27,2024-07-31,0
C0320,2023-03-27,2024-08-31,0
C0320,2023-03-27,2024-09-30,0
C0320,2023-03-27,2024-10-31,0
C0320,2023-03-27,2024-11-30,58
C0320,2023-03-27,2024-12-31,0
C0320,2023-03-27,2025-01-31,0
C0320,2023-03-27,2025-02-28,31
C0320,2023-03-27,2025-03-31,0
C0320,2023-03-27,2025-04-30,0
C0320,2023-03-27,2025-05-31,0
C0320,2023-03-27,2025-06-30,3
C0320,2023-03-27,2025-07-31,0
C0320,2023-03-27,2025-08-31,0
C0320,2023-03-27,2025-09-30,0
C0320,2023-03-27,2025-10-31,0
C0320,2023-03-27,2025-11-30,0
C0320,2023-03-27,2025-12-31,0
C0321,2024-10-06,2024-10-31,0
C0321,2024-10-06,2024-11-30,0
C0321,2024-10-06,2024-12-31,17
C0321,2024-10-06,2025-01-31,0
C0321,2024-10-06,2025-02-28,0
C0321,2024-10-06,2025-03-31,0
C0321,2024-10-06,2025-04-30,0
C0321,2024-10-06,2025-05-31,0
C0321,2024-10-06,2025-06-30,0
C0321,2024-10-06,2025-07-31,19
C0321,2024-10-06,2025-08-31,18
C0321,2024-10-06,2025-09-30,0
C0321,2024-10-06,2025-10-31,0
C0321,2024-10-06,2025-11-30,0
C0321,2024-10-06,2025-12-31,0
C0322,2024-03-28,2024-03-31,0
C0322,2024-03-28,2024-04-30,0
C0322,2024-03-28,2024-05-31,0
C0322,2024-03-28,2024-06-30,0
C0322,2024-03-28,2024-07-31,0
C0322,2024-03-28,2024-08-31,0
C0322,2024-03-28,2024-09-30,0
C0322,2024-03-28,2024-10-31,0
C0322,2024-03-28,2024-11-30,0
C0322,2024-03-28,2024-12-31,0
C0322,2024-03-28,2025-01-31,0
C0322,2024-03-28,2025-02-28,39
C0322,2024-03-28,2025-03-31,0
C0322,2024-03-28,2025-04-30,38
C0322,2024-03-28,2025-05-31,0
C0322,2024-03-28,2025-06-30,11
C0322,2024-03-28,2025-07-31,0
C0322,2024-03-28,2025-08-31,0
C0322,2024-03-28,2025-09-30,0
C0322,2024-03-28,2025-10-31,29
C0322,2024-03-28,2025-11-30,0
C0322,2024-03-28,2025-12-31,0
C0323,2023-04-25,2023-04-30,0
C0323,2023-04-25,2023-05-31,0
C0323,2023-04-25,2023-06-30,0
C0323,2023-04-25,2023-07-31,13
C0323,2023-04-25,2023-08-31,40
C0323,2023-04-25,2023-09-30,75
C0323,2023-04-25,2023-10-31,106
C0324,2023-09-27,2023-09-30,0
C0324,2023-09-27,2023-10-31,0
C0324,2023-09-27,2023-11-30,29
C0324,2023-09-27,2023-12-31,41
C0324,2023-09-27,2024-01-31,0
C0324,2023-09-27,2024-02-29,10
C0324,2023-09-27,2024-03-31,0
C0324,2023-09-27,2024-04-30,0
C0324,2023-09-27,2024-05-31,0
C0324,2023-09-27,2024-06-30,0
C0324,2023-09-27,2024-07-31,0
C0324,2023-09-27,2024-08-31,0
C0324,2023-09-27,2024-09-30,0
C0324,2023-09-27,2024-10-31,0
C0324,2023-09-27,2024-11-30,0
C0324,2023-09-27,2024-12-31,0
C0324,2023-09-27,2025-01-31,0
C0324,2023-09-27,2025-02-28,0
C0324,2023-09-27,2025-03-31,0
C0324,2023-09-27,2025-04-30,0
C0324,2023-09-27,2025-05-31,0
C0324,2023-09-27,2025-06-30,0
C0324,2023-09-27,2025-07-31,0
C0324,2023-09-27,2025-08-31,0
C0324,2023-09-27,2025-09-30,0
C0324,2023-09-27,2025-10-31,0
C0324,2023-09-27,2025-11-30,0
C0324,2023-09-27,2025-12-31,51
C0325,2024-08-23,2024-08-31,0
C0325,2024-08-23,2024-09-30,27
C0325,2024-08-23,2024-10-31,0
C0325,2024-08-23,2024-11-30,0
C0325,2024-08-23,2024-12-31,0
C0325,2024-08-23,2025-01-31,0
C0325,2024-08-23,2025-02-28,0
C0325,2024-08-23,2025-03-31,44
C0325,2024-08-23,2025-04-30,0
C0325,2024-08-23,2025-05-31,0
C0325,2024-08-23,2025-06-30,0
C0325,2024-08-23,2025-07-31,0
C0325,2024-08-23,2025-08-31,0
C0325,2024-08-23,2025-09-30,0
C0325,2024-08-23,2025-10-31,0
C0325,2024-08-23,2025-11-30,0
C0325,2024-08-23,2025-12-31,17
C0326,2024-05-17,2024-05-31,41
C0326,2024-05-17,2024-06-30,0
C0326,2024-05-17,2024-07-31,29
C0326,2024-05-17,2024-08-31,0
C0326,2024-05-17,2024-09-30,0
C0326,2024-05-17,2024-10-31,0
C0326,2024-05-17,2024-11-30,0
C0326,2024-05-17,2024-12-31,0
C0326,2024-05-17,2025-01-31,16
C0326,2024-05-17,2025-02-28,0
C0326,2024-05-17,2025-03-31,11
C0326,2024-05-17,2025-04-30,0
C0326,2024-05-17,2025-05-31,29
C0326,2024-05-17,2025-06-30,0
C0326,2024-05-17,2025-07-31,58
C0326,2024-05-17,2025-08-31,0
C0326,2024-05-17,2025-09-30,0
C0326,2024-05-17,2025-10-31,0
C0326,2024-05-17,2025-11-30,0
C0326,2024-05-17,2025-12-31,5
C0327,2025-03-19,2025-03-31,0
C0327,2025-03-19,2025-04-30,0
C0327,2025-03-19,2025-05-31,17
C0327,2025-03-19,2025-06-30,21
C0327,2025-03-19,2025-07-31,0
C0327,2025-03-19,2025-08-31,0
C0327,2025-03-19,2025-09-30,0
C0327,2025-03-19,2025-10-31,0
C0327,2025-03-19,2025-11-30,0
C0327,2025-03-19,2025-12-31,0
C0328,2024-08-10,2024-08-31,29
C0328,2024-08-10,2024-09-30,0
C0328,2024-08-10,2024-10-31,9
C0328,2024-08-10,2024-11-30,0
C0328,2024-08-10,2024-12-31,11
C0328,2024-08-10,2025-01-31,0
C0328,2024-08-10,2025-02-28,0
C0328,2024-08-10,2025-03-31,0
C0328,2024-08-10,2025-04-30,0
C0328,2024-08-10,2025-05-31,0
C0328,2024-08-10,2025-06-30,20
C0328,2024-08-10,2025-07-31,0
C0328,2024-08-10,2025-08-31,0
C0328,2024-08-10,2025-09-30,0
C0328,2024-08-10,2025-10-31,83
C0328,2024-08-10,2025-11-30,0
C0328,2024-08-10,2025-12-31,0
C0329,2024-04-20,2024-04-30,0
C0329,2024-04-20,2024-05-31,0
C0329,2024-04-20,2024-06-30,4
C0329,2024-04-20,2024-07-31,4
C0329,2024-04-20,2024-08-31,0
C0329,2024-04-20,2024-09-30,0
C0329,2024-04-20,2024-10-31,0
C0329,2024-04-20,2024-11-30,0
C0329,2024-04-20,2024-12-31,0
C0329,2024-04-20,2025-01-31,0
C0329,2024-04-20,2025-02-28,10
C0329,2024-04-20,2025-03-31,0
C0329,2024-04-20,2025-04-30,0
C0329,2024-04-20,2025-05-31,0
C0329,2024-04-20,2025-06-30,0
C0329,2024-04-20,2025-07-31,0
C0329,2024-04-20,2025-08-31,0
C0329,2024-04-20,2025-09-30,0
C0329,2024-04-20,2025-10-31,0
C0329,2024-04-20,2025-11-30,11
C0329,2024-04-20,2025-12-31,0
C0330,2024-06-19,2024-06-30,0
C0330,2024-06-19,2024-07-31,0
C0330,2024-06-19,2024-08-31,0
C0330,2024-06-19,2024-09-30,0
C0330,2024-06-19,2024-10-31,10
C0330,2024-06-19,2024-11-30,0
C0330,2024-06-19,2024-12-31,0
C0330,2024-06-19,2025-01-31,0
C0330,2024-06-19,2025-02-28,55
C0330,2024-06-19,2025-03-31,0
C0330,2024-06-19,2025-04-30,0
C0330,2024-06-19,2025-05-31,0
C0330,2024-06-19,2025-06-30,0
C0330,2024-06-19,2025-07-31,0
C0330,2024-06-19,2025-08-31,27
C0330,2024-06-19,2025-09-30,0
C0330,2024-06-19,2025-10-31,0
C0330,2024-06-19,2025-11-30,0
C0330,2024-06-19,2025-12-31,13
C0331,2025-04-01,2025-04-30,0
C0331,2025-04-01,2025-05-31,0
C0331,2025-04-01,2025-06-30,0
C0331,2025-04-01,2025-07-31,4
C0331,2025-04-01,2025-08-31,0
C0331,2025-04-01,2025-09-30,56
C0331,2025-04-01,2025-10-31,24
C0331,2025-04-01,2025-11-30,0
C0331,2025-04-01,2025-12-31,0
C0332,2024-05-16,2024-05-31,0
C0332,2024-05-16,2024-06-30,0
C0332,2024-05-16,2024-07-31,0
C0332,2024-05-16,2024-08-31,0
C0332,2024-05-16,2024-09-30,0
C0332,2024-05-16,2024-10-31,22
C0332,2024-05-16,2024-11-30,0
C0332,2024-05-16,2024-12-31,0
C0332,2024-05-16,2025-01-31,0
C0332,2024-05-16,2025-02-28,25
C0332,2024-05-16,2025-03-31,0
C0332,2024-05-16,2025-04-30,0
C0332,2024-05-16,2025-05-31,0
C0332,2024-05-16,2025-06-30,0
C0332,2024-05-16,2025-07-31,0
C0332,2024-05-16,2025-08-31,0
C0332,2024-05-16,2025-09-30,35
C0332,2024-05-16,2025-10-31,0
C0332,2024-05-16,2025-11-30,22
C0332,2024-05-16,2025-12-31,0
C0333,2024-08-06,2024-08-31,0
C0333,2024-08-06,2024-09-30,10
C0333,2024-08-06,2024-10-31,0
C0333,2024-08-06,2024-11-30,0
C0333,2024-08-06,2024-12-31,0
C0333,2024-08-06,2025-01-31,0
C0333,2024-08-06,2025-02-28,73
C0333,2024-08-06,2025-03-31,0
C0333,2024-08-06,2025-04-30,57
C0333,2024-08-06,2025-05-31,0
C0333,2024-08-06,2025-06-30,0
C0333,2024-08-06,2025-07-31,0
C0333,2024-08-06,2025-08-31,0
C0333,2024-08-06,2025-09-30,23
C0333,2024-08-06,2025-10-31,51
C0333,2024-08-06,2025-11-30,73
C0333,2024-08-06,2025-12-31,108
C0334,2023-02-07,2023-02-28,22
C0334,2023-02-07,2023-03-31,0
C0334,2023-02-07,2023-04-30,0
C0334,2023-02-07,2023-05-31,0
C0334,2023-02-07,2023-06-30,0
C0334,2023-02-07,2023-07-31,0
C0334,2023-02-07,2023-08-31,0
C0334,2023-02-07,2023-09-30,0
C0334,2023-02-07,2023-10-31,0
C0334,2023-02-07,2023-11-30,29
C0334,2023-02-07,2023-12-31,0
C0334,2023-02-07,2024-01-31,0
C0334,2023-02-07,2024-02-29,0
C0334,2023-02-07,2024-03-31,0
C0334,2023-02-07,2024-04-30,0
C0334,2023-02-07,2024-05-31,0
C0334,2023-02-07,2024-06-30,0
C0334,2023-02-07,2024-07-31,0
C0334,2023-02-07,2024-08-31,0
C0334,2023-02-07,2024-09-30,0
C0334,2023-02-07,2024-10-31,0
C0334,2023-02-07,2024-11-30,29
C0334,2023-02-07,2024-12-31,0
C0334,2023-02-07,2025-01-31,0
C0334,2023-02-07,2025-02-28,0
C0334,2023-02-07,2025-03-31,55
C0334,2023-02-07,2025-04-30,0
C0334,2023-02-07,2025-05-31,0
C0334,2023-02-07,2025-06-30,0
C0334,2023-02-07,2025-07-31,0
C0334,2023-02-07,2025-08-31,27
C0334,2023-02-07,2025-09-30,56
C0334,2023-02-07,2025-10-31,78
C0334,2023-02-07,2025-11-30,99
C0335,2023-02-04,2023-02-28,0
C0335,2023-02-04,2023-03-31,0
C0335,2023-02-04,2023-04-30,0
C0335,2023-02-04,2023-05-31,0
C0335,2023-02-04,2023-06-30,0
C0335,2023-02-04,2023-07-31,7
C0335,2023-02-04,2023-08-31,0
C0335,2023-02-04,2023-09-30,0
C0335,2023-02-04,2023-10-31,0
C0335,2023-02-04,2023-11-30,60
C0335,2023-02-04,2023-12-31,0
C0335,2023-02-04,2024-01-31,0
C0335,2023-02-04,2024-02-29,15
C0335,2023-02-04,2024-03-31,48
C0335,2023-02-04,2024-04-30,83
C0335,2023-02-04,2024-05-31,112
C0336,2025-01-11,2025-01-31,83
C0336,2025-01-11,2025-02-28,83
C0336,2025-01-11,2025-03-31,0
C0336,2025-01-11,2025-04-30,26
C0336,2025-01-11,2025-05-31,0
C0336,2025-01-11,2025-06-30,0
C0336,2025-01-11,2025-07-31,27
C0336,2025-01-11,2025-08-31,59
C0336,2025-01-11,2025-09-30,81
C0336,2025-01-11,2025-10-31,113
C0337,2024-01-24,2024-01-31,0
C0337,2024-01-24,2024-02-29,0
C0337,2024-01-24,2024-03-31,5
C0337,2024-01-24,2024-04-30,0
C0337,2024-01-24,2024-05-31,0
C0337,2024-01-24,2024-06-30,0
C0337,2024-01-24,2024-07-31,0
C0337,2024-01-24,2024-08-31,0
C0337,2024-01-24,2024-09-30,0
C0337,2024-01-24,2024-10-31,0
C0337,2024-01-24,2024-11-30,0
C0337,2024-01-24,2024-12-31,0
C0337,2024-01-24,2025-01-31,0
C0337,2024-01-24,2025-02-28,0
C0337,2024-01-24,2025-03-31,0
C0337,2024-01-24,2025-04-30,0
C0337,2024-01-24,2025-05-31,0
C0337,2024-01-24,2025-06-30,0
C0337,2024-01-24,2025-07-31,0
C0337,2024-01-24,2025-08-31,0
C0337,2024-01-24,2025-09-30,22
C0337,2024-01-24,2025-10-31,0
C0337,2024-01-24,2025-11-30,0
C0337,2024-01-24,2025-12-31,0
C0338,2025-02-03,2025-02-28,44
C0338,2025-02-03,2025-03-31,0
C0338,2025-02-03,2025-04-30,0
C0338,2025-02-03,2025-05-31,0
C0338,2025-02-03,2025-06-30,0
C0338,2025-02-03,2025-07-31,0
C0338,2025-02-03,2025-08-31,0
C0338,2025-02-03,2025-09-30,0
C0338,2025-02-03,2025-10-31,0
C0338,2025-02-03,2025-11-30,0
C0338,2025-02-03,2025-12-31,0
C0339,2023-04-22,2023-04-30,0
C0339,2023-04-22,2023-05-31,0
C0339,2023-04-22,2023-06-30,0
C0339,2023-04-22,2023-07-31,0
C0339,2023-04-22,2023-08-31,0
C0339,2023-04-22,2023-09-30,0
C0339,2023-04-22,2023-10-31,0
C0339,2023-04-22,2023-11-30,0
C0339,2023-04-22,2023-12-31,20
C0339,2023-04-22,2024-01-31,0
C0339,2023-04-22,2024-02-29,0
C0339,2023-04-22,2024-03-31,0
C0339,2023-04-22,2024-04-30,0
C0339,2023-04-22,2024-05-31,0
C0339,2023-04-22,2024-06-30,75
C0339,2023-04-22,2024-07-31,17
C0339,2023-04-22,2024-08-31,37
C0339,2023-04-22,2024-09-30,83
C0339,2023-04-22,2024-10-31,116
C0340,2025-02-12,2025-02-28,19
C0340,2025-02-12,2025-03-31,49
C0340,2025-02-12,2025-04-30,68
C0340,2025-02-12,2025-05-31,111
C0341,2025-02-14,2025-02-28,0
C0341,2025-02-14,2025-03-31,4
C0341,2025-02-14,2025-04-30,0
C0341,2025-02-14,2025-05-31,0
C0341,2025-02-14,2025-06-30,0
C0341,2025-02-14,2025-07-31,0
C0341,2025-02-14,2025-08-31,0
C0341,2025-02-14,2025-09-30,0
C0341,2025-02-14,2025-10-31,45
C0341,2025-02-14,2025-11-30,0
C0341,2025-02-14,2025-12-31,0
C0342,2024-07-11,2024-07-31,10
C0342,2024-07-11,2024-08-31,0
C0342,2024-07-11,2024-09-30,0
C0342,2024-07-11,2024-10-31,47
C0342,2024-07-11,2024-11-30,0
C0342,2024-07-11,2024-12-31,0
C0342,2024-07-11,2025-01-31,0
C0342,2024-07-11,2025-02-28,26
C0342,2024-07-11,2025-03-31,0
C0342,2024-07-11,2025-04-30,0
C0342,2024-07-11,2025-05-31,0
C0342,2024-07-11,2025-06-30,7
C0342,2024-07-11,2025-07-31,24
C0342,2024-07-11,2025-08-31,30
C0342,2024-07-11,2025-09-30,65
C0342,2024-07-11,2025-10-31,120
C0343,2024-07-03,2024-07-31,85
C0343,2024-07-03,2024-08-31,0
C0343,2024-07-03,2024-09-30,0
C0343,2024-07-03,2024-10-31,0
C0343,2024-07-03,2024-11-30,0
C0343,2024-07-03,2024-12-31,27
C0343,2024-07-03,2025-01-31,0
C0343,2024-07-03,2025-02-28,0
C0343,2024-07-03,2025-03-31,0
C0343,2024-07-03,2025-04-30,0
C0343,2024-07-03,2025-05-31,0
C0343,2024-07-03,2025-06-30,0
C0343,2024-07-03,2025-07-31,0
C0343,2024-07-03,2025-08-31,0
C0343,2024-07-03,2025-09-30,0
C0343,2024-07-03,2025-10-31,0
C0343,2024-07-03,2025-11-30,0
C0343,2024-07-03,2025-12-31,15
C0344,2025-06-06,2025-06-30,0
C0344,2025-06-06,2025-07-31,0
C0344,2025-06-06,2025-08-31,0
C0344,2025-06-06,2025-09-30,0
C0344,2025-06-06,2025-10-31,0
C0344,2025-06-06,2025-11-30,0
C0344,2025-06-06,2025-12-31,0
C0345,2025-02-11,2025-02-28,0
C0345,2025-02-11,2025-03-31,0
C0345,2025-02-11,2025-04-30,0
C0345,2025-02-11,2025-05-31,16
C0345,2025-02-11,2025-06-30,0
C0345,2025-02-11,2025-07-31,0
C0345,2025-02-11,2025-08-31,0
C0345,2025-02-11,2025-09-30,0
C0345,2025-02-11,2025-10-31,11
C0345,2025-02-11,2025-11-30,10
C0345,2025-02-11,2025-12-31,0
C0346,2023-12-06,2023-12-31,29
C0346,2023-12-06,2024-01-31,0
C0346,2023-12-06,2024-02-29,0
C0346,2023-12-06,2024-03-31,0
C0346,2023-12-06,2024-04-30,0
C0346,2023-12-06,2024-05-31,0
C0346,2023-12-06,2024-06-30,0
C0346,2023-12-06,2024-07-31,0
C0346,2023-12-06,2024-08-31,0
C0346,2023-12-06,2024-09-30,0
C0346,2023-12-06,2024-10-31,0
C0346,2023-12-06,2024-11-30,0
C0346,2023-12-06,2024-12-31,0
C0346,2023-12-06,2025-01-31,0
C0346,2023-12-06,2025-02-28,0
C0346,2023-12-06,2025-03-31,0
C0346,2023-12-06,2025-04-30,0
C0346,2023-12-06,2025-05-31,0
C0346,2023-12-06,2025-06-30,0
C0346,2023-12-06,2025-07-31,0
C0346,2023-12-06,2025-08-31,0
C0346,2023-12-06,2025-09-30,0
C0346,2023-12-06,2025-10-31,0
C0346,2023-12-06,2025-11-30,0
C0346,2023-12-06,2025-12-31,0
C0347,2024-07-23,2024-07-31,0
C0347,2024-07-23,2024-08-31,0
C0347,2024-07-23,2024-09-30,42
C0347,2024-07-23,2024-10-31,0
C0347,2024-07-23,2024-11-30,0
C0347,2024-07-23,2024-12-31,0
C0347,2024-07-23,2025-01-31,0
C0347,2024-07-23,2025-02-28,33
C0347,2024-07-23,2025-03-31,0
C0347,2024-07-23,2025-04-30,0
C0347,2024-07-23,2025-05-31,0
C0347,2024-07-23,2025-06-30,0
C0347,2024-07-23,2025-07-31,0
C0347,2024-07-23,2025-08-31,0
C0347,2024-07-23,2025-09-30,0
C0347,2024-07-23,2025-10-31,0
C0347,2024-07-23,2025-11-30,29
C0347,2024-07-23,2025-12-31,0
C0348,2023-07-20,2023-07-31,0
C0348,2023-07-20,2023-08-31,0
C0348,2023-07-20,2023-09-30,0
C0348,2023-07-20,2023-10-31,0
C0348,2023-07-20,2023-11-30,0
C0348,2023-07-20,2023-12-31,62
C0348,2023-07-20,2024-01-31,0
C0348,2023-07-20,2024-02-29,0
C0348,2023-07-20,2024-03-31,0
C0348,2023-07-20,2024-04-30,0
C0348,2023-07-20,2024-05-31,0
C0348,2023-07-20,2024-06-30,0
C0348,2023-07-20,2024-07-31,0
C0348,2023-07-20,2024-08-31,0
C0348,2023-07-20,2024-09-30,0
C0348,2023-07-20,2024-10-31,0
C0348,2023-07-20,2024-11-30,0
C0348,2023-07-20,2024-12-31,0
C0348,2023-07-20,2025-01-31,0
C0348,2023-07-20,2025-02-28,0
C0348,2023-07-20,2025-03-31,75
C0348,2023-07-20,2025-04-30,0
C0348,2023-07-20,2025-05-31,0
C0348,2023-07-20,2025-06-30,0
C0348,2023-07-20,2025-07-31,0
C0348,2023-07-20,2025-08-31,24
C0348,2023-07-20,2025-09-30,0
C0348,2023-07-20,2025-10-31,0
C0348,2023-07-20,2025-11-30,0
C0348,2023-07-20,2025-12-31,0
C0349,2024-08-15,2024-08-31,0
C0349,2024-08-15,2024-09-30,0
C0349,2024-08-15,2024-10-31,0
C0349,2024-08-15,2024-11-30,0
C0349,2024-08-15,2024-12-31,0
C0349,2024-08-15,2025-01-31,0
C0349,2024-08-15,2025-02-28,45
C0349,2024-08-15,2025-03-31,47
C0349,2024-08-15,2025-04-30,83
C0349,2024-08-15,2025-05-31,108
C0350,2024-11-13,2024-11-30,0
C0350,2024-11-13,2024-12-31,0
C0350,2024-11-13,2025-01-31,0
C0350,2024-11-13,2025-02-28,37
C0350,2024-11-13,2025-03-31,0
C0350,2024-11-13,2025-04-30,0
C0350,2024-11-13,2025-05-31,0
C0350,2024-11-13,2025-06-30,0
C0350,2024-11-13,2025-07-31,0
C0350,2024-11-13,2025-08-31,50
C0350,2024-11-13,2025-09-30,0
C0350,2024-11-13,2025-10-31,0
C0350,2024-11-13,2025-11-30,0
C0350,2024-11-13,2025-12-31,0
C0351,2023-01-12,2023-01-31,0
C0351,2023-01-12,2023-02-28,0
C0351,2023-01-12,2023-03-31,29
C0351,2023-01-12,2023-04-30,0
C0351,2023-01-12,2023-05-31,0
C0351,2023-01-12,2023-06-30,0
C0351,2023-01-12,2023-07-31,0
C0351,2023-01-12,2023-08-31,0
C0351,2023-01-12,2023-09-30,0
C0351,2023-01-12,2023-10-31,0
C0351,2023-01-12,2023-11-30,0
C0351,2023-01-12,2023-12-31,0
C0351,2023-01-12,2024-01-31,0
C0351,2023-01-12,2024-02-29,0
C0351,2023-01-12,2024-03-31,0
C0351,2023-01-12,2024-04-30,0
C0351,2023-01-12,2024-05-31,4
C0351,2023-01-12,2024-06-30,0
C0351,2023-01-12,2024-07-31,0
C0351,2023-01-12,2024-08-31,0
C0351,2023-01-12,2024-09-30,27
C0351,2023-01-12,2024-10-31,0
C0351,2023-01-12,2024-11-30,0
C0351,2023-01-12,2024-12-31,0
C0351,2023-01-12,2025-01-31,0
C0351,2023-01-12,2025-02-28,0
C0351,2023-01-12,2025-03-31,19
C0351,2023-01-12,2025-04-30,25
C0351,2023-01-12,2025-05-31,58
C0351,2023-01-12,2025-06-30,88
C0351,2023-01-12,2025-07-31,117
C0352,2024-10-24,2024-10-31,0
C0352,2024-10-24,2024-11-30,0
C0352,2024-10-24,2024-12-31,0
C0352,2024-10-24,2025-01-31,0
C0352,2024-10-24,2025-02-28,0
C0352,2024-10-24,2025-03-31,0
C0352,2024-10-24,2025-04-30,47
C0352,2024-10-24,2025-05-31,0
C0352,2024-10-24,2025-06-30,0
C0352,2024-10-24,2025-07-31,0
C0352,2024-10-24,2025-08-31,0
C0352,2024-10-24,2025-09-30,0
C0352,2024-10-24,2025-10-31,0
C0352,2024-10-24,2025-11-30,0
C0352,2024-10-24,2025-12-31,0
C0353,2023-08-09,2023-08-31,0
C0353,2023-08-09,2023-09-30,0
C0353,2023-08-09,2023-10-31,44
C0353,2023-08-09,2023-11-30,0
C0353,2023-08-09,2023-12-31,0
C0353,2023-08-09,2024-01-31,0
C0353,2023-08-09,2024-02-29,0
C0353,2023-08-09,2024-03-31,0
C0353,2023-08-09,2024-04-30,0
C0353,2023-08-09,2024-05-31,20
C0353,2023-08-09,2024-06-30,0
C0353,2023-08-09,2024-07-31,0
C0353,2023-08-09,2024-08-31,0
C0353,2023-08-09,2024-09-30,0
C0353,2023-08-09,2024-10-31,8
C0353,2023-08-09,2024-11-30,0
C0353,2023-08-09,2024-12-31,0
C0353,2023-08-09,2025-01-31,0
C0353,2023-08-09,2025-02-28,0
C0353,2023-08-09,2025-03-31,0
C0353,2023-08-09,2025-04-30,0
C0353,2023-08-09,2025-05-31,13
C0353,2023-08-09,2025-06-30,0
C0353,2023-08-09,2025-07-31,0
C0353,2023-08-09,2025-08-31,0
C0353,2023-08-09,2025-09-30,75
C0353,2023-08-09,2025-10-31,0
C0353,2023-08-09,2025-11-30,0
C0353,2023-08-09,2025-12-31,0
C0354,2025-05-09,2025-05-31,21
C0354,2025-05-09,2025-06-30,0
C0354,2025-05-09,2025-07-31,0
C0354,2025-05-09,2025-08-31,0
C0354,2025-05-09,2025-09-30,0
C0354,2025-05-09,2025-10-31,0
C0354,2025-05-09,2025-11-30,0
C0354,2025-05-09,2025-12-31,0
C0355,2025-04-16,2025-04-30,0
C0355,2025-04-16,2025-05-31,0
C0355,2025-04-16,2025-06-30,0
C0355,2025-04-16,2025-07-31,65
C0355,2025-04-16,2025-08-31,0
C0355,2025-04-16,2025-09-30,0
C0355,2025-04-16,2025-10-31,0
C0355,2025-04-16,2025-11-30,0
C0355,2025-04-16,2025-12-31,0
C0356,2024-07-03,2024-07-31,0
C0356,2024-07-03,2024-08-31,0
C0356,2024-07-03,2024-09-30,0
C0356,2024-07-03,2024-10-31,9
C0356,2024-07-03,2024-11-30,0
C0356,2024-07-03,2024-12-31,0
C0356,2024-07-03,2025-01-31,0
C0356,2024-07-03,2025-02-28,0
C0356,2024-07-03,2025-03-31,0
C0356,2024-07-03,2025-04-30,0
C0356,2024-07-03,2025-05-31,0
C0356,2024-07-03,2025-06-30,0
C0356,2024-07-03,2025-07-31,1
C0356,2024-07-03,2025-08-31,0
C0356,2024-07-03,2025-09-30,0
C0356,2024-07-03,2025-10-31,0
C0356,2024-07-03,2025-11-30,0
C0356,2024-07-03,2025-12-31,0
C0357,2024-11-10,2024-11-30,0
C0357,2024-11-10,2024-12-31,0
C0357,2024-11-10,2025-01-31,0
C0357,2024-11-10,2025-02-28,0
C0357,2024-11-10,2025-03-31,0
C0357,2024-11-10,2025-04-30,0
C0357,2024-11-10,2025-05-31,0
C0357,2024-11-10,2025-06-30,0
C0357,2024-11-10,2025-07-31,0
C0357,2024-11-10,2025-08-31,14
C0357,2024-11-10,2025-09-30,41
C0357,2024-11-10,2025-10-31,0
C0357,2024-11-10,2025-11-30,0
C0357,2024-11-10,2025-12-31,0
C0358,2025-05-01,2025-05-31,0
C0358,2025-05-01,2025-06-30,77
C0358,2025-05-01,2025-07-31,0
C0358,2025-05-01,2025-08-31,0
C0358,2025-05-01,2025-09-30,0
C0358,2025-05-01,2025-10-31,7
C0358,2025-05-01,2025-11-30,0
C0358,2025-05-01,2025-12-31,0
C0359,2023-10-22,2023-10-31,0
C0359,2023-10-22,2023-11-30,32
C0359,2023-10-22,2023-12-31,0
C0359,2023-10-22,2024-01-31,0
C0359,2023-10-22,2024-02-29,0
C0359,2023-10-22,2024-03-31,0
C0359,2023-10-22,2024-04-30,0
C0359,2023-10-22,2024-05-31,13
C0359,2023-10-22,2024-06-30,0
C0359,2023-10-22,2024-07-31,0
C0359,2023-10-22,2024-08-31,0
C0359,2023-10-22,2024-09-30,0
C0359,2023-10-22,2024-10-31,0
C0359,2023-10-22,2024-11-30,1
C0359,2023-10-22,2024-12-31,0
C0359,2023-10-22,2025-01-31,0
C0359,2023-10-22,2025-02-28,0
C0359,2023-10-22,2025-03-31,0
C0359,2023-10-22,2025-04-30,0
C0359,2023-10-22,2025-05-31,0
C0359,2023-10-22,2025-06-30,0
C0359,2023-10-22,2025-07-31,0
C0359,2023-10-22,2025-08-31,0
C0359,2023-10-22,2025-09-30,0
C0359,2023-10-22,2025-10-31,0
C0359,2023-10-22,2025-11-30,3
C0359,2023-10-22,2025-12-31,48
C0360,2025-03-21,2025-03-31,0
C0360,2025-03-21,2025-04-30,0
C0360,2025-03-21,2025-05-31,0
C0360,2025-03-21,2025-06-30,0
C0360,2025-03-21,2025-07-31,0
C0360,2025-03-21,2025-08-31,0
C0360,2025-03-21,2025-09-30,39
C0360,2025-03-21,2025-10-31,0
C0360,2025-03-21,2025-11-30,0
C0360,2025-03-21,2025-12-31,0
C0361,2024-11-16,2024-11-30,0
C0361,2024-11-16,2024-12-31,0
C0361,2024-11-16,2025-01-31,0
C0361,2024-11-16,2025-02-28,13
C0361,2024-11-16,2025-03-31,0
C0361,2024-11-16,2025-04-30,0
C0361,2024-11-16,2025-05-31,0
C0361,2024-11-16,2025-06-30,0
C0361,2024-11-16,2025-07-31,0
C0361,2024-11-16,2025-08-31,0
C0361,2024-11-16,2025-09-30,0
C0361,2024-11-16,2025-10-31,0
C0361,2024-11-16,2025-11-30,0
C0361,2024-11-16,2025-12-31,0
C0362,2023-08-01,2023-08-31,0
C0362,2023-08-01,2023-09-30,0
C0362,2023-08-01,2023-10-31,0
C0362,2023-08-01,2023-11-30,41
C0362,2023-08-01,2023-12-31,12
C0362,2023-08-01,2024-01-31,0
C0362,2023-08-01,2024-02-29,10
C0362,2023-08-01,2024-03-31,0
C0362,2023-08-01,2024-04-30,0
C0362,2023-08-01,2024-05-31,0
C0362,2023-08-01,2024-06-30,0
C0362,2023-08-01,2024-07-31,15
C0362,2023-08-01,2024-08-31,0
C0362,2023-08-01,2024-09-30,0
C0362,2023-08-01,2024-10-31,0
C0362,2023-08-01,2024-11-30,0
C0362,2023-08-01,2024-12-31,0
C0362,2023-08-01,2025-01-31,3
C0362,2023-08-01,2025-02-28,8
C0362,2023-08-01,2025-03-31,0
C0362,2023-08-01,2025-04-30,0
C0362,2023-08-01,2025-05-31,0
C0362,2023-08-01,2025-06-30,4
C0362,2023-08-01,2025-07-31,0
C0362,2023-08-01,2025-08-31,0
C0362,2023-08-01,2025-09-30,10
C0362,2023-08-01,2025-10-31,41
C0362,2023-08-01,2025-11-30,76
C0362,2023-08-01,2025-12-31,113
C0363,2025-02-28,2025-02-28,0
C0363,2025-02-28,2025-03-31,0
C0363,2025-02-28,2025-04-30,0
C0363,2025-02-28,2025-05-31,38
C0363,2025-02-28,2025-06-30,57
C0363,2025-02-28,2025-07-31,0
C0363,2025-02-28,2025-08-31,0
C0363,2025-02-28,2025-09-30,0
C0363,2025-02-28,2025-10-31,0
C0363,2025-02-28,2025-11-30,0
C0363,2025-02-28,2025-12-31,0
C0364,2024-03-02,2024-03-31,0
C0364,2024-03-02,2024-04-30,0
C0364,2024-03-02,2024-05-31,0
C0364,2024-03-02,2024-06-30,0
C0364,2024-03-02,2024-07-31,19
C0364,2024-03-02,2024-08-31,0
C0364,2024-03-02,2024-09-30,0
C0364,2024-03-02,2024-10-31,0
C0364,2024-03-02,2024-11-30,0
C0364,2024-03-02,2024-12-31,39
C0364,2024-03-02,2025-01-31,0
C0364,2024-03-02,2025-02-28,0
C0364,2024-03-02,2025-03-31,0
C0364,2024-03-02,2025-04-30,0
C0364,2024-03-02,2025-05-31,0
C0364,2024-03-02,2025-06-30,0
C0364,2024-03-02,2025-07-31,0
C0364,2024-03-02,2025-08-31,0
C0364,2024-03-02,2025-09-30,0
C0364,2024-03-02,2025-10-31,0
C0364,2024-03-02,2025-11-30,0
C0364,2024-03-02,2025-12-31,0
C0365,2024-09-14,2024-09-30,7
C0365,2024-09-14,2024-10-31,0
C0365,2024-09-14,2024-11-30,0
C0365,2024-09-14,2024-12-31,0
C0365,2024-09-14,2025-01-31,0
C0365,2024-09-14,2025-02-28,0
C0365,2024-09-14,2025-03-31,0
C0365,2024-09-14,2025-04-30,0
C0365,2024-09-14,2025-05-31,0
C0365,2024-09-14,2025-06-30,0
C0365,2024-09-14,2025-07-31,0
C0365,2024-09-14,2025-08-31,0
C0365,2024-09-14,2025-09-30,0
C0365,2024-09-14,2025-10-31,0
C0365,2024-09-14,2025-11-30,0
C0365,2024-09-14,2025-12-31,0
C0366,2023-10-03,2023-10-31,0
C0366,2023-10-03,2023-11-30,0
C0366,2023-10-03,2023-12-31,35
C0366,2023-10-03,2024-01-31,0
C0366,2023-10-03,2024-02-29,0
C0366,2023-10-03,2024-03-31,0
C0366,2023-10-03,2024-04-30,0
C0366,2023-10-03,2024-05-31,0
C0366,2023-10-03,2024-06-30,0
C0366,2023-10-03,2024-07-31,0
C0366,2023-10-03,2024-08-31,0
C0366,2023-10-03,2024-09-30,0
C0366,2023-10-03,2024-10-31,0
C0366,2023-10-03,2024-11-30,0
C0366,2023-10-03,2024-12-31,0
C0366,2023-10-03,2025-01-31,0
C0366,2023-10-03,2025-02-28,0
C0366,2023-10-03,2025-03-31,0
C0366,2023-10-03,2025-04-30,11
C0366,2023-10-03,2025-05-31,42
C0366,2023-10-03,2025-06-30,66
C0366,2023-10-03,2025-07-31,101
C0367,2023-01-01,2023-01-31,0
C0367,2023-01-01,2023-02-28,0
C0367,2023-01-01,2023-03-31,0
C0367,2023-01-01,2023-04-30,0
C0367,2023-01-01,2023-05-31,0
C0367,2023-01-01,2023-06-30,75
C0367,2023-01-01,2023-07-31,52
C0367,2023-01-01,2023-08-31,10
C0367,2023-01-01,2023-09-30,0
C0367,2023-01-01,2023-10-31,0
C0367,2023-01-01,2023-11-30,0
C0367,2023-01-01,2023-12-31,21
C0367,2023-01-01,2024-01-31,0
C0367,2023-01-01,2024-02-29,0
C0367,2023-01-01,2024-03-31,0
C0367,2023-01-01,2024-04-30,0
C0367,2023-01-01,2024-05-31,36
C0367,2023-01-01,2024-06-30,0
C0367,2023-01-01,2024-07-31,0
C0367,2023-01-01,2024-08-31,0
C0367,2023-01-01,2024-09-30,0
C0367,2023-01-01,2024-10-31,0
C0367,2023-01-01,2024-11-30,0
C0367,2023-01-01,2024-12-31,0
C0367,2023-01-01,2025-01-31,0
C0367,2023-01-01,2025-02-28,0
C0367,2023-01-01,2025-03-31,0
C0367,2023-01-01,2025-04-30,0
C0367,2023-01-01,2025-05-31,0
C0367,2023-01-01,2025-06-30,80
C0367,2023-01-01,2025-07-31,0
C0367,2023-01-01,2025-08-31,0
C0367,2023-01-01,2025-09-30,0
C0367,2023-01-01,2025-10-31,0
C0367,2023-01-01,2025-11-30,14
C0367,2023-01-01,2025-12-31,0
C0368,2024-11-05,2024-11-30,0
C0368,2024-11-05,2024-12-31,0
C0368,2024-11-05,2025-01-31,0
C0368,2024-11-05,2025-02-28,0
C0368,2024-11-05,2025-03-31,22
C0368,2024-11-05,2025-04-30,23
C0368,2024-11-05,2025-05-31,32
C0368,2024-11-05,2025-06-30,88
C0368,2024-11-05,2025-07-31,92
C0369,2024-01-12,2024-01-31,0
C0369,2024-01-12,2024-02-29,27
C0369,2024-01-12,2024-03-31,0
C0369,2024-01-12,2024-04-30,0
C0369,2024-01-12,2024-05-31,13
C0369,2024-01-12,2024-06-30,0
C0369,2024-01-12,2024-07-31,25
C0369,2024-01-12,2024-08-31,0
C0369,2024-01-12,2024-09-30,0
C0369,2024-01-12,2024-10-31,0
C0369,2024-01-12,2024-11-30,0
C0369,2024-01-12,2024-12-31,0
C0369,2024-01-12,2025-01-31,0
C0369,2024-01-12,2025-02-28,0
C0369,2024-01-12,2025-03-31,0
C0369,2024-01-12,2025-04-30,0
C0369,2024-01-12,2025-05-31,24
C0369,2024-01-12,2025-06-30,0
C0369,2024-01-12,2025-07-31,0
C0369,2024-01-12,2025-08-31,0
C0369,2024-01-12,2025-09-30,0
C0369,2024-01-12,2025-10-31,0
C0369,2024-01-12,2025-11-30,0
C0369,2024-01-12,2025-12-31,54
C0370,2023-02-13,2023-02-28,0
C0370,2023-02-13,2023-03-31,0
C0370,2023-02-13,2023-04-30,0
C0370,2023-02-13,2023-05-31,29
C0370,2023-02-13,2023-06-30,0
C0370,2023-02-13,2023-07-31,0
C0370,2023-02-13,2023-08-31,61
C0370,2023-02-13,2023-09-30,0
C0370,2023-02-13,2023-10-31,0
C0370,2023-02-13,2023-11-30,0
C0370,2023-02-13,2023-12-31,0
C0370,2023-02-13,2024-01-31,17
C0370,2023-02-13,2024-02-29,0
C0370,2023-02-13,2024-03-31,17
C0370,2023-02-13,2024-04-30,0
C0370,2023-02-13,2024-05-31,0
C0370,2023-02-13,2024-06-30,27
C0370,2023-02-13,2024-07-31,0
C0370,2023-02-13,2024-08-31,6
C0370,2023-02-13,2024-09-30,0
C0370,2023-02-13,2024-10-31,0
C0370,2023-02-13,2024-11-30,0
C0370,2023-02-13,2024-12-31,28
C0370,2023-02-13,2025-01-31,0
C0370,2023-02-13,2025-02-28,0
C0370,2023-02-13,2025-03-31,0
C0370,2023-02-13,2025-04-30,0
C0370,2023-02-13,2025-05-31,0
C0370,2023-02-13,2025-06-30,0
C0370,2023-02-13,2025-07-31,0
C0370,2023-02-13,2025-08-31,0
C0370,2023-02-13,2025-09-30,0
C0370,2023-02-13,2025-10-31,0
C0370,2023-02-13,2025-11-30,0
C0370,2023-02-13,2025-12-31,54
C0371,2023-03-14,2023-03-31,0
C0371,2023-03-14,2023-04-30,22
C0371,2023-03-14,2023-05-31,13
C0371,2023-03-14,2023-06-30,0
C0371,2023-03-14,2023-07-31,0
C0371,2023-03-14,2023-08-31,0
C0371,2023-03-14,2023-09-30,24
C0371,2023-03-14,2023-10-31,0
C0371,2023-03-14,2023-11-30,0
C0371,2023-03-14,2023-12-31,2
C0371,2023-03-14,2024-01-31,0
C0371,2023-03-14,2024-02-29,18
C0371,2023-03-14,2024-03-31,0
C0371,2023-03-14,2024-04-30,0
C0371,2023-03-14,2024-05-31,0
C0371,2023-03-14,2024-06-30,0
C0371,2023-03-14,2024-07-31,0
C0371,2023-03-14,2024-08-31,54
C0371,2023-03-14,2024-09-30,0
C0371,2023-03-14,2024-10-31,0
C0371,2023-03-14,2024-11-30,0
C0371,2023-03-14,2024-12-31,0
C0371,2023-03-14,2025-01-31,0
C0371,2023-03-14,2025-02-28,0
C0371,2023-03-14,2025-03-31,0
C0371,2023-03-14,2025-04-30,0
C0371,2023-03-14,2025-05-31,0
C0371,2023-03-14,2025-06-30,0
C0371,2023-03-14,2025-07-31,0
C0371,2023-03-14,2025-08-31,0
C0371,2023-03-14,2025-09-30,0
C0371,2023-03-14,2025-10-31,0
C0371,2023-03-14,2025-11-30,0
C0371,2023-03-14,2025-12-31,0
C0372,2025-01-24,2025-01-31,0
C0372,2025-01-24,2025-02-28,0
C0372,2025-01-24,2025-03-31,0
C0372,2025-01-24,2025-04-30,0
C0372,2025-01-24,2025-05-31,47
C0372,2025-01-24,2025-06-30,0
C0372,2025-01-24,2025-07-31,0
C0372,2025-01-24,2025-08-31,0
C0372,2025-01-24,2025-09-30,0
C0372,2025-01-24,2025-10-31,0
C0372,2025-01-24,2025-11-30,0
C0372,2025-01-24,2025-12-31,0
C0373,2024-09-21,2024-09-30,0
C0373,2024-09-21,2024-10-31,0
C0373,2024-09-21,2024-11-30,0
C0373,2024-09-21,2024-12-31,0
C0373,2024-09-21,2025-01-31,0
C0373,2024-09-21,2025-02-28,0
C0373,2024-09-21,2025-03-31,6
C0373,2024-09-21,2025-04-30,0
C0373,2024-09-21,2025-05-31,0
C0373,2024-09-21,2025-06-30,0
C0373,2024-09-21,2025-07-31,0
C0373,2024-09-21,2025-08-31,0
C0373,2024-09-21,2025-09-30,0
C0373,2024-09-21,2025-10-31,0
C0373,2024-09-21,2025-11-30,0
C0373,2024-09-21,2025-12-31,0
C0374,2024-01-14,2024-01-31,0
C0374,2024-01-14,2024-02-29,0
C0374,2024-01-14,2024-03-31,0
C0374,2024-01-14,2024-04-30,0
C0374,2024-01-14,2024-05-31,0
C0374,2024-01-14,2024-06-30,23
C0374,2024-01-14,2024-07-31,0
C0374,2024-01-14,2024-08-31,11
C0374,2024-01-14,2024-09-30,35
C0374,2024-01-14,2024-10-31,75
C0374,2024-01-14,2024-11-30,107
C0375,2024-08-26,2024-08-31,0
C0375,2024-08-26,2024-09-30,0
C0375,2024-08-26,2024-10-31,0
C0375,2024-08-26,2024-11-30,0
C0375,2024-08-26,2024-12-31,0
C0375,2024-08-26,2025-01-31,0
C0375,2024-08-26,2025-02-28,0
C0375,2024-08-26,2025-03-31,59
C0375,2024-08-26,2025-04-30,0
C0375,2024-08-26,2025-05-31,31
C0375,2024-08-26,2025-06-30,0
C0375,2024-08-26,2025-07-31,0
C0375,2024-08-26,2025-08-31,0
C0375,2024-08-26,2025-09-30,0
C0375,2024-08-26,2025-10-31,0
C0375,2024-08-26,2025-11-30,67
C0375,2024-08-26,2025-12-31,0
C0376,2024-11-11,2024-11-30,0
C0376,2024-11-11,2024-12-31,0
C0376,2024-11-11,2025-01-31,47
C0376,2024-11-11,2025-02-28,52
C0376,2024-11-11,2025-03-31,36
C0376,2024-11-11,2025-04-30,87
C0376,2024-11-11,2025-05-31,97
C0377,2023-07-06,2023-07-31,0
C0377,2023-07-06,2023-08-31,0
C0377,2023-07-06,2023-09-30,0
C0377,2023-07-06,2023-10-31,27
C0377,2023-07-06,2023-11-30,0
C0377,2023-07-06,2023-12-31,0
C0377,2023-07-06,2024-01-31,0
C0377,2023-07-06,2024-02-29,2
C0377,2023-07-06,2024-03-31,0
C0377,2023-07-06,2024-04-30,0
C0377,2023-07-06,2024-05-31,0
C0377,2023-07-06,2024-06-30,0
C0377,2023-07-06,2024-07-31,0
C0377,2023-07-06,2024-08-31,0
C0377,2023-07-06,2024-09-30,0
C0377,2023-07-06,2024-10-31,0
C0377,2023-07-06,2024-11-30,0
C0377,2023-07-06,2024-12-31,0
C0377,2023-07-06,2025-01-31,0
C0377,2023-07-06,2025-02-28,48
C0377,2023-07-06,2025-03-31,0
C0377,2023-07-06,2025-04-30,0
C0377,2023-07-06,2025-05-31,0
C0377,2023-07-06,2025-06-30,0
C0377,2023-07-06,2025-07-31,24
C0377,2023-07-06,2025-08-31,49
C0377,2023-07-06,2025-09-30,86
C0377,2023-07-06,2025-10-31,111
C0378,2023-04-02,2023-04-30,0
C0378,2023-04-02,2023-05-31,0
C0378,2023-04-02,2023-06-30,0
C0378,2023-04-02,2023-07-31,0
C0378,2023-04-02,2023-08-31,0
C0378,2023-04-02,2023-09-30,0
C0378,2023-04-02,2023-10-31,0
C0378,2023-04-02,2023-11-30,0
C0378,2023-04-02,2023-12-31,0
C0378,2023-04-02,2024-01-31,58
C0378,2023-04-02,2024-02-29,0
C0378,2023-04-02,2024-03-31,0
C0378,2023-04-02,2024-04-30,0
C0378,2023-04-02,2024-05-31,0
C0378,2023-04-02,2024-06-30,0
C0378,2023-04-02,2024-07-31,0
C0378,2023-04-02,2024-08-31,0
C0378,2023-04-02,2024-09-30,0
C0378,2023-04-02,2024-10-31,0
C0378,2023-04-02,2024-11-30,0
C0378,2023-04-02,2024-12-31,0
C0378,2023-04-02,2025-01-31,1
C0378,2023-04-02,2025-02-28,11
C0378,2023-04-02,2025-03-31,0
C0378,2023-04-02,2025-04-30,0
C0378,2023-04-02,2025-05-31,0
C0378,2023-04-02,2025-06-30,46
C0378,2023-04-02,2025-07-31,0
C0378,2023-04-02,2025-08-31,0
C0378,2023-04-02,2025-09-30,0
C0378,2023-04-02,2025-10-31,0
C0378,2023-04-02,2025-11-30,0
C0378,2023-04-02,2025-12-31,0
C0379,2024-11-18,2024-11-30,0
C0379,2024-11-18,2024-12-31,10
C0379,2024-11-18,2025-01-31,0
C0379,2024-11-18,2025-02-28,47
C0379,2024-11-18,2025-03-31,0
C0379,2024-11-18,2025-04-30,0
C0379,2024-11-18,2025-05-31,0
C0379,2024-11-18,2025-06-30,0
C0379,2024-11-18,2025-07-31,0
C0379,2024-11-18,2025-08-31,7
C0379,2024-11-18,2025-09-30,0
C0379,2024-11-18,2025-10-31,0
C0379,2024-11-18,2025-11-30,0
C0379,2024-11-18,2025-12-31,0
C0380,2024-01-12,2024-01-31,5
C0380,2024-01-12,2024-02-29,0
C0380,2024-01-12,2024-03-31,0
C0380,2024-01-12,2024-04-30,0
C0380,2024-01-12,2024-05-31,0
C0380,2024-01-12,2024-06-30,14
C0380,2024-01-12,2024-07-31,0
C0380,2024-01-12,2024-08-31,58
C0380,2024-01-12,2024-09-30,0
C0380,2024-01-12,2024-10-31,0
C0380,2024-01-12,2024-11-30,0
C0380,2024-01-12,2024-12-31,0
C0380,2024-01-12,2025-01-31,23
C0380,2024-01-12,2025-02-28,59
C0380,2024-01-12,2025-03-31,64
C0380,2024-01-12,2025-04-30,94
C0381,2025-02-15,2025-02-28,0
C0381,2025-02-15,2025-03-31,0
C0381,2025-02-15,2025-04-30,0
C0381,2025-02-15,2025-05-31,0
C0381,2025-02-15,2025-06-30,0
C0381,2025-02-15,2025-07-31,0
C0381,2025-02-15,2025-08-31,0
C0381,2025-02-15,2025-09-30,0
C0381,2025-02-15,2025-10-31,0
C0381,2025-02-15,2025-11-30,0
C0381,2025-02-15,2025-12-31,54
C0382,2024-03-04,2024-03-31,54
C0382,2024-03-04,2024-04-30,83
C0382,2024-03-04,2024-05-31,109
C0383,2024-04-03,2024-04-30,0
C0383,2024-04-03,2024-05-31,4
C0383,2024-04-03,2024-06-30,0
C0383,2024-04-03,2024-07-31,0
C0383,2024-04-03,2024-08-31,21
C0383,2024-04-03,2024-09-30,0
C0383,2024-04-03,2024-10-31,0
C0383,2024-04-03,2024-11-30,3
C0383,2024-04-03,2024-12-31,0
C0383,2024-04-03,2025-01-31,9
C0383,2024-04-03,2025-02-28,0
C0383,2024-04-03,2025-03-31,0
C0383,2024-04-03,2025-04-30,0
C0383,2024-04-03,2025-05-31,0
C0383,2024-04-03,2025-06-30,0
C0383,2024-04-03,2025-07-31,0
C0383,2024-04-03,2025-08-31,0
C0383,2024-04-03,2025-09-30,0
C0383,2024-04-03,2025-10-31,0
C0383,2024-04-03,2025-11-30,0
C0383,2024-04-03,2025-12-31,0
C0384,2024-01-24,2024-01-31,0
C0384,2024-01-24,2024-02-29,0
C0384,2024-01-24,2024-03-31,0
C0384,2024-01-24,2024-04-30,0
C0384,2024-01-24,2024-05-31,0
C0384,2024-01-24,2024-06-30,0
C0384,2024-01-24,2024-07-31,0
C0384,2024-01-24,2024-08-31,0
C0384,2024-01-24,2024-09-30,0
C0384,2024-01-24,2024-10-31,0
C0384,2024-01-24,2024-11-30,0
C0384,2024-01-24,2024-12-31,0
C0384,2024-01-24,2025-01-31,0
C0384,2024-01-24,2025-02-28,0
C0384,2024-01-24,2025-03-31,0
C0384,2024-01-24,2025-04-30,0
C0384,2024-01-24,2025-05-31,0
C0384,2024-01-24,2025-06-30,15
C0384,2024-01-24,2025-07-31,0
C0384,2024-01-24,2025-08-31,0
C0384,2024-01-24,2025-09-30,28
C0384,2024-01-24,2025-10-31,0
C0384,2024-01-24,2025-11-30,0
C0384,2024-01-24,2025-12-31,0
C0385,2025-03-08,2025-03-31,0
C0385,2025-03-08,2025-04-30,29
C0385,2025-03-08,2025-05-31,0
C0385,2025-03-08,2025-06-30,0
C0385,2025-03-08,2025-07-31,0
C0385,2025-03-08,2025-08-31,0
C0385,2025-03-08,2025-09-30,0
C0385,2025-03-08,2025-10-31,0
C0385,2025-03-08,2025-11-30,0
C0385,2025-03-08,2025-12-31,0
C0386,2023-03-10,2023-03-31,0
C0386,2023-03-10,2023-04-30,0
C0386,2023-03-10,2023-05-31,0
C0386,2023-03-10,2023-06-30,0
C0386,2023-03-10,2023-07-31,0
C0386,2023-03-10,2023-08-31,0
C0386,2023-03-10,2023-09-30,0
C0386,2023-03-10,2023-10-31,0
C0386,2023-03-10,2023-11-30,0
C0386,2023-03-10,2023-12-31,0
C0386,2023-03-10,2024-01-31,0
C0386,2023-03-10,2024-02-29,0
C0386,2023-03-10,2024-03-31,0
C0386,2023-03-10,2024-04-30,0
C0386,2023-03-10,2024-05-31,0
C0386,2023-03-10,2024-06-30,0
C0386,2023-03-10,2024-07-31,0
C0386,2023-03-10,2024-08-31,45
C0386,2023-03-10,2024-09-30,0
C0386,2023-03-10,2024-10-31,9
C0386,2023-03-10,2024-11-30,0
C0386,2023-03-10,2024-12-31,0
C0386,2023-03-10,2025-01-31,10
C0386,2023-03-10,2025-02-28,0
C0386,2023-03-10,2025-03-31,0
C0386,2023-03-10,2025-04-30,47
C0386,2023-03-10,2025-05-31,0
C0386,2023-03-10,2025-06-30,0
C0386,2023-03-10,2025-07-31,0
C0386,2023-03-10,2025-08-31,0
C0386,2023-03-10,2025-09-30,0
C0386,2023-03-10,2025-10-31,0
C0386,2023-03-10,2025-11-30,0
C0386,2023-03-10,2025-12-31,0
C0387,2023-01-21,2023-01-31,0
C0387,2023-01-21,2023-02-28,0
C0387,2023-01-21,2023-03-31,0
C0387,2023-01-21,2023-04-30,0
C0387,2023-01-21,2023-05-31,0
C0387,2023-01-21,2023-06-30,0
C0387,2023-01-21,2023-07-31,0
C0387,2023-01-21,2023-08-31,0
C0387,2023-01-21,2023-09-30,0
C0387,2023-01-21,2023-10-31,0
C0387,2023-01-21,2023-11-30,0
C0387,2023-01-21,2023-12-31,0
C0387,2023-01-21,2024-01-31,0
C0387,2023-01-21,2024-02-29,0
C0387,2023-01-21,2024-03-31,0
C0387,2023-01-21,2024-04-30,0
C0387,2023-01-21,2024-05-31,0
C0387,2023-01-21,2024-06-30,0
C0387,2023-01-21,2024-07-31,2
C0387,2023-01-21,2024-08-31,62
C0387,2023-01-21,2024-09-30,0
C0387,2023-01-21,2024-10-31,35
C0387,2023-01-21,2024-11-30,18
C0387,2023-01-21,2024-12-31,0
C0387,2023-01-21,2025-01-31,0
C0387,2023-01-21,2025-02-28,0
C0387,2023-01-21,2025-03-31,0
C0387,2023-01-21,2025-04-30,0
C0387,2023-01-21,2025-05-31,0
C0387,2023-01-21,2025-06-30,0
C0387,2023-01-21,2025-07-31,0
C0387,2023-01-21,2025-08-31,0
C0387,2023-01-21,2025-09-30,31
C0387,2023-01-21,2025-10-31,0
C0387,2023-01-21,2025-11-30,0
C0387,2023-01-21,2025-12-31,0
C0388,2025-03-25,2025-03-31,0
C0388,2025-03-25,2025-04-30,0
C0388,2025-03-25,2025-05-31,0
C0388,2025-03-25,2025-06-30,25
C0388,2025-03-25,2025-07-31,0
C0388,2025-03-25,2025-08-31,16
C0388,2025-03-25,2025-09-30,0
C0388,2025-03-25,2025-10-31,0
C0388,2025-03-25,2025-11-30,26
C0388,2025-03-25,2025-12-31,0
C0389,2025-02-09,2025-02-28,0
C0389,2025-02-09,2025-03-31,17
C0389,2025-02-09,2025-04-30,0
C0389,2025-02-09,2025-05-31,0
C0389,2025-02-09,2025-06-30,0
C0389,2025-02-09,2025-07-31,0
C0389,2025-02-09,2025-08-31,0
C0389,2025-02-09,2025-09-30,0
C0389,2025-02-09,2025-10-31,0
C0389,2025-02-09,2025-11-30,0
C0389,2025-02-09,2025-12-31,0
C0390,2023-10-28,2023-10-31,0
C0390,2023-10-28,2023-11-30,0
C0390,2023-10-28,2023-12-31,8
C0390,2023-10-28,2024-01-31,0
C0390,2023-10-28,2024-02-29,0
C0390,2023-10-28,2024-03-31,0
C0390,2023-10-28,2024-04-30,13
C0390,2023-10-28,2024-05-31,0
C0390,2023-10-28,2024-06-30,0
C0390,2023-10-28,2024-07-31,0
C0390,2023-10-28,2024-08-31,0
C0390,2023-10-28,2024-09-30,0
C0390,2023-10-28,2024-10-31,0
C0390,2023-10-28,2024-11-30,8
C0390,2023-10-28,2024-12-31,0
C0390,2023-10-28,2025-01-31,0
C0390,2023-10-28,2025-02-28,0
C0390,2023-10-28,2025-03-31,0
C0390,2023-10-28,2025-04-30,0
C0390,2023-10-28,2025-05-31,0
C0390,2023-10-28,2025-06-30,0
C0390,2023-10-28,2025-07-31,0
C0390,2023-10-28,2025-08-31,0
C0390,2023-10-28,2025-09-30,0
C0390,2023-10-28,2025-10-31,0
C0390,2023-10-28,2025-11-30,0
C0390,2023-10-28,2025-12-31,0
C0391,2024-07-10,2024-07-31,17
C0391,2024-07-10,2024-08-31,0
C0391,2024-07-10,2024-09-30,0
C0391,2024-07-10,2024-10-31,0
C0391,2024-07-10,2024-11-30,0
C0391,2024-07-10,2024-12-31,0
C0391,2024-07-10,2025-01-31,0
C0391,2024-07-10,2025-02-28,0
C0391,2024-07-10,2025-03-31,0
C0391,2024-07-10,2025-04-30,0
C0391,2024-07-10,2025-05-31,0
C0391,2024-07-10,2025-06-30,0
C0391,2024-07-10,2025-07-31,13
C0391,2024-07-10,2025-08-31,0
C0391,2024-07-10,2025-09-30,0
C0391,2024-07-10,2025-10-31,0
C0391,2024-07-10,2025-11-30,0
C0391,2024-07-10,2025-12-31,7
C0392,2023-02-17,2023-02-28,0
C0392,2023-02-17,2023-03-31,80
C0392,2023-02-17,2023-04-30,26
C0392,2023-02-17,2023-05-31,0
C0392,2023-02-17,2023-06-30,0
C0392,2023-02-17,2023-07-31,11
C0392,2023-02-17,2023-08-31,0
C0392,2023-02-17,2023-09-30,0
C0392,2023-02-17,2023-10-31,0
C0392,2023-02-17,2023-11-30,0
C0392,2023-02-17,2023-12-31,0
C0392,2023-02-17,2024-01-31,0
C0392,2023-02-17,2024-02-29,0
C0392,2023-02-17,2024-03-31,0
C0392,2023-02-17,2024-04-30,0
C0392,2023-02-17,2024-05-31,0
C0392,2023-02-17,2024-06-30,0
C0392,2023-02-17,2024-07-31,0
C0392,2023-02-17,2024-08-31,0
C0392,2023-02-17,2024-09-30,0
C0392,2023-02-17,2024-10-31,55
C0392,2023-02-17,2024-11-30,0
C0392,2023-02-17,2024-12-31,0
C0392,2023-02-17,2025-01-31,0
C0392,2023-02-17,2025-02-28,22
C0392,2023-02-17,2025-03-31,0
C0392,2023-02-17,2025-04-30,0
C0392,2023-02-17,2025-05-31,28
C0392,2023-02-17,2025-06-30,0
C0392,2023-02-17,2025-07-31,27
C0392,2023-02-17,2025-08-31,0
C0392,2023-02-17,2025-09-30,0
C0392,2023-02-17,2025-10-31,0
C0392,2023-02-17,2025-11-30,0
C0392,2023-02-17,2025-12-31,0
C0393,2023-04-26,2023-04-30,48
C0393,2023-04-26,2023-05-31,0
C0393,2023-04-26,2023-06-30,0
C0393,2023-04-26,2023-07-31,16
C0393,2023-04-26,2023-08-31,0
C0393,2023-04-26,2023-09-30,0
C0393,2023-04-26,2023-10-31,23
C0393,2023-04-26,2023-11-30,0
C0393,2023-04-26,2023-12-31,0
C0393,2023-04-26,2024-01-31,0
C0393,2023-04-26,2024-02-29,0
C0393,2023-04-26,2024-03-31,0
C0393,2023-04-26,2024-04-30,0
C0393,2023-04-26,2024-05-31,0
C0393,2023-04-26,2024-06-30,0
C0393,2023-04-26,2024-07-31,0
C0393,2023-04-26,2024-08-31,0
C0393,2023-04-26,2024-09-30,0
C0393,2023-04-26,2024-10-31,0
C0393,2023-04-26,2024-11-30,0
C0393,2023-04-26,2024-12-31,0
C0393,2023-04-26,2025-01-31,0
C0393,2023-04-26,2025-02-28,0
C0393,2023-04-26,2025-03-31,0
C0393,2023-04-26,2025-04-30,0
C0393,2023-04-26,2025-05-31,0
C0393,2023-04-26,2025-06-30,0
C0393,2023-04-26,2025-07-31,5
C0393,2023-04-26,2025-08-31,0
C0393,2023-04-26,2025-09-30,0
C0393,2023-04-26,2025-10-31,0
C0393,2023-04-26,2025-11-30,0
C0393,2023-04-26,2025-12-31,0
C0394,2025-03-18,2025-03-31,46
C0394,2025-03-18,2025-04-30,0
C0394,2025-03-18,2025-05-31,0
C0394,2025-03-18,2025-06-30,0
C0394,2025-03-18,2025-07-31,0
C0394,2025-03-18,2025-08-31,0
C0394,2025-03-18,2025-09-30,0
C0394,2025-03-18,2025-10-31,0
C0394,2025-03-18,2025-11-30,0
C0394,2025-03-18,2025-12-31,0
C0395,2024-05-17,2024-05-31,0
C0395,2024-05-17,2024-06-30,0
C0395,2024-05-17,2024-07-31,0
C0395,2024-05-17,2024-08-31,0
C0395,2024-05-17,2024-09-30,0
C0395,2024-05-17,2024-10-31,0
C0395,2024-05-17,2024-11-30,56
C0395,2024-05-17,2024-12-31,0
C0395,2024-05-17,2025-01-31,0
C0395,2024-05-17,2025-02-28,0
C0395,2024-05-17,2025-03-31,31
C0395,2024-05-17,2025-04-30,84
C0395,2024-05-17,2025-05-31,0
C0395,2024-05-17,2025-06-30,49
C0395,2024-05-17,2025-07-31,0
C0395,2024-05-17,2025-08-31,16
C0395,2024-05-17,2025-09-30,0
C0395,2024-05-17,2025-10-31,0
C0395,2024-05-17,2025-11-30,0
C0395,2024-05-17,2025-12-31,0
C0396,2024-04-03,2024-04-30,0
C0396,2024-04-03,2024-05-31,0
C0396,2024-04-03,2024-06-30,0
C0396,2024-04-03,2024-07-31,0
C0396,2024-04-03,2024-08-31,0
C0396,2024-04-03,2024-09-30,0
C0396,2024-04-03,2024-10-31,19
C0396,2024-04-03,2024-11-30,44
C0396,2024-04-03,2024-12-31,86
C0396,2024-04-03,2025-01-31,119
C0397,2025-06-02,2025-06-30,0
C0397,2025-06-02,2025-07-31,0
C0397,2025-06-02,2025-08-31,0
C0397,2025-06-02,2025-09-30,0
C0397,2025-06-02,2025-10-31,20
C0397,2025-06-02,2025-11-30,0
C0397,2025-06-02,2025-12-31,0
C0398,2024-09-27,2024-09-30,0
C0398,2024-09-27,2024-10-31,8
C0398,2024-09-27,2024-11-30,0
C0398,2024-09-27,2024-12-31,0
C0398,2024-09-27,2025-01-31,23
C0398,2024-09-27,2025-02-28,0
C0398,2024-09-27,2025-03-31,0
C0398,2024-09-27,2025-04-30,0
C0398,2024-09-27,2025-05-31,0
C0398,2024-09-27,2025-06-30,0
C0398,2024-09-27,2025-07-31,0
C0398,2024-09-27,2025-08-31,0
C0398,2024-09-27,2025-09-30,0
C0398,2024-09-27,2025-10-31,0
C0398,2024-09-27,2025-11-30,0
C0398,2024-09-27,2025-12-31,0
C0399,2024-09-13,2024-09-30,0
C0399,2024-09-13,2024-10-31,0
C0399,2024-09-13,2024-11-30,0
C0399,2024-09-13,2024-12-31,0
C0399,2024-09-13,2025-01-31,0
C0399,2024-09-13,2025-02-28,0
C0399,2024-09-13,2025-03-31,0
C0399,2024-09-13,2025-04-30,0
C0399,2024-09-13,2025-05-31,0
C0399,2024-09-13,2025-06-30,0
C0399,2024-09-13,2025-07-31,0
C0399,2024-09-13,2025-08-31,0
C0399,2024-09-13,2025-09-30,0
C0399,2024-09-13,2025-10-31,0
C0399,2024-09-13,2025-11-30,0
C0399,2024-09-13,2025-12-31,0
C0400,2023-07-24,2023-07-31,0
C0400,2023-07-24,2023-08-31,0
C0400,2023-07-24,2023-09-30,0
C0400,2023-07-24,2023-10-31,0
C0400,2023-07-24,2023-11-30,0
C0400,2023-07-24,2023-12-31,0
C0400,2023-07-24,2024-01-31,0
C0400,2023-07-24,2024-02-29,0
C0400,2023-07-24,2024-03-31,0
C0400,2023-07-24,2024-04-30,11
C0400,2023-07-24,2024-05-31,31
C0400,2023-07-24,2024-06-30,6
C0400,2023-07-24,2024-07-31,0
C0400,2023-07-24,2024-08-31,28
C0400,2023-07-24,2024-09-30,0
C0400,2023-07-24,2024-10-31,0
C0400,2023-07-24,2024-11-30,22
C0400,2023-07-24,2024-12-31,32
C0400,2023-07-24,2025-01-31,75
C0400,2023-07-24,2025-02-28,93
C0401,2024-01-08,2024-01-31,0
C0401,2024-01-08,2024-02-29,0
C0401,2024-01-08,2024-03-31,0
C0401,2024-01-08,2024-04-30,0
C0401,2024-01-08,2024-05-31,0
C0401,2024-01-08,2024-06-30,13
C0401,2024-01-08,2024-07-31,0
C0401,2024-01-08,2024-08-31,0
C0401,2024-01-08,2024-09-30,0
C0401,2024-01-08,2024-10-31,0
C0401,2024-01-08,2024-11-30,0
C0401,2024-01-08,2024-12-31,0
C0401,2024-01-08,2025-01-31,0
C0401,2024-01-08,2025-02-28,0
C0401,2024-01-08,2025-03-31,0
C0401,2024-01-08,2025-04-30,29
C0401,2024-01-08,2025-05-31,34
C0401,2024-01-08,2025-06-30,67
C0401,2024-01-08,2025-07-31,99
C0402,2024-03-21,2024-03-31,0
C0402,2024-03-21,2024-04-30,7
C0402,2024-03-21,2024-05-31,0
C0402,2024-03-21,2024-06-30,0
C0402,2024-03-21,2024-07-31,0
C0402,2024-03-21,2024-08-31,0
C0402,2024-03-21,2024-09-30,0
C0402,2024-03-21,2024-10-31,0
C0402,2024-03-21,2024-11-30,0
C0402,2024-03-21,2024-12-31,0
C0402,2024-03-21,2025-01-31,0
C0402,2024-03-21,2025-02-28,0
C0402,2024-03-21,2025-03-31,0
C0402,2024-03-21,2025-04-30,0
C0402,2024-03-21,2025-05-31,0
C0402,2024-03-21,2025-06-30,0
C0402,2024-03-21,2025-07-31,0
C0402,2024-03-21,2025-08-31,0
C0402,2024-03-21,2025-09-30,0
C0402,2024-03-21,2025-10-31,0
C0402,2024-03-21,2025-11-30,59
C0402,2024-03-21,2025-12-31,0
C0403,2024-08-18,2024-08-31,0
C0403,2024-08-18,2024-09-30,0
C0403,2024-08-18,2024-10-31,28
C0403,2024-08-18,2024-11-30,0
C0403,2024-08-18,2024-12-31,0
C0403,2024-08-18,2025-01-31,0
C0403,2024-08-18,2025-02-28,0
C0403,2024-08-18,2025-03-31,0
C0403,2024-08-18,2025-04-30,17
C0403,2024-08-18,2025-05-31,0
C0403,2024-08-18,2025-06-30,0
C0403,2024-08-18,2025-07-31,0
C0403,2024-08-18,2025-08-31,0
C0403,2024-08-18,2025-09-30,0
C0403,2024-08-18,2025-10-31,4
C0403,2024-08-18,2025-11-30,0
C0403,2024-08-18,2025-12-31,0
C0404,2023-08-15,2023-08-31,0
C0404,2023-08-15,2023-09-30,0
C0404,2023-08-15,2023-10-31,0
C0404,2023-08-15,2023-11-30,0
C0404,2023-08-15,2023-12-31,0
C0404,2023-08-15,2024-01-31,0
C0404,2023-08-15,2024-02-29,0
C0404,2023-08-15,2024-03-31,0
C0404,2023-08-15,2024-04-30,0
C0404,2023-08-15,2024-05-31,0
C0404,2023-08-15,2024-06-30,6
C0404,2023-08-15,2024-07-31,0
C0404,2023-08-15,2024-08-31,0
C0404,2023-08-15,2024-09-30,0
C0404,2023-08-15,2024-10-31,0
C0404,2023-08-15,2024-11-30,0
C0404,2023-08-15,2024-12-31,0
C0404,2023-08-15,2025-01-31,0
C0404,2023-08-15,2025-02-28,0
C0404,2023-08-15,2025-03-31,0
C0404,2023-08-15,2025-04-30,0
C0404,2023-08-15,2025-05-31,0
C0404,2023-08-15,2025-06-30,0
C0404,2023-08-15,2025-07-31,0
C0404,2023-08-15,2025-08-31,0
C0404,2023-08-15,2025-09-30,0
C0404,2023-08-15,2025-10-31,0
C0404,2023-08-15,2025-11-30,0
C0404,2023-08-15,2025-12-31,0
C0405,2023-11-03,2023-11-30,0
C0405,2023-11-03,2023-12-31,19
C0405,2023-11-03,2024-01-31,0
C0405,2023-11-03,2024-02-29,0
C0405,2023-11-03,2024-03-31,0
C0405,2023-11-03,2024-04-30,0
C0405,2023-11-03,2024-05-31,0
C0405,2023-11-03,2024-06-30,0
C0405,2023-11-03,2024-07-31,0
C0405,2023-11-03,2024-08-31,25
C0405,2023-11-03,2024-09-30,10
C0405,2023-11-03,2024-10-31,0
C0405,2023-11-03,2024-11-30,0
C0405,2023-11-03,2024-12-31,0
C0405,2023-11-03,2025-01-31,12
C0405,2023-11-03,2025-02-28,0
C0405,2023-11-03,2025-03-31,0
C0405,2023-11-03,2025-04-30,0
C0405,2023-11-03,2025-05-31,0
C0405,2023-11-03,2025-06-30,0
C0405,2023-11-03,2025-07-31,0
C0405,2023-11-03,2025-08-31,0
C0405,2023-11-03,2025-09-30,75
C0405,2023-11-03,2025-10-31,0
C0405,2023-11-03,2025-11-30,27
C0405,2023-11-03,2025-12-31,0
C0406,2023-12-23,2023-12-31,11
C0406,2023-12-23,2024-01-31,6
C0406,2023-12-23,2024-02-29,0
C0406,2023-12-23,2024-03-31,0
C0406,2023-12-23,2024-04-30,0
C0406,2023-12-23,2024-05-31,2
C0406,2023-12-23,2024-06-30,0
C0406,2023-12-23,2024-07-31,0
C0406,2023-12-23,2024-08-31,0
C0406,2023-12-23,2024-09-30,0
C0406,2023-12-23,2024-10-31,0
C0406,2023-12-23,2024-11-30,80
C0406,2023-12-23,2024-12-31,0
C0406,2023-12-23,2025-01-31,0
C0406,2023-12-23,2025-02-28,9
C0406,2023-12-23,2025-03-31,0
C0406,2023-12-23,2025-04-30,28
C0406,2023-12-23,2025-05-31,0
C0406,2023-12-23,2025-06-30,0
C0406,2023-12-23,2025-07-31,0
C0406,2023-12-23,2025-08-31,0
C0406,2023-12-23,2025-09-30,0
C0406,2023-12-23,2025-10-31,0
C0406,2023-12-23,2025-11-30,0
C0406,2023-12-23,2025-12-31,0
C0407,2024-01-09,2024-01-31,0
C0407,2024-01-09,2024-02-29,25
C0407,2024-01-09,2024-03-31,0
C0407,2024-01-09,2024-04-30,0
C0407,2024-01-09,2024-05-31,0
C0407,2024-01-09,2024-06-30,0
C0407,2024-01-09,2024-07-31,47
C0407,2024-01-09,2024-08-31,0
C0407,2024-01-09,2024-09-30,0
C0407,2024-01-09,2024-10-31,0
C0407,2024-01-09,2024-11-30,0
C0407,2024-01-09,2024-12-31,0
C0407,2024-01-09,2025-01-31,70
C0407,2024-01-09,2025-02-28,0
C0407,2024-01-09,2025-03-31,0
C0407,2024-01-09,2025-04-30,0
C0407,2024-01-09,2025-05-31,0
C0407,2024-01-09,2025-06-30,0
C0407,2024-01-09,2025-07-31,7
C0407,2024-01-09,2025-08-31,0
C0407,2024-01-09,2025-09-30,0
C0407,2024-01-09,2025-10-31,0
C0407,2024-01-09,2025-11-30,0
C0407,2024-01-09,2025-12-31,0
C0408,2023-10-21,2023-10-31,0
C0408,2023-10-21,2023-11-30,0
C0408,2023-10-21,2023-12-31,0
C0408,2023-10-21,2024-01-31,0
C0408,2023-10-21,2024-02-29,0
C0408,2023-10-21,2024-03-31,0
C0408,2023-10-21,2024-04-30,0
C0408,2023-10-21,2024-05-31,0
C0408,2023-10-21,2024-06-30,1
C0408,2023-10-21,2024-07-31,0
C0408,2023-10-21,2024-08-31,4
C0408,2023-10-21,2024-09-30,0
C0408,2023-10-21,2024-10-31,23
C0408,2023-10-21,2024-11-30,0
C0408,2023-10-21,2024-12-31,0
C0408,2023-10-21,2025-01-31,74
C0408,2023-10-21,2025-02-28,79
C0408,2023-10-21,2025-03-31,12
C0408,2023-10-21,2025-04-30,0
C0408,2023-10-21,2025-05-31,0
C0408,2023-10-21,2025-06-30,0
C0408,2023-10-21,2025-07-31,0
C0408,2023-10-21,2025-08-31,0
C0408,2023-10-21,2025-09-30,0
C0408,2023-10-21,2025-10-31,26
C0408,2023-10-21,2025-11-30,0
C0408,2023-10-21,2025-12-31,0
C0409,2024-03-15,2024-03-31,0
C0409,2024-03-15,2024-04-30,0
C0409,2024-03-15,2024-05-31,0
C0409,2024-03-15,2024-06-30,0
C0409,2024-03-15,2024-07-31,1
C0409,2024-03-15,2024-08-31,0
C0409,2024-03-15,2024-09-30,0
C0409,2024-03-15,2024-10-31,36
C0409,2024-03-15,2024-11-30,0
C0409,2024-03-15,2024-12-31,0
C0409,2024-03-15,2025-01-31,0
C0409,2024-03-15,2025-02-28,8
C0409,2024-03-15,2025-03-31,0
C0409,2024-03-15,2025-04-30,0
C0409,2024-03-15,2025-05-31,0
C0409,2024-03-15,2025-06-30,0
C0409,2024-03-15,2025-07-31,0
C0409,2024-03-15,2025-08-31,0
C0409,2024-03-15,2025-09-30,0
C0409,2024-03-15,2025-10-31,0
C0409,2024-03-15,2025-11-30,0
C0409,2024-03-15,2025-12-31,0
C0410,2025-06-17,2025-06-30,0
C0410,2025-06-17,2025-07-31,45
C0410,2025-06-17,2025-08-31,0
C0410,2025-06-17,2025-09-30,0
C0410,2025-06-17,2025-10-31,20
C0410,2025-06-17,2025-11-30,0
C0410,2025-06-17,2025-12-31,0
C0411,2024-04-12,2024-04-30,0
C0411,2024-04-12,2024-05-31,0
C0411,2024-04-12,2024-06-30,0
C0411,2024-04-12,2024-07-31,0
C0411,2024-04-12,2024-08-31,0
C0411,2024-04-12,2024-09-30,0
C0411,2024-04-12,2024-10-31,13
C0411,2024-04-12,2024-11-30,0
C0411,2024-04-12,2024-12-31,23
C0411,2024-04-12,2025-01-31,50
C0411,2024-04-12,2025-02-28,62
C0411,2024-04-12,2025-03-31,109
C0412,2024-04-20,2024-04-30,0
C0412,2024-04-20,2024-05-31,0
C0412,2024-04-20,2024-06-30,0
C0412,2024-04-20,2024-07-31,0
C0412,2024-04-20,2024-08-31,0
C0412,2024-04-20,2024-09-30,0
C0412,2024-04-20,2024-10-31,57
C0412,2024-04-20,2024-11-30,0
C0412,2024-04-20,2024-12-31,0
C0412,2024-04-20,2025-01-31,0
C0412,2024-04-20,2025-02-28,8
C0412,2024-04-20,2025-03-31,0
C0412,2024-04-20,2025-04-30,0
C0412,2024-04-20,2025-05-31,0
C0412,2024-04-20,2025-06-30,0
C0412,2024-04-20,2025-07-31,0
C0412,2024-04-20,2025-08-31,0
C0412,2024-04-20,2025-09-30,0
C0412,2024-04-20,2025-10-31,0
C0412,2024-04-20,2025-11-30,0
C0412,2024-04-20,2025-12-31,47
C0413,2024-11-28,2024-11-30,0
C0413,2024-11-28,2024-12-31,0
C0413,2024-11-28,2025-01-31,0
C0413,2024-11-28,2025-02-28,13
C0413,2024-11-28,2025-03-31,0
C0413,2024-11-28,2025-04-30,0
C0413,2024-11-28,2025-05-31,0
C0413,2024-11-28,2025-06-30,13
C0413,2024-11-28,2025-07-31,0
C0413,2024-11-28,2025-08-31,0
C0413,2024-11-28,2025-09-30,0
C0413,2024-11-28,2025-10-31,0
C0413,2024-11-28,2025-11-30,0
C0413,2024-11-28,2025-12-31,0
C0414,2024-03-26,2024-03-31,0
C0414,2024-03-26,2024-04-30,0
C0414,2024-03-26,2024-05-31,0
C0414,2024-03-26,2024-06-30,0
C0414,2024-03-26,2024-07-31,0
C0414,2024-03-26,2024-08-31,0
C0414,2024-03-26,2024-09-30,0
C0414,2024-03-26,2024-10-31,47
C0414,2024-03-26,2024-11-30,0
C0414,2024-03-26,2024-12-31,0
C0414,2024-03-26,2025-01-31,0
C0414,2024-03-26,2025-02-28,0
C0414,2024-03-26,2025-03-31,0
C0414,2024-03-26,2025-04-30,0
C0414,2024-03-26,2025-05-31,0
C0414,2024-03-26,2025-06-30,0
C0414,2024-03-26,2025-07-31,0
C0414,2024-03-26,2025-08-31,0
C0414,2024-03-26,2025-09-30,31
C0414,2024-03-26,2025-10-31,9
C0414,2024-03-26,2025-11-30,0
C0414,2024-03-26,2025-12-31,0
C0415,2023-03-02,2023-03-31,52
C0415,2023-03-02,2023-04-30,0
C0415,2023-03-02,2023-05-31,0
C0415,2023-03-02,2023-06-30,0
C0415,2023-03-02,2023-07-31,0
C0415,2023-03-02,2023-08-31,51
C0415,2023-03-02,2023-09-30,0
C0415,2023-03-02,2023-10-31,0
C0415,2023-03-02,2023-11-30,0
C0415,2023-03-02,2023-12-31,0
C0415,2023-03-02,2024-01-31,0
C0415,2023-03-02,2024-02-29,0
C0415,2023-03-02,2024-03-31,0
C0415,2023-03-02,2024-04-30,0
C0415,2023-03-02,2024-05-31,0
C0415,2023-03-02,2024-06-30,0
C0415,2023-03-02,2024-07-31,24
C0415,2023-03-02,2024-08-31,0
C0415,2023-03-02,2024-09-30,0
C0415,2023-03-02,2024-10-31,0
C0415,2023-03-02,2024-11-30,0
C0415,2023-03-02,2024-12-31,0
C0415,2023-03-02,2025-01-31,0
C0415,2023-03-02,2025-02-28,27
C0415,2023-03-02,2025-03-31,0
C0415,2023-03-02,2025-04-30,9
C0415,2023-03-02,2025-05-31,19
C0415,2023-03-02,2025-06-30,0
C0415,2023-03-02,2025-07-31,0
C0415,2023-03-02,2025-08-31,4
C0415,2023-03-02,2025-09-30,0
C0415,2023-03-02,2025-10-31,0
C0415,2023-03-02,2025-11-30,0
C0415,2023-03-02,2025-12-31,0
C0416,2024-12-22,2024-12-31,0
C0416,2024-12-22,2025-01-31,39
C0416,2024-12-22,2025-02-28,0
C0416,2024-12-22,2025-03-31,0
C0416,2024-12-22,2025-04-30,8
C0416,2024-12-22,2025-05-31,0
C0416,2024-12-22,2025-06-30,0
C0416,2024-12-22,2025-07-31,0
C0416,2024-12-22,2025-08-31,0
C0416,2024-12-22,2025-09-30,0
C0416,2024-12-22,2025-10-31,0
C0416,2024-12-22,2025-11-30,0
C0416,2024-12-22,2025-12-31,0
C0417,2025-03-02,2025-03-31,0
C0417,2025-03-02,2025-04-30,0
C0417,2025-03-02,2025-05-31,1
C0417,2025-03-02,2025-06-30,0
C0417,2025-03-02,2025-07-31,6
C0417,2025-03-02,2025-08-31,12
C0417,2025-03-02,2025-09-30,0
C0417,2025-03-02,2025-10-31,0
C0417,2025-03-02,2025-11-30,0
C0417,2025-03-02,2025-12-31,0
C0418,2024-02-08,2024-02-29,0
C0418,2024-02-08,2024-03-31,0
C0418,2024-02-08,2024-04-30,13
C0418,2024-02-08,2024-05-31,0
C0418,2024-02-08,2024-06-30,5
C0418,2024-02-08,2024-07-31,0
C0418,2024-02-08,2024-08-31,0
C0418,2024-02-08,2024-09-30,0
C0418,2024-02-08,2024-10-31,0
C0418,2024-02-08,2024-11-30,19
C0418,2024-02-08,2024-12-31,0
C0418,2024-02-08,2025-01-31,0
C0418,2024-02-08,2025-02-28,0
C0418,2024-02-08,2025-03-31,0
C0418,2024-02-08,2025-04-30,0
C0418,2024-02-08,2025-05-31,0
C0418,2024-02-08,2025-06-30,0
C0418,2024-02-08,2025-07-31,0
C0418,2024-02-08,2025-08-31,0
C0418,2024-02-08,2025-09-30,0
C0418,2024-02-08,2025-10-31,19
C0418,2024-02-08,2025-11-30,85
C0418,2024-02-08,2025-12-31,0
C0419,2024-02-04,2024-02-29,0
C0419,2024-02-04,2024-03-31,0
C0419,2024-02-04,2024-04-30,0
C0419,2024-02-04,2024-05-31,0
C0419,2024-02-04,2024-06-30,39
C0419,2024-02-04,2024-07-31,0
C0419,2024-02-04,2024-08-31,0
C0419,2024-02-04,2024-09-30,0
C0419,2024-02-04,2024-10-31,0
C0419,2024-02-04,2024-11-30,0
C0419,2024-02-04,2024-12-31,0
C0419,2024-02-04,2025-01-31,0
C0419,2024-02-04,2025-02-28,0
C0419,2024-02-04,2025-03-31,0
C0419,2024-02-04,2025-04-30,0
C0419,2024-02-04,2025-05-31,0
C0419,2024-02-04,2025-06-30,0
C0419,2024-02-04,2025-07-31,0
C0419,2024-02-04,2025-08-31,49
C0419,2024-02-04,2025-09-30,0
C0419,2024-02-04,2025-10-31,0
C0419,2024-02-04,2025-11-30,0
C0419,2024-02-04,2025-12-31,0
C0420,2024-05-18,2024-05-31,0
C0420,2024-05-18,2024-06-30,54
C0420,2024-05-18,2024-07-31,0
C0420,2024-05-18,2024-08-31,0
C0420,2024-05-18,2024-09-30,0
C0420,2024-05-18,2024-10-31,0
C0420,2024-05-18,2024-11-30,0
C0420,2024-05-18,2024-12-31,0
C0420,2024-05-18,2025-01-31,0
C0420,2024-05-18,2025-02-28,0
C0420,2024-05-18,2025-03-31,0
C0420,2024-05-18,2025-04-30,0
C0420,2024-05-18,2025-05-31,0
C0420,2024-05-18,2025-06-30,0
C0420,2024-05-18,2025-07-31,0
C0420,2024-05-18,2025-08-31,0
C0420,2024-05-18,2025-09-30,21
C0420,2024-05-18,2025-10-31,0
C0420,2024-05-18,2025-11-30,0
C0420,2024-05-18,2025-12-31,0
C0421,2023-07-22,2023-07-31,0
C0421,2023-07-22,2023-08-31,24
C0421,2023-07-22,2023-09-30,24
C0421,2023-07-22,2023-10-31,0
C0421,2023-07-22,2023-11-30,0
C0421,2023-07-22,2023-12-31,83
C0421,2023-07-22,2024-01-31,0
C0421,2023-07-22,2024-02-29,0
C0421,2023-07-22,2024-03-31,0
C0421,2023-07-22,2024-04-30,0
C0421,2023-07-22,2024-05-31,0
C0421,2023-07-22,2024-06-30,0
C0421,2023-07-22,2024-07-31,0
C0421,2023-07-22,2024-08-31,0
C0421,2023-07-22,2024-09-30,0
C0421,2023-07-22,2024-10-31,0
C0421,2023-07-22,2024-11-30,12
C0421,2023-07-22,2024-12-31,0
C0421,2023-07-22,2025-01-31,0
C0421,2023-07-22,2025-02-28,18
C0421,2023-07-22,2025-03-31,0
C0421,2023-07-22,2025-04-30,4
C0421,2023-07-22,2025-05-31,0
C0421,2023-07-22,2025-06-30,0
C0421,2023-07-22,2025-07-31,0
C0421,2023-07-22,2025-08-31,0
C0421,2023-07-22,2025-09-30,0
C0421,2023-07-22,2025-10-31,0
C0421,2023-07-22,2025-11-30,0
C0421,2023-07-22,2025-12-31,0
C0422,2023-03-17,2023-03-31,0
C0422,2023-03-17,2023-04-30,0
C0422,2023-03-17,2023-05-31,19
C0422,2023-03-17,2023-06-30,0
C0422,2023-03-17,2023-07-31,17
C0422,2023-03-17,2023-08-31,0
C0422,2023-03-17,2023-09-30,0
C0422,2023-03-17,2023-10-31,0
C0422,2023-03-17,2023-11-30,0
C0422,2023-03-17,2023-12-31,0
C0422,2023-03-17,2024-01-31,0
C0422,2023-03-17,2024-02-29,0
C0422,2023-03-17,2024-03-31,24
C0422,2023-03-17,2024-04-30,47
C0422,2023-03-17,2024-05-31,70
C0422,2023-03-17,2024-06-30,97
C0423,2023-02-19,2023-02-28,0
C0423,2023-02-19,2023-03-31,0
C0423,2023-02-19,2023-04-30,7
C0423,2023-02-19,2023-05-31,0
C0423,2023-02-19,2023-06-30,4
C0423,2023-02-19,2023-07-31,0
C0423,2023-02-19,2023-08-31,0
C0423,2023-02-19,2023-09-30,0
C0423,2023-02-19,2023-10-31,0
C0423,2023-02-19,2023-11-30,0
C0423,2023-02-19,2023-12-31,0
C0423,2023-02-19,2024-01-31,0
C0423,2023-02-19,2024-02-29,0
C0423,2023-02-19,2024-03-31,0
C0423,2023-02-19,2024-04-30,86
C0423,2023-02-19,2024-05-31,0
C0423,2023-02-19,2024-06-30,0
C0423,2023-02-19,2024-07-31,0
C0423,2023-02-19,2024-08-31,0
C0423,2023-02-19,2024-09-30,0
C0423,2023-02-19,2024-10-31,0
C0423,2023-02-19,2024-11-30,0
C0423,2023-02-19,2024-12-31,0
C0423,2023-02-19,2025-01-31,0
C0423,2023-02-19,2025-02-28,0
C0423,2023-02-19,2025-03-31,0
C0423,2023-02-19,2025-04-30,0
C0423,2023-02-19,2025-05-31,35
C0423,2023-02-19,2025-06-30,0
C0423,2023-02-19,2025-07-31,13
C0423,2023-02-19,2025-08-31,58
C0423,2023-02-19,2025-09-30,0
C0423,2023-02-19,2025-10-31,0
C0423,2023-02-19,2025-11-30,0
C0423,2023-02-19,2025-12-31,0
C0424,2024-11-10,2024-11-30,42
C0424,2024-11-10,2024-12-31,21
C0424,2024-11-10,2025-01-31,0
C0424,2024-11-10,2025-02-28,0
C0424,2024-11-10,2025-03-31,0
C0424,2024-11-10,2025-04-30,0
C0424,2024-11-10,2025-05-31,0
C0424,2024-11-10,2025-06-30,0
C0424,2024-11-10,2025-07-31,0
C0424,2024-11-10,2025-08-31,27
C0424,2024-11-10,2025-09-30,0
C0424,2024-11-10,2025-10-31,41
C0424,2024-11-10,2025-11-30,0
C0424,2024-11-10,2025-12-31,0
C0425,2023-01-25,2023-01-31,0
C0425,2023-01-25,2023-02-28,0
C0425,2023-01-25,2023-03-31,0
C0425,2023-01-25,2023-04-30,0
C0425,2023-01-25,2023-05-31,0
C0425,2023-01-25,2023-06-30,49
C0425,2023-01-25,2023-07-31,0
C0425,2023-01-25,2023-08-31,0
C0425,2023-01-25,2023-09-30,2
C0425,2023-01-25,2023-10-31,0
C0425,2023-01-25,2023-11-30,0
C0425,2023-01-25,2023-12-31,0
C0425,2023-01-25,2024-01-31,0
C0425,2023-01-25,2024-02-29,2
C0425,2023-01-25,2024-03-31,0
C0425,2023-01-25,2024-04-30,14
C0425,2023-01-25,2024-05-31,11
C0425,2023-01-25,2024-06-30,0
C0425,2023-01-25,2024-07-31,0
C0425,2023-01-25,2024-08-31,0
C0425,2023-01-25,2024-09-30,0
C0425,2023-01-25,2024-10-31,20
C0425,2023-01-25,2024-11-30,0
C0425,2023-01-25,2024-12-31,0
C0425,2023-01-25,2025-01-31,0
C0425,2023-01-25,2025-02-28,0
C0425,2023-01-25,2025-03-31,0
C0425,2023-01-25,2025-04-30,19
C0425,2023-01-25,2025-05-31,55
C0425,2023-01-25,2025-06-30,86
C0425,2023-01-25,2025-07-31,116
C0426,2024-08-17,2024-08-31,0
C0426,2024-08-17,2024-09-30,0
C0426,2024-08-17,2024-10-31,0
C0426,2024-08-17,2024-11-30,0
C0426,2024-08-17,2024-12-31,20
C0426,2024-08-17,2025-01-31,0
C0426,2024-08-17,2025-02-28,67
C0426,2024-08-17,2025-03-31,0
C0426,2024-08-17,2025-04-30,0
C0426,2024-08-17,2025-05-31,0
C0426,2024-08-17,2025-06-30,0
C0426,2024-08-17,2025-07-31,0
C0426,2024-08-17,2025-08-31,0
C0426,2024-08-17,2025-09-30,0
C0426,2024-08-17,2025-10-31,0
C0426,2024-08-17,2025-11-30,0
C0426,2024-08-17,2025-12-31,33
C0427,2024-05-28,2024-05-31,0
C0427,2024-05-28,2024-06-30,0
C0427,2024-05-28,2024-07-31,0
C0427,2024-05-28,2024-08-31,0
C0427,2024-05-28,2024-09-30,0
C0427,2024-05-28,2024-10-31,0
C0427,2024-05-28,2024-11-30,0
C0427,2024-05-28,2024-12-31,0
C0427,2024-05-28,2025-01-31,0
C0427,2024-05-28,2025-02-28,0
C0427,2024-05-28,2025-03-31,0
C0427,2024-05-28,2025-04-30,0
C0427,2024-05-28,2025-05-31,0
C0427,2024-05-28,2025-06-30,16
C0427,2024-05-28,2025-07-31,0
C0427,2024-05-28,2025-08-31,20
C0427,2024-05-28,2025-09-30,37
C0427,2024-05-28,2025-10-31,60
C0427,2024-05-28,2025-11-30,111
C0428,2024-09-17,2024-09-30,0
C0428,2024-09-17,2024-10-31,0
C0428,2024-09-17,2024-11-30,55
C0428,2024-09-17,2024-12-31,0
C0428,2024-09-17,2025-01-31,0
C0428,2024-09-17,2025-02-28,0
C0428,2024-09-17,2025-03-31,28
C0428,2024-09-17,2025-04-30,0
C0428,2024-09-17,2025-05-31,0
C0428,2024-09-17,2025-06-30,0
C0428,2024-09-17,2025-07-31,0
C0428,2024-09-17,2025-08-31,0
C0428,2024-09-17,2025-09-30,0
C0428,2024-09-17,2025-10-31,0
C0428,2024-09-17,2025-11-30,0
C0428,2024-09-17,2025-12-31,6
C0429,2025-02-09,2025-02-28,0
C0429,2025-02-09,2025-03-31,2
C0429,2025-02-09,2025-04-30,14
C0429,2025-02-09,2025-05-31,14
C0429,2025-02-09,2025-06-30,0
C0429,2025-02-09,2025-07-31,0
C0429,2025-02-09,2025-08-31,0
C0429,2025-02-09,2025-09-30,0
C0429,2025-02-09,2025-10-31,0
C0429,2025-02-09,2025-11-30,0
C0429,2025-02-09,2025-12-31,0
C0430,2023-05-06,2023-05-31,0
C0430,2023-05-06,2023-06-30,0
C0430,2023-05-06,2023-07-31,0
C0430,2023-05-06,2023-08-31,0
C0430,2023-05-06,2023-09-30,0
C0430,2023-05-06,2023-10-31,0
C0430,2023-05-06,2023-11-30,0
C0430,2023-05-06,2023-12-31,0
C0430,2023-05-06,2024-01-31,0
C0430,2023-05-06,2024-02-29,0
C0430,2023-05-06,2024-03-31,0
C0430,2023-05-06,2024-04-30,0
C0430,2023-05-06,2024-05-31,0
C0430,2023-05-06,2024-06-30,35
C0430,2023-05-06,2024-07-31,0
C0430,2023-05-06,2024-08-31,0
C0430,2023-05-06,2024-09-30,74
C0430,2023-05-06,2024-10-31,0
C0430,2023-05-06,2024-11-30,0
C0430,2023-05-06,2024-12-31,0
C0430,2023-05-06,2025-01-31,0
C0430,2023-05-06,2025-02-28,0
C0430,2023-05-06,2025-03-31,10
C0430,2023-05-06,2025-04-30,0
C0430,2023-05-06,2025-05-31,21
C0430,2023-05-06,2025-06-30,0
C0430,2023-05-06,2025-07-31,21
C0430,2023-05-06,2025-08-31,57
C0430,2023-05-06,2025-09-30,0
C0430,2023-05-06,2025-10-31,0
C0430,2023-05-06,2025-11-30,0
C0430,2023-05-06,2025-12-31,0
C0431,2024-09-08,2024-09-30,19
C0431,2024-09-08,2024-10-31,0
C0431,2024-09-08,2024-11-30,0
C0431,2024-09-08,2024-12-31,0
C0431,2024-09-08,2025-01-31,0
C0431,2024-09-08,2025-02-28,0
C0431,2024-09-08,2025-03-31,0
C0431,2024-09-08,2025-04-30,0
C0431,2024-09-08,2025-05-31,0
C0431,2024-09-08,2025-06-30,47
C0431,2024-09-08,2025-07-31,0
C0431,2024-09-08,2025-08-31,0
C0431,2024-09-08,2025-09-30,0
C0431,2024-09-08,2025-10-31,0
C0431,2024-09-08,2025-11-30,0
C0431,2024-09-08,2025-12-31,0
C0432,2024-01-01,2024-01-31,4
C0432,2024-01-01,2024-02-29,0
C0432,2024-01-01,2024-03-31,0
C0432,2024-01-01,2024-04-30,0
C0432,2024-01-01,2024-05-31,0
C0432,2024-01-01,2024-06-30,0
C0432,2024-01-01,2024-07-31,0
C0432,2024-01-01,2024-08-31,0
C0432,2024-01-01,2024-09-30,0
C0432,2024-01-01,2024-10-31,0
C0432,2024-01-01,2024-11-30,0
C0432,2024-01-01,2024-12-31,0
C0432,2024-01-01,2025-01-31,0
C0432,2024-01-01,2025-02-28,4
C0432,2024-01-01,2025-03-31,4
C0432,2024-01-01,2025-04-30,16
C0432,2024-01-01,2025-05-31,0
C0432,2024-01-01,2025-06-30,0
C0432,2024-01-01,2025-07-31,14
C0432,2024-01-01,2025-08-31,0
C0432,2024-01-01,2025-09-30,0
C0432,2024-01-01,2025-10-31,0
C0432,2024-01-01,2025-11-30,0
C0432,2024-01-01,2025-12-31,26
C0433,2023-06-27,2023-06-30,37
C0433,2023-06-27,2023-07-31,0
C0433,2023-06-27,2023-08-31,0
C0433,2023-06-27,2023-09-30,0
C0433,2023-06-27,2023-10-31,44
C0433,2023-06-27,2023-11-30,77
C0433,2023-06-27,2023-12-31,0
C0433,2023-06-27,2024-01-31,0
C0433,2023-06-27,2024-02-29,10
C0433,2023-06-27,2024-03-31,0
C0433,2023-06-27,2024-04-30,0
C0433,2023-06-27,2024-05-31,0
C0433,2023-06-27,2024-06-30,0
C0433,2023-06-27,2024-07-31,0
C0433,2023-06-27,2024-08-31,0
C0433,2023-06-27,2024-09-30,0
C0433,2023-06-27,2024-10-31,0
C0433,2023-06-27,2024-11-30,36
C0433,2023-06-27,2024-12-31,0
C0433,2023-06-27,2025-01-31,0
C0433,2023-06-27,2025-02-28,37
C0433,2023-06-27,2025-03-31,0
C0433,2023-06-27,2025-04-30,0
C0433,2023-06-27,2025-05-31,0
C0433,2023-06-27,2025-06-30,0
C0433,2023-06-27,2025-07-31,24
C0433,2023-06-27,2025-08-31,0
C0433,2023-06-27,2025-09-30,0
C0433,2023-06-27,2025-10-31,0
C0433,2023-06-27,2025-11-30,22
C0433,2023-06-27,2025-12-31,0
C0434,2025-03-16,2025-03-31,0
C0434,2025-03-16,2025-04-30,0
C0434,2025-03-16,2025-05-31,0
C0434,2025-03-16,2025-06-30,0
C0434,2025-03-16,2025-07-31,0
C0434,2025-03-16,2025-08-31,26
C0434,2025-03-16,2025-09-30,12
C0434,2025-03-16,2025-10-31,0
C0434,2025-03-16,2025-11-30,0
C0434,2025-03-16,2025-12-31,0
C0435,2024-08-17,2024-08-31,0
C0435,2024-08-17,2024-09-30,0
C0435,2024-08-17,2024-10-31,0
C0435,2024-08-17,2024-11-30,0
C0435,2024-08-17,2024-12-31,0
C0435,2024-08-17,2025-01-31,0
C0435,2024-08-17,2025-02-28,0
C0435,2024-08-17,2025-03-31,0
C0435,2024-08-17,2025-04-30,0
C0435,2024-08-17,2025-05-31,0
C0435,2024-08-17,2025-06-30,0
C0435,2024-08-17,2025-07-31,0
C0435,2024-08-17,2025-08-31,0
C0435,2024-08-17,2025-09-30,0
C0435,2024-08-17,2025-10-31,0
C0435,2024-08-17,2025-11-30,0
C0435,2024-08-17,2025-12-31,0
C0436,2024-11-25,2024-11-30,0
C0436,2024-11-25,2024-12-31,0
C0436,2024-11-25,2025-01-31,0
C0436,2024-11-25,2025-02-28,0
C0436,2024-11-25,2025-03-31,0
C0436,2024-11-25,2025-04-30,0
C0436,2024-11-25,2025-05-31,0
C0436,2024-11-25,2025-06-30,0
C0436,2024-11-25,2025-07-31,0
C0436,2024-11-25,2025-08-31,0
C0436,2024-11-25,2025-09-30,11
C0436,2024-11-25,2025-10-31,0
C0436,2024-11-25,2025-11-30,3
C0436,2024-11-25,2025-12-31,0
C0437,2023-12-27,2023-12-31,0
C0437,2023-12-27,2024-01-31,0
C0437,2023-12-27,2024-02-29,0
C0437,2023-12-27,2024-03-31,49
C0437,2023-12-27,2024-04-30,0
C0437,2023-12-27,2024-05-31,0
C0437,2023-12-27,2024-06-30,0
C0437,2023-12-27,2024-07-31,0
C0437,2023-12-27,2024-08-31,52
C0437,2023-12-27,2024-09-30,0
C0437,2023-12-27,2024-10-31,0
C0437,2023-12-27,2024-11-30,0
C0437,2023-12-27,2024-12-31,0
C0437,2023-12-27,2025-01-31,0
C0437,2023-12-27,2025-02-28,3
C0437,2023-12-27,2025-03-31,0
C0437,2023-12-27,2025-04-30,0
C0437,2023-12-27,2025-05-31,0
C0437,2023-12-27,2025-06-30,0
C0437,2023-12-27,2025-07-31,0
C0437,2023-12-27,2025-08-31,0
C0437,2023-12-27,2025-09-30,0
C0437,2023-12-27,2025-10-31,0
C0437,2023-12-27,2025-11-30,0
C0437,2023-12-27,2025-12-31,0
C0438,2024-11-27,2024-11-30,0
C0438,2024-11-27,2024-12-31,0
C0438,2024-11-27,2025-01-31,0
C0438,2024-11-27,2025-02-28,0
C0438,2024-11-27,2025-03-31,0
C0438,2024-11-27,2025-04-30,51
C0438,2024-11-27,2025-05-31,0
C0438,2024-11-27,2025-06-30,0
C0438,2024-11-27,2025-07-31,15
C0438,2024-11-27,2025-08-31,0
C0438,2024-11-27,2025-09-30,0
C0438,2024-11-27,2025-10-31,0
C0438,2024-11-27,2025-11-30,0
C0438,2024-11-27,2025-12-31,0
C0439,2023-02-08,2023-02-28,0
C0439,2023-02-08,2023-03-31,0
C0439,2023-02-08,2023-04-30,0
C0439,2023-02-08,2023-05-31,6
C0439,2023-02-08,2023-06-30,1
C0439,2023-02-08,2023-07-31,0
C0439,2023-02-08,2023-08-31,2
C0439,2023-02-08,2023-09-30,0
C0439,2023-02-08,2023-10-31,0
C0439,2023-02-08,2023-11-30,0
C0439,2023-02-08,2023-12-31,0
C0439,2023-02-08,2024-01-31,28
C0439,2023-02-08,2024-02-29,6
C0439,2023-02-08,2024-03-31,0
C0439,2023-02-08,2024-04-30,0
C0439,2023-02-08,2024-05-31,0
C0439,2023-02-08,2024-06-30,0
C0439,2023-02-08,2024-07-31,0
C0439,2023-02-08,2024-08-31,0
C0439,2023-02-08,2024-09-30,0
C0439,2023-02-08,2024-10-31,0
C0439,2023-02-08,2024-11-30,0
C0439,2023-02-08,2024-12-31,19
C0439,2023-02-08,2025-01-31,59
C0439,2023-02-08,2025-02-28,77
C0439,2023-02-08,2025-03-31,91
C0440,2023-11-14,2023-11-30,0
C0440,2023-11-14,2023-12-31,24
C0440,2023-11-14,2024-01-31,56
C0440,2023-11-14,2024-02-29,70
C0440,2023-11-14,2024-03-31,114
C0441,2024-12-28,2024-12-31,0
C0441,2024-12-28,2025-01-31,0
C0441,2024-12-28,2025-02-28,0
C0441,2024-12-28,2025-03-31,0
C0441,2024-12-28,2025-04-30,0
C0441,2024-12-28,2025-05-31,15
C0441,2024-12-28,2025-06-30,0
C0441,2024-12-28,2025-07-31,0
C0441,2024-12-28,2025-08-31,0
C0441,2024-12-28,2025-09-30,0
C0441,2024-12-28,2025-10-31,0
C0441,2024-12-28,2025-11-30,0
C0441,2024-12-28,2025-12-31,0
C0442,2024-03-05,2024-03-31,0
C0442,2024-03-05,2024-04-30,25
C0442,2024-03-05,2024-05-31,0
C0442,2024-03-05,2024-06-30,0
C0442,2024-03-05,2024-07-31,0
C0442,2024-03-05,2024-08-31,0
C0442,2024-03-05,2024-09-30,0
C0442,2024-03-05,2024-10-31,8
C0442,2024-03-05,2024-11-30,0
C0442,2024-03-05,2024-12-31,0
C0442,2024-03-05,2025-01-31,0
C0442,2024-03-05,2025-02-28,0
C0442,2024-03-05,2025-03-31,0
C0442,2024-03-05,2025-04-30,0
C0442,2024-03-05,2025-05-31,56
C0442,2024-03-05,2025-06-30,27
C0442,2024-03-05,2025-07-31,0
C0442,2024-03-05,2025-08-31,28
C0442,2024-03-05,2025-09-30,0
C0442,2024-03-05,2025-10-31,20
C0442,2024-03-05,2025-11-30,0
C0442,2024-03-05,2025-12-31,0
C0443,2025-05-26,2025-05-31,0
C0443,2025-05-26,2025-06-30,0
C0443,2025-05-26,2025-07-31,0
C0443,2025-05-26,2025-08-31,0
C0443,2025-05-26,2025-09-30,0
C0443,2025-05-26,2025-10-31,0
C0443,2025-05-26,2025-11-30,0
C0443,2025-05-26,2025-12-31,0
C0444,2024-10-23,2024-10-31,0
C0444,2024-10-23,2024-11-30,0
C0444,2024-10-23,2024-12-31,0
C0444,2024-10-23,2025-01-31,0
C0444,2024-10-23,2025-02-28,0
C0444,2024-10-23,2025-03-31,0
C0444,2024-10-23,2025-04-30,0
C0444,2024-10-23,2025-05-31,0
C0444,2024-10-23,2025-06-30,35
C0444,2024-10-23,2025-07-31,0
C0444,2024-10-23,2025-08-31,36
C0444,2024-10-23,2025-09-30,0
C0444,2024-10-23,2025-10-31,16
C0444,2024-10-23,2025-11-30,0
C0444,2024-10-23,2025-12-31,0
C0445,2024-05-13,2024-05-31,0
C0445,2024-05-13,2024-06-30,0
C0445,2024-05-13,2024-07-31,0
C0445,2024-05-13,2024-08-31,43
C0445,2024-05-13,2024-09-30,0
C0445,2024-05-13,2024-10-31,24
C0445,2024-05-13,2024-11-30,57
C0445,2024-05-13,2024-12-31,0
C0445,2024-05-13,2025-01-31,0
C0445,2024-05-13,2025-02-28,0
C0445,2024-05-13,2025-03-31,0
C0445,2024-05-13,2025-04-30,0
C0445,2024-05-13,2025-05-31,0
C0445,2024-05-13,2025-06-30,0
C0445,2024-05-13,2025-07-31,0
C0445,2024-05-13,2025-08-31,14
C0445,2024-05-13,2025-09-30,0
C0445,2024-05-13,2025-10-31,0
C0445,2024-05-13,2025-11-30,0
C0445,2024-05-13,2025-12-31,0
C0446,2025-03-09,2025-03-31,0
C0446,2025-03-09,2025-04-30,43
C0446,2025-03-09,2025-05-31,0
C0446,2025-03-09,2025-06-30,33
C0446,2025-03-09,2025-07-31,0
C0446,2025-03-09,2025-08-31,0
C0446,2025-03-09,2025-09-30,0
C0446,2025-03-09,2025-10-31,0
C0446,2025-03-09,2025-11-30,0
C0446,2025-03-09,2025-12-31,27
C0447,2024-12-02,2024-12-31,0
C0447,2024-12-02,2025-01-31,0
C0447,2024-12-02,2025-02-28,36
C0447,2024-12-02,2025-03-31,0
C0447,2024-12-02,2025-04-30,28
C0447,2024-12-02,2025-05-31,0
C0447,2024-12-02,2025-06-30,0
C0447,2024-12-02,2025-07-31,13
C0447,2024-12-02,2025-08-31,0
C0447,2024-12-02,2025-09-30,0
C0447,2024-12-02,2025-10-31,0
C0447,2024-12-02,2025-11-30,0
C0447,2024-12-02,2025-12-31,0
C0448,2024-08-01,2024-08-31,0
C0448,2024-08-01,2024-09-30,0
C0448,2024-08-01,2024-10-31,0
C0448,2024-08-01,2024-11-30,7
C0448,2024-08-01,2024-12-31,0
C0448,2024-08-01,2025-01-31,0
C0448,2024-08-01,2025-02-28,0
C0448,2024-08-01,2025-03-31,0
C0448,2024-08-01,2025-04-30,0
C0448,2024-08-01,2025-05-31,0
C0448,2024-08-01,2025-06-30,0
C0448,2024-08-01,2025-07-31,0
C0448,2024-08-01,2025-08-31,0
C0448,2024-08-01,2025-09-30,0
C0448,2024-08-01,2025-10-31,0
C0448,2024-08-01,2025-11-30,0
C0448,2024-08-01,2025-12-31,0
C0449,2024-09-21,2024-09-30,0
C0449,2024-09-21,2024-10-31,0
C0449,2024-09-21,2024-11-30,0
C0449,2024-09-21,2024-12-31,0
C0449,2024-09-21,2025-01-31,0
C0449,2024-09-21,2025-02-28,31
C0449,2024-09-21,2025-03-31,0
C0449,2024-09-21,2025-04-30,0
C0449,2024-09-21,2025-05-31,0
C0449,2024-09-21,2025-06-30,0
C0449,2024-09-21,2025-07-31,0
C0449,2024-09-21,2025-08-31,0
C0449,2024-09-21,2025-09-30,0
C0449,2024-09-21,2025-10-31,0
C0449,2024-09-21,2025-11-30,0
C0449,2024-09-21,2025-12-31,0
C0450,2023-10-14,2023-10-31,0
C0450,2023-10-14,2023-11-30,11
C0450,2023-10-14,2023-12-31,0
C0450,2023-10-14,2024-01-31,0
C0450,2023-10-14,2024-02-29,0
C0450,2023-10-14,2024-03-31,0
C0450,2023-10-14,2024-04-30,10
C0450,2023-10-14,2024-05-31,0
C0450,2023-10-14,2024-06-30,0
C0450,2023-10-14,2024-07-31,0
C0450,2023-10-14,2024-08-31,0
C0450,2023-10-14,2024-09-30,0
C0450,2023-10-14,2024-10-31,0
C0450,2023-10-14,2024-11-30,0
C0450,2023-10-14,2024-12-31,0
C0450,2023-10-14,2025-01-31,0
C0450,2023-10-14,2025-02-28,0
C0450,2023-10-14,2025-03-31,0
C0450,2023-10-14,2025-04-30,0
C0450,2023-10-14,2025-05-31,16
C0450,2023-10-14,2025-06-30,44
C0450,2023-10-14,2025-07-31,61
C0450,2023-10-14,2025-08-31,0
C0450,2023-10-14,2025-09-30,0
C0450,2023-10-14,2025-10-31,0
C0450,2023-10-14,2025-11-30,0
C0450,2023-10-14,2025-12-31,0
C0451,2023-11-26,2023-11-30,0
C0451,2023-11-26,2023-12-31,0
C0451,2023-11-26,2024-01-31,32
C0451,2023-11-26,2024-02-29,0
C0451,2023-11-26,2024-03-31,0
C0451,2023-11-26,2024-04-30,0
C0451,2023-11-26,2024-05-31,0
C0451,2023-11-26,2024-06-30,0
C0451,2023-11-26,2024-07-31,0
C0451,2023-11-26,2024-08-31,0
C0451,2023-11-26,2024-09-30,0
C0451,2023-11-26,2024-10-31,0
C0451,2023-11-26,2024-11-30,0
C0451,2023-11-26,2024-12-31,0
C0451,2023-11-26,2025-01-31,0
C0451,2023-11-26,2025-02-28,0
C0451,2023-11-26,2025-03-31,50
C0451,2023-11-26,2025-04-30,0
C0451,2023-11-26,2025-05-31,47
C0451,2023-11-26,2025-06-30,0
C0451,2023-11-26,2025-07-31,44
C0451,2023-11-26,2025-08-31,0
C0451,2023-11-26,2025-09-30,0
C0451,2023-11-26,2025-10-31,0
C0451,2023-11-26,2025-11-30,0
C0451,2023-11-26,2025-12-31,0
C0452,2025-02-17,2025-02-28,0
C0452,2025-02-17,2025-03-31,7
C0452,2025-02-17,2025-04-30,0
C0452,2025-02-17,2025-05-31,0
C0452,2025-02-17,2025-06-30,47
C0452,2025-02-17,2025-07-31,0
C0452,2025-02-17,2025-08-31,11
C0452,2025-02-17,2025-09-30,0
C0452,2025-02-17,2025-10-31,0
C0452,2025-02-17,2025-11-30,0
C0452,2025-02-17,2025-12-31,0
C0453,2023-04-15,2023-04-30,0
C0453,2023-04-15,2023-05-31,0
C0453,2023-04-15,2023-06-30,0
C0453,2023-04-15,2023-07-31,0
C0453,2023-04-15,2023-08-31,0
C0453,2023-04-15,2023-09-30,0
C0453,2023-04-15,2023-10-31,0
C0453,2023-04-15,2023-11-30,0
C0453,2023-04-15,2023-12-31,0
C0453,2023-04-15,2024-01-31,18
C0453,2023-04-15,2024-02-29,0
C0453,2023-04-15,2024-03-31,0
C0453,2023-04-15,2024-04-30,0
C0453,2023-04-15,2024-05-31,0
C0453,2023-04-15,2024-06-30,21
C0453,2023-04-15,2024-07-31,0
C0453,2023-04-15,2024-08-31,3
C0453,2023-04-15,2024-09-30,0
C0453,2023-04-15,2024-10-31,19
C0453,2023-04-15,2024-11-30,0
C0453,2023-04-15,2024-12-31,0
C0453,2023-04-15,2025-01-31,0
C0453,2023-04-15,2025-02-28,0
C0453,2023-04-15,2025-03-31,0
C0453,2023-04-15,2025-04-30,0
C0453,2023-04-15,2025-05-31,0
C0453,2023-04-15,2025-06-30,0
C0453,2023-04-15,2025-07-31,0
C0453,2023-04-15,2025-08-31,0
C0453,2023-04-15,2025-09-30,0
C0453,2023-04-15,2025-10-31,0
C0453,2023-04-15,2025-11-30,24
C0453,2023-04-15,2025-12-31,0
C0454,2023-01-09,2023-01-31,0
C0454,2023-01-09,2023-02-28,0
C0454,2023-01-09,2023-03-31,0
C0454,2023-01-09,2023-04-30,0
C0454,2023-01-09,2023-05-31,0
C0454,2023-01-09,2023-06-30,0
C0454,2023-01-09,2023-07-31,15
C0454,2023-01-09,2023-08-31,38
C0454,2023-01-09,2023-09-30,67
C0454,2023-01-09,2023-10-31,100
C0455,2024-11-11,2024-11-30,0
C0455,2024-11-11,2024-12-31,0
C0455,2024-11-11,2025-01-31,0
C0455,2024-11-11,2025-02-28,0
C0455,2024-11-11,2025-03-31,0
C0455,2024-11-11,2025-04-30,0
C0455,2024-11-11,2025-05-31,0
C0455,2024-11-11,2025-06-30,0
C0455,2024-11-11,2025-07-31,0
C0455,2024-11-11,2025-08-31,59
C0455,2024-11-11,2025-09-30,0
C0455,2024-11-11,2025-10-31,0
C0455,2024-11-11,2025-11-30,0
C0455,2024-11-11,2025-12-31,0
C0456,2023-03-23,2023-03-31,0
C0456,2023-03-23,2023-04-30,29
C0456,2023-03-23,2023-05-31,0
C0456,2023-03-23,2023-06-30,0
C0456,2023-03-23,2023-07-31,0
C0456,2023-03-23,2023-08-31,0
C0456,2023-03-23,2023-09-30,31
C0456,2023-03-23,2023-10-31,28
C0456,2023-03-23,2023-11-30,4
C0456,2023-03-23,2023-12-31,0
C0456,2023-03-23,2024-01-31,0
C0456,2023-03-23,2024-02-29,0
C0456,2023-03-23,2024-03-31,0
C0456,2023-03-23,2024-04-30,0
C0456,2023-03-23,2024-05-31,0
C0456,2023-03-23,2024-06-30,0
C0456,2023-03-23,2024-07-31,0
C0456,2023-03-23,2024-08-31,15
C0456,2023-03-23,2024-09-30,57
C0456,2023-03-23,2024-10-31,0
C0456,2023-03-23,2024-11-30,0
C0456,2023-03-23,2024-12-31,0
C0456,2023-03-23,2025-01-31,0
C0456,2023-03-23,2025-02-28,30
C0456,2023-03-23,2025-03-31,0
C0456,2023-03-23,2025-04-30,0
C0456,2023-03-23,2025-05-31,0
C0456,2023-03-23,2025-06-30,18
C0456,2023-03-23,2025-07-31,0
C0456,2023-03-23,2025-08-31,0
C0456,2023-03-23,2025-09-30,11
C0456,2023-03-23,2025-10-31,26
C0456,2023-03-23,2025-11-30,6
C0456,2023-03-23,2025-12-31,0
C0457,2023-10-22,2023-10-31,48
C0457,2023-10-22,2023-11-30,0
C0457,2023-10-22,2023-12-31,26
C0457,2023-10-22,2024-01-31,0
C0457,2023-10-22,2024-02-29,20
C0457,2023-10-22,2024-03-31,0
C0457,2023-10-22,2024-04-30,0
C0457,2023-10-22,2024-05-31,0
C0457,2023-10-22,2024-06-30,0
C0457,2023-10-22,2024-07-31,0
C0457,2023-10-22,2024-08-31,0
C0457,2023-10-22,2024-09-30,0
C0457,2023-10-22,2024-10-31,0
C0457,2023-10-22,2024-11-30,27
C0457,2023-10-22,2024-12-31,0
C0457,2023-10-22,2025-01-31,0
C0457,2023-10-22,2025-02-28,0
C0457,2023-10-22,2025-03-31,0
C0457,2023-10-22,2025-04-30,0
C0457,2023-10-22,2025-05-31,0
C0457,2023-10-22,2025-06-30,0
C0457,2023-10-22,2025-07-31,8
C0457,2023-10-22,2025-08-31,15
C0457,2023-10-22,2025-09-30,0
C0457,2023-10-22,2025-10-31,27
C0457,2023-10-22,2025-11-30,0
C0457,2023-10-22,2025-12-31,0
C0458,2023-10-19,2023-10-31,0
C0458,2023-10-19,2023-11-30,40
C0458,2023-10-19,2023-12-31,3
C0458,2023-10-19,2024-01-31,70
C0458,2023-10-19,2024-02-29,0
C0458,2023-10-19,2024-03-31,0
C0458,2023-10-19,2024-04-30,44
C0458,2023-10-19,2024-05-31,0
C0458,2023-10-19,2024-06-30,20
C0458,2023-10-19,2024-07-31,0
C0458,2023-10-19,2024-08-31,13
C0458,2023-10-19,2024-09-30,47
C0458,2023-10-19,2024-10-31,0
C0458,2023-10-19,2024-11-30,0
C0458,2023-10-19,2024-12-31,0
C0458,2023-10-19,2025-01-31,0
C0458,2023-10-19,2025-02-28,0
C0458,2023-10-19,2025-03-31,15
C0458,2023-10-19,2025-04-30,0
C0458,2023-10-19,2025-05-31,19
C0458,2023-10-19,2025-06-30,0
C0458,2023-10-19,2025-07-31,0
C0458,2023-10-19,2025-08-31,0
C0458,2023-10-19,2025-09-30,0
C0458,2023-10-19,2025-10-31,0
C0458,2023-10-19,2025-11-30,0
C0458,2023-10-19,2025-12-31,0
C0459,2025-06-12,2025-06-30,0
C0459,2025-06-12,2025-07-31,0
C0459,2025-06-12,2025-08-31,0
C0459,2025-06-12,2025-09-30,24
C0459,2025-06-12,2025-10-31,36
C0459,2025-06-12,2025-11-30,0
C0459,2025-06-12,2025-12-31,0
C0460,2023-01-22,2023-01-31,0
C0460,2023-01-22,2023-02-28,0
C0460,2023-01-22,2023-03-31,0
C0460,2023-01-22,2023-04-30,0
C0460,2023-01-22,2023-05-31,0
C0460,2023-01-22,2023-06-30,69
C0460,2023-01-22,2023-07-31,0
C0460,2023-01-22,2023-08-31,0
C0460,2023-01-22,2023-09-30,0
C0460,2023-01-22,2023-10-31,0
C0460,2023-01-22,2023-11-30,0
C0460,2023-01-22,2023-12-31,0
C0460,2023-01-22,2024-01-31,0
C0460,2023-01-22,2024-02-29,0
C0460,2023-01-22,2024-03-31,0
C0460,2023-01-22,2024-04-30,0
C0460,2023-01-22,2024-05-31,0
C0460,2023-01-22,2024-06-30,0
C0460,2023-01-22,2024-07-31,0
C0460,2023-01-22,2024-08-31,0
C0460,2023-01-22,2024-09-30,0
C0460,2023-01-22,2024-10-31,0
C0460,2023-01-22,2024-11-30,31
C0460,2023-01-22,2024-12-31,0
C0460,2023-01-22,2025-01-31,0
C0460,2023-01-22,2025-02-28,0
C0460,2023-01-22,2025-03-31,0
C0460,2023-01-22,2025-04-30,0
C0460,2023-01-22,2025-05-31,0
C0460,2023-01-22,2025-06-30,0
C0460,2023-01-22,2025-07-31,72
C0460,2023-01-22,2025-08-31,0
C0460,2023-01-22,2025-09-30,0
C0460,2023-01-22,2025-10-31,0
C0460,2023-01-22,2025-11-30,0
C0460,2023-01-22,2025-12-31,0
C0461,2023-03-02,2023-03-31,0
C0461,2023-03-02,2023-04-30,0
C0461,2023-03-02,2023-05-31,0
C0461,2023-03-02,2023-06-30,0
C0461,2023-03-02,2023-07-31,0
C0461,2023-03-02,2023-08-31,0
C0461,2023-03-02,2023-09-30,0
C0461,2023-03-02,2023-10-31,43
C0461,2023-03-02,2023-11-30,19
C0461,2023-03-02,2023-12-31,73
C0461,2023-03-02,2024-01-31,15
C0461,2023-03-02,2024-02-29,35
C0461,2023-03-02,2024-03-31,88
C0461,2023-03-02,2024-04-30,92
C0462,2025-04-10,2025-04-30,0
C0462,2025-04-10,2025-05-31,0
C0462,2025-04-10,2025-06-30,3
C0462,2025-04-10,2025-07-31,0
C0462,2025-04-10,2025-08-31,0
C0462,2025-04-10,2025-09-30,12
C0462,2025-04-10,2025-10-31,0
C0462,2025-04-10,2025-11-30,13
C0462,2025-04-10,2025-12-31,0
C0463,2023-04-21,2023-04-30,0
C0463,2023-04-21,2023-05-31,0
C0463,2023-04-21,2023-06-30,0
C0463,2023-04-21,2023-07-31,0
C0463,2023-04-21,2023-08-31,1
C0463,2023-04-21,2023-09-30,14
C0463,2023-04-21,2023-10-31,22
C0463,2023-04-21,2023-11-30,11
C0463,2023-04-21,2023-12-31,0
C0463,2023-04-21,2024-01-31,0
C0463,2023-04-21,2024-02-29,0
C0463,2023-04-21,2024-03-31,0
C0463,2023-04-21,2024-04-30,0
C0463,2023-04-21,2024-05-31,24
C0463,2023-04-21,2024-06-30,0
C0463,2023-04-21,2024-07-31,0
C0463,2023-04-21,2024-08-31,0
C0463,2023-04-21,2024-09-30,0
C0463,2023-04-21,2024-10-31,0
C0463,2023-04-21,2024-11-30,0
C0463,2023-04-21,2024-12-31,26
C0463,2023-04-21,2025-01-31,41
C0463,2023-04-21,2025-02-28,66
C0463,2023-04-21,2025-03-31,105
C0464,2024-08-11,2024-08-31,0
C0464,2024-08-11,2024-09-30,15
C0464,2024-08-11,2024-10-31,0
C0464,2024-08-11,2024-11-30,0
C0464,2024-08-11,2024-12-31,0
C0464,2024-08-11,2025-01-31,33
C0464,2024-08-11,2025-02-28,0
C0464,2024-08-11,2025-03-31,0
C0464,2024-08-11,2025-04-30,10
C0464,2024-08-11,2025-05-31,0
C0464,2024-08-11,2025-06-30,0
C0464,2024-08-11,2025-07-31,0
C0464,2024-08-11,2025-08-31,0
C0464,2024-08-11,2025-09-30,0
C0464,2024-08-11,2025-10-31,0
C0464,2024-08-11,2025-11-30,24
C0464,2024-08-11,2025-12-31,0
C0465,2023-12-10,2023-12-31,0
C0465,2023-12-10,2024-01-31,0
C0465,2023-12-10,2024-02-29,0
C0465,2023-12-10,2024-03-31,0
C0465,2023-12-10,2024-04-30,0
C0465,2023-12-10,2024-05-31,0
C0465,2023-12-10,2024-06-30,0
C0465,2023-12-10,2024-07-31,0
C0465,2023-12-10,2024-08-31,0
C0465,2023-12-10,2024-09-30,0
C0465,2023-12-10,2024-10-31,0
C0465,2023-12-10,2024-11-30,0
C0465,2023-12-10,2024-12-31,0
C0465,2023-12-10,2025-01-31,23
C0465,2023-12-10,2025-02-28,0
C0465,2023-12-10,2025-03-31,0
C0465,2023-12-10,2025-04-30,0
C0465,2023-12-10,2025-05-31,0
C0465,2023-12-10,2025-06-30,0
C0465,2023-12-10,2025-07-31,0
C0465,2023-12-10,2025-08-31,0
C0465,2023-12-10,2025-09-30,11
C0465,2023-12-10,2025-10-31,0
C0465,2023-12-10,2025-11-30,0
C0465,2023-12-10,2025-12-31,0
C0466,2025-04-13,2025-04-30,0
C0466,2025-04-13,2025-05-31,64
C0466,2025-04-13,2025-06-30,27
C0466,2025-04-13,2025-07-31,0
C0466,2025-04-13,2025-08-31,0
C0466,2025-04-13,2025-09-30,22
C0466,2025-04-13,2025-10-31,0
C0466,2025-04-13,2025-11-30,0
C0466,2025-04-13,2025-12-31,0
C0467,2024-09-23,2024-09-30,0
C0467,2024-09-23,2024-10-31,0
C0467,2024-09-23,2024-11-30,0
C0467,2024-09-23,2024-12-31,3
C0467,2024-09-23,2025-01-31,0
C0467,2024-09-23,2025-02-28,0
C0467,2024-09-23,2025-03-31,0
C0467,2024-09-23,2025-04-30,8
C0467,2024-09-23,2025-05-31,0
C0467,2024-09-23,2025-06-30,0
C0467,2024-09-23,2025-07-31,6
C0467,2024-09-23,2025-08-31,0
C0467,2024-09-23,2025-09-30,0
C0467,2024-09-23,2025-10-31,0
C0467,2024-09-23,2025-11-30,0
C0467,2024-09-23,2025-12-31,0
C0468,2025-03-13,2025-03-31,0
C0468,2025-03-13,2025-04-30,0
C0468,2025-03-13,2025-05-31,18
C0468,2025-03-13,2025-06-30,0
C0468,2025-03-13,2025-07-31,0
C0468,2025-03-13,2025-08-31,0
C0468,2025-03-13,2025-09-30,0
C0468,2025-03-13,2025-10-31,0
C0468,2025-03-13,2025-11-30,0
C0468,2025-03-13,2025-12-31,0
C0469,2023-06-11,2023-06-30,0
C0469,2023-06-11,2023-07-31,0
C0469,2023-06-11,2023-08-31,0
C0469,2023-06-11,2023-09-30,38
C0469,2023-06-11,2023-10-31,24
C0469,2023-06-11,2023-11-30,0
C0469,2023-06-11,2023-12-31,21
C0469,2023-06-11,2024-01-31,0
C0469,2023-06-11,2024-02-29,0
C0469,2023-06-11,2024-03-31,5
C0469,2023-06-11,2024-04-30,0
C0469,2023-06-11,2024-05-31,19
C0469,2023-06-11,2024-06-30,0
C0469,2023-06-11,2024-07-31,0
C0469,2023-06-11,2024-08-31,0
C0469,2023-06-11,2024-09-30,27
C0469,2023-06-11,2024-10-31,0
C0469,2023-06-11,2024-11-30,0
C0469,2023-06-11,2024-12-31,7
C0469,2023-06-11,2025-01-31,0
C0469,2023-06-11,2025-02-28,0
C0469,2023-06-11,2025-03-31,0
C0469,2023-06-11,2025-04-30,0
C0469,2023-06-11,2025-05-31,0
C0469,2023-06-11,2025-06-30,0
C0469,2023-06-11,2025-07-31,0
C0469,2023-06-11,2025-08-31,0
C0469,2023-06-11,2025-09-30,0
C0469,2023-06-11,2025-10-31,0
C0469,2023-06-11,2025-11-30,0
C0469,2023-06-11,2025-12-31,0
C0470,2024-08-06,2024-08-31,0
C0470,2024-08-06,2024-09-30,0
C0470,2024-08-06,2024-10-31,0
C0470,2024-08-06,2024-11-30,0
C0470,2024-08-06,2024-12-31,0
C0470,2024-08-06,2025-01-31,0
C0470,2024-08-06,2025-02-28,2
C0470,2024-08-06,2025-03-31,0
C0470,2024-08-06,2025-04-30,0
C0470,2024-08-06,2025-05-31,0
C0470,2024-08-06,2025-06-30,0
C0470,2024-08-06,2025-07-31,0
C0470,2024-08-06,2025-08-31,0
C0470,2024-08-06,2025-09-30,0
C0470,2024-08-06,2025-10-31,0
C0470,2024-08-06,2025-11-30,0
C0470,2024-08-06,2025-12-31,0
C0471,2023-02-08,2023-02-28,0
C0471,2023-02-08,2023-03-31,0
C0471,2023-02-08,2023-04-30,37
C0471,2023-02-08,2023-05-31,73
C0471,2023-02-08,2023-06-30,0
C0471,2023-02-08,2023-07-31,0
C0471,2023-02-08,2023-08-31,0
C0471,2023-02-08,2023-09-30,0
C0471,2023-02-08,2023-10-31,37
C0471,2023-02-08,2023-11-30,3
C0471,2023-02-08,2023-12-31,0
C0471,2023-02-08,2024-01-31,26
C0471,2023-02-08,2024-02-29,46
C0471,2023-02-08,2024-03-31,88
C0471,2023-02-08,2024-04-30,98
C0472,2023-09-02,2023-09-30,0
C0472,2023-09-02,2023-10-31,0
C0472,2023-09-02,2023-11-30,14
C0472,2023-09-02,2023-12-31,1
C0472,2023-09-02,2024-01-31,0
C0472,2023-09-02,2024-02-29,29
C0472,2023-09-02,2024-03-31,0
C0472,2023-09-02,2024-04-30,0
C0472,2023-09-02,2024-05-31,0
C0472,2023-09-02,2024-06-30,0
C0472,2023-09-02,2024-07-31,0
C0472,2023-09-02,2024-08-31,0
C0472,2023-09-02,2024-09-30,10
C0472,2023-09-02,2024-10-31,0
C0472,2023-09-02,2024-11-30,0
C0472,2023-09-02,2024-12-31,20
C0472,2023-09-02,2025-01-31,0
C0472,2023-09-02,2025-02-28,0
C0472,2023-09-02,2025-03-31,0
C0472,2023-09-02,2025-04-30,29
C0472,2023-09-02,2025-05-31,1
C0472,2023-09-02,2025-06-30,0
C0472,2023-09-02,2025-07-31,44
C0472,2023-09-02,2025-08-31,0
C0472,2023-09-02,2025-09-30,0
C0472,2023-09-02,2025-10-31,0
C0472,2023-09-02,2025-11-30,0
C0472,2023-09-02,2025-12-31,15
C0473,2023-08-26,2023-08-31,0
C0473,2023-08-26,2023-09-30,0
C0473,2023-08-26,2023-10-31,0
C0473,2023-08-26,2023-11-30,0
C0473,2023-08-26,2023-12-31,0
C0473,2023-08-26,2024-01-31,0
C0473,2023-08-26,2024-02-29,50
C0473,2023-08-26,2024-03-31,0
C0473,2023-08-26,2024-04-30,0
C0473,2023-08-26,2024-05-31,0
C0473,2023-08-26,2024-06-30,0
C0473,2023-08-26,2024-07-31,0
C0473,2023-08-26,2024-08-31,0
C0473,2023-08-26,2024-09-30,0
C0473,2023-08-26,2024-10-31,0
C0473,2023-08-26,2024-11-30,12
C0473,2023-08-26,2024-12-31,0
C0473,2023-08-26,2025-01-31,0
C0473,2023-08-26,2025-02-28,0
C0473,2023-08-26,2025-03-31,0
C0473,2023-08-26,2025-04-30,0
C0473,2023-08-26,2025-05-31,0
C0473,2023-08-26,2025-06-30,0
C0473,2023-08-26,2025-07-31,0
C0473,2023-08-26,2025-08-31,0
C0473,2023-08-26,2025-09-30,0
C0473,2023-08-26,2025-10-31,61
C0473,2023-08-26,2025-11-30,0
C0473,2023-08-26,2025-12-31,0
C0474,2024-01-22,2024-01-31,0
C0474,2024-01-22,2024-02-29,0
C0474,2024-01-22,2024-03-31,0
C0474,2024-01-22,2024-04-30,0
C0474,2024-01-22,2024-05-31,7
C0474,2024-01-22,2024-06-30,0
C0474,2024-01-22,2024-07-31,6
C0474,2024-01-22,2024-08-31,0
C0474,2024-01-22,2024-09-30,26
C0474,2024-01-22,2024-10-31,0
C0474,2024-01-22,2024-11-30,0
C0474,2024-01-22,2024-12-31,0
C0474,2024-01-22,2025-01-31,0
C0474,2024-01-22,2025-02-28,0
C0474,2024-01-22,2025-03-31,0
C0474,2024-01-22,2025-04-30,0
C0474,2024-01-22,2025-05-31,0
C0474,2024-01-22,2025-06-30,0
C0474,2024-01-22,2025-07-31,0
C0474,2024-01-22,2025-08-31,11
C0474,2024-01-22,2025-09-30,0
C0474,2024-01-22,2025-10-31,0
C0474,2024-01-22,2025-11-30,0
C0474,2024-01-22,2025-12-31,0
C0475,2023-01-14,2023-01-31,0
C0475,2023-01-14,2023-02-28,0
C0475,2023-01-14,2023-03-31,0
C0475,2023-01-14,2023-04-30,0
C0475,2023-01-14,2023-05-31,0
C0475,2023-01-14,2023-06-30,0
C0475,2023-01-14,2023-07-31,0
C0475,2023-01-14,2023-08-31,0
C0475,2023-01-14,2023-09-30,0
C0475,2023-01-14,2023-10-31,0
C0475,2023-01-14,2023-11-30,30
C0475,2023-01-14,2023-12-31,0
C0475,2023-01-14,2024-01-31,0
C0475,2023-01-14,2024-02-29,20
C0475,2023-01-14,2024-03-31,27
C0475,2023-01-14,2024-04-30,0
C0475,2023-01-14,2024-05-31,0
C0475,2023-01-14,2024-06-30,46
C0475,2023-01-14,2024-07-31,0
C0475,2023-01-14,2024-08-31,13
C0475,2023-01-14,2024-09-30,0
C0475,2023-01-14,2024-10-31,0
C0475,2023-01-14,2024-11-30,0
C0475,2023-01-14,2024-12-31,10
C0475,2023-01-14,2025-01-31,0
C0475,2023-01-14,2025-02-28,0
C0475,2023-01-14,2025-03-31,0
C0475,2023-01-14,2025-04-30,63
C0475,2023-01-14,2025-05-31,0
C0475,2023-01-14,2025-06-30,0
C0475,2023-01-14,2025-07-31,0
C0475,2023-01-14,2025-08-31,0
C0475,2023-01-14,2025-09-30,0
C0475,2023-01-14,2025-10-31,0
C0475,2023-01-14,2025-11-30,0
C0475,2023-01-14,2025-12-31,0
C0476,2025-04-26,2025-04-30,0
C0476,2025-04-26,2025-05-31,0
C0476,2025-04-26,2025-06-30,0
C0476,2025-04-26,2025-07-31,11
C0476,2025-04-26,2025-08-31,0
C0476,2025-04-26,2025-09-30,0
C0476,2025-04-26,2025-10-31,74
C0476,2025-04-26,2025-11-30,0
C0476,2025-04-26,2025-12-31,0
C0477,2024-12-13,2024-12-31,0
C0477,2024-12-13,2025-01-31,0
C0477,2024-12-13,2025-02-28,0
C0477,2024-12-13,2025-03-31,0
C0477,2024-12-13,2025-04-30,0
C0477,2024-12-13,2025-05-31,0
C0477,2024-12-13,2025-06-30,0
C0477,2024-12-13,2025-07-31,2
C0477,2024-12-13,2025-08-31,0
C0477,2024-12-13,2025-09-30,0
C0477,2024-12-13,2025-10-31,0
C0477,2024-12-13,2025-11-30,0
C0477,2024-12-13,2025-12-31,52
C0478,2025-01-18,2025-01-31,0
C0478,2025-01-18,2025-02-28,0
C0478,2025-01-18,2025-03-31,48
C0478,2025-01-18,2025-04-30,0
C0478,2025-01-18,2025-05-31,0
C0478,2025-01-18,2025-06-30,60
C0478,2025-01-18,2025-07-31,79
C0478,2025-01-18,2025-08-31,0
C0478,2025-01-18,2025-09-30,0
C0478,2025-01-18,2025-10-31,0
C0478,2025-01-18,2025-11-30,14
C0478,2025-01-18,2025-12-31,55
C0479,2023-09-27,2023-09-30,0
C0479,2023-09-27,2023-10-31,0
C0479,2023-09-27,2023-11-30,19
C0479,2023-09-27,2023-12-31,0
C0479,2023-09-27,2024-01-31,0
C0479,2023-09-27,2024-02-29,0
C0479,2023-09-27,2024-03-31,0
C0479,2023-09-27,2024-04-30,0
C0479,2023-09-27,2024-05-31,26
C0479,2023-09-27,2024-06-30,0
C0479,2023-09-27,2024-07-31,0
C0479,2023-09-27,2024-08-31,0
C0479,2023-09-27,2024-09-30,0
C0479,2023-09-27,2024-10-31,0
C0479,2023-09-27,2024-11-30,0
C0479,2023-09-27,2024-12-31,0
C0479,2023-09-27,2025-01-31,15
C0479,2023-09-27,2025-02-28,46
C0479,2023-09-27,2025-03-31,49
C0479,2023-09-27,2025-04-30,0
C0479,2023-09-27,2025-05-31,0
C0479,2023-09-27,2025-06-30,0
C0479,2023-09-27,2025-07-31,0
C0479,2023-09-27,2025-08-31,0
C0479,2023-09-27,2025-09-30,0
C0479,2023-09-27,2025-10-31,0
C0479,2023-09-27,2025-11-30,0
C0479,2023-09-27,2025-12-31,0
C0480,2025-01-04,2025-01-31,0
C0480,2025-01-04,2025-02-28,0
C0480,2025-01-04,2025-03-31,0
C0480,2025-01-04,2025-04-30,0
C0480,2025-01-04,2025-05-31,0
C0480,2025-01-04,2025-06-30,0
C0480,2025-01-04,2025-07-31,7
C0480,2025-01-04,2025-08-31,0
C0480,2025-01-04,2025-09-30,0
C0480,2025-01-04,2025-10-31,0
C0480,2025-01-04,2025-11-30,0
C0480,2025-01-04,2025-12-31,0
C0481,2024-03-05,2024-03-31,8
C0481,2024-03-05,2024-04-30,0
C0481,2024-03-05,2024-05-31,0
C0481,2024-03-05,2024-06-30,0
C0481,2024-03-05,2024-07-31,0
C0481,2024-03-05,2024-08-31,0
C0481,2024-03-05,2024-09-30,0
C0481,2024-03-05,2024-10-31,0
C0481,2024-03-05,2024-11-30,0
C0481,2024-03-05,2024-12-31,0
C0481,2024-03-05,2025-01-31,0
C0481,2024-03-05,2025-02-28,14
C0481,2024-03-05,2025-03-31,0
C0481,2024-03-05,2025-04-30,0
C0481,2024-03-05,2025-05-31,0
C0481,2024-03-05,2025-06-30,0
C0481,2024-03-05,2025-07-31,0
C0481,2024-03-05,2025-08-31,0
C0481,2024-03-05,2025-09-30,0
C0481,2024-03-05,2025-10-31,20
C0481,2024-03-05,2025-11-30,0
C0481,2024-03-05,2025-12-31,0
C0482,2025-02-26,2025-02-28,0
C0482,2025-02-26,2025-03-31,0
C0482,2025-02-26,2025-04-30,0
C0482,2025-02-26,2025-05-31,0
C0482,2025-02-26,2025-06-30,0
C0482,2025-02-26,2025-07-31,0
C0482,2025-02-26,2025-08-31,0
C0482,2025-02-26,2025-09-30,0
C0482,2025-02-26,2025-10-31,8
C0482,2025-02-26,2025-11-30,0
C0482,2025-02-26,2025-12-31,0
C0483,2023-04-11,2023-04-30,0
C0483,2023-04-11,2023-05-31,0
C0483,2023-04-11,2023-06-30,0
C0483,2023-04-11,2023-07-31,0
C0483,2023-04-11,2023-08-31,11
C0483,2023-04-11,2023-09-30,0
C0483,2023-04-11,2023-10-31,0
C0483,2023-04-11,2023-11-30,9
C0483,2023-04-11,2023-12-31,0
C0483,2023-04-11,2024-01-31,0
C0483,2023-04-11,2024-02-29,0
C0483,2023-04-11,2024-03-31,0
C0483,2023-04-11,2024-04-30,10
C0483,2023-04-11,2024-05-31,0
C0483,2023-04-11,2024-06-30,32
C0483,2023-04-11,2024-07-31,0
C0483,2023-04-11,2024-08-31,22
C0483,2023-04-11,2024-09-30,0
C0483,2023-04-11,2024-10-31,23
C0483,2023-04-11,2024-11-30,0
C0483,2023-04-11,2024-12-31,0
C0483,2023-04-11,2025-01-31,0
C0483,2023-04-11,2025-02-28,0
C0483,2023-04-11,2025-03-31,0
C0483,2023-04-11,2025-04-30,0
C0483,2023-04-11,2025-05-31,0
C0483,2023-04-11,2025-06-30,0
C0483,2023-04-11,2025-07-31,0
C0483,2023-04-11,2025-08-31,0
C0483,2023-04-11,2025-09-30,10
C0483,2023-04-11,2025-10-31,0
C0483,2023-04-11,2025-11-30,0
C0483,2023-04-11,2025-12-31,0
C0484,2025-06-12,2025-06-30,0
C0484,2025-06-12,2025-07-31,1
C0484,2025-06-12,2025-08-31,81
C0484,2025-06-12,2025-09-30,0
C0484,2025-06-12,2025-10-31,14
C0484,2025-06-12,2025-11-30,0
C0484,2025-06-12,2025-12-31,0
C0485,2023-07-10,2023-07-31,0
C0485,2023-07-10,2023-08-31,0
C0485,2023-07-10,2023-09-30,0
C0485,2023-07-10,2023-10-31,0
C0485,2023-07-10,2023-11-30,0
C0485,2023-07-10,2023-12-31,0
C0485,2023-07-10,2024-01-31,18
C0485,2023-07-10,2024-02-29,0
C0485,2023-07-10,2024-03-31,0
C0485,2023-07-10,2024-04-30,0
C0485,2023-07-10,2024-05-31,0
C0485,2023-07-10,2024-06-30,0
C0485,2023-07-10,2024-07-31,0
C0485,2023-07-10,2024-08-31,26
C0485,2023-07-10,2024-09-30,0
C0485,2023-07-10,2024-10-31,0
C0485,2023-07-10,2024-11-30,0
C0485,2023-07-10,2024-12-31,0
C0485,2023-07-10,2025-01-31,19
C0485,2023-07-10,2025-02-28,0
C0485,2023-07-10,2025-03-31,0
C0485,2023-07-10,2025-04-30,27
C0485,2023-07-10,2025-05-31,0
C0485,2023-07-10,2025-06-30,18
C0485,2023-07-10,2025-07-31,0
C0485,2023-07-10,2025-08-31,0
C0485,2023-07-10,2025-09-30,0
C0485,2023-07-10,2025-10-31,0
C0485,2023-07-10,2025-11-30,0
C0485,2023-07-10,2025-12-31,0
C0486,2023-02-26,2023-02-28,0
C0486,2023-02-26,2023-03-31,0
C0486,2023-02-26,2023-04-30,0
C0486,2023-02-26,2023-05-31,0
C0486,2023-02-26,2023-06-30,0
C0486,2023-02-26,2023-07-31,0
C0486,2023-02-26,2023-08-31,0
C0486,2023-02-26,2023-09-30,0
C0486,2023-02-26,2023-10-31,0
C0486,2023-02-26,2023-11-30,0
C0486,2023-02-26,2023-12-31,20
C0486,2023-02-26,2024-01-31,0
C0486,2023-02-26,2024-02-29,0
C0486,2023-02-26,2024-03-31,0
C0486,2023-02-26,2024-04-30,11
C0486,2023-02-26,2024-05-31,50
C0486,2023-02-26,2024-06-30,0
C0486,2023-02-26,2024-07-31,0
C0486,2023-02-26,2024-08-31,0
C0486,2023-02-26,2024-09-30,24
C0486,2023-02-26,2024-10-31,42
C0486,2023-02-26,2024-11-30,83
C0486,2023-02-26,2024-12-31,91
C0487,2023-02-04,2023-02-28,31
C0487,2023-02-04,2023-03-31,84
C0487,2023-02-04,2023-04-30,114
C0488,2024-11-02,2024-11-30,0
C0488,2024-11-02,2024-12-31,0
C0488,2024-11-02,2025-01-31,0
C0488,2024-11-02,2025-02-28,3
C0488,2024-11-02,2025-03-31,0
C0488,2024-11-02,2025-04-30,0
C0488,2024-11-02,2025-05-31,50
C0488,2024-11-02,2025-06-30,0
C0488,2024-11-02,2025-07-31,0
C0488,2024-11-02,2025-08-31,0
C0488,2024-11-02,2025-09-30,0
C0488,2024-11-02,2025-10-31,0
C0488,2024-11-02,2025-11-30,0
C0488,2024-11-02,2025-12-31,0
C0489,2024-09-18,2024-09-30,0
C0489,2024-09-18,2024-10-31,0
C0489,2024-09-18,2024-11-30,0
C0489,2024-09-18,2024-12-31,0
C0489,2024-09-18,2025-01-31,0
C0489,2024-09-18,2025-02-28,0
C0489,2024-09-18,2025-03-31,0
C0489,2024-09-18,2025-04-30,0
C0489,2024-09-18,2025-05-31,30
C0489,2024-09-18,2025-06-30,0
C0489,2024-09-18,2025-07-31,0
C0489,2024-09-18,2025-08-31,7
C0489,2024-09-18,2025-09-30,0
C0489,2024-09-18,2025-10-31,0
C0489,2024-09-18,2025-11-30,0
C0489,2024-09-18,2025-12-31,4
C0490,2024-09-01,2024-09-30,16
C0490,2024-09-01,2024-10-31,0
C0490,2024-09-01,2024-11-30,6
C0490,2024-09-01,2024-12-31,33
C0490,2024-09-01,2025-01-31,0
C0490,2024-09-01,2025-02-28,0
C0490,2024-09-01,2025-03-31,0
C0490,2024-09-01,2025-04-30,0
C0490,2024-09-01,2025-05-31,0
C0490,2024-09-01,2025-06-30,0
C0490,2024-09-01,2025-07-31,0
C0490,2024-09-01,2025-08-31,0
C0490,2024-09-01,2025-09-30,0
C0490,2024-09-01,2025-10-31,0
C0490,2024-09-01,2025-11-30,0
C0490,2024-09-01,2025-12-31,0
C0491,2024-02-02,2024-02-29,69
C0491,2024-02-02,2024-03-31,0
C0491,2024-02-02,2024-04-30,0
C0491,2024-02-02,2024-05-31,0
C0491,2024-02-02,2024-06-30,0
C0491,2024-02-02,2024-07-31,0
C0491,2024-02-02,2024-08-31,0
C0491,2024-02-02,2024-09-30,57
C0491,2024-02-02,2024-10-31,0
C0491,2024-02-02,2024-11-30,0
C0491,2024-02-02,2024-12-31,0
C0491,2024-02-02,2025-01-31,0
C0491,2024-02-02,2025-02-28,0
C0491,2024-02-02,2025-03-31,0
C0491,2024-02-02,2025-04-30,0
C0491,2024-02-02,2025-05-31,4
C0491,2024-02-02,2025-06-30,66
C0491,2024-02-02,2025-07-31,0
C0491,2024-02-02,2025-08-31,0
C0491,2024-02-02,2025-09-30,0
C0491,2024-02-02,2025-10-31,0
C0491,2024-02-02,2025-11-30,0
C0491,2024-02-02,2025-12-31,76
C0492,2024-05-28,2024-05-31,0
C0492,2024-05-28,2024-06-30,63
C0492,2024-05-28,2024-07-31,0
C0492,2024-05-28,2024-08-31,0
C0492,2024-05-28,2024-09-30,0
C0492,2024-05-28,2024-10-31,0
C0492,2024-05-28,2024-11-30,0
C0492,2024-05-28,2024-12-31,52
C0492,2024-05-28,2025-01-31,41
C0492,2024-05-28,2025-02-28,0
C0492,2024-05-28,2025-03-31,0
C0492,2024-05-28,2025-04-30,0
C0492,2024-05-28,2025-05-31,0
C0492,2024-05-28,2025-06-30,0
C0492,2024-05-28,2025-07-31,0
C0492,2024-05-28,2025-08-31,0
C0492,2024-05-28,2025-09-30,6
C0492,2024-05-28,2025-10-31,0
C0492,2024-05-28,2025-11-30,23
C0492,2024-05-28,2025-12-31,0
C0493,2023-05-15,2023-05-31,7
C0493,2023-05-15,2023-06-30,23
C0493,2023-05-15,2023-07-31,0
C0493,2023-05-15,2023-08-31,0
C0493,2023-05-15,2023-09-30,0
C0493,2023-05-15,2023-10-31,7
C0493,2023-05-15,2023-11-30,0
C0493,2023-05-15,2023-12-31,5
C0493,2023-05-15,2024-01-31,0
C0493,2023-05-15,2024-02-29,0
C0493,2023-05-15,2024-03-31,0
C0493,2023-05-15,2024-04-30,0
C0493,2023-05-15,2024-05-31,0
C0493,2023-05-15,2024-06-30,15
C0493,2023-05-15,2024-07-31,0
C0493,2023-05-15,2024-08-31,0
C0493,2023-05-15,2024-09-30,0
C0493,2023-05-15,2024-10-31,0
C0493,2023-05-15,2024-11-30,54
C0493,2023-05-15,2024-12-31,45
C0493,2023-05-15,2025-01-31,0
C0493,2023-05-15,2025-02-28,49
C0493,2023-05-15,2025-03-31,0
C0493,2023-05-15,2025-04-30,0
C0493,2023-05-15,2025-05-31,0
C0493,2023-05-15,2025-06-30,0
C0493,2023-05-15,2025-07-31,0
C0493,2023-05-15,2025-08-31,0
C0493,2023-05-15,2025-09-30,25
C0493,2023-05-15,2025-10-31,0
C0493,2023-05-15,2025-11-30,0
C0493,2023-05-15,2025-12-31,0
C0494,2024-12-24,2024-12-31,0
C0494,2024-12-24,2025-01-31,0
C0494,2024-12-24,2025-02-28,0
C0494,2024-12-24,2025-03-31,0
C0494,2024-12-24,2025-04-30,0
C0494,2024-12-24,2025-05-31,0
C0494,2024-12-24,2025-06-30,0
C0494,2024-12-24,2025-07-31,0
C0494,2024-12-24,2025-08-31,0
C0494,2024-12-24,2025-09-30,0
C0494,2024-12-24,2025-10-31,17
C0494,2024-12-24,2025-11-30,0
C0494,2024-12-24,2025-12-31,0
C0495,2023-09-12,2023-09-30,73
C0495,2023-09-12,2023-10-31,112
C0496,2023-01-01,2023-01-31,0
C0496,2023-01-01,2023-02-28,0
C0496,2023-01-01,2023-03-31,0
C0496,2023-01-01,2023-04-30,0
C0496,2023-01-01,2023-05-31,0
C0496,2023-01-01,2023-06-30,0
C0496,2023-01-01,2023-07-31,0
C0496,2023-01-01,2023-08-31,0
C0496,2023-01-01,2023-09-30,0
C0496,2023-01-01,2023-10-31,0
C0496,2023-01-01,2023-11-30,0
C0496,2023-01-01,2023-12-31,0
C0496,2023-01-01,2024-01-31,0
C0496,2023-01-01,2024-02-29,0
C0496,2023-01-01,2024-03-31,0
C0496,2023-01-01,2024-04-30,0
C0496,2023-01-01,2024-05-31,0
C0496,2023-01-01,2024-06-30,48
C0496,2023-01-01,2024-07-31,0
C0496,2023-01-01,2024-08-31,0
C0496,2023-01-01,2024-09-30,0
C0496,2023-01-01,2024-10-31,0
C0496,2023-01-01,2024-11-30,21
C0496,2023-01-01,2024-12-31,0
C0496,2023-01-01,2025-01-31,26
C0496,2023-01-01,2025-02-28,0
C0496,2023-01-01,2025-03-31,0
C0496,2023-01-01,2025-04-30,0
C0496,2023-01-01,2025-05-31,0
C0496,2023-01-01,2025-06-30,0
C0496,2023-01-01,2025-07-31,0
C0496,2023-01-01,2025-08-31,0
C0496,2023-01-01,2025-09-30,0
C0496,2023-01-01,2025-10-31,0
C0496,2023-01-01,2025-11-30,0
C0496,2023-01-01,2025-12-31,0
C0497,2024-05-14,2024-05-31,27
C0497,2024-05-14,2024-06-30,46
C0497,2024-05-14,2024-07-31,83
C0497,2024-05-14,2024-08-31,119
C0498,2025-03-16,2025-03-31,0
C0498,2025-03-16,2025-04-30,0
C0498,2025-03-16,2025-05-31,26
C0498,2025-03-16,2025-06-30,0
C0498,2025-03-16,2025-07-31,0
C0498,2025-03-16,2025-08-31,0
C0498,2025-03-16,2025-09-30,20
C0498,2025-03-16,2025-10-31,0
C0498,2025-03-16,2025-11-30,0
C0498,2025-03-16,2025-12-31,0
C0499,2024-02-12,2024-02-29,0
C0499,2024-02-12,2024-03-31,0
C0499,2024-02-12,2024-04-30,0
C0499,2024-02-12,2024-05-31,0
C0499,2024-02-12,2024-06-30,3
C0499,2024-02-12,2024-07-31,5
C0499,2024-02-12,2024-08-31,0
C0499,2024-02-12,2024-09-30,0
C0499,2024-02-12,2024-10-31,0
C0499,2024-02-12,2024-11-30,0
C0499,2024-02-12,2024-12-31,0
C0499,2024-02-12,2025-01-31,0
C0499,2024-02-12,2025-02-28,0
C0499,2024-02-12,2025-03-31,21
C0499,2024-02-12,2025-04-30,53
C0499,2024-02-12,2025-05-31,69
C0499,2024-02-12,2025-06-30,107
C0500,2023-02-25,2023-02-28,0
C0500,2023-02-25,2023-03-31,6
C0500,2023-02-25,2023-04-30,0
C0500,2023-02-25,2023-05-31,0
C0500,2023-02-25,2023-06-30,0
C0500,2023-02-25,2023-07-31,0
C0500,2023-02-25,2023-08-31,0
C0500,2023-02-25,2023-09-30,0
C0500,2023-02-25,2023-10-31,0
C0500,2023-02-25,2023-11-30,0
C0500,2023-02-25,2023-12-31,0
C0500,2023-02-25,2024-01-31,32
C0500,2023-02-25,2024-02-29,0
C0500,2023-02-25,2024-03-31,0
C0500,2023-02-25,2024-04-30,34
C0500,2023-02-25,2024-05-31,0
C0500,2023-02-25,2024-06-30,2
C0500,2023-02-25,2024-07-31,0
C0500,2023-02-25,2024-08-31,37
C0500,2023-02-25,2024-09-30,36
C0500,2023-02-25,2024-10-31,0
C0500,2023-02-25,2024-11-30,0
C0500,2023-02-25,2024-12-31,0
C0500,2023-02-25,2025-01-31,3
C0500,2023-02-25,2025-02-28,0
C0500,2023-02-25,2025-03-31,0
C0500,2023-02-25,2025-04-30,0
C0500,2023-02-25,2025-05-31,15
C0500,2023-02-25,2025-06-30,20
C0500,2023-02-25,2025-07-31,0
C0500,2023-02-25,2025-08-31,40
C0500,2023-02-25,2025-09-30,15
C0500,2023-02-25,2025-10-31,0
C0500,2023-02-25,2025-11-30,1
C0500,2023-02-25,2025-12-31,0
C0501,2024-11-11,2024-11-30,6
C0501,2024-11-11,2024-12-31,0
C0501,2024-11-11,2025-01-31,0
C0501,2024-11-11,2025-02-28,29
C0501,2024-11-11,2025-03-31,0
C0501,2024-11-11,2025-04-30,0
C0501,2024-11-11,2025-05-31,0
C0501,2024-11-11,2025-06-30,0
C0501,2024-11-11,2025-07-31,0
C0501,2024-11-11,2025-08-31,0
C0501,2024-11-11,2025-09-30,0
C0501,2024-11-11,2025-10-31,53
C0501,2024-11-11,2025-11-30,0
C0501,2024-11-11,2025-12-31,0
C0502,2025-03-06,2025-03-31,0
C0502,2025-03-06,2025-04-30,23
C0502,2025-03-06,2025-05-31,0
C0502,2025-03-06,2025-06-30,0
C0502,2025-03-06,2025-07-31,0
C0502,2025-03-06,2025-08-31,11
C0502,2025-03-06,2025-09-30,0
C0502,2025-03-06,2025-10-31,0
C0502,2025-03-06,2025-11-30,0
C0502,2025-03-06,2025-12-31,62
C0503,2025-01-10,2025-01-31,0
C0503,2025-01-10,2025-02-28,0
C0503,2025-01-10,2025-03-31,0
C0503,2025-01-10,2025-04-30,0
C0503,2025-01-10,2025-05-31,0
C0503,2025-01-10,2025-06-30,0
C0503,2025-01-10,2025-07-31,0
C0503,2025-01-10,2025-08-31,0
C0503,2025-01-10,2025-09-30,0
C0503,2025-01-10,2025-10-31,0
C0503,2025-01-10,2025-11-30,34
C0503,2025-01-10,2025-12-31,0
C0504,2023-03-09,2023-03-31,0
C0504,2023-03-09,2023-04-30,0
C0504,2023-03-09,2023-05-31,0
C0504,2023-03-09,2023-06-30,0
C0504,2023-03-09,2023-07-31,0
C0504,2023-03-09,2023-08-31,42
C0504,2023-03-09,2023-09-30,0
C0504,2023-03-09,2023-10-31,0
C0504,2023-03-09,2023-11-30,32
C0504,2023-03-09,2023-12-31,20
C0504,2023-03-09,2024-01-31,0
C0504,2023-03-09,2024-02-29,0
C0504,2023-03-09,2024-03-31,0
C0504,2023-03-09,2024-04-30,0
C0504,2023-03-09,2024-05-31,0
C0504,2023-03-09,2024-06-30,0
C0504,2023-03-09,2024-07-31,0
C0504,2023-03-09,2024-08-31,0
C0504,2023-03-09,2024-09-30,28
C0504,2023-03-09,2024-10-31,50
C0504,2023-03-09,2024-11-30,73
C0504,2023-03-09,2024-12-31,95
C0505,2023-06-19,2023-06-30,18
C0505,2023-06-19,2023-07-31,5
C0505,2023-06-19,2023-08-31,0
C0505,2023-06-19,2023-09-30,4
C0505,2023-06-19,2023-10-31,0
C0505,2023-06-19,2023-11-30,0
C0505,2023-06-19,2023-12-31,0
C0505,2023-06-19,2024-01-31,0
C0505,2023-06-19,2024-02-29,0
C0505,2023-06-19,2024-03-31,0
C0505,2023-06-19,2024-04-30,0
C0505,2023-06-19,2024-05-31,0
C0505,2023-06-19,2024-06-30,19
C0505,2023-06-19,2024-07-31,10
C0505,2023-06-19,2024-08-31,51
C0505,2023-06-19,2024-09-30,81
C0505,2023-06-19,2024-10-31,99
C0506,2024-12-08,2024-12-31,0
C0506,2024-12-08,2025-01-31,0
C0506,2024-12-08,2025-02-28,0
C0506,2024-12-08,2025-03-31,0
C0506,2024-12-08,2025-04-30,0
C0506,2024-12-08,2025-05-31,53
C0506,2024-12-08,2025-06-30,0
C0506,2024-12-08,2025-07-31,0
C0506,2024-12-08,2025-08-31,0
C0506,2024-12-08,2025-09-30,0
C0506,2024-12-08,2025-10-31,0
C0506,2024-12-08,2025-11-30,0
C0506,2024-12-08,2025-12-31,0
C0507,2025-01-10,2025-01-31,6
C0507,2025-01-10,2025-02-28,0
C0507,2025-01-10,2025-03-31,0
C0507,2025-01-10,2025-04-30,0
C0507,2025-01-10,2025-05-31,0
C0507,2025-01-10,2025-06-30,5
C0507,2025-01-10,2025-07-31,0
C0507,2025-01-10,2025-08-31,0
C0507,2025-01-10,2025-09-30,0
C0507,2025-01-10,2025-10-31,0
C0507,2025-01-10,2025-11-30,0
C0507,2025-01-10,2025-12-31,0
C0508,2024-05-08,2024-05-31,0
C0508,2024-05-08,2024-06-30,0
C0508,2024-05-08,2024-07-31,0
C0508,2024-05-08,2024-08-31,0
C0508,2024-05-08,2024-09-30,0
C0508,2024-05-08,2024-10-31,0
C0508,2024-05-08,2024-11-30,0
C0508,2024-05-08,2024-12-31,0
C0508,2024-05-08,2025-01-31,0
C0508,2024-05-08,2025-02-28,0
C0508,2024-05-08,2025-03-31,0
C0508,2024-05-08,2025-04-30,0
C0508,2024-05-08,2025-05-31,12
C0508,2024-05-08,2025-06-30,43
C0508,2024-05-08,2025-07-31,72
C0508,2024-05-08,2025-08-31,111
C0509,2023-05-20,2023-05-31,0
C0509,2023-05-20,2023-06-30,0
C0509,2023-05-20,2023-07-31,24
C0509,2023-05-20,2023-08-31,85
C0509,2023-05-20,2023-09-30,0
C0509,2023-05-20,2023-10-31,0
C0509,2023-05-20,2023-11-30,0
C0509,2023-05-20,2023-12-31,0
C0509,2023-05-20,2024-01-31,0
C0509,2023-05-20,2024-02-29,0
C0509,2023-05-20,2024-03-31,22
C0509,2023-05-20,2024-04-30,0
C0509,2023-05-20,2024-05-31,0
C0509,2023-05-20,2024-06-30,0
C0509,2023-05-20,2024-07-31,0
C0509,2023-05-20,2024-08-31,0
C0509,2023-05-20,2024-09-30,0
C0509,2023-05-20,2024-10-31,0
C0509,2023-05-20,2024-11-30,0
C0509,2023-05-20,2024-12-31,0
C0509,2023-05-20,2025-01-31,0
C0509,2023-05-20,2025-02-28,46
C0509,2023-05-20,2025-03-31,33
C0509,2023-05-20,2025-04-30,0
C0509,2023-05-20,2025-05-31,0
C0509,2023-05-20,2025-06-30,0
C0509,2023-05-20,2025-07-31,0
C0509,2023-05-20,2025-08-31,0
C0509,2023-05-20,2025-09-30,0
C0509,2023-05-20,2025-10-31,0
C0509,2023-05-20,2025-11-30,0
C0509,2023-05-20,2025-12-31,0
C0510,2023-08-17,2023-08-31,48
C0510,2023-08-17,2023-09-30,66
C0510,2023-08-17,2023-10-31,92
C0511,2024-07-19,2024-07-31,0
C0511,2024-07-19,2024-08-31,0
C0511,2024-07-19,2024-09-30,0
C0511,2024-07-19,2024-10-31,0
C0511,2024-07-19,2024-11-30,0
C0511,2024-07-19,2024-12-31,0
C0511,2024-07-19,2025-01-31,0
C0511,2024-07-19,2025-02-28,0
C0511,2024-07-19,2025-03-31,0
C0511,2024-07-19,2025-04-30,0
C0511,2024-07-19,2025-05-31,0
C0511,2024-07-19,2025-06-30,0
C0511,2024-07-19,2025-07-31,0
C0511,2024-07-19,2025-08-31,0
C0511,2024-07-19,2025-09-30,9
C0511,2024-07-19,2025-10-31,0
C0511,2024-07-19,2025-11-30,33
C0511,2024-07-19,2025-12-31,0
C0512,2025-01-11,2025-01-31,0
C0512,2025-01-11,2025-02-28,17
C0512,2025-01-11,2025-03-31,0
C0512,2025-01-11,2025-04-30,0
C0512,2025-01-11,2025-05-31,16
C0512,2025-01-11,2025-06-30,25
C0512,2025-01-11,2025-07-31,0
C0512,2025-01-11,2025-08-31,24
C0512,2025-01-11,2025-09-30,0
C0512,2025-01-11,2025-10-31,0
C0512,2025-01-11,2025-11-30,0
C0512,2025-01-11,2025-12-31,54
C0513,2023-03-01,2023-03-31,0
C0513,2023-03-01,2023-04-30,0
C0513,2023-03-01,2023-05-31,0
C0513,2023-03-01,2023-06-30,0
C0513,2023-03-01,2023-07-31,0
C0513,2023-03-01,2023-08-31,52
C0513,2023-03-01,2023-09-30,12
C0513,2023-03-01,2023-10-31,0
C0513,2023-03-01,2023-11-30,0
C0513,2023-03-01,2023-12-31,0
C0513,2023-03-01,2024-01-31,0
C0513,2023-03-01,2024-02-29,0
C0513,2023-03-01,2024-03-31,0
C0513,2023-03-01,2024-04-30,0
C0513,2023-03-01,2024-05-31,0
C0513,2023-03-01,2024-06-30,0
C0513,2023-03-01,2024-07-31,0
C0513,2023-03-01,2024-08-31,0
C0513,2023-03-01,2024-09-30,20
C0513,2023-03-01,2024-10-31,0
C0513,2023-03-01,2024-11-30,23
C0513,2023-03-01,2024-12-31,53
C0513,2023-03-01,2025-01-31,83
C0513,2023-03-01,2025-02-28,108
C0514,2023-02-15,2023-02-28,0
C0514,2023-02-15,2023-03-31,71
C0514,2023-02-15,2023-04-30,0
C0514,2023-02-15,2023-05-31,0
C0514,2023-02-15,2023-06-30,0
C0514,2023-02-15,2023-07-31,0
C0514,2023-02-15,2023-08-31,0
C0514,2023-02-15,2023-09-30,0
C0514,2023-02-15,2023-10-31,0
C0514,2023-02-15,2023-11-30,69
C0514,2023-02-15,2023-12-31,0
C0514,2023-02-15,2024-01-31,44
C0514,2023-02-15,2024-02-29,0
C0514,2023-02-15,2024-03-31,0
C0514,2023-02-15,2024-04-30,0
C0514,2023-02-15,2024-05-31,0
C0514,2023-02-15,2024-06-30,45
C0514,2023-02-15,2024-07-31,0
C0514,2023-02-15,2024-08-31,0
C0514,2023-02-15,2024-09-30,0
C0514,2023-02-15,2024-10-31,86
C0514,2023-02-15,2024-11-30,0
C0514,2023-02-15,2024-12-31,33
C0514,2023-02-15,2025-01-31,0
C0514,2023-02-15,2025-02-28,0
C0514,2023-02-15,2025-03-31,7
C0514,2023-02-15,2025-04-30,0
C0514,2023-02-15,2025-05-31,0
C0514,2023-02-15,2025-06-30,0
C0514,2023-02-15,2025-07-31,0
C0514,2023-02-15,2025-08-31,0
C0514,2023-02-15,2025-09-30,0
C0514,2023-02-15,2025-10-31,0
C0514,2023-02-15,2025-11-30,54
C0514,2023-02-15,2025-12-31,50
C0515,2023-02-22,2023-02-28,0
C0515,2023-02-22,2023-03-31,0
C0515,2023-02-22,2023-04-30,0
C0515,2023-02-22,2023-05-31,0
C0515,2023-02-22,2023-06-30,21
C0515,2023-02-22,2023-07-31,0
C0515,2023-02-22,2023-08-31,0
C0515,2023-02-22,2023-09-30,0
C0515,2023-02-22,2023-10-31,0
C0515,2023-02-22,2023-11-30,0
C0515,2023-02-22,2023-12-31,0
C0515,2023-02-22,2024-01-31,24
C0515,2023-02-22,2024-02-29,0
C0515,2023-02-22,2024-03-31,0
C0515,2023-02-22,2024-04-30,0
C0515,2023-02-22,2024-05-31,0
C0515,2023-02-22,2024-06-30,0
C0515,2023-02-22,2024-07-31,0
C0515,2023-02-22,2024-08-31,0
C0515,2023-02-22,2024-09-30,0
C0515,2023-02-22,2024-10-31,0
C0515,2023-02-22,2024-11-30,0
C0515,2023-02-22,2024-12-31,0
C0515,2023-02-22,2025-01-31,0
C0515,2023-02-22,2025-02-28,0
C0515,2023-02-22,2025-03-31,0
C0515,2023-02-22,2025-04-30,22
C0515,2023-02-22,2025-05-31,0
C0515,2023-02-22,2025-06-30,49
C0515,2023-02-22,2025-07-31,0
C0515,2023-02-22,2025-08-31,0
C0515,2023-02-22,2025-09-30,0
C0515,2023-02-22,2025-10-31,0
C0515,2023-02-22,2025-11-30,0
C0515,2023-02-22,2025-12-31,0
C0516,2024-08-28,2024-08-31,0
C0516,2024-08-28,2024-09-30,0
C0516,2024-08-28,2024-10-31,0
C0516,2024-08-28,2024-11-30,0
C0516,2024-08-28,2024-12-31,0
C0516,2024-08-28,2025-01-31,0
C0516,2024-08-28,2025-02-28,34
C0516,2024-08-28,2025-03-31,0
C0516,2024-08-28,2025-04-30,0
C0516,2024-08-28,2025-05-31,0
C0516,2024-08-28,2025-06-30,26
C0516,2024-08-28,2025-07-31,0
C0516,2024-08-28,2025-08-31,0
C0516,2024-08-28,2025-09-30,0
C0516,2024-08-28,2025-10-31,7
C0516,2024-08-28,2025-11-30,0
C0516,2024-08-28,2025-12-31,0
C0517,2024-03-06,2024-03-31,0
C0517,2024-03-06,2024-04-30,0
C0517,2024-03-06,2024-05-31,4
C0517,2024-03-06,2024-06-30,37
C0517,2024-03-06,2024-07-31,0
C0517,2024-03-06,2024-08-31,46
C0517,2024-03-06,2024-09-30,0
C0517,2024-03-06,2024-10-31,7
C0517,2024-03-06,2024-11-30,0
C0517,2024-03-06,2024-12-31,0
C0517,2024-03-06,2025-01-31,0
C0517,2024-03-06,2025-02-28,0
C0517,2024-03-06,2025-03-31,0
C0517,2024-03-06,2025-04-30,0
C0517,2024-03-06,2025-05-31,0
C0517,2024-03-06,2025-06-30,0
C0517,2024-03-06,2025-07-31,0
C0517,2024-03-06,2025-08-31,0
C0517,2024-03-06,2025-09-30,0
C0517,2024-03-06,2025-10-31,0
C0517,2024-03-06,2025-11-30,0
C0517,2024-03-06,2025-12-31,0
C0518,2023-07-05,2023-07-31,0
C0518,2023-07-05,2023-08-31,0
C0518,2023-07-05,2023-09-30,0
C0518,2023-07-05,2023-10-31,0
C0518,2023-07-05,2023-11-30,0
C0518,2023-07-05,2023-12-31,0
C0518,2023-07-05,2024-01-31,1
C0518,2023-07-05,2024-02-29,0
C0518,2023-07-05,2024-03-31,0
C0518,2023-07-05,2024-04-30,42
C0518,2023-07-05,2024-05-31,24
C0518,2023-07-05,2024-06-30,0
C0518,2023-07-05,2024-07-31,10
C0518,2023-07-05,2024-08-31,57
C0518,2023-07-05,2024-09-30,85
C0518,2023-07-05,2024-10-31,113
C0519,2023-07-18,2023-07-31,0
C0519,2023-07-18,2023-08-31,0
C0519,2023-07-18,2023-09-30,0
C0519,2023-07-18,2023-10-31,0
C0519,2023-07-18,2023-11-30,0
C0519,2023-07-18,2023-12-31,59
C0519,2023-07-18,2024-01-31,41
C0519,2023-07-18,2024-02-29,82
C0519,2023-07-18,2024-03-31,120
C0520,2024-04-09,2024-04-30,71
C0520,2024-04-09,2024-05-31,113
C0521,2024-06-20,2024-06-30,0
C0521,2024-06-20,2024-07-31,0
C0521,2024-06-20,2024-08-31,0
C0521,2024-06-20,2024-09-30,0
C0521,2024-06-20,2024-10-31,0
C0521,2024-06-20,2024-11-30,0
C0521,2024-06-20,2024-12-31,0
C0521,2024-06-20,2025-01-31,0
C0521,2024-06-20,2025-02-28,0
C0521,2024-06-20,2025-03-31,0
C0521,2024-06-20,2025-04-30,0
C0521,2024-06-20,2025-05-31,81
C0521,2024-06-20,2025-06-30,0
C0521,2024-06-20,2025-07-31,0
C0521,2024-06-20,2025-08-31,0
C0521,2024-06-20,2025-09-30,0
C0521,2024-06-20,2025-10-31,0
C0521,2024-06-20,2025-11-30,0
C0521,2024-06-20,2025-12-31,0
C0522,2025-06-27,2025-06-30,9
C0522,2025-06-27,2025-07-31,0
C0522,2025-06-27,2025-08-31,0
C0522,2025-06-27,2025-09-30,0
C0522,2025-06-27,2025-10-31,0
C0522,2025-06-27,2025-11-30,0
C0522,2025-06-27,2025-12-31,0
C0523,2024-06-07,2024-06-30,0
C0523,2024-06-07,2024-07-31,0
C0523,2024-06-07,2024-08-31,0
C0523,2024-06-07,2024-09-30,0
C0523,2024-06-07,2024-10-31,0
C0523,2024-06-07,2024-11-30,0
C0523,2024-06-07,2024-12-31,0
C0523,2024-06-07,2025-01-31,0
C0523,2024-06-07,2025-02-28,0
C0523,2024-06-07,2025-03-31,0
C0523,2024-06-07,2025-04-30,0
C0523,2024-06-07,2025-05-31,0
C0523,2024-06-07,2025-06-30,0
C0523,2024-06-07,2025-07-31,79
C0523,2024-06-07,2025-08-31,0
C0523,2024-06-07,2025-09-30,15
C0523,2024-06-07,2025-10-31,11
C0523,2024-06-07,2025-11-30,0
C0523,2024-06-07,2025-12-31,0
C0524,2023-05-02,2023-05-31,44
C0524,2023-05-02,2023-06-30,0
C0524,2023-05-02,2023-07-31,0
C0524,2023-05-02,2023-08-31,0
C0524,2023-05-02,2023-09-30,0
C0524,2023-05-02,2023-10-31,0
C0524,2023-05-02,2023-11-30,0
C0524,2023-05-02,2023-12-31,0
C0524,2023-05-02,2024-01-31,0
C0524,2023-05-02,2024-02-29,82
C0524,2023-05-02,2024-03-31,0
C0524,2023-05-02,2024-04-30,82
C0524,2023-05-02,2024-05-31,0
C0524,2023-05-02,2024-06-30,29
C0524,2023-05-02,2024-07-31,19
C0524,2023-05-02,2024-08-31,4
C0524,2023-05-02,2024-09-30,0
C0524,2023-05-02,2024-10-31,0
C0524,2023-05-02,2024-11-30,0
C0524,2023-05-02,2024-12-31,0
C0524,2023-05-02,2025-01-31,0
C0524,2023-05-02,2025-02-28,0
C0524,2023-05-02,2025-03-31,0
C0524,2023-05-02,2025-04-30,0
C0524,2023-05-02,2025-05-31,0
C0524,2023-05-02,2025-06-30,0
C0524,2023-05-02,2025-07-31,0
C0524,2023-05-02,2025-08-31,0
C0524,2023-05-02,2025-09-30,0
C0524,2023-05-02,2025-10-31,0
C0524,2023-05-02,2025-11-30,0
C0524,2023-05-02,2025-12-31,0
C0525,2024-11-27,2024-11-30,35
C0525,2024-11-27,2024-12-31,0
C0525,2024-11-27,2025-01-31,0
C0525,2024-11-27,2025-02-28,0
C0525,2024-11-27,2025-03-31,0
C0525,2024-11-27,2025-04-30,0
C0525,2024-11-27,2025-05-31,8
C0525,2024-11-27,2025-06-30,0
C0525,2024-11-27,2025-07-31,0
C0525,2024-11-27,2025-08-31,0
C0525,2024-11-27,2025-09-30,85
C0525,2024-11-27,2025-10-31,0
C0525,2024-11-27,2025-11-30,0
C0525,2024-11-27,2025-12-31,0
C0526,2023-11-27,2023-11-30,0
C0526,2023-11-27,2023-12-31,0
C0526,2023-11-27,2024-01-31,0
C0526,2023-11-27,2024-02-29,28
C0526,2023-11-27,2024-03-31,0
C0526,2023-11-27,2024-04-30,22
C0526,2023-11-27,2024-05-31,0
C0526,2023-11-27,2024-06-30,0
C0526,2023-11-27,2024-07-31,0
C0526,2023-11-27,2024-08-31,46
C0526,2023-11-27,2024-09-30,0
C0526,2023-11-27,2024-10-31,0
C0526,2023-11-27,2024-11-30,0
C0526,2023-11-27,2024-12-31,0
C0526,2023-11-27,2025-01-31,0
C0526,2023-11-27,2025-02-28,0
C0526,2023-11-27,2025-03-31,0
C0526,2023-11-27,2025-04-30,0
C0526,2023-11-27,2025-05-31,0
C0526,2023-11-27,2025-06-30,0
C0526,2023-11-27,2025-07-31,0
C0526,2023-11-27,2025-08-31,22
C0526,2023-11-27,2025-09-30,0
C0526,2023-11-27,2025-10-31,0
C0526,2023-11-27,2025-11-30,0
C0526,2023-11-27,2025-12-31,0
C0527,2024-12-13,2024-12-31,10
C0527,2024-12-13,2025-01-31,0
C0527,2024-12-13,2025-02-28,0
C0527,2024-12-13,2025-03-31,0
C0527,2024-12-13,2025-04-30,0
C0527,2024-12-13,2025-05-31,0
C0527,2024-12-13,2025-06-30,0
C0527,2024-12-13,2025-07-31,0
C0527,2024-12-13,2025-08-31,0
C0527,2024-12-13,2025-09-30,0
C0527,2024-12-13,2025-10-31,0
C0527,2024-12-13,2025-11-30,0
C0527,2024-12-13,2025-12-31,0
C0528,2023-04-10,2023-04-30,0
C0528,2023-04-10,2023-05-31,0
C0528,2023-04-10,2023-06-30,22
C0528,2023-04-10,2023-07-31,11
C0528,2023-04-10,2023-08-31,0
C0528,2023-04-10,2023-09-30,0
C0528,2023-04-10,2023-10-31,0
C0528,2023-04-10,2023-11-30,0
C0528,2023-04-10,2023-12-31,67
C0528,2023-04-10,2024-01-31,0
C0528,2023-04-10,2024-02-29,0
C0528,2023-04-10,2024-03-31,0
C0528,2023-04-10,2024-04-30,0
C0528,2023-04-10,2024-05-31,0
C0528,2023-04-10,2024-06-30,20
C0528,2023-04-10,2024-07-31,0
C0528,2023-04-10,2024-08-31,0
C0528,2023-04-10,2024-09-30,0
C0528,2023-04-10,2024-10-31,0
C0528,2023-04-10,2024-11-30,0
C0528,2023-04-10,2024-12-31,0
C0528,2023-04-10,2025-01-31,0
C0528,2023-04-10,2025-02-28,0
C0528,2023-04-10,2025-03-31,0
C0528,2023-04-10,2025-04-30,0
C0528,2023-04-10,2025-05-31,0
C0528,2023-04-10,2025-06-30,0
C0528,2023-04-10,2025-07-31,0
C0528,2023-04-10,2025-08-31,0
C0528,2023-04-10,2025-09-30,24
C0528,2023-04-10,2025-10-31,0
C0528,2023-04-10,2025-11-30,0
C0528,2023-04-10,2025-12-31,0
C0529,2023-02-04,2023-02-28,76
C0529,2023-02-04,2023-03-31,0
C0529,2023-02-04,2023-04-30,0
C0529,2023-02-04,2023-05-31,0
C0529,2023-02-04,2023-06-30,0
C0529,2023-02-04,2023-07-31,26
C0529,2023-02-04,2023-08-31,0
C0529,2023-02-04,2023-09-30,0
C0529,2023-02-04,2023-10-31,0
C0529,2023-02-04,2023-11-30,0
C0529,2023-02-04,2023-12-31,0
C0529,2023-02-04,2024-01-31,0
C0529,2023-02-04,2024-02-29,0
C0529,2023-02-04,2024-03-31,0
C0529,2023-02-04,2024-04-30,0
C0529,2023-02-04,2024-05-31,0
C0529,2023-02-04,2024-06-30,0
C0529,2023-02-04,2024-07-31,0
C0529,2023-02-04,2024-08-31,0
C0529,2023-02-04,2024-09-30,0
C0529,2023-02-04,2024-10-31,0
C0529,2023-02-04,2024-11-30,0
C0529,2023-02-04,2024-12-31,17
C0529,2023-02-04,2025-01-31,0
C0529,2023-02-04,2025-02-28,0
C0529,2023-02-04,2025-03-31,0
C0529,2023-02-04,2025-04-30,0
C0529,2023-02-04,2025-05-31,0
C0529,2023-02-04,2025-06-30,0
C0529,2023-02-04,2025-07-31,2
C0529,2023-02-04,2025-08-31,0
C0529,2023-02-04,2025-09-30,0
C0529,2023-02-04,2025-10-31,0
C0529,2023-02-04,2025-11-30,0
C0529,2023-02-04,2025-12-31,0
C0530,2025-05-03,2025-05-31,0
C0530,2025-05-03,2025-06-30,0
C0530,2025-05-03,2025-07-31,0
C0530,2025-05-03,2025-08-31,27
C0530,2025-05-03,2025-09-30,0
C0530,2025-05-03,2025-10-31,0
C0530,2025-05-03,2025-11-30,0
C0530,2025-05-03,2025-12-31,0
C0531,2025-04-10,2025-04-30,0
C0531,2025-04-10,2025-05-31,0
C0531,2025-04-10,2025-06-30,0
C0531,2025-04-10,2025-07-31,0
C0531,2025-04-10,2025-08-31,26
C0531,2025-04-10,2025-09-30,0
C0531,2025-04-10,2025-10-31,0
C0531,2025-04-10,2025-11-30,0
C0531,2025-04-10,2025-12-31,0
C0532,2023-01-10,2023-01-31,0
C0532,2023-01-10,2023-02-28,0
C0532,2023-01-10,2023-03-31,0
C0532,2023-01-10,2023-04-30,0
C0532,2023-01-10,2023-05-31,0
C0532,2023-01-10,2023-06-30,0
C0532,2023-01-10,2023-07-31,0
C0532,2023-01-10,2023-08-31,0
C0532,2023-01-10,2023-09-30,0
C0532,2023-01-10,2023-10-31,0
C0532,2023-01-10,2023-11-30,27
C0532,2023-01-10,2023-12-31,0
C0532,2023-01-10,2024-01-31,0
C0532,2023-01-10,2024-02-29,0
C0532,2023-01-10,2024-03-31,0
C0532,2023-01-10,2024-04-30,0
C0532,2023-01-10,2024-05-31,0
C0532,2023-01-10,2024-06-30,16
C0532,2023-01-10,2024-07-31,0
C0532,2023-01-10,2024-08-31,12
C0532,2023-01-10,2024-09-30,46
C0532,2023-01-10,2024-10-31,61
C0532,2023-01-10,2024-11-30,113
C0533,2023-03-23,2023-03-31,0
C0533,2023-03-23,2023-04-30,0
C0533,2023-03-23,2023-05-31,0
C0533,2023-03-23,2023-06-30,0
C0533,2023-03-23,2023-07-31,0
C0533,2023-03-23,2023-08-31,11
C0533,2023-03-23,2023-09-30,0
C0533,2023-03-23,2023-10-31,0
C0533,2023-03-23,2023-11-30,0
C0533,2023-03-23,2023-12-31,0
C0533,2023-03-23,2024-01-31,0
C0533,2023-03-23,2024-02-29,0
C0533,2023-03-23,2024-03-31,0
C0533,2023-03-23,2024-04-30,0
C0533,2023-03-23,2024-05-31,0
C0533,2023-03-23,2024-06-30,0
C0533,2023-03-23,2024-07-31,0
C0533,2023-03-23,2024-08-31,0
C0533,2023-03-23,2024-09-30,3
C0533,2023-03-23,2024-10-31,0
C0533,2023-03-23,2024-11-30,0
C0533,2023-03-23,2024-12-31,20
C0533,2023-03-23,2025-01-31,0
C0533,2023-03-23,2025-02-28,0
C0533,2023-03-23,2025-03-31,0
C0533,2023-03-23,2025-04-30,0
C0533,2023-03-23,2025-05-31,0
C0533,2023-03-23,2025-06-30,0
C0533,2023-03-23,2025-07-31,0
C0533,2023-03-23,2025-08-31,0
C0533,2023-03-23,2025-09-30,0
C0533,2023-03-23,2025-10-31,49
C0533,2023-03-23,2025-11-30,17
C0533,2023-03-23,2025-12-31,0
C0534,2023-11-07,2023-11-30,0
C0534,2023-11-07,2023-12-31,22
C0534,2023-11-07,2024-01-31,0
C0534,2023-11-07,2024-02-29,0
C0534,2023-11-07,2024-03-31,0
C0534,2023-11-07,2024-04-30,23
C0534,2023-11-07,2024-05-31,0
C0534,2023-11-07,2024-06-30,0
C0534,2023-11-07,2024-07-31,0
C0534,2023-11-07,2024-08-31,0
C0534,2023-11-07,2024-09-30,0
C0534,2023-11-07,2024-10-31,0
C0534,2023-11-07,2024-11-30,0
C0534,2023-11-07,2024-12-31,0
C0534,2023-11-07,2025-01-31,0
C0534,2023-11-07,2025-02-28,0
C0534,2023-11-07,2025-03-31,0
C0534,2023-11-07,2025-04-30,0
C0534,2023-11-07,2025-05-31,35
C0534,2023-11-07,2025-06-30,0
C0534,2023-11-07,2025-07-31,30
C0534,2023-11-07,2025-08-31,0
C0534,2023-11-07,2025-09-30,0
C0534,2023-11-07,2025-10-31,0
C0534,2023-11-07,2025-11-30,0
C0534,2023-11-07,2025-12-31,0
C0535,2025-02-25,2025-02-28,0
C0535,2025-02-25,2025-03-31,0
C0535,2025-02-25,2025-04-30,0
C0535,2025-02-25,2025-05-31,0
C0535,2025-02-25,2025-06-30,0
C0535,2025-02-25,2025-07-31,27
C0535,2025-02-25,2025-08-31,0
C0535,2025-02-25,2025-09-30,0
C0535,2025-02-25,2025-10-31,0
C0535,2025-02-25,2025-11-30,0
C0535,2025-02-25,2025-12-31,0
C0536,2024-05-05,2024-05-31,0
C0536,2024-05-05,2024-06-30,49
C0536,2024-05-05,2024-07-31,0
C0536,2024-05-05,2024-08-31,0
C0536,2024-05-05,2024-09-30,0
C0536,2024-05-05,2024-10-31,0
C0536,2024-05-05,2024-11-30,0
C0536,2024-05-05,2024-12-31,0
C0536,2024-05-05,2025-01-31,12
C0536,2024-05-05,2025-02-28,0
C0536,2024-05-05,2025-03-31,0
C0536,2024-05-05,2025-04-30,0
C0536,2024-05-05,2025-05-31,0
C0536,2024-05-05,2025-06-30,0
C0536,2024-05-05,2025-07-31,48
C0536,2024-05-05,2025-08-31,0
C0536,2024-05-05,2025-09-30,0
C0536,2024-05-05,2025-10-31,0
C0536,2024-05-05,2025-11-30,0
C0536,2024-05-05,2025-12-31,18
C0537,2025-03-19,2025-03-31,0
C0537,2025-03-19,2025-04-30,0
C0537,2025-03-19,2025-05-31,4
C0537,2025-03-19,2025-06-30,0
C0537,2025-03-19,2025-07-31,0
C0537,2025-03-19,2025-08-31,0
C0537,2025-03-19,2025-09-30,50
C0537,2025-03-19,2025-10-31,0
C0537,2025-03-19,2025-11-30,0
C0537,2025-03-19,2025-12-31,0
C0538,2025-03-15,2025-03-31,0
C0538,2025-03-15,2025-04-30,0
C0538,2025-03-15,2025-05-31,0
C0538,2025-03-15,2025-06-30,0
C0538,2025-03-15,2025-07-31,0
C0538,2025-03-15,2025-08-31,0
C0538,2025-03-15,2025-09-30,0
C0538,2025-03-15,2025-10-31,29
C0538,2025-03-15,2025-11-30,50
C0538,2025-03-15,2025-12-31,0
C0539,2025-03-08,2025-03-31,0
C0539,2025-03-08,2025-04-30,0
C0539,2025-03-08,2025-05-31,0
C0539,2025-03-08,2025-06-30,27
C0539,2025-03-08,2025-07-31,0
C0539,2025-03-08,2025-08-31,1
C0539,2025-03-08,2025-09-30,0
C0539,2025-03-08,2025-10-31,40
C0539,2025-03-08,2025-11-30,0
C0539,2025-03-08,2025-12-31,0
C0540,2023-12-17,2023-12-31,0
C0540,2023-12-17,2024-01-31,0
C0540,2023-12-17,2024-02-29,0
C0540,2023-12-17,2024-03-31,0
C0540,2023-12-17,2024-04-30,0
C0540,2023-12-17,2024-05-31,0
C0540,2023-12-17,2024-06-30,0
C0540,2023-12-17,2024-07-31,0
C0540,2023-12-17,2024-08-31,0
C0540,2023-12-17,2024-09-30,48
C0540,2023-12-17,2024-10-31,0
C0540,2023-12-17,2024-11-30,0
C0540,2023-12-17,2024-12-31,0
C0540,2023-12-17,2025-01-31,0
C0540,2023-12-17,2025-02-28,0
C0540,2023-12-17,2025-03-31,0
C0540,2023-12-17,2025-04-30,0
C0540,2023-12-17,2025-05-31,3
C0540,2023-12-17,2025-06-30,10
C0540,2023-12-17,2025-07-31,0
C0540,2023-12-17,2025-08-31,0
C0540,2023-12-17,2025-09-30,10
C0540,2023-12-17,2025-10-31,12
C0540,2023-12-17,2025-11-30,0
C0540,2023-12-17,2025-12-31,10
C0541,2025-01-26,2025-01-31,25
C0541,2025-01-26,2025-02-28,0
C0541,2025-01-26,2025-03-31,0
C0541,2025-01-26,2025-04-30,0
C0541,2025-01-26,2025-05-31,0
C0541,2025-01-26,2025-06-30,0
C0541,2025-01-26,2025-07-31,19
C0541,2025-01-26,2025-08-31,0
C0541,2025-01-26,2025-09-30,58
C0541,2025-01-26,2025-10-31,22
C0541,2025-01-26,2025-11-30,0
C0541,2025-01-26,2025-12-31,23
C0542,2023-12-20,2023-12-31,0
C0542,2023-12-20,2024-01-31,0
C0542,2023-12-20,2024-02-29,0
C0542,2023-12-20,2024-03-31,0
C0542,2023-12-20,2024-04-30,23
C0542,2023-12-20,2024-05-31,0
C0542,2023-12-20,2024-06-30,0
C0542,2023-12-20,2024-07-31,0
C0542,2023-12-20,2024-08-31,0
C0542,2023-12-20,2024-09-30,0
C0542,2023-12-20,2024-10-31,0
C0542,2023-12-20,2024-11-30,0
C0542,2023-12-20,2024-12-31,0
C0542,2023-12-20,2025-01-31,0
C0542,2023-12-20,2025-02-28,0
C0542,2023-12-20,2025-03-31,0
C0542,2023-12-20,2025-04-30,0
C0542,2023-12-20,2025-05-31,0
C0542,2023-12-20,2025-06-30,0
C0542,2023-12-20,2025-07-31,0
C0542,2023-12-20,2025-08-31,0
C0542,2023-12-20,2025-09-30,27
C0542,2023-12-20,2025-10-31,0
C0542,2023-12-20,2025-11-30,0
C0542,2023-12-20,2025-12-31,0
C0543,2023-12-12,2023-12-31,0
C0543,2023-12-12,2024-01-31,0
C0543,2023-12-12,2024-02-29,0
C0543,2023-12-12,2024-03-31,0
C0543,2023-12-12,2024-04-30,0
C0543,2023-12-12,2024-05-31,0
C0543,2023-12-12,2024-06-30,45
C0543,2023-12-12,2024-07-31,18
C0543,2023-12-12,2024-08-31,0
C0543,2023-12-12,2024-09-30,0
C0543,2023-12-12,2024-10-31,0
C0543,2023-12-12,2024-11-30,0
C0543,2023-12-12,2024-12-31,36
C0543,2023-12-12,2025-01-31,0
C0543,2023-12-12,2025-02-28,0
C0543,2023-12-12,2025-03-31,14
C0543,2023-12-12,2025-04-30,0
C0543,2023-12-12,2025-05-31,0
C0543,2023-12-12,2025-06-30,0
C0543,2023-12-12,2025-07-31,0
C0543,2023-12-12,2025-08-31,0
C0543,2023-12-12,2025-09-30,0
C0543,2023-12-12,2025-10-31,0
C0543,2023-12-12,2025-11-30,19
C0543,2023-12-12,2025-12-31,0
C0544,2024-10-27,2024-10-31,0
C0544,2024-10-27,2024-11-30,20
C0544,2024-10-27,2024-12-31,25
C0544,2024-10-27,2025-01-31,0
C0544,2024-10-27,2025-02-28,0
C0544,2024-10-27,2025-03-31,27
C0544,2024-10-27,2025-04-30,14
C0544,2024-10-27,2025-05-31,0
C0544,2024-10-27,2025-06-30,0
C0544,2024-10-27,2025-07-31,53
C0544,2024-10-27,2025-08-31,0
C0544,2024-10-27,2025-09-30,85
C0544,2024-10-27,2025-10-31,0
C0544,2024-10-27,2025-11-30,47
C0544,2024-10-27,2025-12-31,0
C0545,2024-08-10,2024-08-31,0
C0545,2024-08-10,2024-09-30,3
C0545,2024-08-10,2024-10-31,39
C0545,2024-08-10,2024-11-30,68
C0545,2024-08-10,2024-12-31,0
C0545,2024-08-10,2025-01-31,0
C0545,2024-08-10,2025-02-28,0
C0545,2024-08-10,2025-03-31,0
C0545,2024-08-10,2025-04-30,54
C0545,2024-08-10,2025-05-31,0
C0545,2024-08-10,2025-06-30,51
C0545,2024-08-10,2025-07-31,0
C0545,2024-08-10,2025-08-31,59
C0545,2024-08-10,2025-09-30,0
C0545,2024-08-10,2025-10-31,0
C0545,2024-08-10,2025-11-30,0
C0545,2024-08-10,2025-12-31,0
C0546,2023-11-22,2023-11-30,0
C0546,2023-11-22,2023-12-31,23
C0546,2023-11-22,2024-01-31,0
C0546,2023-11-22,2024-02-29,0
C0546,2023-11-22,2024-03-31,0
C0546,2023-11-22,2024-04-30,0
C0546,2023-11-22,2024-05-31,0
C0546,2023-11-22,2024-06-30,0
C0546,2023-11-22,2024-07-31,0
C0546,2023-11-22,2024-08-31,0
C0546,2023-11-22,2024-09-30,0
C0546,2023-11-22,2024-10-31,0
C0546,2023-11-22,2024-11-30,23
C0546,2023-11-22,2024-12-31,0
C0546,2023-11-22,2025-01-31,59
C0546,2023-11-22,2025-02-28,5
C0546,2023-11-22,2025-03-31,1
C0546,2023-11-22,2025-04-30,0
C0546,2023-11-22,2025-05-31,0
C0546,2023-11-22,2025-06-30,43
C0546,2023-11-22,2025-07-31,0
C0546,2023-11-22,2025-08-31,8
C0546,2023-11-22,2025-09-30,81
C0546,2023-11-22,2025-10-31,0
C0546,2023-11-22,2025-11-30,0
C0546,2023-11-22,2025-12-31,0
C0547,2025-04-07,2025-04-30,0
C0547,2025-04-07,2025-05-31,0
C0547,2025-04-07,2025-06-30,0
C0547,2025-04-07,2025-07-31,0
C0547,2025-04-07,2025-08-31,0
C0547,2025-04-07,2025-09-30,50
C0547,2025-04-07,2025-10-31,0
C0547,2025-04-07,2025-11-30,0
C0547,2025-04-07,2025-12-31,0
C0548,2025-04-08,2025-04-30,0
C0548,2025-04-08,2025-05-31,24
C0548,2025-04-08,2025-06-30,47
C0548,2025-04-08,2025-07-31,44
C0548,2025-04-08,2025-08-31,0
C0548,2025-04-08,2025-09-30,0
C0548,2025-04-08,2025-10-31,20
C0548,2025-04-08,2025-11-30,0
C0548,2025-04-08,2025-12-31,0
C0549,2025-02-28,2025-02-28,0
C0549,2025-02-28,2025-03-31,14
C0549,2025-02-28,2025-04-30,0
C0549,2025-02-28,2025-05-31,51
C0549,2025-02-28,2025-06-30,0
C0549,2025-02-28,2025-07-31,0
C0549,2025-02-28,2025-08-31,0
C0549,2025-02-28,2025-09-30,56
C0549,2025-02-28,2025-10-31,0
C0549,2025-02-28,2025-11-30,24
C0549,2025-02-28,2025-12-31,0
C0550,2024-01-08,2024-01-31,0
C0550,2024-01-08,2024-02-29,0
C0550,2024-01-08,2024-03-31,0
C0550,2024-01-08,2024-04-30,21
C0550,2024-01-08,2024-05-31,0
C0550,2024-01-08,2024-06-30,0
C0550,2024-01-08,2024-07-31,0
C0550,2024-01-08,2024-08-31,0
C0550,2024-01-08,2024-09-30,7
C0550,2024-01-08,2024-10-31,46
C0550,2024-01-08,2024-11-30,0
C0550,2024-01-08,2024-12-31,0
C0550,2024-01-08,2025-01-31,0
C0550,2024-01-08,2025-02-28,0
C0550,2024-01-08,2025-03-31,0
C0550,2024-01-08,2025-04-30,0
C0550,2024-01-08,2025-05-31,0
C0550,2024-01-08,2025-06-30,0
C0550,2024-01-08,2025-07-31,32
C0550,2024-01-08,2025-08-31,7
C0550,2024-01-08,2025-09-30,0
C0550,2024-01-08,2025-10-31,0
C0550,2024-01-08,2025-11-30,0
C0550,2024-01-08,2025-12-31,0
C0551,2023-07-20,2023-07-31,0
C0551,2023-07-20,2023-08-31,0
C0551,2023-07-20,2023-09-30,0
C0551,2023-07-20,2023-10-31,0
C0551,2023-07-20,2023-11-30,0
C0551,2023-07-20,2023-12-31,0
C0551,2023-07-20,2024-01-31,0
C0551,2023-07-20,2024-02-29,0
C0551,2023-07-20,2024-03-31,65
C0551,2023-07-20,2024-04-30,0
C0551,2023-07-20,2024-05-31,0
C0551,2023-07-20,2024-06-30,0
C0551,2023-07-20,2024-07-31,0
C0551,2023-07-20,2024-08-31,0
C0551,2023-07-20,2024-09-30,0
C0551,2023-07-20,2024-10-31,56
C0551,2023-07-20,2024-11-30,11
C0551,2023-07-20,2024-12-31,54
C0551,2023-07-20,2025-01-31,83
C0551,2023-07-20,2025-02-28,93
C0552,2023-12-05,2023-12-31,0
C0552,2023-12-05,2024-01-31,0
C0552,2023-12-05,2024-02-29,0
C0552,2023-12-05,2024-03-31,0
C0552,2023-12-05,2024-04-30,0
C0552,2023-12-05,2024-05-31,0
C0552,2023-12-05,2024-06-30,0
C0552,2023-12-05,2024-07-31,0
C0552,2023-12-05,2024-08-31,0
C0552,2023-12-05,2024-09-30,0
C0552,2023-12-05,2024-10-31,0
C0552,2023-12-05,2024-11-30,0
C0552,2023-12-05,2024-12-31,0
C0552,2023-12-05,2025-01-31,2
C0552,2023-12-05,2025-02-28,0
C0552,2023-12-05,2025-03-31,0
C0552,2023-12-05,2025-04-30,0
C0552,2023-12-05,2025-05-31,0
C0552,2023-12-05,2025-06-30,0
C0552,2023-12-05,2025-07-31,29
C0552,2023-12-05,2025-08-31,0
C0552,2023-12-05,2025-09-30,0
C0552,2023-12-05,2025-10-31,0
C0552,2023-12-05,2025-11-30,0
C0552,2023-12-05,2025-12-31,0
C0553,2023-06-22,2023-06-30,13
C0553,2023-06-22,2023-07-31,0
C0553,2023-06-22,2023-08-31,22
C0553,2023-06-22,2023-09-30,0
C0553,2023-06-22,2023-10-31,0
C0553,2023-06-22,2023-11-30,73
C0553,2023-06-22,2023-12-31,9
C0553,2023-06-22,2024-01-31,0
C0553,2023-06-22,2024-02-29,0
C0553,2023-06-22,2024-03-31,1
C0553,2023-06-22,2024-04-30,20
C0553,2023-06-22,2024-05-31,46
C0553,2023-06-22,2024-06-30,0
C0553,2023-06-22,2024-07-31,0
C0553,2023-06-22,2024-08-31,0
C0553,2023-06-22,2024-09-30,0
C0553,2023-06-22,2024-10-31,0
C0553,2023-06-22,2024-11-30,26
C0553,2023-06-22,2024-12-31,0
C0553,2023-06-22,2025-01-31,0
C0553,2023-06-22,2025-02-28,0
C0553,2023-06-22,2025-03-31,0
C0553,2023-06-22,2025-04-30,20
C0553,2023-06-22,2025-05-31,0
C0553,2023-06-22,2025-06-30,0
C0553,2023-06-22,2025-07-31,0
C0553,2023-06-22,2025-08-31,6
C0553,2023-06-22,2025-09-30,0
C0553,2023-06-22,2025-10-31,0
C0553,2023-06-22,2025-11-30,0
C0553,2023-06-22,2025-12-31,44
C0554,2024-05-16,2024-05-31,39
C0554,2024-05-16,2024-06-30,9
C0554,2024-05-16,2024-07-31,0
C0554,2024-05-16,2024-08-31,0
C0554,2024-05-16,2024-09-30,0
C0554,2024-05-16,2024-10-31,0
C0554,2024-05-16,2024-11-30,0
C0554,2024-05-16,2024-12-31,0
C0554,2024-05-16,2025-01-31,0
C0554,2024-05-16,2025-02-28,0
C0554,2024-05-16,2025-03-31,9
C0554,2024-05-16,2025-04-30,0
C0554,2024-05-16,2025-05-31,0
C0554,2024-05-16,2025-06-30,0
C0554,2024-05-16,2025-07-31,0
C0554,2024-05-16,2025-08-31,0
C0554,2024-05-16,2025-09-30,0
C0554,2024-05-16,2025-10-31,29
C0554,2024-05-16,2025-11-30,0
C0554,2024-05-16,2025-12-31,0
C0555,2024-05-02,2024-05-31,0
C0555,2024-05-02,2024-06-30,0
C0555,2024-05-02,2024-07-31,0
C0555,2024-05-02,2024-08-31,0
C0555,2024-05-02,2024-09-30,0
C0555,2024-05-02,2024-10-31,0
C0555,2024-05-02,2024-11-30,0
C0555,2024-05-02,2024-12-31,0
C0555,2024-05-02,2025-01-31,0
C0555,2024-05-02,2025-02-28,0
C0555,2024-05-02,2025-03-31,0
C0555,2024-05-02,2025-04-30,0
C0555,2024-05-02,2025-05-31,0
C0555,2024-05-02,2025-06-30,0
C0555,2024-05-02,2025-07-31,0
C0555,2024-05-02,2025-08-31,0
C0555,2024-05-02,2025-09-30,0
C0555,2024-05-02,2025-10-31,0
C0555,2024-05-02,2025-11-30,0
C0555,2024-05-02,2025-12-31,0
C0556,2023-03-03,2023-03-31,21
C0556,2023-03-03,2023-04-30,89
C0556,2023-03-03,2023-05-31,68
C0556,2023-03-03,2023-06-30,120
C0557,2025-02-03,2025-02-28,0
C0557,2025-02-03,2025-03-31,0
C0557,2025-02-03,2025-04-30,0
C0557,2025-02-03,2025-05-31,27
C0557,2025-02-03,2025-06-30,0
C0557,2025-02-03,2025-07-31,0
C0557,2025-02-03,2025-08-31,0
C0557,2025-02-03,2025-09-30,0
C0557,2025-02-03,2025-10-31,0
C0557,2025-02-03,2025-11-30,0
C0557,2025-02-03,2025-12-31,0
C0558,2024-03-19,2024-03-31,0
C0558,2024-03-19,2024-04-30,32
C0558,2024-03-19,2024-05-31,0
C0558,2024-03-19,2024-06-30,0
C0558,2024-03-19,2024-07-31,0
C0558,2024-03-19,2024-08-31,0
C0558,2024-03-19,2024-09-30,52
C0558,2024-03-19,2024-10-31,10
C0558,2024-03-19,2024-11-30,0
C0558,2024-03-19,2024-12-31,0
C0558,2024-03-19,2025-01-31,0
C0558,2024-03-19,2025-02-28,0
C0558,2024-03-19,2025-03-31,15
C0558,2024-03-19,2025-04-30,0
C0558,2024-03-19,2025-05-31,0
C0558,2024-03-19,2025-06-30,0
C0558,2024-03-19,2025-07-31,0
C0558,2024-03-19,2025-08-31,0
C0558,2024-03-19,2025-09-30,0
C0558,2024-03-19,2025-10-31,0
C0558,2024-03-19,2025-11-30,0
C0558,2024-03-19,2025-12-31,0
C0559,2023-01-26,2023-01-31,0
C0559,2023-01-26,2023-02-28,0
C0559,2023-01-26,2023-03-31,16
C0559,2023-01-26,2023-04-30,0
C0559,2023-01-26,2023-05-31,0
C0559,2023-01-26,2023-06-30,0
C0559,2023-01-26,2023-07-31,26
C0559,2023-01-26,2023-08-31,0
C0559,2023-01-26,2023-09-30,0
C0559,2023-01-26,2023-10-31,0
C0559,2023-01-26,2023-11-30,27
C0559,2023-01-26,2023-12-31,44
C0559,2023-01-26,2024-01-31,78
C0559,2023-01-26,2024-02-29,106
C0560,2023-01-13,2023-01-31,16
C0560,2023-01-13,2023-02-28,0
C0560,2023-01-13,2023-03-31,0
C0560,2023-01-13,2023-04-30,0
C0560,2023-01-13,2023-05-31,6
C0560,2023-01-13,2023-06-30,0
C0560,2023-01-13,2023-07-31,0
C0560,2023-01-13,2023-08-31,37
C0560,2023-01-13,2023-09-30,0
C0560,2023-01-13,2023-10-31,0
C0560,2023-01-13,2023-11-30,0
C0560,2023-01-13,2023-12-31,0
C0560,2023-01-13,2024-01-31,0
C0560,2023-01-13,2024-02-29,13
C0560,2023-01-13,2024-03-31,21
C0560,2023-01-13,2024-04-30,0
C0560,2023-01-13,2024-05-31,0
C0560,2023-01-13,2024-06-30,0
C0560,2023-01-13,2024-07-31,0
C0560,2023-01-13,2024-08-31,83
C0560,2023-01-13,2024-09-30,0
C0560,2023-01-13,2024-10-31,0
C0560,2023-01-13,2024-11-30,0
C0560,2023-01-13,2024-12-31,0
C0560,2023-01-13,2025-01-31,20
C0560,2023-01-13,2025-02-28,0
C0560,2023-01-13,2025-03-31,0
C0560,2023-01-13,2025-04-30,0
C0560,2023-01-13,2025-05-31,8
C0560,2023-01-13,2025-06-30,0
C0560,2023-01-13,2025-07-31,0
C0560,2023-01-13,2025-08-31,0
C0560,2023-01-13,2025-09-30,0
C0560,2023-01-13,2025-10-31,0
C0560,2023-01-13,2025-11-30,26
C0560,2023-01-13,2025-12-31,0
C0561,2024-05-23,2024-05-31,0
C0561,2024-05-23,2024-06-30,0
C0561,2024-05-23,2024-07-31,0
C0561,2024-05-23,2024-08-31,0
C0561,2024-05-23,2024-09-30,0
C0561,2024-05-23,2024-10-31,0
C0561,2024-05-23,2024-11-30,0
C0561,2024-05-23,2024-12-31,0
C0561,2024-05-23,2025-01-31,0
C0561,2024-05-23,2025-02-28,0
C0561,2024-05-23,2025-03-31,0
C0561,2024-05-23,2025-04-30,0
C0561,2024-05-23,2025-05-31,0
C0561,2024-05-23,2025-06-30,0
C0561,2024-05-23,2025-07-31,0
C0561,2024-05-23,2025-08-31,13
C0561,2024-05-23,2025-09-30,0
C0561,2024-05-23,2025-10-31,0
C0561,2024-05-23,2025-11-30,0
C0561,2024-05-23,2025-12-31,0
C0562,2023-09-10,2023-09-30,0
C0562,2023-09-10,2023-10-31,0
C0562,2023-09-10,2023-11-30,0
C0562,2023-09-10,2023-12-31,0
C0562,2023-09-10,2024-01-31,0
C0562,2023-09-10,2024-02-29,0
C0562,2023-09-10,2024-03-31,0
C0562,2023-09-10,2024-04-30,19
C0562,2023-09-10,2024-05-31,21
C0562,2023-09-10,2024-06-30,0
C0562,2023-09-10,2024-07-31,0
C0562,2023-09-10,2024-08-31,0
C0562,2023-09-10,2024-09-30,0
C0562,2023-09-10,2024-10-31,0
C0562,2023-09-10,2024-11-30,0
C0562,2023-09-10,2024-12-31,0
C0562,2023-09-10,2025-01-31,0
C0562,2023-09-10,2025-02-28,0
C0562,2023-09-10,2025-03-31,0
C0562,2023-09-10,2025-04-30,0
C0562,2023-09-10,2025-05-31,0
C0562,2023-09-10,2025-06-30,0
C0562,2023-09-10,2025-07-31,0
C0562,2023-09-10,2025-08-31,0
C0562,2023-09-10,2025-09-30,0
C0562,2023-09-10,2025-10-31,0
C0562,2023-09-10,2025-11-30,0
C0562,2023-09-10,2025-12-31,0
C0563,2023-10-22,2023-10-31,8
C0563,2023-10-22,2023-11-30,0
C0563,2023-10-22,2023-12-31,0
C0563,2023-10-22,2024-01-31,56
C0563,2023-10-22,2024-02-29,0
C0563,2023-10-22,2024-03-31,0
C0563,2023-10-22,2024-04-30,0
C0563,2023-10-22,2024-05-31,0
C0563,2023-10-22,2024-06-30,0
C0563,2023-10-22,2024-07-31,0
C0563,2023-10-22,2024-08-31,0
C0563,2023-10-22,2024-09-30,0
C0563,2023-10-22,2024-10-31,0
C0563,2023-10-22,2024-11-30,0
C0563,2023-10-22,2024-12-31,0
C0563,2023-10-22,2025-01-31,0
C0563,2023-10-22,2025-02-28,0
C0563,2023-10-22,2025-03-31,0
C0563,2023-10-22,2025-04-30,0
C0563,2023-10-22,2025-05-31,0
C0563,2023-10-22,2025-06-30,22
C0563,2023-10-22,2025-07-31,36
C0563,2023-10-22,2025-08-31,70
C0563,2023-10-22,2025-09-30,109
C0564,2023-01-08,2023-01-31,0
C0564,2023-01-08,2023-02-28,0
C0564,2023-01-08,2023-03-31,0
C0564,2023-01-08,2023-04-30,0
C0564,2023-01-08,2023-05-31,0
C0564,2023-01-08,2023-06-30,0
C0564,2023-01-08,2023-07-31,0
C0564,2023-01-08,2023-08-31,0
C0564,2023-01-08,2023-09-30,0
C0564,2023-01-08,2023-10-31,0
C0564,2023-01-08,2023-11-30,0
C0564,2023-01-08,2023-12-31,84
C0564,2023-01-08,2024-01-31,0
C0564,2023-01-08,2024-02-29,0
C0564,2023-01-08,2024-03-31,0
C0564,2023-01-08,2024-04-30,0
C0564,2023-01-08,2024-05-31,0
C0564,2023-01-08,2024-06-30,0
C0564,2023-01-08,2024-07-31,8
C0564,2023-01-08,2024-08-31,0
C0564,2023-01-08,2024-09-30,35
C0564,2023-01-08,2024-10-31,0
C0564,2023-01-08,2024-11-30,0
C0564,2023-01-08,2024-12-31,73
C0564,2023-01-08,2025-01-31,0
C0564,2023-01-08,2025-02-28,0
C0564,2023-01-08,2025-03-31,43
C0564,2023-01-08,2025-04-30,0
C0564,2023-01-08,2025-05-31,0
C0564,2023-01-08,2025-06-30,0
C0564,2023-01-08,2025-07-31,0
C0564,2023-01-08,2025-08-31,0
C0564,2023-01-08,2025-09-30,18
C0564,2023-01-08,2025-10-31,0
C0564,2023-01-08,2025-11-30,3
C0564,2023-01-08,2025-12-31,0
C0565,2024-11-09,2024-11-30,0
C0565,2024-11-09,2024-12-31,0
C0565,2024-11-09,2025-01-31,2
C0565,2024-11-09,2025-02-28,28
C0565,2024-11-09,2025-03-31,0
C0565,2024-11-09,2025-04-30,0
C0565,2024-11-09,2025-05-31,0
C0565,2024-11-09,2025-06-30,42
C0565,2024-11-09,2025-07-31,0
C0565,2024-11-09,2025-08-31,0
C0565,2024-11-09,2025-09-30,0
C0565,2024-11-09,2025-10-31,0
C0565,2024-11-09,2025-11-30,9
C0565,2024-11-09,2025-12-31,0
C0566,2023-04-16,2023-04-30,0
C0566,2023-04-16,2023-05-31,9
C0566,2023-04-16,2023-06-30,0
C0566,2023-04-16,2023-07-31,0
C0566,2023-04-16,2023-08-31,28
C0566,2023-04-16,2023-09-30,0
C0566,2023-04-16,2023-10-31,84
C0566,2023-04-16,2023-11-30,0
C0566,2023-04-16,2023-12-31,0
C0566,2023-04-16,2024-01-31,0
C0566,2023-04-16,2024-02-29,0
C0566,2023-04-16,2024-03-31,0
C0566,2023-04-16,2024-04-30,0
C0566,2023-04-16,2024-05-31,0
C0566,2023-04-16,2024-06-30,18
C0566,2023-04-16,2024-07-31,0
C0566,2023-04-16,2024-08-31,0
C0566,2023-04-16,2024-09-30,0
C0566,2023-04-16,2024-10-31,25
C0566,2023-04-16,2024-11-30,0
C0566,2023-04-16,2024-12-31,0
C0566,2023-04-16,2025-01-31,0
C0566,2023-04-16,2025-02-28,0
C0566,2023-04-16,2025-03-31,11
C0566,2023-04-16,2025-04-30,46
C0566,2023-04-16,2025-05-31,60
C0566,2023-04-16,2025-06-30,98
C0567,2025-03-23,2025-03-31,0
C0567,2025-03-23,2025-04-30,0
C0567,2025-03-23,2025-05-31,0
C0567,2025-03-23,2025-06-30,0
C0567,2025-03-23,2025-07-31,0
C0567,2025-03-23,2025-08-31,0
C0567,2025-03-23,2025-09-30,0
C0567,2025-03-23,2025-10-31,0
C0567,2025-03-23,2025-11-30,0
C0567,2025-03-23,2025-12-31,36
C0568,2024-12-20,2024-12-31,0
C0568,2024-12-20,2025-01-31,0
C0568,2024-12-20,2025-02-28,0
C0568,2024-12-20,2025-03-31,0
C0568,2024-12-20,2025-04-30,0
C0568,2024-12-20,2025-05-31,0
C0568,2024-12-20,2025-06-30,0
C0568,2024-12-20,2025-07-31,0
C0568,2024-12-20,2025-08-31,65
C0568,2024-12-20,2025-09-30,0
C0568,2024-12-20,2025-10-31,0
C0568,2024-12-20,2025-11-30,0
C0568,2024-12-20,2025-12-31,0
C0569,2024-06-14,2024-06-30,0
C0569,2024-06-14,2024-07-31,38
C0569,2024-06-14,2024-08-31,0
C0569,2024-06-14,2024-09-30,0
C0569,2024-06-14,2024-10-31,3
C0569,2024-06-14,2024-11-30,0
C0569,2024-06-14,2024-12-31,23
C0569,2024-06-14,2025-01-31,0
C0569,2024-06-14,2025-02-28,0
C0569,2024-06-14,2025-03-31,0
C0569,2024-06-14,2025-04-30,0
C0569,2024-06-14,2025-05-31,0
C0569,2024-06-14,2025-06-30,0
C0569,2024-06-14,2025-07-31,0
C0569,2024-06-14,2025-08-31,0
C0569,2024-06-14,2025-09-30,0
C0569,2024-06-14,2025-10-31,19
C0569,2024-06-14,2025-11-30,0
C0569,2024-06-14,2025-12-31,0
C0570,2024-09-03,2024-09-30,0
C0570,2024-09-03,2024-10-31,24
C0570,2024-09-03,2024-11-30,27
C0570,2024-09-03,2024-12-31,71
C0570,2024-09-03,2025-01-31,0
C0570,2024-09-03,2025-02-28,0
C0570,2024-09-03,2025-03-31,0
C0570,2024-09-03,2025-04-30,0
C0570,2024-09-03,2025-05-31,0
C0570,2024-09-03,2025-06-30,0
C0570,2024-09-03,2025-07-31,0
C0570,2024-09-03,2025-08-31,0
C0570,2024-09-03,2025-09-30,22
C0570,2024-09-03,2025-10-31,7
C0570,2024-09-03,2025-11-30,0
C0570,2024-09-03,2025-12-31,0
C0571,2024-12-08,2024-12-31,81
C0571,2024-12-08,2025-01-31,0
C0571,2024-12-08,2025-02-28,0
C0571,2024-12-08,2025-03-31,15
C0571,2024-12-08,2025-04-30,0
C0571,2024-12-08,2025-05-31,16
C0571,2024-12-08,2025-06-30,0
C0571,2024-12-08,2025-07-31,0
C0571,2024-12-08,2025-08-31,0
C0571,2024-12-08,2025-09-30,0
C0571,2024-12-08,2025-10-31,0
C0571,2024-12-08,2025-11-30,0
C0571,2024-12-08,2025-12-31,0
C0572,2023-02-28,2023-02-28,0
C0572,2023-02-28,2023-03-31,0
C0572,2023-02-28,2023-04-30,0
C0572,2023-02-28,2023-05-31,0
C0572,2023-02-28,2023-06-30,0
C0572,2023-02-28,2023-07-31,0
C0572,2023-02-28,2023-08-31,0
C0572,2023-02-28,2023-09-30,0
C0572,2023-02-28,2023-10-31,0
C0572,2023-02-28,2023-11-30,58
C0572,2023-02-28,2023-12-31,0
C0572,2023-02-28,2024-01-31,0
C0572,2023-02-28,2024-02-29,0
C0572,2023-02-28,2024-03-31,7
C0572,2023-02-28,2024-04-30,0
C0572,2023-02-28,2024-05-31,0
C0572,2023-02-28,2024-06-30,0
C0572,2023-02-28,2024-07-31,0
C0572,2023-02-28,2024-08-31,2
C0572,2023-02-28,2024-09-30,0
C0572,2023-02-28,2024-10-31,0
C0572,2023-02-28,2024-11-30,0
C0572,2023-02-28,2024-12-31,0
C0572,2023-02-28,2025-01-31,68
C0572,2023-02-28,2025-02-28,0
C0572,2023-02-28,2025-03-31,0
C0572,2023-02-28,2025-04-30,43
C0572,2023-02-28,2025-05-31,0
C0572,2023-02-28,2025-06-30,0
C0572,2023-02-28,2025-07-31,0
C0572,2023-02-28,2025-08-31,2
C0572,2023-02-28,2025-09-30,31
C0572,2023-02-28,2025-10-31,18
C0572,2023-02-28,2025-11-30,0
C0572,2023-02-28,2025-12-31,0
C0573,2025-02-24,2025-02-28,97
C0574,2025-02-15,2025-02-28,0
C0574,2025-02-15,2025-03-31,0
C0574,2025-02-15,2025-04-30,0
C0574,2025-02-15,2025-05-31,0
C0574,2025-02-15,2025-06-30,0
C0574,2025-02-15,2025-07-31,46
C0574,2025-02-15,2025-08-31,0
C0574,2025-02-15,2025-09-30,0
C0574,2025-02-15,2025-10-31,0
C0574,2025-02-15,2025-11-30,0
C0574,2025-02-15,2025-12-31,11
C0575,2023-11-06,2023-11-30,0
C0575,2023-11-06,2023-12-31,0
C0575,2023-11-06,2024-01-31,0
C0575,2023-11-06,2024-02-29,37
C0575,2023-11-06,2024-03-31,27
C0575,2023-11-06,2024-04-30,0
C0575,2023-11-06,2024-05-31,0
C0575,2023-11-06,2024-06-30,0
C0575,2023-11-06,2024-07-31,0
C0575,2023-11-06,2024-08-31,0
C0575,2023-11-06,2024-09-30,0
C0575,2023-11-06,2024-10-31,0
C0575,2023-11-06,2024-11-30,0
C0575,2023-11-06,2024-12-31,0
C0575,2023-11-06,2025-01-31,0
C0575,2023-11-06,2025-02-28,0
C0575,2023-11-06,2025-03-31,0
C0575,2023-11-06,2025-04-30,0
C0575,2023-11-06,2025-05-31,43
C0575,2023-11-06,2025-06-30,0
C0575,2023-11-06,2025-07-31,0
C0575,2023-11-06,2025-08-31,0
C0575,2023-11-06,2025-09-30,0
C0575,2023-11-06,2025-10-31,0
C0575,2023-11-06,2025-11-30,14
C0575,2023-11-06,2025-12-31,32
C0576,2024-05-14,2024-05-31,0
C0576,2024-05-14,2024-06-30,0
C0576,2024-05-14,2024-07-31,0
C0576,2024-05-14,2024-08-31,0
C0576,2024-05-14,2024-09-30,0
C0576,2024-05-14,2024-10-31,0
C0576,2024-05-14,2024-11-30,0
C0576,2024-05-14,2024-12-31,0
C0576,2024-05-14,2025-01-31,7
C0576,2024-05-14,2025-02-28,0
C0576,2024-05-14,2025-03-31,72
C0576,2024-05-14,2025-04-30,0
C0576,2024-05-14,2025-05-31,0
C0576,2024-05-14,2025-06-30,25
C0576,2024-05-14,2025-07-31,35
C0576,2024-05-14,2025-08-31,77
C0576,2024-05-14,2025-09-30,107
C0577,2025-06-28,2025-06-30,0
C0577,2025-06-28,2025-07-31,0
C0577,2025-06-28,2025-08-31,0
C0577,2025-06-28,2025-09-30,0
C0577,2025-06-28,2025-10-31,0
C0577,2025-06-28,2025-11-30,53
C0577,2025-06-28,2025-12-31,0
C0578,2023-05-08,2023-05-31,0
C0578,2023-05-08,2023-06-30,0
C0578,2023-05-08,2023-07-31,0
C0578,2023-05-08,2023-08-31,0
C0578,2023-05-08,2023-09-30,0
C0578,2023-05-08,2023-10-31,0
C0578,2023-05-08,2023-11-30,18
C0578,2023-05-08,2023-12-31,0
C0578,2023-05-08,2024-01-31,0
C0578,2023-05-08,2024-02-29,0
C0578,2023-05-08,2024-03-31,0
C0578,2023-05-08,2024-04-30,6
C0578,2023-05-08,2024-05-31,0
C0578,2023-05-08,2024-06-30,0
C0578,2023-05-08,2024-07-31,0
C0578,2023-05-08,2024-08-31,0
C0578,2023-05-08,2024-09-30,0
C0578,2023-05-08,2024-10-31,0
C0578,2023-05-08,2024-11-30,0
C0578,2023-05-08,2024-12-31,0
C0578,2023-05-08,2025-01-31,0
C0578,2023-05-08,2025-02-28,0
C0578,2023-05-08,2025-03-31,0
C0578,2023-05-08,2025-04-30,0
C0578,2023-05-08,2025-05-31,0
C0578,2023-05-08,2025-06-30,28
C0578,2023-05-08,2025-07-31,0
C0578,2023-05-08,2025-08-31,0
C0578,2023-05-08,2025-09-30,0
C0578,2023-05-08,2025-10-31,31
C0578,2023-05-08,2025-11-30,25
C0578,2023-05-08,2025-12-31,0
C0579,2024-03-12,2024-03-31,0
C0579,2024-03-12,2024-04-30,0
C0579,2024-03-12,2024-05-31,0
C0579,2024-03-12,2024-06-30,0
C0579,2024-03-12,2024-07-31,0
C0579,2024-03-12,2024-08-31,0
C0579,2024-03-12,2024-09-30,0
C0579,2024-03-12,2024-10-31,0
C0579,2024-03-12,2024-11-30,0
C0579,2024-03-12,2024-12-31,0
C0579,2024-03-12,2025-01-31,0
C0579,2024-03-12,2025-02-28,0
C0579,2024-03-12,2025-03-31,0
C0579,2024-03-12,2025-04-30,0
C0579,2024-03-12,2025-05-31,0
C0579,2024-03-12,2025-06-30,0
C0579,2024-03-12,2025-07-31,0
C0579,2024-03-12,2025-08-31,57
C0579,2024-03-12,2025-09-30,0
C0579,2024-03-12,2025-10-31,0
C0579,2024-03-12,2025-11-30,0
C0579,2024-03-12,2025-12-31,0
C0580,2023-03-22,2023-03-31,0
C0580,2023-03-22,2023-04-30,0
C0580,2023-03-22,2023-05-31,0
C0580,2023-03-22,2023-06-30,0
C0580,2023-03-22,2023-07-31,0
C0580,2023-03-22,2023-08-31,0
C0580,2023-03-22,2023-09-30,0
C0580,2023-03-22,2023-10-31,0
C0580,2023-03-22,2023-11-30,0
C0580,2023-03-22,2023-12-31,0
C0580,2023-03-22,2024-01-31,0
C0580,2023-03-22,2024-02-29,44
C0580,2023-03-22,2024-03-31,0
C0580,2023-03-22,2024-04-30,0
C0580,2023-03-22,2024-05-31,0
C0580,2023-03-22,2024-06-30,0
C0580,2023-03-22,2024-07-31,0
C0580,2023-03-22,2024-08-31,0
C0580,2023-03-22,2024-09-30,0
C0580,2023-03-22,2024-10-31,0
C0580,2023-03-22,2024-11-30,0
C0580,2023-03-22,2024-12-31,0
C0580,2023-03-22,2025-01-31,80
C0580,2023-03-22,2025-02-28,0
C0580,2023-03-22,2025-03-31,0
C0580,2023-03-22,2025-04-30,0
C0580,2023-03-22,2025-05-31,0
C0580,2023-03-22,2025-06-30,0
C0580,2023-03-22,2025-07-31,0
C0580,2023-03-22,2025-08-31,0
C0580,2023-03-22,2025-09-30,0
C0580,2023-03-22,2025-10-31,10
C0580,2023-03-22,2025-11-30,23
C0580,2023-03-22,2025-12-31,0
C0581,2025-05-05,2025-05-31,42
C0581,2025-05-05,2025-06-30,74
C0581,2025-05-05,2025-07-31,111
C0582,2023-06-11,2023-06-30,0
C0582,2023-06-11,2023-07-31,11
C0582,2023-06-11,2023-08-31,0
C0582,2023-06-11,2023-09-30,57
C0582,2023-06-11,2023-10-31,0
C0582,2023-06-11,2023-11-30,0
C0582,2023-06-11,2023-12-31,0
C0582,2023-06-11,2024-01-31,0
C0582,2023-06-11,2024-02-29,0
C0582,2023-06-11,2024-03-31,0
C0582,2023-06-11,2024-04-30,0
C0582,2023-06-11,2024-05-31,0
C0582,2023-06-11,2024-06-30,0
C0582,2023-06-11,2024-07-31,0
C0582,2023-06-11,2024-08-31,0
C0582,2023-06-11,2024-09-30,0
C0582,2023-06-11,2024-10-31,0
C0582,2023-06-11,2024-11-30,16
C0582,2023-06-11,2024-12-31,0
C0582,2023-06-11,2025-01-31,0
C0582,2023-06-11,2025-02-28,0
C0582,2023-06-11,2025-03-31,44
C0582,2023-06-11,2025-04-30,27
C0582,2023-06-11,2025-05-31,58
C0582,2023-06-11,2025-06-30,85
C0582,2023-06-11,2025-07-31,91
C0583,2025-01-19,2025-01-31,0
C0583,2025-01-19,2025-02-28,22
C0583,2025-01-19,2025-03-31,0
C0583,2025-01-19,2025-04-30,0
C0583,2025-01-19,2025-05-31,0
C0583,2025-01-19,2025-06-30,0
C0583,2025-01-19,2025-07-31,0
C0583,2025-01-19,2025-08-31,0
C0583,2025-01-19,2025-09-30,0
C0583,2025-01-19,2025-10-31,16
C0583,2025-01-19,2025-11-30,0
C0583,2025-01-19,2025-12-31,0
C0584,2024-03-18,2024-03-31,0
C0584,2024-03-18,2024-04-30,34
C0584,2024-03-18,2024-05-31,0
C0584,2024-03-18,2024-06-30,0
C0584,2024-03-18,2024-07-31,0
C0584,2024-03-18,2024-08-31,0
C0584,2024-03-18,2024-09-30,0
C0584,2024-03-18,2024-10-31,0
C0584,2024-03-18,2024-11-30,0
C0584,2024-03-18,2024-12-31,8
C0584,2024-03-18,2025-01-31,0
C0584,2024-03-18,2025-02-28,0
C0584,2024-03-18,2025-03-31,0
C0584,2024-03-18,2025-04-30,27
C0584,2024-03-18,2025-05-31,0
C0584,2024-03-18,2025-06-30,30
C0584,2024-03-18,2025-07-31,0
C0584,2024-03-18,2025-08-31,0
C0584,2024-03-18,2025-09-30,7
C0584,2024-03-18,2025-10-31,0
C0584,2024-03-18,2025-11-30,0
C0584,2024-03-18,2025-12-31,11
C0585,2024-07-27,2024-07-31,0
C0585,2024-07-27,2024-08-31,30
C0585,2024-07-27,2024-09-30,19
C0585,2024-07-27,2024-10-31,0
C0585,2024-07-27,2024-11-30,0
C0585,2024-07-27,2024-12-31,0
C0585,2024-07-27,2025-01-31,0
C0585,2024-07-27,2025-02-28,0
C0585,2024-07-27,2025-03-31,8
C0585,2024-07-27,2025-04-30,0
C0585,2024-07-27,2025-05-31,0
C0585,2024-07-27,2025-06-30,0
C0585,2024-07-27,2025-07-31,0
C0585,2024-07-27,2025-08-31,0
C0585,2024-07-27,2025-09-30,0
C0585,2024-07-27,2025-10-31,0
C0585,2024-07-27,2025-11-30,22
C0585,2024-07-27,2025-12-31,0
C0586,2023-04-18,2023-04-30,0
C0586,2023-04-18,2023-05-31,0
C0586,2023-04-18,2023-06-30,0
C0586,2023-04-18,2023-07-31,0
C0586,2023-04-18,2023-08-31,0
C0586,2023-04-18,2023-09-30,0
C0586,2023-04-18,2023-10-31,16
C0586,2023-04-18,2023-11-30,2
C0586,2023-04-18,2023-12-31,0
C0586,2023-04-18,2024-01-31,0
C0586,2023-04-18,2024-02-29,8
C0586,2023-04-18,2024-03-31,0
C0586,2023-04-18,2024-04-30,0
C0586,2023-04-18,2024-05-31,0
C0586,2023-04-18,2024-06-30,0
C0586,2023-04-18,2024-07-31,0
C0586,2023-04-18,2024-08-31,0
C0586,2023-04-18,2024-09-30,4
C0586,2023-04-18,2024-10-31,26
C0586,2023-04-18,2024-11-30,0
C0586,2023-04-18,2024-12-31,0
C0586,2023-04-18,2025-01-31,26
C0586,2023-04-18,2025-02-28,0
C0586,2023-04-18,2025-03-31,0
C0586,2023-04-18,2025-04-30,0
C0586,2023-04-18,2025-05-31,0
C0586,2023-04-18,2025-06-30,22
C0586,2023-04-18,2025-07-31,42
C0586,2023-04-18,2025-08-31,0
C0586,2023-04-18,2025-09-30,50
C0586,2023-04-18,2025-10-31,10
C0586,2023-04-18,2025-11-30,0
C0586,2023-04-18,2025-12-31,0
C0587,2023-10-15,2023-10-31,36
C0587,2023-10-15,2023-11-30,55
C0587,2023-10-15,2023-12-31,0
C0587,2023-10-15,2024-01-31,0
C0587,2023-10-15,2024-02-29,0
C0587,2023-10-15,2024-03-31,0
C0587,2023-10-15,2024-04-30,0
C0587,2023-10-15,2024-05-31,0
C0587,2023-10-15,2024-06-30,0
C0587,2023-10-15,2024-07-31,0
C0587,2023-10-15,2024-08-31,0
C0587,2023-10-15,2024-09-30,0
C0587,2023-10-15,2024-10-31,0
C0587,2023-10-15,2024-11-30,0
C0587,2023-10-15,2024-12-31,0
C0587,2023-10-15,2025-01-31,26
C0587,2023-10-15,2025-02-28,0
C0587,2023-10-15,2025-03-31,0
C0587,2023-10-15,2025-04-30,0
C0587,2023-10-15,2025-05-31,14
C0587,2023-10-15,2025-06-30,14
C0587,2023-10-15,2025-07-31,39
C0587,2023-10-15,2025-08-31,84
C0587,2023-10-15,2025-09-30,119
C0588,2023-03-15,2023-03-31,0
C0588,2023-03-15,2023-04-30,0
C0588,2023-03-15,2023-05-31,0
C0588,2023-03-15,2023-06-30,0
C0588,2023-03-15,2023-07-31,0
C0588,2023-03-15,2023-08-31,0
C0588,2023-03-15,2023-09-30,0
C0588,2023-03-15,2023-10-31,0
C0588,2023-03-15,2023-11-30,0
C0588,2023-03-15,2023-12-31,0
C0588,2023-03-15,2024-01-31,0
C0588,2023-03-15,2024-02-29,0
C0588,2023-03-15,2024-03-31,0
C0588,2023-03-15,2024-04-30,26
C0588,2023-03-15,2024-05-31,58
C0588,2023-03-15,2024-06-30,0
C0588,2023-03-15,2024-07-31,0
C0588,2023-03-15,2024-08-31,18
C0588,2023-03-15,2024-09-30,38
C0588,2023-03-15,2024-10-31,0
C0588,2023-03-15,2024-11-30,0
C0588,2023-03-15,2024-12-31,0
C0588,2023-03-15,2025-01-31,0
C0588,2023-03-15,2025-02-28,15
C0588,2023-03-15,2025-03-31,18
C0588,2023-03-15,2025-04-30,0
C0588,2023-03-15,2025-05-31,0
C0588,2023-03-15,2025-06-30,0
C0588,2023-03-15,2025-07-31,0
C0588,2023-03-15,2025-08-31,0
C0588,2023-03-15,2025-09-30,0
C0588,2023-03-15,2025-10-31,0
C0588,2023-03-15,2025-11-30,0
C0588,2023-03-15,2025-12-31,55
C0589,2023-10-12,2023-10-31,0
C0589,2023-10-12,2023-11-30,0
C0589,2023-10-12,2023-12-31,0
C0589,2023-10-12,2024-01-31,0
C0589,2023-10-12,2024-02-29,53
C0589,2023-10-12,2024-03-31,0
C0589,2023-10-12,2024-04-30,0
C0589,2023-10-12,2024-05-31,0
C0589,2023-10-12,2024-06-30,0
C0589,2023-10-12,2024-07-31,0
C0589,2023-10-12,2024-08-31,0
C0589,2023-10-12,2024-09-30,38
C0589,2023-10-12,2024-10-31,14
C0589,2023-10-12,2024-11-30,0
C0589,2023-10-12,2024-12-31,12
C0589,2023-10-12,2025-01-31,0
C0589,2023-10-12,2025-02-28,0
C0589,2023-10-12,2025-03-31,0
C0589,2023-10-12,2025-04-30,0
C0589,2023-10-12,2025-05-31,0
C0589,2023-10-12,2025-06-30,0
C0589,2023-10-12,2025-07-31,0
C0589,2023-10-12,2025-08-31,28
C0589,2023-10-12,2025-09-30,0
C0589,2023-10-12,2025-10-31,0
C0589,2023-10-12,2025-11-30,22
C0589,2023-10-12,2025-12-31,0
C0590,2024-10-10,2024-10-31,61
C0590,2024-10-10,2024-11-30,0
C0590,2024-10-10,2024-12-31,0
C0590,2024-10-10,2025-01-31,0
C0590,2024-10-10,2025-02-28,0
C0590,2024-10-10,2025-03-31,13
C0590,2024-10-10,2025-04-30,55
C0590,2024-10-10,2025-05-31,74
C0590,2024-10-10,2025-06-30,93
C0591,2024-10-17,2024-10-31,0
C0591,2024-10-17,2024-11-30,0
C0591,2024-10-17,2024-12-31,0
C0591,2024-10-17,2025-01-31,0
C0591,2024-10-17,2025-02-28,0
C0591,2024-10-17,2025-03-31,0
C0591,2024-10-17,2025-04-30,0
C0591,2024-10-17,2025-05-31,0
C0591,2024-10-17,2025-06-30,4
C0591,2024-10-17,2025-07-31,0
C0591,2024-10-17,2025-08-31,0
C0591,2024-10-17,2025-09-30,0
C0591,2024-10-17,2025-10-31,0
C0591,2024-10-17,2025-11-30,0
C0591,2024-10-17,2025-12-31,0
C0592,2024-09-15,2024-09-30,0
C0592,2024-09-15,2024-10-31,0
C0592,2024-09-15,2024-11-30,24
C0592,2024-09-15,2024-12-31,0
C0592,2024-09-15,2025-01-31,0
C0592,2024-09-15,2025-02-28,0
C0592,2024-09-15,2025-03-31,15
C0592,2024-09-15,2025-04-30,0
C0592,2024-09-15,2025-05-31,19
C0592,2024-09-15,2025-06-30,0
C0592,2024-09-15,2025-07-31,0
C0592,2024-09-15,2025-08-31,0
C0592,2024-09-15,2025-09-30,0
C0592,2024-09-15,2025-10-31,2
C0592,2024-09-15,2025-11-30,0
C0592,2024-09-15,2025-12-31,0
C0593,2023-10-05,2023-10-31,0
C0593,2023-10-05,2023-11-30,0
C0593,2023-10-05,2023-12-31,0
C0593,2023-10-05,2024-01-31,0
C0593,2023-10-05,2024-02-29,0
C0593,2023-10-05,2024-03-31,15
C0593,2023-10-05,2024-04-30,0
C0593,2023-10-05,2024-05-31,0
C0593,2023-10-05,2024-06-30,7
C0593,2023-10-05,2024-07-31,0
C0593,2023-10-05,2024-08-31,0
C0593,2023-10-05,2024-09-30,0
C0593,2023-10-05,2024-10-31,10
C0593,2023-10-05,2024-11-30,0
C0593,2023-10-05,2024-12-31,0
C0593,2023-10-05,2025-01-31,0
C0593,2023-10-05,2025-02-28,42
C0593,2023-10-05,2025-03-31,56
C0593,2023-10-05,2025-04-30,85
C0593,2023-10-05,2025-05-31,100
C0594,2025-06-03,2025-06-30,0
C0594,2025-06-03,2025-07-31,0
C0594,2025-06-03,2025-08-31,0
C0594,2025-06-03,2025-09-30,0
C0594,2025-06-03,2025-10-31,0
C0594,2025-06-03,2025-11-30,0
C0594,2025-06-03,2025-12-31,0
C0595,2024-10-23,2024-10-31,0
C0595,2024-10-23,2024-11-30,0
C0595,2024-10-23,2024-12-31,0
C0595,2024-10-23,2025-01-31,0
C0595,2024-10-23,2025-02-28,0
C0595,2024-10-23,2025-03-31,0
C0595,2024-10-23,2025-04-30,57
C0595,2024-10-23,2025-05-31,0
C0595,2024-10-23,2025-06-30,14
C0595,2024-10-23,2025-07-31,0
C0595,2024-10-23,2025-08-31,0
C0595,2024-10-23,2025-09-30,0
C0595,2024-10-23,2025-10-31,0
C0595,2024-10-23,2025-11-30,24
C0595,2024-10-23,2025-12-31,0
C0596,2025-04-27,2025-04-30,0
C0596,2025-04-27,2025-05-31,0
C0596,2025-04-27,2025-06-30,0
C0596,2025-04-27,2025-07-31,0
C0596,2025-04-27,2025-08-31,0
C0596,2025-04-27,2025-09-30,0
C0596,2025-04-27,2025-10-31,0
C0596,2025-04-27,2025-11-30,0
C0596,2025-04-27,2025-12-31,0
C0597,2025-03-05,2025-03-31,19
C0597,2025-03-05,2025-04-30,0
C0597,2025-03-05,2025-05-31,0
C0597,2025-03-05,2025-06-30,22
C0597,2025-03-05,2025-07-31,0
C0597,2025-03-05,2025-08-31,0
C0597,2025-03-05,2025-09-30,16
C0597,2025-03-05,2025-10-31,9
C0597,2025-03-05,2025-11-30,0
C0597,2025-03-05,2025-12-31,0
C0598,2025-02-13,2025-02-28,0
C0598,2025-02-13,2025-03-31,85
C0598,2025-02-13,2025-04-30,26
C0598,2025-02-13,2025-05-31,0
C0598,2025-02-13,2025-06-30,19
C0598,2025-02-13,2025-07-31,0
C0598,2025-02-13,2025-08-31,0
C0598,2025-02-13,2025-09-30,0
C0598,2025-02-13,2025-10-31,0
C0598,2025-02-13,2025-11-30,25
C0598,2025-02-13,2025-12-31,0
C0599,2024-11-16,2024-11-30,16
C0599,2024-11-16,2024-12-31,0
C0599,2024-11-16,2025-01-31,0
C0599,2024-11-16,2025-02-28,13
C0599,2024-11-16,2025-03-31,26
C0599,2024-11-16,2025-04-30,0
C0599,2024-11-16,2025-05-31,0
C0599,2024-11-16,2025-06-30,0
C0599,2024-11-16,2025-07-31,0
C0599,2024-11-16,2025-08-31,0
C0599,2024-11-16,2025-09-30,0
C0599,2024-11-16,2025-10-31,0
C0599,2024-11-16,2025-11-30,0
C0599,2024-11-16,2025-12-31,0
C0600,2023-09-17,2023-09-30,0
C0600,2023-09-17,2023-10-31,0
C0600,2023-09-17,2023-11-30,0
C0600,2023-09-17,2023-12-31,0
C0600,2023-09-17,2024-01-31,0
C0600,2023-09-17,2024-02-29,0
C0600,2023-09-17,2024-03-31,7
C0600,2023-09-17,2024-04-30,0
C0600,2023-09-17,2024-05-31,23
C0600,2023-09-17,2024-06-30,0
C0600,2023-09-17,2024-07-31,0
C0600,2023-09-17,2024-08-31,0
C0600,2023-09-17,2024-09-30,0
C0600,2023-09-17,2024-10-31,0
C0600,2023-09-17,2024-11-30,0
C0600,2023-09-17,2024-12-31,0
C0600,2023-09-17,2025-01-31,0
C0600,2023-09-17,2025-02-28,0
C0600,2023-09-17,2025-03-31,0
C0600,2023-09-17,2025-04-30,0
C0600,2023-09-17,2025-05-31,0
C0600,2023-09-17,2025-06-30,0
C0600,2023-09-17,2025-07-31,0
C0600,2023-09-17,2025-08-31,0
C0600,2023-09-17,2025-09-30,0
C0600,2023-09-17,2025-10-31,0
C0600,2023-09-17,2025-11-30,0
C0600,2023-09-17,2025-12-31,0
C0601,2023-12-09,2023-12-31,0
C0601,2023-12-09,2024-01-31,0
C0601,2023-12-09,2024-02-29,0
C0601,2023-12-09,2024-03-31,0
C0601,2023-12-09,2024-04-30,0
C0601,2023-12-09,2024-05-31,0
C0601,2023-12-09,2024-06-30,24
C0601,2023-12-09,2024-07-31,0
C0601,2023-12-09,2024-08-31,0
C0601,2023-12-09,2024-09-30,58
C0601,2023-12-09,2024-10-31,0
C0601,2023-12-09,2024-11-30,89
C0601,2023-12-09,2024-12-31,0
C0601,2023-12-09,2025-01-31,24
C0601,2023-12-09,2025-02-28,0
C0601,2023-12-09,2025-03-31,0
C0601,2023-12-09,2025-04-30,0
C0601,2023-12-09,2025-05-31,0
C0601,2023-12-09,2025-06-30,0
C0601,2023-12-09,2025-07-31,0
C0601,2023-12-09,2025-08-31,0
C0601,2023-12-09,2025-09-30,52
C0601,2023-12-09,2025-10-31,0
C0601,2023-12-09,2025-11-30,0
C0601,2023-12-09,2025-12-31,0
C0602,2024-03-14,2024-03-31,56
C0602,2024-03-14,2024-04-30,30
C0602,2024-03-14,2024-05-31,0
C0602,2024-03-14,2024-06-30,0
C0602,2024-03-14,2024-07-31,0
C0602,2024-03-14,2024-08-31,0
C0602,2024-03-14,2024-09-30,16
C0602,2024-03-14,2024-10-31,0
C0602,2024-03-14,2024-11-30,0
C0602,2024-03-14,2024-12-31,0
C0602,2024-03-14,2025-01-31,0
C0602,2024-03-14,2025-02-28,0
C0602,2024-03-14,2025-03-31,0
C0602,2024-03-14,2025-04-30,41
C0602,2024-03-14,2025-05-31,0
C0602,2024-03-14,2025-06-30,0
C0602,2024-03-14,2025-07-31,0
C0602,2024-03-14,2025-08-31,17
C0602,2024-03-14,2025-09-30,13
C0602,2024-03-14,2025-10-31,54
C0602,2024-03-14,2025-11-30,62
C0602,2024-03-14,2025-12-31,110
C0603,2024-11-05,2024-11-30,0
C0603,2024-11-05,2024-12-31,0
C0603,2024-11-05,2025-01-31,13
C0603,2024-11-05,2025-02-28,11
C0603,2024-11-05,2025-03-31,0
C0603,2024-11-05,2025-04-30,0
C0603,2024-11-05,2025-05-31,0
C0603,2024-11-05,2025-06-30,0
C0603,2024-11-05,2025-07-31,0
C0603,2024-11-05,2025-08-31,0
C0603,2024-11-05,2025-09-30,0
C0603,2024-11-05,2025-10-31,0
C0603,2024-11-05,2025-11-30,9
C0603,2024-11-05,2025-12-31,0
C0604,2023-09-03,2023-09-30,0
C0604,2023-09-03,2023-10-31,7
C0604,2023-09-03,2023-11-30,0
C0604,2023-09-03,2023-12-31,0
C0604,2023-09-03,2024-01-31,0
C0604,2023-09-03,2024-02-29,0
C0604,2023-09-03,2024-03-31,0
C0604,2023-09-03,2024-04-30,36
C0604,2023-09-03,2024-05-31,0
C0604,2023-09-03,2024-06-30,0
C0604,2023-09-03,2024-07-31,0
C0604,2023-09-03,2024-08-31,0
C0604,2023-09-03,2024-09-30,0
C0604,2023-09-03,2024-10-31,0
C0604,2023-09-03,2024-11-30,0
C0604,2023-09-03,2024-12-31,0
C0604,2023-09-03,2025-01-31,0
C0604,2023-09-03,2025-02-28,0
C0604,2023-09-03,2025-03-31,0
C0604,2023-09-03,2025-04-30,0
C0604,2023-09-03,2025-05-31,0
C0604,2023-09-03,2025-06-30,0
C0604,2023-09-03,2025-07-31,0
C0604,2023-09-03,2025-08-31,0
C0604,2023-09-03,2025-09-30,0
C0604,2023-09-03,2025-10-31,0
C0604,2023-09-03,2025-11-30,0
C0604,2023-09-03,2025-12-31,39
C0605,2023-07-09,2023-07-31,0
C0605,2023-07-09,2023-08-31,0
C0605,2023-07-09,2023-09-30,0
C0605,2023-07-09,2023-10-31,0
C0605,2023-07-09,2023-11-30,0
C0605,2023-07-09,2023-12-31,0
C0605,2023-07-09,2024-01-31,0
C0605,2023-07-09,2024-02-29,0
C0605,2023-07-09,2024-03-31,0
C0605,2023-07-09,2024-04-30,0
C0605,2023-07-09,2024-05-31,0
C0605,2023-07-09,2024-06-30,0
C0605,2023-07-09,2024-07-31,0
C0605,2023-07-09,2024-08-31,20
C0605,2023-07-09,2024-09-30,40
C0605,2023-07-09,2024-10-31,84
C0605,2023-07-09,2024-11-30,108
C0606,2024-01-04,2024-01-31,29
C0606,2024-01-04,2024-02-29,0
C0606,2024-01-04,2024-03-31,85
C0606,2024-01-04,2024-04-30,0
C0606,2024-01-04,2024-05-31,0
C0606,2024-01-04,2024-06-30,46
C0606,2024-01-04,2024-07-31,0
C0606,2024-01-04,2024-08-31,0
C0606,2024-01-04,2024-09-30,41
C0606,2024-01-04,2024-10-31,0
C0606,2024-01-04,2024-11-30,0
C0606,2024-01-04,2024-12-31,0
C0606,2024-01-04,2025-01-31,0
C0606,2024-01-04,2025-02-28,0
C0606,2024-01-04,2025-03-31,31
C0606,2024-01-04,2025-04-30,58
C0606,2024-01-04,2025-05-31,80
C0606,2024-01-04,2025-06-30,104
C0607,2023-05-11,2023-05-31,0
C0607,2023-05-11,2023-06-30,0
C0607,2023-05-11,2023-07-31,15
C0607,2023-05-11,2023-08-31,32
C0607,2023-05-11,2023-09-30,77
C0607,2023-05-11,2023-10-31,94
C0608,2024-03-28,2024-03-31,0
C0608,2024-03-28,2024-04-30,0
C0608,2024-03-28,2024-05-31,0
C0608,2024-03-28,2024-06-30,0
C0608,2024-03-28,2024-07-31,0
C0608,2024-03-28,2024-08-31,0
C0608,2024-03-28,2024-09-30,0
C0608,2024-03-28,2024-10-31,14
C0608,2024-03-28,2024-11-30,0
C0608,2024-03-28,2024-12-31,0
C0608,2024-03-28,2025-01-31,0
C0608,2024-03-28,2025-02-28,0
C0608,2024-03-28,2025-03-31,0
C0608,2024-03-28,2025-04-30,0
C0608,2024-03-28,2025-05-31,0
C0608,2024-03-28,2025-06-30,0
C0608,2024-03-28,2025-07-31,33
C0608,2024-03-28,2025-08-31,0
C0608,2024-03-28,2025-09-30,0
C0608,2024-03-28,2025-10-31,0
C0608,2024-03-28,2025-11-30,1
C0608,2024-03-28,2025-12-31,0
C0609,2025-01-21,2025-01-31,7
C0609,2025-01-21,2025-02-28,0
C0609,2025-01-21,2025-03-31,74
C0609,2025-01-21,2025-04-30,11
C0609,2025-01-21,2025-05-31,0
C0609,2025-01-21,2025-06-30,0
C0609,2025-01-21,2025-07-31,0
C0609,2025-01-21,2025-08-31,28
C0609,2025-01-21,2025-09-30,0
C0609,2025-01-21,2025-10-31,0
C0609,2025-01-21,2025-11-30,49
C0609,2025-01-21,2025-12-31,0
C0610,2024-10-05,2024-10-31,0
C0610,2024-10-05,2024-11-30,0
C0610,2024-10-05,2024-12-31,0
C0610,2024-10-05,2025-01-31,0
C0610,2024-10-05,2025-02-28,0
C0610,2024-10-05,2025-03-31,0
C0610,2024-10-05,2025-04-30,0
C0610,2024-10-05,2025-05-31,0
C0610,2024-10-05,2025-06-30,0
C0610,2024-10-05,2025-07-31,0
C0610,2024-10-05,2025-08-31,0
C0610,2024-10-05,2025-09-30,0
C0610,2024-10-05,2025-10-31,0
C0610,2024-10-05,2025-11-30,0
C0610,2024-10-05,2025-12-31,0
C0611,2023-05-09,2023-05-31,0
C0611,2023-05-09,2023-06-30,0
C0611,2023-05-09,2023-07-31,0
C0611,2023-05-09,2023-08-31,2
C0611,2023-05-09,2023-09-30,0
C0611,2023-05-09,2023-10-31,0
C0611,2023-05-09,2023-11-30,0
C0611,2023-05-09,2023-12-31,0
C0611,2023-05-09,2024-01-31,0
C0611,2023-05-09,2024-02-29,0
C0611,2023-05-09,2024-03-31,0
C0611,2023-05-09,2024-04-30,0
C0611,2023-05-09,2024-05-31,10
C0611,2023-05-09,2024-06-30,0
C0611,2023-05-09,2024-07-31,0
C0611,2023-05-09,2024-08-31,0
C0611,2023-05-09,2024-09-30,0
C0611,2023-05-09,2024-10-31,0
C0611,2023-05-09,2024-11-30,0
C0611,2023-05-09,2024-12-31,15
C0611,2023-05-09,2025-01-31,0
C0611,2023-05-09,2025-02-28,0
C0611,2023-05-09,2025-03-31,0
C0611,2023-05-09,2025-04-30,0
C0611,2023-05-09,2025-05-31,0
C0611,2023-05-09,2025-06-30,0
C0611,2023-05-09,2025-07-31,0
C0611,2023-05-09,2025-08-31,0
C0611,2023-05-09,2025-09-30,0
C0611,2023-05-09,2025-10-31,29
C0611,2023-05-09,2025-11-30,28
C0611,2023-05-09,2025-12-31,0
C0612,2023-08-01,2023-08-31,0
C0612,2023-08-01,2023-09-30,0
C0612,2023-08-01,2023-10-31,0
C0612,2023-08-01,2023-11-30,0
C0612,2023-08-01,2023-12-31,0
C0612,2023-08-01,2024-01-31,0
C0612,2023-08-01,2024-02-29,0
C0612,2023-08-01,2024-03-31,39
C0612,2023-08-01,2024-04-30,6
C0612,2023-08-01,2024-05-31,0
C0612,2023-08-01,2024-06-30,0
C0612,2023-08-01,2024-07-31,69
C0612,2023-08-01,2024-08-31,11
C0612,2023-08-01,2024-09-30,17
C0612,2023-08-01,2024-10-31,56
C0612,2023-08-01,2024-11-30,88
C0612,2023-08-01,2024-12-31,90
C0613,2024-08-25,2024-08-31,0
C0613,2024-08-25,2024-09-30,0
C0613,2024-08-25,2024-10-31,16
C0613,2024-08-25,2024-11-30,0
C0613,2024-08-25,2024-12-31,36
C0613,2024-08-25,2025-01-31,0
C0613,2024-08-25,2025-02-28,0
C0613,2024-08-25,2025-03-31,2
C0613,2024-08-25,2025-04-30,29
C0613,2024-08-25,2025-05-31,44
C0613,2024-08-25,2025-06-30,71
C0613,2024-08-25,2025-07-31,105
C0614,2025-06-03,2025-06-30,0
C0614,2025-06-03,2025-07-31,29
C0614,2025-06-03,2025-08-31,0
C0614,2025-06-03,2025-09-30,0
C0614,2025-06-03,2025-10-31,27
C0614,2025-06-03,2025-11-30,0
C0614,2025-06-03,2025-12-31,0
C0615,2023-06-28,2023-06-30,0
C0615,2023-06-28,2023-07-31,0
C0615,2023-06-28,2023-08-31,0
C0615,2023-06-28,2023-09-30,0
C0615,2023-06-28,2023-10-31,14
C0615,2023-06-28,2023-11-30,0
C0615,2023-06-28,2023-12-31,0
C0615,2023-06-28,2024-01-31,0
C0615,2023-06-28,2024-02-29,0
C0615,2023-06-28,2024-03-31,0
C0615,2023-06-28,2024-04-30,0
C0615,2023-06-28,2024-05-31,0
C0615,2023-06-28,2024-06-30,0
C0615,2023-06-28,2024-07-31,26
C0615,2023-06-28,2024-08-31,0
C0615,2023-06-28,2024-09-30,0
C0615,2023-06-28,2024-10-31,0
C0615,2023-06-28,2024-11-30,38
C0615,2023-06-28,2024-12-31,0
C0615,2023-06-28,2025-01-31,0
C0615,2023-06-28,2025-02-28,0
C0615,2023-06-28,2025-03-31,16
C0615,2023-06-28,2025-04-30,0
C0615,2023-06-28,2025-05-31,0
C0615,2023-06-28,2025-06-30,0
C0615,2023-06-28,2025-07-31,0
C0615,2023-06-28,2025-08-31,0
C0615,2023-06-28,2025-09-30,79
C0615,2023-06-28,2025-10-31,0
C0615,2023-06-28,2025-11-30,0
C0615,2023-06-28,2025-12-31,0
C0616,2025-03-01,2025-03-31,0
C0616,2025-03-01,2025-04-30,0
C0616,2025-03-01,2025-05-31,0
C0616,2025-03-01,2025-06-30,4
C0616,2025-03-01,2025-07-31,0
C0616,2025-03-01,2025-08-31,0
C0616,2025-03-01,2025-09-30,13
C0616,2025-03-01,2025-10-31,0
C0616,2025-03-01,2025-11-30,0
C0616,2025-03-01,2025-12-31,0
C0617,2023-07-23,2023-07-31,0
C0617,2023-07-23,2023-08-31,0
C0617,2023-07-23,2023-09-30,0
C0617,2023-07-23,2023-10-31,0
C0617,2023-07-23,2023-11-30,0
C0617,2023-07-23,2023-12-31,0
C0617,2023-07-23,2024-01-31,0
C0617,2023-07-23,2024-02-29,31
C0617,2023-07-23,2024-03-31,43
C0617,2023-07-23,2024-04-30,0
C0617,2023-07-23,2024-05-31,0
C0617,2023-07-23,2024-06-30,0
C0617,2023-07-23,2024-07-31,0
C0617,2023-07-23,2024-08-31,0
C0617,2023-07-23,2024-09-30,0
C0617,2023-07-23,2024-10-31,0
C0617,2023-07-23,2024-11-30,0
C0617,2023-07-23,2024-12-31,0
C0617,2023-07-23,2025-01-31,69
C0617,2023-07-23,2025-02-28,0
C0617,2023-07-23,2025-03-31,0
C0617,2023-07-23,2025-04-30,0
C0617,2023-07-23,2025-05-31,0
C0617,2023-07-23,2025-06-30,0
C0617,2023-07-23,2025-07-31,0
C0617,2023-07-23,2025-08-31,0
C0617,2023-07-23,2025-09-30,0
C0617,2023-07-23,2025-10-31,40
C0617,2023-07-23,2025-11-30,0
C0617,2023-07-23,2025-12-31,0
C0618,2025-05-10,2025-05-31,0
C0618,2025-05-10,2025-06-30,11
C0618,2025-05-10,2025-07-31,0
C0618,2025-05-10,2025-08-31,0
C0618,2025-05-10,2025-09-30,0
C0618,2025-05-10,2025-10-31,0
C0618,2025-05-10,2025-11-30,0
C0618,2025-05-10,2025-12-31,0
C0619,2023-05-08,2023-05-31,0
C0619,2023-05-08,2023-06-30,0
C0619,2023-05-08,2023-07-31,18
C0619,2023-05-08,2023-08-31,50
C0619,2023-05-08,2023-09-30,0
C0619,2023-05-08,2023-10-31,0
C0619,2023-05-08,2023-11-30,0
C0619,2023-05-08,2023-12-31,0
C0619,2023-05-08,2024-01-31,0
C0619,2023-05-08,2024-02-29,18
C0619,2023-05-08,2024-03-31,0
C0619,2023-05-08,2024-04-30,0
C0619,2023-05-08,2024-05-31,0
C0619,2023-05-08,2024-06-30,0
C0619,2023-05-08,2024-07-31,4
C0619,2023-05-08,2024-08-31,0
C0619,2023-05-08,2024-09-30,0
C0619,2023-05-08,2024-10-31,0
C0619,2023-05-08,2024-11-30,0
C0619,2023-05-08,2024-12-31,0
C0619,2023-05-08,2025-01-31,78
C0619,2023-05-08,2025-02-28,0
C0619,2023-05-08,2025-03-31,0
C0619,2023-05-08,2025-04-30,27
C0619,2023-05-08,2025-05-31,0
C0619,2023-05-08,2025-06-30,0
C0619,2023-05-08,2025-07-31,0
C0619,2023-05-08,2025-08-31,0
C0619,2023-05-08,2025-09-30,0
C0619,2023-05-08,2025-10-31,0
C0619,2023-05-08,2025-11-30,0
C0619,2023-05-08,2025-12-31,22
C0620,2025-03-20,2025-03-31,32
C0620,2025-03-20,2025-04-30,0
C0620,2025-03-20,2025-05-31,42
C0620,2025-03-20,2025-06-30,0
C0620,2025-03-20,2025-07-31,0
C0620,2025-03-20,2025-08-31,0
C0620,2025-03-20,2025-09-30,36
C0620,2025-03-20,2025-10-31,0
C0620,2025-03-20,2025-11-30,54
C0620,2025-03-20,2025-12-31,0
C0621,2024-05-27,2024-05-31,32
C0621,2024-05-27,2024-06-30,30
C0621,2024-05-27,2024-07-31,0
C0621,2024-05-27,2024-08-31,0
C0621,2024-05-27,2024-09-30,0
C0621,2024-05-27,2024-10-31,42
C0621,2024-05-27,2024-11-30,0
C0621,2024-05-27,2024-12-31,0
C0621,2024-05-27,2025-01-31,27
C0621,2024-05-27,2025-02-28,0
C0621,2024-05-27,2025-03-31,0
C0621,2024-05-27,2025-04-30,0
C0621,2024-05-27,2025-05-31,0
C0621,2024-05-27,2025-06-30,0
C0621,2024-05-27,2025-07-31,0
C0621,2024-05-27,2025-08-31,45
C0621,2024-05-27,2025-09-30,0
C0621,2024-05-27,2025-10-31,0
C0621,2024-05-27,2025-11-30,35
C0621,2024-05-27,2025-12-31,0
C0622,2025-03-16,2025-03-31,0
C0622,2025-03-16,2025-04-30,0
C0622,2025-03-16,2025-05-31,0
C0622,2025-03-16,2025-06-30,0
C0622,2025-03-16,2025-07-31,0
C0622,2025-03-16,2025-08-31,0
C0622,2025-03-16,2025-09-30,0
C0622,2025-03-16,2025-10-31,0
C0622,2025-03-16,2025-11-30,0
C0622,2025-03-16,2025-12-31,72
C0623,2023-07-12,2023-07-31,0
C0623,2023-07-12,2023-08-31,0
C0623,2023-07-12,2023-09-30,0
C0623,2023-07-12,2023-10-31,0
C0623,2023-07-12,2023-11-30,0
C0623,2023-07-12,2023-12-31,0
C0623,2023-07-12,2024-01-31,0
C0623,2023-07-12,2024-02-29,0
C0623,2023-07-12,2024-03-31,0
C0623,2023-07-12,2024-04-30,0
C0623,2023-07-12,2024-05-31,0
C0623,2023-07-12,2024-06-30,0
C0623,2023-07-12,2024-07-31,0
C0623,2023-07-12,2024-08-31,0
C0623,2023-07-12,2024-09-30,0
C0623,2023-07-12,2024-10-31,0
C0623,2023-07-12,2024-11-30,0
C0623,2023-07-12,2024-12-31,0
C0623,2023-07-12,2025-01-31,0
C0623,2023-07-12,2025-02-28,0
C0623,2023-07-12,2025-03-31,0
C0623,2023-07-12,2025-04-30,0
C0623,2023-07-12,2025-05-31,0
C0623,2023-07-12,2025-06-30,0
C0623,2023-07-12,2025-07-31,0
C0623,2023-07-12,2025-08-31,0
C0623,2023-07-12,2025-09-30,0
C0623,2023-07-12,2025-10-31,0
C0623,2023-07-12,2025-11-30,0
C0623,2023-07-12,2025-12-31,0
C0624,2023-05-03,2023-05-31,0
C0624,2023-05-03,2023-06-30,19
C0624,2023-05-03,2023-07-31,0
C0624,2023-05-03,2023-08-31,0
C0624,2023-05-03,2023-09-30,19
C0624,2023-05-03,2023-10-31,17
C0624,2023-05-03,2023-11-30,0
C0624,2023-05-03,2023-12-31,0
C0624,2023-05-03,2024-01-31,17
C0624,2023-05-03,2024-02-29,0
C0624,2023-05-03,2024-03-31,0
C0624,2023-05-03,2024-04-30,0
C0624,2023-05-03,2024-05-31,0
C0624,2023-05-03,2024-06-30,0
C0624,2023-05-03,2024-07-31,0
C0624,2023-05-03,2024-08-31,0
C0624,2023-05-03,2024-09-30,0
C0624,2023-05-03,2024-10-31,0
C0624,2023-05-03,2024-11-30,0
C0624,2023-05-03,2024-12-31,0
C0624,2023-05-03,2025-01-31,0
C0624,2023-05-03,2025-02-28,0
C0624,2023-05-03,2025-03-31,0
C0624,2023-05-03,2025-04-30,0
C0624,2023-05-03,2025-05-31,0
C0624,2023-05-03,2025-06-30,0
C0624,2023-05-03,2025-07-31,12
C0624,2023-05-03,2025-08-31,0
C0624,2023-05-03,2025-09-30,0
C0624,2023-05-03,2025-10-31,0
C0624,2023-05-03,2025-11-30,0
C0624,2023-05-03,2025-12-31,0
C0625,2024-12-26,2024-12-31,0
C0625,2024-12-26,2025-01-31,0
C0625,2024-12-26,2025-02-28,38
C0625,2024-12-26,2025-03-31,0
C0625,2024-12-26,2025-04-30,0
C0625,2024-12-26,2025-05-31,0
C0625,2024-12-26,2025-06-30,16
C0625,2024-12-26,2025-07-31,0
C0625,2024-12-26,2025-08-31,0
C0625,2024-12-26,2025-09-30,0
C0625,2024-12-26,2025-10-31,12
C0625,2024-12-26,2025-11-30,0
C0625,2024-12-26,2025-12-31,0
C0626,2023-04-01,2023-04-30,0
C0626,2023-04-01,2023-05-31,0
C0626,2023-04-01,2023-06-30,0
C0626,2023-04-01,2023-07-31,0
C0626,2023-04-01,2023-08-31,0
C0626,2023-04-01,2023-09-30,0
C0626,2023-04-01,2023-10-31,0
C0626,2023-04-01,2023-11-30,0
C0626,2023-04-01,2023-12-31,0
C0626,2023-04-01,2024-01-31,0
C0626,2023-04-01,2024-02-29,0
C0626,2023-04-01,2024-03-31,0
C0626,2023-04-01,2024-04-30,0
C0626,2023-04-01,2024-05-31,0
C0626,2023-04-01,2024-06-30,0
C0626,2023-04-01,2024-07-31,0
C0626,2023-04-01,2024-08-31,0
C0626,2023-04-01,2024-09-30,5
C0626,2023-04-01,2024-10-31,0
C0626,2023-04-01,2024-11-30,0
C0626,2023-04-01,2024-12-31,23
C0626,2023-04-01,2025-01-31,59
C0626,2023-04-01,2025-02-28,75
C0626,2023-04-01,2025-03-31,118
C0627,2025-01-26,2025-01-31,0
C0627,2025-01-26,2025-02-28,0
C0627,2025-01-26,2025-03-31,51
C0627,2025-01-26,2025-04-30,21
C0627,2025-01-26,2025-05-31,0
C0627,2025-01-26,2025-06-30,0
C0627,2025-01-26,2025-07-31,0
C0627,2025-01-26,2025-08-31,0
C0627,2025-01-26,2025-09-30,0
C0627,2025-01-26,2025-10-31,0
C0627,2025-01-26,2025-11-30,0
C0627,2025-01-26,2025-12-31,76
C0628,2023-05-05,2023-05-31,0
C0628,2023-05-05,2023-06-30,0
C0628,2023-05-05,2023-07-31,0
C0628,2023-05-05,2023-08-31,0
C0628,2023-05-05,2023-09-30,0
C0628,2023-05-05,2023-10-31,0
C0628,2023-05-05,2023-11-30,0
C0628,2023-05-05,2023-12-31,19
C0628,2023-05-05,2024-01-31,0
C0628,2023-05-05,2024-02-29,0
C0628,2023-05-05,2024-03-31,0
C0628,2023-05-05,2024-04-30,0
C0628,2023-05-05,2024-05-31,0
C0628,2023-05-05,2024-06-30,8
C0628,2023-05-05,2024-07-31,0
C0628,2023-05-05,2024-08-31,0
C0628,2023-05-05,2024-09-30,0
C0628,2023-05-05,2024-10-31,0
C0628,2023-05-05,2024-11-30,0
C0628,2023-05-05,2024-12-31,0
C0628,2023-05-05,2025-01-31,74
C0628,2023-05-05,2025-02-28,0
C0628,2023-05-05,2025-03-31,0
C0628,2023-05-05,2025-04-30,0
C0628,2023-05-05,2025-05-31,26
C0628,2023-05-05,2025-06-30,0
C0628,2023-05-05,2025-07-31,0
C0628,2023-05-05,2025-08-31,0
C0628,2023-05-05,2025-09-30,0
C0628,2023-05-05,2025-10-31,0
C0628,2023-05-05,2025-11-30,0
C0628,2023-05-05,2025-12-31,70
C0629,2023-04-01,2023-04-30,0
C0629,2023-04-01,2023-05-31,0
C0629,2023-04-01,2023-06-30,8
C0629,2023-04-01,2023-07-31,1
C0629,2023-04-01,2023-08-31,0
C0629,2023-04-01,2023-09-30,0
C0629,2023-04-01,2023-10-31,0
C0629,2023-04-01,2023-11-30,0
C0629,2023-04-01,2023-12-31,65
C0629,2023-04-01,2024-01-31,0
C0629,2023-04-01,2024-02-29,0
C0629,2023-04-01,2024-03-31,0
C0629,2023-04-01,2024-04-30,0
C0629,2023-04-01,2024-05-31,0
C0629,2023-04-01,2024-06-30,0
C0629,2023-04-01,2024-07-31,0
C0629,2023-04-01,2024-08-31,0
C0629,2023-04-01,2024-09-30,0
C0629,2023-04-01,2024-10-31,0
C0629,2023-04-01,2024-11-30,0
C0629,2023-04-01,2024-12-31,0
C0629,2023-04-01,2025-01-31,0
C0629,2023-04-01,2025-02-28,0
C0629,2023-04-01,2025-03-31,0
C0629,2023-04-01,2025-04-30,0
C0629,2023-04-01,2025-05-31,57
C0629,2023-04-01,2025-06-30,0
C0629,2023-04-01,2025-07-31,0
C0629,2023-04-01,2025-08-31,0
C0629,2023-04-01,2025-09-30,17
C0629,2023-04-01,2025-10-31,0
C0629,2023-04-01,2025-11-30,0
C0629,2023-04-01,2025-12-31,0
C0630,2025-05-01,2025-05-31,0
C0630,2025-05-01,2025-06-30,0
C0630,2025-05-01,2025-07-31,0
C0630,2025-05-01,2025-08-31,0
C0630,2025-05-01,2025-09-30,0
C0630,2025-05-01,2025-10-31,0
C0630,2025-05-01,2025-11-30,5
C0630,2025-05-01,2025-12-31,32
C0631,2025-03-04,2025-03-31,6
C0631,2025-03-04,2025-04-30,0
C0631,2025-03-04,2025-05-31,0
C0631,2025-03-04,2025-06-30,11
C0631,2025-03-04,2025-07-31,52
C0631,2025-03-04,2025-08-31,0
C0631,2025-03-04,2025-09-30,0
C0631,2025-03-04,2025-10-31,0
C0631,2025-03-04,2025-11-30,0
C0631,2025-03-04,2025-12-31,0
C0632,2023-07-02,2023-07-31,0
C0632,2023-07-02,2023-08-31,0
C0632,2023-07-02,2023-09-30,19
C0632,2023-07-02,2023-10-31,0
C0632,2023-07-02,2023-11-30,0
C0632,2023-07-02,2023-12-31,0
C0632,2023-07-02,2024-01-31,0
C0632,2023-07-02,2024-02-29,0
C0632,2023-07-02,2024-03-31,0
C0632,2023-07-02,2024-04-30,2
C0632,2023-07-02,2024-05-31,0
C0632,2023-07-02,2024-06-30,0
C0632,2023-07-02,2024-07-31,0
C0632,2023-07-02,2024-08-31,0
C0632,2023-07-02,2024-09-30,0
C0632,2023-07-02,2024-10-31,0
C0632,2023-07-02,2024-11-30,0
C0632,2023-07-02,2024-12-31,0
C0632,2023-07-02,2025-01-31,0
C0632,2023-07-02,2025-02-28,0
C0632,2023-07-02,2025-03-31,33
C0632,2023-07-02,2025-04-30,0
C0632,2023-07-02,2025-05-31,0
C0632,2023-07-02,2025-06-30,0
C0632,2023-07-02,2025-07-31,0
C0632,2023-07-02,2025-08-31,0
C0632,2023-07-02,2025-09-30,0
C0632,2023-07-02,2025-10-31,0
C0632,2023-07-02,2025-11-30,9
C0632,2023-07-02,2025-12-31,0
C0633,2025-01-08,2025-01-31,0
C0633,2025-01-08,2025-02-28,0
C0633,2025-01-08,2025-03-31,0
C0633,2025-01-08,2025-04-30,0
C0633,2025-01-08,2025-05-31,0
C0633,2025-01-08,2025-06-30,0
C0633,2025-01-08,2025-07-31,0
C0633,2025-01-08,2025-08-31,0
C0633,2025-01-08,2025-09-30,0
C0633,2025-01-08,2025-10-31,0
C0633,2025-01-08,2025-11-30,0
C0633,2025-01-08,2025-12-31,0
C0634,2024-03-27,2024-03-31,0
C0634,2024-03-27,2024-04-30,0
C0634,2024-03-27,2024-05-31,0
C0634,2024-03-27,2024-06-30,0
C0634,2024-03-27,2024-07-31,0
C0634,2024-03-27,2024-08-31,0
C0634,2024-03-27,2024-09-30,0
C0634,2024-03-27,2024-10-31,3
C0634,2024-03-27,2024-11-30,0
C0634,2024-03-27,2024-12-31,0
C0634,2024-03-27,2025-01-31,0
C0634,2024-03-27,2025-02-28,0
C0634,2024-03-27,2025-03-31,0
C0634,2024-03-27,2025-04-30,0
C0634,2024-03-27,2025-05-31,0
C0634,2024-03-27,2025-06-30,0
C0634,2024-03-27,2025-07-31,0
C0634,2024-03-27,2025-08-31,22
C0634,2024-03-27,2025-09-30,0
C0634,2024-03-27,2025-10-31,21
C0634,2024-03-27,2025-11-30,0
C0634,2024-03-27,2025-12-31,0
C0635,2023-10-06,2023-10-31,0
C0635,2023-10-06,2023-11-30,0
C0635,2023-10-06,2023-12-31,0
C0635,2023-10-06,2024-01-31,0
C0635,2023-10-06,2024-02-29,36
C0635,2023-10-06,2024-03-31,8
C0635,2023-10-06,2024-04-30,0
C0635,2023-10-06,2024-05-31,0
C0635,2023-10-06,2024-06-30,2
C0635,2023-10-06,2024-07-31,0
C0635,2023-10-06,2024-08-31,22
C0635,2023-10-06,2024-09-30,44
C0635,2023-10-06,2024-10-31,85
C0635,2023-10-06,2024-11-30,91
C0636,2025-05-12,2025-05-31,16
C0636,2025-05-12,2025-06-30,0
C0636,2025-05-12,2025-07-31,64
C0636,2025-05-12,2025-08-31,0
C0636,2025-05-12,2025-09-30,0
C0636,2025-05-12,2025-10-31,0
C0636,2025-05-12,2025-11-30,0
C0636,2025-05-12,2025-12-31,0
C0637,2023-10-17,2023-10-31,0
C0637,2023-10-17,2023-11-30,0
C0637,2023-10-17,2023-12-31,0
C0637,2023-10-17,2024-01-31,0
C0637,2023-10-17,2024-02-29,0
C0637,2023-10-17,2024-03-31,42
C0637,2023-10-17,2024-04-30,0
C0637,2023-10-17,2024-05-31,0
C0637,2023-10-17,2024-06-30,0
C0637,2023-10-17,2024-07-31,0
C0637,2023-10-17,2024-08-31,0
C0637,2023-10-17,2024-09-30,0
C0637,2023-10-17,2024-10-31,0
C0637,2023-10-17,2024-11-30,0
C0637,2023-10-17,2024-12-31,0
C0637,2023-10-17,2025-01-31,0
C0637,2023-10-17,2025-02-28,0
C0637,2023-10-17,2025-03-31,0
C0637,2023-10-17,2025-04-30,0
C0637,2023-10-17,2025-05-31,0
C0637,2023-10-17,2025-06-30,52
C0637,2023-10-17,2025-07-31,0
C0637,2023-10-17,2025-08-31,0
C0637,2023-10-17,2025-09-30,0
C0637,2023-10-17,2025-10-31,0
C0637,2023-10-17,2025-11-30,0
C0637,2023-10-17,2025-12-31,0
C0638,2025-04-19,2025-04-30,0
C0638,2025-04-19,2025-05-31,0
C0638,2025-04-19,2025-06-30,0
C0638,2025-04-19,2025-07-31,0
C0638,2025-04-19,2025-08-31,0
C0638,2025-04-19,2025-09-30,0
C0638,2025-04-19,2025-10-31,0
C0638,2025-04-19,2025-11-30,0
C0638,2025-04-19,2025-12-31,0
C0639,2023-11-22,2023-11-30,0
C0639,2023-11-22,2023-12-31,24
C0639,2023-11-22,2024-01-31,4
C0639,2023-11-22,2024-02-29,0
C0639,2023-11-22,2024-03-31,0
C0639,2023-11-22,2024-04-30,0
C0639,2023-11-22,2024-05-31,0
C0639,2023-11-22,2024-06-30,0
C0639,2023-11-22,2024-07-31,0
C0639,2023-11-22,2024-08-31,0
C0639,2023-11-22,2024-09-30,0
C0639,2023-11-22,2024-10-31,78
C0639,2023-11-22,2024-11-30,0
C0639,2023-11-22,2024-12-31,0
C0639,2023-11-22,2025-01-31,20
C0639,2023-11-22,2025-02-28,29
C0639,2023-11-22,2025-03-31,0
C0639,2023-11-22,2025-04-30,0
C0639,2023-11-22,2025-05-31,0
C0639,2023-11-22,2025-06-30,0
C0639,2023-11-22,2025-07-31,0
C0639,2023-11-22,2025-08-31,0
C0639,2023-11-22,2025-09-30,12
C0639,2023-11-22,2025-10-31,15
C0639,2023-11-22,2025-11-30,55
C0639,2023-11-22,2025-12-31,0
C0640,2025-04-20,2025-04-30,0
C0640,2025-04-20,2025-05-31,19
C0640,2025-04-20,2025-06-30,0
C0640,2025-04-20,2025-07-31,0
C0640,2025-04-20,2025-08-31,0
C0640,2025-04-20,2025-09-30,0
C0640,2025-04-20,2025-10-31,67
C0640,2025-04-20,2025-11-30,0
C0640,2025-04-20,2025-12-31,0
C0641,2023-09-06,2023-09-30,0
C0641,2023-09-06,2023-10-31,61
C0641,2023-09-06,2023-11-30,0
C0641,2023-09-06,2023-12-31,15
C0641,2023-09-06,2024-01-31,0
C0641,2023-09-06,2024-02-29,0
C0641,2023-09-06,2024-03-31,0
C0641,2023-09-06,2024-04-30,0
C0641,2023-09-06,2024-05-31,0
C0641,2023-09-06,2024-06-30,0
C0641,2023-09-06,2024-07-31,0
C0641,2023-09-06,2024-08-31,0
C0641,2023-09-06,2024-09-30,0
C0641,2023-09-06,2024-10-31,0
C0641,2023-09-06,2024-11-30,0
C0641,2023-09-06,2024-12-31,27
C0641,2023-09-06,2025-01-31,0
C0641,2023-09-06,2025-02-28,26
C0641,2023-09-06,2025-03-31,0
C0641,2023-09-06,2025-04-30,0
C0641,2023-09-06,2025-05-31,20
C0641,2023-09-06,2025-06-30,16
C0641,2023-09-06,2025-07-31,0
C0641,2023-09-06,2025-08-31,0
C0641,2023-09-06,2025-09-30,0
C0641,2023-09-06,2025-10-31,0
C0641,2023-09-06,2025-11-30,0
C0641,2023-09-06,2025-12-31,0
C0642,2023-10-20,2023-10-31,0
C0642,2023-10-20,2023-11-30,0
C0642,2023-10-20,2023-12-31,0
C0642,2023-10-20,2024-01-31,0
C0642,2023-10-20,2024-02-29,0
C0642,2023-10-20,2024-03-31,0
C0642,2023-10-20,2024-04-30,0
C0642,2023-10-20,2024-05-31,55
C0642,2023-10-20,2024-06-30,0
C0642,2023-10-20,2024-07-31,0
C0642,2023-10-20,2024-08-31,0
C0642,2023-10-20,2024-09-30,0
C0642,2023-10-20,2024-10-31,0
C0642,2023-10-20,2024-11-30,0
C0642,2023-10-20,2024-12-31,0
C0642,2023-10-20,2025-01-31,0
C0642,2023-10-20,2025-02-28,53
C0642,2023-10-20,2025-03-31,0
C0642,2023-10-20,2025-04-30,4
C0642,2023-10-20,2025-05-31,10
C0642,2023-10-20,2025-06-30,0
C0642,2023-10-20,2025-07-31,0
C0642,2023-10-20,2025-08-31,14
C0642,2023-10-20,2025-09-30,44
C0642,2023-10-20,2025-10-31,0
C0642,2023-10-20,2025-11-30,75
C0642,2023-10-20,2025-12-31,0
C0643,2023-09-01,2023-09-30,0
C0643,2023-09-01,2023-10-31,0
C0643,2023-09-01,2023-11-30,0
C0643,2023-09-01,2023-12-31,0
C0643,2023-09-01,2024-01-31,0
C0643,2023-09-01,2024-02-29,0
C0643,2023-09-01,2024-03-31,0
C0643,2023-09-01,2024-04-30,0
C0643,2023-09-01,2024-05-31,0
C0643,2023-09-01,2024-06-30,0
C0643,2023-09-01,2024-07-31,0
C0643,2023-09-01,2024-08-31,0
C0643,2023-09-01,2024-09-30,0
C0643,2023-09-01,2024-10-31,0
C0643,2023-09-01,2024-11-30,0
C0643,2023-09-01,2024-12-31,0
C0643,2023-09-01,2025-01-31,0
C0643,2023-09-01,2025-02-28,0
C0643,2023-09-01,2025-03-31,0
C0643,2023-09-01,2025-04-30,17
C0643,2023-09-01,2025-05-31,0
C0643,2023-09-01,2025-06-30,0
C0643,2023-09-01,2025-07-31,0
C0643,2023-09-01,2025-08-31,31
C0643,2023-09-01,2025-09-30,0
C0643,2023-09-01,2025-10-31,0
C0643,2023-09-01,2025-11-30,6
C0643,2023-09-01,2025-12-31,0
C0644,2023-06-09,2023-06-30,0
C0644,2023-06-09,2023-07-31,0
C0644,2023-06-09,2023-08-31,17
C0644,2023-06-09,2023-09-30,32
C0644,2023-06-09,2023-10-31,86
C0644,2023-06-09,2023-11-30,110
C0645,2024-12-15,2024-12-31,0
C0645,2024-12-15,2025-01-31,0
C0645,2024-12-15,2025-02-28,0
C0645,2024-12-15,2025-03-31,0
C0645,2024-12-15,2025-04-30,0
C0645,2024-12-15,2025-05-31,0
C0645,2024-12-15,2025-06-30,6
C0645,2024-12-15,2025-07-31,0
C0645,2024-12-15,2025-08-31,0
C0645,2024-12-15,2025-09-30,0
C0645,2024-12-15,2025-10-31,0
C0645,2024-12-15,2025-11-30,0
C0645,2024-12-15,2025-12-31,0
C0646,2023-04-25,2023-04-30,62
C0646,2023-04-25,2023-05-31,0
C0646,2023-04-25,2023-06-30,6
C0646,2023-04-25,2023-07-31,0
C0646,2023-04-25,2023-08-31,0
C0646,2023-04-25,2023-09-30,0
C0646,2023-04-25,2023-10-31,0
C0646,2023-04-25,2023-11-30,0
C0646,2023-04-25,2023-12-31,0
C0646,2023-04-25,2024-01-31,16
C0646,2023-04-25,2024-02-29,0
C0646,2023-04-25,2024-03-31,5
C0646,2023-04-25,2024-04-30,4
C0646,2023-04-25,2024-05-31,0
C0646,2023-04-25,2024-06-30,28
C0646,2023-04-25,2024-07-31,16
C0646,2023-04-25,2024-08-31,0
C0646,2023-04-25,2024-09-30,17
C0646,2023-04-25,2024-10-31,0
C0646,2023-04-25,2024-11-30,0
C0646,2023-04-25,2024-12-31,0
C0646,2023-04-25,2025-01-31,1
C0646,2023-04-25,2025-02-28,0
C0646,2023-04-25,2025-03-31,0
C0646,2023-04-25,2025-04-30,0
C0646,2023-04-25,2025-05-31,0
C0646,2023-04-25,2025-06-30,0
C0646,2023-04-25,2025-07-31,0
C0646,2023-04-25,2025-08-31,0
C0646,2023-04-25,2025-09-30,0
C0646,2023-04-25,2025-10-31,0
C0646,2023-04-25,2025-11-30,0
C0646,2023-04-25,2025-12-31,0
C0647,2023-02-11,2023-02-28,0
C0647,2023-02-11,2023-03-31,0
C0647,2023-02-11,2023-04-30,0
C0647,2023-02-11,2023-05-31,11
C0647,2023-02-11,2023-06-30,0
C0647,2023-02-11,2023-07-31,0
C0647,2023-02-11,2023-08-31,0
C0647,2023-02-11,2023-09-30,0
C0647,2023-02-11,2023-10-31,8
C0647,2023-02-11,2023-11-30,0
C0647,2023-02-11,2023-12-31,0
C0647,2023-02-11,2024-01-31,0
C0647,2023-02-11,2024-02-29,0
C0647,2023-02-11,2024-03-31,0
C0647,2023-02-11,2024-04-30,0
C0647,2023-02-11,2024-05-31,0
C0647,2023-02-11,2024-06-30,0
C0647,2023-02-11,2024-07-31,0
C0647,2023-02-11,2024-08-31,0
C0647,2023-02-11,2024-09-30,0
C0647,2023-02-11,2024-10-31,0
C0647,2023-02-11,2024-11-30,0
C0647,2023-02-11,2024-12-31,0
C0647,2023-02-11,2025-01-31,14
C0647,2023-02-11,2025-02-28,0
C0647,2023-02-11,2025-03-31,52
C0647,2023-02-11,2025-04-30,0
C0647,2023-02-11,2025-05-31,8
C0647,2023-02-11,2025-06-30,0
C0647,2023-02-11,2025-07-31,0
C0647,2023-02-11,2025-08-31,0
C0647,2023-02-11,2025-09-30,0
C0647,2023-02-11,2025-10-31,0
C0647,2023-02-11,2025-11-30,14
C0647,2023-02-11,2025-12-31,0
C0648,2023-06-20,2023-06-30,0
C0648,2023-06-20,2023-07-31,0
C0648,2023-06-20,2023-08-31,32
C0648,2023-06-20,2023-09-30,0
C0648,2023-06-20,2023-10-31,0
C0648,2023-06-20,2023-11-30,0
C0648,2023-06-20,2023-12-31,0
C0648,2023-06-20,2024-01-31,81
C0648,2023-06-20,2024-02-29,0
C0648,2023-06-20,2024-03-31,18
C0648,2023-06-20,2024-04-30,25
C0648,2023-06-20,2024-05-31,0
C0648,2023-06-20,2024-06-30,20
C0648,2023-06-20,2024-07-31,0
C0648,2023-06-20,2024-08-31,0
C0648,2023-06-20,2024-09-30,0
C0648,2023-06-20,2024-10-31,0
C0648,2023-06-20,2024-11-30,16
C0648,2023-06-20,2024-12-31,47
C0648,2023-06-20,2025-01-31,0
C0648,2023-06-20,2025-02-28,5
C0648,2023-06-20,2025-03-31,0
C0648,2023-06-20,2025-04-30,0
C0648,2023-06-20,2025-05-31,0
C0648,2023-06-20,2025-06-30,0
C0648,2023-06-20,2025-07-31,0
C0648,2023-06-20,2025-08-31,0
C0648,2023-06-20,2025-09-30,0
C0648,2023-06-20,2025-10-31,0
C0648,2023-06-20,2025-11-30,38
C0648,2023-06-20,2025-12-31,0
C0649,2023-08-25,2023-08-31,0
C0649,2023-08-25,2023-09-30,0
C0649,2023-08-25,2023-10-31,0
C0649,2023-08-25,2023-11-30,0
C0649,2023-08-25,2023-12-31,0
C0649,2023-08-25,2024-01-31,0
C0649,2023-08-25,2024-02-29,3
C0649,2023-08-25,2024-03-31,0
C0649,2023-08-25,2024-04-30,0
C0649,2023-08-25,2024-05-31,0
C0649,2023-08-25,2024-06-30,0
C0649,2023-08-25,2024-07-31,0
C0649,2023-08-25,2024-08-31,0
C0649,2023-08-25,2024-09-30,0
C0649,2023-08-25,2024-10-31,0
C0649,2023-08-25,2024-11-30,0
C0649,2023-08-25,2024-12-31,17
C0649,2023-08-25,2025-01-31,0
C0649,2023-08-25,2025-02-28,0
C0649,2023-08-25,2025-03-31,0
C0649,2023-08-25,2025-04-30,17
C0649,2023-08-25,2025-05-31,18
C0649,2023-08-25,2025-06-30,0
C0649,2023-08-25,2025-07-31,0
C0649,2023-08-25,2025-08-31,0
C0649,2023-08-25,2025-09-30,24
C0649,2023-08-25,2025-10-31,0
C0649,2023-08-25,2025-11-30,9
C0649,2023-08-25,2025-12-31,0
C0650,2024-05-06,2024-05-31,0
C0650,2024-05-06,2024-06-30,0
C0650,2024-05-06,2024-07-31,0
C0650,2024-05-06,2024-08-31,68
C0650,2024-05-06,2024-09-30,62
C0650,2024-05-06,2024-10-31,0
C0650,2024-05-06,2024-11-30,17
C0650,2024-05-06,2024-12-31,0
C0650,2024-05-06,2025-01-31,0
C0650,2024-05-06,2025-02-28,0
C0650,2024-05-06,2025-03-31,0
C0650,2024-05-06,2025-04-30,0
C0650,2024-05-06,2025-05-31,0
C0650,2024-05-06,2025-06-30,0
C0650,2024-05-06,2025-07-31,5
C0650,2024-05-06,2025-08-31,0
C0650,2024-05-06,2025-09-30,0
C0650,2024-05-06,2025-10-31,0
C0650,2024-05-06,2025-11-30,0
C0650,2024-05-06,2025-12-31,24
C0651,2024-10-10,2024-10-31,0
C0651,2024-10-10,2024-11-30,0
C0651,2024-10-10,2024-12-31,0
C0651,2024-10-10,2025-01-31,0
C0651,2024-10-10,2025-02-28,0
C0651,2024-10-10,2025-03-31,0
C0651,2024-10-10,2025-04-30,0
C0651,2024-10-10,2025-05-31,0
C0651,2024-10-10,2025-06-30,0
C0651,2024-10-10,2025-07-31,0
C0651,2024-10-10,2025-08-31,0
C0651,2024-10-10,2025-09-30,0
C0651,2024-10-10,2025-10-31,0
C0651,2024-10-10,2025-11-30,0
C0651,2024-10-10,2025-12-31,0
C0652,2025-05-17,2025-05-31,12
C0652,2025-05-17,2025-06-30,0
C0652,2025-05-17,2025-07-31,0
C0652,2025-05-17,2025-08-31,0
C0652,2025-05-17,2025-09-30,0
C0652,2025-05-17,2025-10-31,28
C0652,2025-05-17,2025-11-30,0
C0652,2025-05-17,2025-12-31,0
C0653,2025-01-23,2025-01-31,0
C0653,2025-01-23,2025-02-28,15
C0653,2025-01-23,2025-03-31,3
C0653,2025-01-23,2025-04-30,0
C0653,2025-01-23,2025-05-31,0
C0653,2025-01-23,2025-06-30,0
C0653,2025-01-23,2025-07-31,0
C0653,2025-01-23,2025-08-31,0
C0653,2025-01-23,2025-09-30,0
C0653,2025-01-23,2025-10-31,0
C0653,2025-01-23,2025-11-30,35
C0653,2025-01-23,2025-12-31,0
C0654,2023-10-25,2023-10-31,30
C0654,2023-10-25,2023-11-30,0
C0654,2023-10-25,2023-12-31,0
C0654,2023-10-25,2024-01-31,0
C0654,2023-10-25,2024-02-29,0
C0654,2023-10-25,2024-03-31,0
C0654,2023-10-25,2024-04-30,0
C0654,2023-10-25,2024-05-31,0
C0654,2023-10-25,2024-06-30,0
C0654,2023-10-25,2024-07-31,0
C0654,2023-10-25,2024-08-31,0
C0654,2023-10-25,2024-09-30,0
C0654,2023-10-25,2024-10-31,16
C0654,2023-10-25,2024-11-30,0
C0654,2023-10-25,2024-12-31,0
C0654,2023-10-25,2025-01-31,0
C0654,2023-10-25,2025-02-28,0
C0654,2023-10-25,2025-03-31,0
C0654,2023-10-25,2025-04-30,0
C0654,2023-10-25,2025-05-31,0
C0654,2023-10-25,2025-06-30,0
C0654,2023-10-25,2025-07-31,0
C0654,2023-10-25,2025-08-31,0
C0654,2023-10-25,2025-09-30,0
C0654,2023-10-25,2025-10-31,82
C0654,2023-10-25,2025-11-30,0
C0654,2023-10-25,2025-12-31,0
C0655,2023-09-06,2023-09-30,0
C0655,2023-09-06,2023-10-31,0
C0655,2023-09-06,2023-11-30,0
C0655,2023-09-06,2023-12-31,0
C0655,2023-09-06,2024-01-31,0
C0655,2023-09-06,2024-02-29,0
C0655,2023-09-06,2024-03-31,3
C0655,2023-09-06,2024-04-30,0
C0655,2023-09-06,2024-05-31,0
C0655,2023-09-06,2024-06-30,0
C0655,2023-09-06,2024-07-31,0
C0655,2023-09-06,2024-08-31,28
C0655,2023-09-06,2024-09-30,0
C0655,2023-09-06,2024-10-31,0
C0655,2023-09-06,2024-11-30,22
C0655,2023-09-06,2024-12-31,34
C0655,2023-09-06,2025-01-31,0
C0655,2023-09-06,2025-02-28,28
C0655,2023-09-06,2025-03-31,0
C0655,2023-09-06,2025-04-30,0
C0655,2023-09-06,2025-05-31,23
C0655,2023-09-06,2025-06-30,28
C0655,2023-09-06,2025-07-31,0
C0655,2023-09-06,2025-08-31,18
C0655,2023-09-06,2025-09-30,0
C0655,2023-09-06,2025-10-31,0
C0655,2023-09-06,2025-11-30,0
C0655,2023-09-06,2025-12-31,0
C0656,2023-06-19,2023-06-30,0
C0656,2023-06-19,2023-07-31,0
C0656,2023-06-19,2023-08-31,0
C0656,2023-06-19,2023-09-30,11
C0656,2023-06-19,2023-10-31,0
C0656,2023-06-19,2023-11-30,0
C0656,2023-06-19,2023-12-31,0
C0656,2023-06-19,2024-01-31,58
C0656,2023-06-19,2024-02-29,0
C0656,2023-06-19,2024-03-31,0
C0656,2023-06-19,2024-04-30,0
C0656,2023-06-19,2024-05-31,0
C0656,2023-06-19,2024-06-30,0
C0656,2023-06-19,2024-07-31,0
C0656,2023-06-19,2024-08-31,16
C0656,2023-06-19,2024-09-30,0
C0656,2023-06-19,2024-10-31,0
C0656,2023-06-19,2024-11-30,0
C0656,2023-06-19,2024-12-31,0
C0656,2023-06-19,2025-01-31,0
C0656,2023-06-19,2025-02-28,0
C0656,2023-06-19,2025-03-31,0
C0656,2023-06-19,2025-04-30,24
C0656,2023-06-19,2025-05-31,67
C0656,2023-06-19,2025-06-30,0
C0656,2023-06-19,2025-07-31,21
C0656,2023-06-19,2025-08-31,25
C0656,2023-06-19,2025-09-30,40
C0656,2023-06-19,2025-10-31,66
C0656,2023-06-19,2025-11-30,116
C0657,2023-03-24,2023-03-31,0
C0657,2023-03-24,2023-04-30,0
C0657,2023-03-24,2023-05-31,0
C0657,2023-03-24,2023-06-30,0
C0657,2023-03-24,2023-07-31,0
C0657,2023-03-24,2023-08-31,0
C0657,2023-03-24,2023-09-30,0
C0657,2023-03-24,2023-10-31,0
C0657,2023-03-24,2023-11-30,0
C0657,2023-03-24,2023-12-31,0
C0657,2023-03-24,2024-01-31,0
C0657,2023-03-24,2024-02-29,0
C0657,2023-03-24,2024-03-31,0
C0657,2023-03-24,2024-04-30,0
C0657,2023-03-24,2024-05-31,16
C0657,2023-03-24,2024-06-30,0
C0657,2023-03-24,2024-07-31,0
C0657,2023-03-24,2024-08-31,0
C0657,2023-03-24,2024-09-30,0
C0657,2023-03-24,2024-10-31,0
C0657,2023-03-24,2024-11-30,0
C0657,2023-03-24,2024-12-31,0
C0657,2023-03-24,2025-01-31,50
C0657,2023-03-24,2025-02-28,0
C0657,2023-03-24,2025-03-31,0
C0657,2023-03-24,2025-04-30,0
C0657,2023-03-24,2025-05-31,0
C0657,2023-03-24,2025-06-30,0
C0657,2023-03-24,2025-07-31,19
C0657,2023-03-24,2025-08-31,39
C0657,2023-03-24,2025-09-30,78
C0657,2023-03-24,2025-10-31,114
C0658,2024-02-11,2024-02-29,0
C0658,2024-02-11,2024-03-31,0
C0658,2024-02-11,2024-04-30,0
C0658,2024-02-11,2024-05-31,0
C0658,2024-02-11,2024-06-30,11
C0658,2024-02-11,2024-07-31,52
C0658,2024-02-11,2024-08-31,84
C0658,2024-02-11,2024-09-30,94
C0659,2024-10-13,2024-10-31,0
C0659,2024-10-13,2024-11-30,0
C0659,2024-10-13,2024-12-31,0
C0659,2024-10-13,2025-01-31,0
C0659,2024-10-13,2025-02-28,8
C0659,2024-10-13,2025-03-31,0
C0659,2024-10-13,2025-04-30,0
C0659,2024-10-13,2025-05-31,0
C0659,2024-10-13,2025-06-30,3
C0659,2024-10-13,2025-07-31,0
C0659,2024-10-13,2025-08-31,0
C0659,2024-10-13,2025-09-30,0
C0659,2024-10-13,2025-10-31,25
C0659,2024-10-13,2025-11-30,0
C0659,2024-10-13,2025-12-31,38
C0660,2023-03-04,2023-03-31,0
C0660,2023-03-04,2023-04-30,0
C0660,2023-03-04,2023-05-31,0
C0660,2023-03-04,2023-06-30,0
C0660,2023-03-04,2023-07-31,0
C0660,2023-03-04,2023-08-31,0
C0660,2023-03-04,2023-09-30,0
C0660,2023-03-04,2023-10-31,0
C0660,2023-03-04,2023-11-30,0
C0660,2023-03-04,2023-12-31,0
C0660,2023-03-04,2024-01-31,0
C0660,2023-03-04,2024-02-29,0
C0660,2023-03-04,2024-03-31,0
C0660,2023-03-04,2024-04-30,0
C0660,2023-03-04,2024-05-31,0
C0660,2023-03-04,2024-06-30,0
C0660,2023-03-04,2024-07-31,24
C0660,2023-03-04,2024-08-31,0
C0660,2023-03-04,2024-09-30,0
C0660,2023-03-04,2024-10-31,0
C0660,2023-03-04,2024-11-30,0
C0660,2023-03-04,2024-12-31,58
C0660,2023-03-04,2025-01-31,0
C0660,2023-03-04,2025-02-28,0
C0660,2023-03-04,2025-03-31,0
C0660,2023-03-04,2025-04-30,0
C0660,2023-03-04,2025-05-31,0
C0660,2023-03-04,2025-06-30,0
C0660,2023-03-04,2025-07-31,0
C0660,2023-03-04,2025-08-31,0
C0660,2023-03-04,2025-09-30,0
C0660,2023-03-04,2025-10-31,37
C0660,2023-03-04,2025-11-30,0
C0660,2023-03-04,2025-12-31,0
C0661,2025-02-27,2025-02-28,0
C0661,2025-02-27,2025-03-31,0
C0661,2025-02-27,2025-04-30,19
C0661,2025-02-27,2025-05-31,0
C0661,2025-02-27,2025-06-30,0
C0661,2025-02-27,2025-07-31,0
C0661,2025-02-27,2025-08-31,6
C0661,2025-02-27,2025-09-30,0
C0661,2025-02-27,2025-10-31,0
C0661,2025-02-27,2025-11-30,0
C0661,2025-02-27,2025-12-31,0
C0662,2024-04-25,2024-04-30,0
C0662,2024-04-25,2024-05-31,0
C0662,2024-04-25,2024-06-30,0
C0662,2024-04-25,2024-07-31,0
C0662,2024-04-25,2024-08-31,1
C0662,2024-04-25,2024-09-30,0
C0662,2024-04-25,2024-10-31,0
C0662,2024-04-25,2024-11-30,27
C0662,2024-04-25,2024-12-31,0
C0662,2024-04-25,2025-01-31,0
C0662,2024-04-25,2025-02-28,0
C0662,2024-04-25,2025-03-31,0
C0662,2024-04-25,2025-04-30,23
C0662,2024-04-25,2025-05-31,0
C0662,2024-04-25,2025-06-30,0
C0662,2024-04-25,2025-07-31,0
C0662,2024-04-25,2025-08-31,0
C0662,2024-04-25,2025-09-30,0
C0662,2024-04-25,2025-10-31,0
C0662,2024-04-25,2025-11-30,0
C0662,2024-04-25,2025-12-31,0
C0663,2023-01-21,2023-01-31,0
C0663,2023-01-21,2023-02-28,0
C0663,2023-01-21,2023-03-31,29
C0663,2023-01-21,2023-04-30,0
C0663,2023-01-21,2023-05-31,0
C0663,2023-01-21,2023-06-30,0
C0663,2023-01-21,2023-07-31,0
C0663,2023-01-21,2023-08-31,0
C0663,2023-01-21,2023-09-30,0
C0663,2023-01-21,2023-10-31,0
C0663,2023-01-21,2023-11-30,0
C0663,2023-01-21,2023-12-31,0
C0663,2023-01-21,2024-01-31,10
C0663,2023-01-21,2024-02-29,55
C0663,2023-01-21,2024-03-31,60
C0663,2023-01-21,2024-04-30,96
C0664,2023-09-24,2023-09-30,0
C0664,2023-09-24,2023-10-31,0
C0664,2023-09-24,2023-11-30,0
C0664,2023-09-24,2023-12-31,89
C0664,2023-09-24,2024-01-31,0
C0664,2023-09-24,2024-02-29,0
C0664,2023-09-24,2024-03-31,73
C0664,2023-09-24,2024-04-30,0
C0664,2023-09-24,2024-05-31,0
C0664,2023-09-24,2024-06-30,0
C0664,2023-09-24,2024-07-31,47
C0664,2023-09-24,2024-08-31,10
C0664,2023-09-24,2024-09-30,0
C0664,2023-09-24,2024-10-31,6
C0664,2023-09-24,2024-11-30,0
C0664,2023-09-24,2024-12-31,0
C0664,2023-09-24,2025-01-31,0
C0664,2023-09-24,2025-02-28,0
C0664,2023-09-24,2025-03-31,16
C0664,2023-09-24,2025-04-30,0
C0664,2023-09-24,2025-05-31,0
C0664,2023-09-24,2025-06-30,0
C0664,2023-09-24,2025-07-31,19
C0664,2023-09-24,2025-08-31,0
C0664,2023-09-24,2025-09-30,0
C0664,2023-09-24,2025-10-31,0
C0664,2023-09-24,2025-11-30,0
C0664,2023-09-24,2025-12-31,0
C0665,2025-05-02,2025-05-31,0
C0665,2025-05-02,2025-06-30,7
C0665,2025-05-02,2025-07-31,0
C0665,2025-05-02,2025-08-31,0
C0665,2025-05-02,2025-09-30,0
C0665,2025-05-02,2025-10-31,0
C0665,2025-05-02,2025-11-30,0
C0665,2025-05-02,2025-12-31,0
C0666,2025-06-28,2025-06-30,0
C0666,2025-06-28,2025-07-31,0
C0666,2025-06-28,2025-08-31,0
C0666,2025-06-28,2025-09-30,27
C0666,2025-06-28,2025-10-31,58
C0666,2025-06-28,2025-11-30,76
C0666,2025-06-28,2025-12-31,96
C0667,2023-01-28,2023-01-31,20
C0667,2023-01-28,2023-02-28,0
C0667,2023-01-28,2023-03-31,0
C0667,2023-01-28,2023-04-30,0
C0667,2023-01-28,2023-05-31,0
C0667,2023-01-28,2023-06-30,0
C0667,2023-01-28,2023-07-31,0
C0667,2023-01-28,2023-08-31,0
C0667,2023-01-28,2023-09-30,0
C0667,2023-01-28,2023-10-31,0
C0667,2023-01-28,2023-11-30,0
C0667,2023-01-28,2023-12-31,0
C0667,2023-01-28,2024-01-31,0
C0667,2023-01-28,2024-02-29,0
C0667,2023-01-28,2024-03-31,0
C0667,2023-01-28,2024-04-30,0
C0667,2023-01-28,2024-05-31,32
C0667,2023-01-28,2024-06-30,0
C0667,2023-01-28,2024-07-31,0
C0667,2023-01-28,2024-08-31,0
C0667,2023-01-28,2024-09-30,0
C0667,2023-01-28,2024-10-31,3
C0667,2023-01-28,2024-11-30,0
C0667,2023-01-28,2024-12-31,0
C0667,2023-01-28,2025-01-31,50
C0667,2023-01-28,2025-02-28,31
C0667,2023-01-28,2025-03-31,62
C0667,2023-01-28,2025-04-30,102
C0668,2023-03-10,2023-03-31,0
C0668,2023-03-10,2023-04-30,0
C0668,2023-03-10,2023-05-31,0
C0668,2023-03-10,2023-06-30,13
C0668,2023-03-10,2023-07-31,0
C0668,2023-03-10,2023-08-31,44
C0668,2023-03-10,2023-09-30,0
C0668,2023-03-10,2023-10-31,0
C0668,2023-03-10,2023-11-30,0
C0668,2023-03-10,2023-12-31,55
C0668,2023-03-10,2024-01-31,0
C0668,2023-03-10,2024-02-29,0
C0668,2023-03-10,2024-03-31,0
C0668,2023-03-10,2024-04-30,0
C0668,2023-03-10,2024-05-31,0
C0668,2023-03-10,2024-06-30,0
C0668,2023-03-10,2024-07-31,0
C0668,2023-03-10,2024-08-31,0
C0668,2023-03-10,2024-09-30,0
C0668,2023-03-10,2024-10-31,0
C0668,2023-03-10,2024-11-30,0
C0668,2023-03-10,2024-12-31,0
C0668,2023-03-10,2025-01-31,0
C0668,2023-03-10,2025-02-28,0
C0668,2023-03-10,2025-03-31,20
C0668,2023-03-10,2025-04-30,0
C0668,2023-03-10,2025-05-31,0
C0668,2023-03-10,2025-06-30,19
C0668,2023-03-10,2025-07-31,34
C0668,2023-03-10,2025-08-31,81
C0668,2023-03-10,2025-09-30,95
C0669,2024-05-05,2024-05-31,58
C0669,2024-05-05,2024-06-30,0
C0669,2024-05-05,2024-07-31,0
C0669,2024-05-05,2024-08-31,51
C0669,2024-05-05,2024-09-30,0
C0669,2024-05-05,2024-10-31,0
C0669,2024-05-05,2024-11-30,0
C0669,2024-05-05,2024-12-31,0
C0669,2024-05-05,2025-01-31,0
C0669,2024-05-05,2025-02-28,28
C0669,2024-05-05,2025-03-31,23
C0669,2024-05-05,2025-04-30,0
C0669,2024-05-05,2025-05-31,0
C0669,2024-05-05,2025-06-30,0
C0669,2024-05-05,2025-07-31,17
C0669,2024-05-05,2025-08-31,33
C0669,2024-05-05,2025-09-30,0
C0669,2024-05-05,2025-10-31,0
C0669,2024-05-05,2025-11-30,50
C0669,2024-05-05,2025-12-31,0
C0670,2024-03-11,2024-03-31,0
C0670,2024-03-11,2024-04-30,0
C0670,2024-03-11,2024-05-31,0
C0670,2024-03-11,2024-06-30,0
C0670,2024-03-11,2024-07-31,73
C0670,2024-03-11,2024-08-31,0
C0670,2024-03-11,2024-09-30,0
C0670,2024-03-11,2024-10-31,14
C0670,2024-03-11,2024-11-30,65
C0670,2024-03-11,2024-12-31,0
C0670,2024-03-11,2025-01-31,0
C0670,2024-03-11,2025-02-28,0
C0670,2024-03-11,2025-03-31,0
C0670,2024-03-11,2025-04-30,0
C0670,2024-03-11,2025-05-31,0
C0670,2024-03-11,2025-06-30,0
C0670,2024-03-11,2025-07-31,0
C0670,2024-03-11,2025-08-31,0
C0670,2024-03-11,2025-09-30,22
C0670,2024-03-11,2025-10-31,45
C0670,2024-03-11,2025-11-30,24
C0670,2024-03-11,2025-12-31,16
C0671,2024-05-02,2024-05-31,0
C0671,2024-05-02,2024-06-30,0
C0671,2024-05-02,2024-07-31,0
C0671,2024-05-02,2024-08-31,0
C0671,2024-05-02,2024-09-30,4
C0671,2024-05-02,2024-10-31,25
C0671,2024-05-02,2024-11-30,0
C0671,2024-05-02,2024-12-31,0
C0671,2024-05-02,2025-01-31,0
C0671,2024-05-02,2025-02-28,0
C0671,2024-05-02,2025-03-31,0
C0671,2024-05-02,2025-04-30,85
C0671,2024-05-02,2025-05-31,0
C0671,2024-05-02,2025-06-30,0
C0671,2024-05-02,2025-07-31,0
C0671,2024-05-02,2025-08-31,19
C0671,2024-05-02,2025-09-30,0
C0671,2024-05-02,2025-10-31,0
C0671,2024-05-02,2025-11-30,77
C0671,2024-05-02,2025-12-31,0
C0672,2024-05-01,2024-05-31,47
C0672,2024-05-01,2024-06-30,0
C0672,2024-05-01,2024-07-31,0
C0672,2024-05-01,2024-08-31,0
C0672,2024-05-01,2024-09-30,0
C0672,2024-05-01,2024-10-31,0
C0672,2024-05-01,2024-11-30,0
C0672,2024-05-01,2024-12-31,0
C0672,2024-05-01,2025-01-31,0
C0672,2024-05-01,2025-02-28,31
C0672,2024-05-01,2025-03-31,5
C0672,2024-05-01,2025-04-30,0
C0672,2024-05-01,2025-05-31,0
C0672,2024-05-01,2025-06-30,0
C0672,2024-05-01,2025-07-31,0
C0672,2024-05-01,2025-08-31,0
C0672,2024-05-01,2025-09-30,0
C0672,2024-05-01,2025-10-31,0
C0672,2024-05-01,2025-11-30,0
C0672,2024-05-01,2025-12-31,75
C0673,2023-05-05,2023-05-31,21
C0673,2023-05-05,2023-06-30,0
C0673,2023-05-05,2023-07-31,44
C0673,2023-05-05,2023-08-31,0
C0673,2023-05-05,2023-09-30,0
C0673,2023-05-05,2023-10-31,0
C0673,2023-05-05,2023-11-30,19
C0673,2023-05-05,2023-12-31,0
C0673,2023-05-05,2024-01-31,0
C0673,2023-05-05,2024-02-29,0
C0673,2023-05-05,2024-03-31,0
C0673,2023-05-05,2024-04-30,0
C0673,2023-05-05,2024-05-31,0
C0673,2023-05-05,2024-06-30,0
C0673,2023-05-05,2024-07-31,0
C0673,2023-05-05,2024-08-31,0
C0673,2023-05-05,2024-09-30,0
C0673,2023-05-05,2024-10-31,0
C0673,2023-05-05,2024-11-30,10
C0673,2023-05-05,2024-12-31,0
C0673,2023-05-05,2025-01-31,0
C0673,2023-05-05,2025-02-28,0
C0673,2023-05-05,2025-03-31,0
C0673,2023-05-05,2025-04-30,0
C0673,2023-05-05,2025-05-31,84
C0673,2023-05-05,2025-06-30,0
C0673,2023-05-05,2025-07-31,0
C0673,2023-05-05,2025-08-31,17
C0673,2023-05-05,2025-09-30,0
C0673,2023-05-05,2025-10-31,0
C0673,2023-05-05,2025-11-30,17
C0673,2023-05-05,2025-12-31,0
C0674,2023-03-20,2023-03-31,0
C0674,2023-03-20,2023-04-30,22
C0674,2023-03-20,2023-05-31,0
C0674,2023-03-20,2023-06-30,0
C0674,2023-03-20,2023-07-31,0
C0674,2023-03-20,2023-08-31,0
C0674,2023-03-20,2023-09-30,0
C0674,2023-03-20,2023-10-31,55
C0674,2023-03-20,2023-11-30,0
C0674,2023-03-20,2023-12-31,0
C0674,2023-03-20,2024-01-31,0
C0674,2023-03-20,2024-02-29,0
C0674,2023-03-20,2024-03-31,43
C0674,2023-03-20,2024-04-30,31
C0674,2023-03-20,2024-05-31,0
C0674,2023-03-20,2024-06-30,26
C0674,2023-03-20,2024-07-31,0
C0674,2023-03-20,2024-08-31,0
C0674,2023-03-20,2024-09-30,9
C0674,2023-03-20,2024-10-31,0
C0674,2023-03-20,2024-11-30,0
C0674,2023-03-20,2024-12-31,47
C0674,2023-03-20,2025-01-31,0
C0674,2023-03-20,2025-02-28,0
C0674,2023-03-20,2025-03-31,0
C0674,2023-03-20,2025-04-30,0
C0674,2023-03-20,2025-05-31,0
C0674,2023-03-20,2025-06-30,0
C0674,2023-03-20,2025-07-31,0
C0674,2023-03-20,2025-08-31,0
C0674,2023-03-20,2025-09-30,0
C0674,2023-03-20,2025-10-31,0
C0674,2023-03-20,2025-11-30,0
C0674,2023-03-20,2025-12-31,0
C0675,2024-03-26,2024-03-31,2
C0675,2024-03-26,2024-04-30,0
C0675,2024-03-26,2024-05-31,0
C0675,2024-03-26,2024-06-30,0
C0675,2024-03-26,2024-07-31,0
C0675,2024-03-26,2024-08-31,0
C0675,2024-03-26,2024-09-30,0
C0675,2024-03-26,2024-10-31,0
C0675,2024-03-26,2024-11-30,28
C0675,2024-03-26,2024-12-31,0
C0675,2024-03-26,2025-01-31,0
C0675,2024-03-26,2025-02-28,0
C0675,2024-03-26,2025-03-31,0
C0675,2024-03-26,2025-04-30,0
C0675,2024-03-26,2025-05-31,20
C0675,2024-03-26,2025-06-30,0
C0675,2024-03-26,2025-07-31,0
C0675,2024-03-26,2025-08-31,20
C0675,2024-03-26,2025-09-30,0
C0675,2024-03-26,2025-10-31,0
C0675,2024-03-26,2025-11-30,15
C0675,2024-03-26,2025-12-31,10
C0676,2023-11-09,2023-11-30,63
C0676,2023-11-09,2023-12-31,1
C0676,2023-11-09,2024-01-31,0
C0676,2023-11-09,2024-02-29,0
C0676,2023-11-09,2024-03-31,0
C0676,2023-11-09,2024-04-30,0
C0676,2023-11-09,2024-05-31,0
C0676,2023-11-09,2024-06-30,0
C0676,2023-11-09,2024-07-31,0
C0676,2023-11-09,2024-08-31,54
C0676,2023-11-09,2024-09-30,0
C0676,2023-11-09,2024-10-31,0
C0676,2023-11-09,2024-11-30,0
C0676,2023-11-09,2024-12-31,0
C0676,2023-11-09,2025-01-31,0
C0676,2023-11-09,2025-02-28,0
C0676,2023-11-09,2025-03-31,0
C0676,2023-11-09,2025-04-30,0
C0676,2023-11-09,2025-05-31,8
C0676,2023-11-09,2025-06-30,0
C0676,2023-11-09,2025-07-31,0
C0676,2023-11-09,2025-08-31,0
C0676,2023-11-09,2025-09-30,0
C0676,2023-11-09,2025-10-31,52
C0676,2023-11-09,2025-11-30,0
C0676,2023-11-09,2025-12-31,0
C0677,2024-05-17,2024-05-31,0
C0677,2024-05-17,2024-06-30,0
C0677,2024-05-17,2024-07-31,55
C0677,2024-05-17,2024-08-31,28
C0677,2024-05-17,2024-09-30,28
C0677,2024-05-17,2024-10-31,0
C0677,2024-05-17,2024-11-30,0
C0677,2024-05-17,2024-12-31,0
C0677,2024-05-17,2025-01-31,0
C0677,2024-05-17,2025-02-28,0
C0677,2024-05-17,2025-03-31,0
C0677,2024-05-17,2025-04-30,0
C0677,2024-05-17,2025-05-31,26
C0677,2024-05-17,2025-06-30,19
C0677,2024-05-17,2025-07-31,0
C0677,2024-05-17,2025-08-31,0
C0677,2024-05-17,2025-09-30,0
C0677,2024-05-17,2025-10-31,0
C0677,2024-05-17,2025-11-30,0
C0677,2024-05-17,2025-12-31,0
C0678,2024-08-15,2024-08-31,0
C0678,2024-08-15,2024-09-30,0
C0678,2024-08-15,2024-10-31,0
C0678,2024-08-15,2024-11-30,0
C0678,2024-08-15,2024-12-31,0
C0678,2024-08-15,2025-01-31,0
C0678,2024-08-15,2025-02-28,0
C0678,2024-08-15,2025-03-31,84
C0678,2024-08-15,2025-04-30,0
C0678,2024-08-15,2025-05-31,0
C0678,2024-08-15,2025-06-30,0
C0678,2024-08-15,2025-07-31,0
C0678,2024-08-15,2025-08-31,0
C0678,2024-08-15,2025-09-30,0
C0678,2024-08-15,2025-10-31,0
C0678,2024-08-15,2025-11-30,0
C0678,2024-08-15,2025-12-31,0
C0679,2023-03-21,2023-03-31,26
C0679,2023-03-21,2023-04-30,0
C0679,2023-03-21,2023-05-31,0
C0679,2023-03-21,2023-06-30,13
C0679,2023-03-21,2023-07-31,0
C0679,2023-03-21,2023-08-31,14
C0679,2023-03-21,2023-09-30,53
C0679,2023-03-21,2023-10-31,89
C0679,2023-03-21,2023-11-30,101
C0680,2023-03-21,2023-03-31,0
C0680,2023-03-21,2023-04-30,0
C0680,2023-03-21,2023-05-31,0
C0680,2023-03-21,2023-06-30,40
C0680,2023-03-21,2023-07-31,0
C0680,2023-03-21,2023-08-31,0
C0680,2023-03-21,2023-09-30,0
C0680,2023-03-21,2023-10-31,0
C0680,2023-03-21,2023-11-30,0
C0680,2023-03-21,2023-12-31,13
C0680,2023-03-21,2024-01-31,4
C0680,2023-03-21,2024-02-29,0
C0680,2023-03-21,2024-03-31,11
C0680,2023-03-21,2024-04-30,0
C0680,2023-03-21,2024-05-31,0
C0680,2023-03-21,2024-06-30,0
C0680,2023-03-21,2024-07-31,0
C0680,2023-03-21,2024-08-31,0
C0680,2023-03-21,2024-09-30,0
C0680,2023-03-21,2024-10-31,23
C0680,2023-03-21,2024-11-30,0
C0680,2023-03-21,2024-12-31,0
C0680,2023-03-21,2025-01-31,0
C0680,2023-03-21,2025-02-28,0
C0680,2023-03-21,2025-03-31,0
C0680,2023-03-21,2025-04-30,19
C0680,2023-03-21,2025-05-31,0
C0680,2023-03-21,2025-06-30,0
C0680,2023-03-21,2025-07-31,0
C0680,2023-03-21,2025-08-31,0
C0680,2023-03-21,2025-09-30,0
C0680,2023-03-21,2025-10-31,0
C0680,2023-03-21,2025-11-30,0
C0680,2023-03-21,2025-12-31,1
C0681,2025-03-04,2025-03-31,58
C0681,2025-03-04,2025-04-30,0
C0681,2025-03-04,2025-05-31,0
C0681,2025-03-04,2025-06-30,0
C0681,2025-03-04,2025-07-31,0
C0681,2025-03-04,2025-08-31,2
C0681,2025-03-04,2025-09-30,0
C0681,2025-03-04,2025-10-31,0
C0681,2025-03-04,2025-11-30,5
C0681,2025-03-04,2025-12-31,0
C0682,2024-10-04,2024-10-31,0
C0682,2024-10-04,2024-11-30,0
C0682,2024-10-04,2024-12-31,0
C0682,2024-10-04,2025-01-31,0
C0682,2024-10-04,2025-02-28,0
C0682,2024-10-04,2025-03-31,0
C0682,2024-10-04,2025-04-30,0
C0682,2024-10-04,2025-05-31,0
C0682,2024-10-04,2025-06-30,0
C0682,2024-10-04,2025-07-31,0
C0682,2024-10-04,2025-08-31,0
C0682,2024-10-04,2025-09-30,0
C0682,2024-10-04,2025-10-31,0
C0682,2024-10-04,2025-11-30,0
C0682,2024-10-04,2025-12-31,0
C0683,2025-05-03,2025-05-31,0
C0683,2025-05-03,2025-06-30,49
C0683,2025-05-03,2025-07-31,0
C0683,2025-05-03,2025-08-31,0
C0683,2025-05-03,2025-09-30,0
C0683,2025-05-03,2025-10-31,0
C0683,2025-05-03,2025-11-30,12
C0683,2025-05-03,2025-12-31,0
C0684,2024-06-14,2024-06-30,0
C0684,2024-06-14,2024-07-31,16
C0684,2024-06-14,2024-08-31,0
C0684,2024-06-14,2024-09-30,0
C0684,2024-06-14,2024-10-31,0
C0684,2024-06-14,2024-11-30,0
C0684,2024-06-14,2024-12-31,0
C0684,2024-06-14,2025-01-31,0
C0684,2024-06-14,2025-02-28,0
C0684,2024-06-14,2025-03-31,0
C0684,2024-06-14,2025-04-30,0
C0684,2024-06-14,2025-05-31,0
C0684,2024-06-14,2025-06-30,0
C0684,2024-06-14,2025-07-31,47
C0684,2024-06-14,2025-08-31,0
C0684,2024-06-14,2025-09-30,0
C0684,2024-06-14,2025-10-31,0
C0684,2024-06-14,2025-11-30,0
C0684,2024-06-14,2025-12-31,0
C0685,2023-04-12,2023-04-30,0
C0685,2023-04-12,2023-05-31,0
C0685,2023-04-12,2023-06-30,0
C0685,2023-04-12,2023-07-31,0
C0685,2023-04-12,2023-08-31,6
C0685,2023-04-12,2023-09-30,0
C0685,2023-04-12,2023-10-31,0
C0685,2023-04-12,2023-11-30,0
C0685,2023-04-12,2023-12-31,0
C0685,2023-04-12,2024-01-31,33
C0685,2023-04-12,2024-02-29,0
C0685,2023-04-12,2024-03-31,0
C0685,2023-04-12,2024-04-30,0
C0685,2023-04-12,2024-05-31,0
C0685,2023-04-12,2024-06-30,0
C0685,2023-04-12,2024-07-31,0
C0685,2023-04-12,2024-08-31,19
C0685,2023-04-12,2024-09-30,0
C0685,2023-04-12,2024-10-31,0
C0685,2023-04-12,2024-11-30,0
C0685,2023-04-12,2024-12-31,15
C0685,2023-04-12,2025-01-31,0
C0685,2023-04-12,2025-02-28,0
C0685,2023-04-12,2025-03-31,0
C0685,2023-04-12,2025-04-30,14
C0685,2023-04-12,2025-05-31,36
C0685,2023-04-12,2025-06-30,68
C0685,2023-04-12,2025-07-31,120
C0686,2023-06-25,2023-06-30,0
C0686,2023-06-25,2023-07-31,0
C0686,2023-06-25,2023-08-31,0
C0686,2023-06-25,2023-09-30,0
C0686,2023-06-25,2023-10-31,0
C0686,2023-06-25,2023-11-30,0
C0686,2023-06-25,2023-12-31,0
C0686,2023-06-25,2024-01-31,0
C0686,2023-06-25,2024-02-29,0
C0686,2023-06-25,2024-03-31,0
C0686,2023-06-25,2024-04-30,0
C0686,2023-06-25,2024-05-31,0
C0686,2023-06-25,2024-06-30,0
C0686,2023-06-25,2024-07-31,0
C0686,2023-06-25,2024-08-31,0
C0686,2023-06-25,2024-09-30,0
C0686,2023-06-25,2024-10-31,0
C0686,2023-06-25,2024-11-30,0
C0686,2023-06-25,2024-12-31,0
C0686,2023-06-25,2025-01-31,0
C0686,2023-06-25,2025-02-28,0
C0686,2023-06-25,2025-03-31,0
C0686,2023-06-25,2025-04-30,28
C0686,2023-06-25,2025-05-31,0
C0686,2023-06-25,2025-06-30,28
C0686,2023-06-25,2025-07-31,35
C0686,2023-06-25,2025-08-31,82
C0686,2023-06-25,2025-09-30,93
C0687,2023-05-15,2023-05-31,20
C0687,2023-05-15,2023-06-30,0
C0687,2023-05-15,2023-07-31,0
C0687,2023-05-15,2023-08-31,0
C0687,2023-05-15,2023-09-30,0
C0687,2023-05-15,2023-10-31,5
C0687,2023-05-15,2023-11-30,0
C0687,2023-05-15,2023-12-31,0
C0687,2023-05-15,2024-01-31,8
C0687,2023-05-15,2024-02-29,0
C0687,2023-05-15,2024-03-31,0
C0687,2023-05-15,2024-04-30,0
C0687,2023-05-15,2024-05-31,0
C0687,2023-05-15,2024-06-30,0
C0687,2023-05-15,2024-07-31,0
C0687,2023-05-15,2024-08-31,15
C0687,2023-05-15,2024-09-30,33
C0687,2023-05-15,2024-10-31,81
C0687,2023-05-15,2024-11-30,115
C0688,2023-06-26,2023-06-30,0
C0688,2023-06-26,2023-07-31,0
C0688,2023-06-26,2023-08-31,0
C0688,2023-06-26,2023-09-30,0
C0688,2023-06-26,2023-10-31,0
C0688,2023-06-26,2023-11-30,0
C0688,2023-06-26,2023-12-31,0
C0688,2023-06-26,2024-01-31,0
C0688,2023-06-26,2024-02-29,0
C0688,2023-06-26,2024-03-31,0
C0688,2023-06-26,2024-04-30,53
C0688,2023-06-26,2024-05-31,0
C0688,2023-06-26,2024-06-30,0
C0688,2023-06-26,2024-07-31,0
C0688,2023-06-26,2024-08-31,0
C0688,2023-06-26,2024-09-30,0
C0688,2023-06-26,2024-10-31,0
C0688,2023-06-26,2024-11-30,18
C0688,2023-06-26,2024-12-31,0
C0688,2023-06-26,2025-01-31,0
C0688,2023-06-26,2025-02-28,0
C0688,2023-06-26,2025-03-31,0
C0688,2023-06-26,2025-04-30,20
C0688,2023-06-26,2025-05-31,1
C0688,2023-06-26,2025-06-30,0
C0688,2023-06-26,2025-07-31,0
C0688,2023-06-26,2025-08-31,4
C0688,2023-06-26,2025-09-30,0
C0688,2023-06-26,2025-10-31,0
C0688,2023-06-26,2025-11-30,6
C0688,2023-06-26,2025-12-31,0
C0689,2023-06-08,2023-06-30,0
C0689,2023-06-08,2023-07-31,0
C0689,2023-06-08,2023-08-31,0
C0689,2023-06-08,2023-09-30,0
C0689,2023-06-08,2023-10-31,0
C0689,2023-06-08,2023-11-30,0
C0689,2023-06-08,2023-12-31,51
C0689,2023-06-08,2024-01-31,0
C0689,2023-06-08,2024-02-29,0
C0689,2023-06-08,2024-03-31,0
C0689,2023-06-08,2024-04-30,33
C0689,2023-06-08,2024-05-31,0
C0689,2023-06-08,2024-06-30,0
C0689,2023-06-08,2024-07-31,0
C0689,2023-06-08,2024-08-31,0
C0689,2023-06-08,2024-09-30,0
C0689,2023-06-08,2024-10-31,0
C0689,2023-06-08,2024-11-30,0
C0689,2023-06-08,2024-12-31,0
C0689,2023-06-08,2025-01-31,0
C0689,2023-06-08,2025-02-28,0
C0689,2023-06-08,2025-03-31,0
C0689,2023-06-08,2025-04-30,0
C0689,2023-06-08,2025-05-31,29
C0689,2023-06-08,2025-06-30,58
C0689,2023-06-08,2025-07-31,64
C0689,2023-06-08,2025-08-31,119
C0690,2024-04-07,2024-04-30,0
C0690,2024-04-07,2024-05-31,34
C0690,2024-04-07,2024-06-30,0
C0690,2024-04-07,2024-07-31,0
C0690,2024-04-07,2024-08-31,0
C0690,2024-04-07,2024-09-30,0
C0690,2024-04-07,2024-10-31,0
C0690,2024-04-07,2024-11-30,0
C0690,2024-04-07,2024-12-31,28
C0690,2024-04-07,2025-01-31,0
C0690,2024-04-07,2025-02-28,0
C0690,2024-04-07,2025-03-31,14
C0690,2024-04-07,2025-04-30,0
C0690,2024-04-07,2025-05-31,22
C0690,2024-04-07,2025-06-30,61
C0690,2024-04-07,2025-07-31,75
C0690,2024-04-07,2025-08-31,0
C0690,2024-04-07,2025-09-30,6
C0690,2024-04-07,2025-10-31,0
C0690,2024-04-07,2025-11-30,0
C0690,2024-04-07,2025-12-31,0
C0691,2023-05-09,2023-05-31,0
C0691,2023-05-09,2023-06-30,0
C0691,2023-05-09,2023-07-31,7
C0691,2023-05-09,2023-08-31,0
C0691,2023-05-09,2023-09-30,0
C0691,2023-05-09,2023-10-31,0
C0691,2023-05-09,2023-11-30,4
C0691,2023-05-09,2023-12-31,0
C0691,2023-05-09,2024-01-31,17
C0691,2023-05-09,2024-02-29,0
C0691,2023-05-09,2024-03-31,33
C0691,2023-05-09,2024-04-30,0
C0691,2023-05-09,2024-05-31,0
C0691,2023-05-09,2024-06-30,0
C0691,2023-05-09,2024-07-31,0
C0691,2023-05-09,2024-08-31,0
C0691,2023-05-09,2024-09-30,10
C0691,2023-05-09,2024-10-31,35
C0691,2023-05-09,2024-11-30,62
C0691,2023-05-09,2024-12-31,99
C0692,2025-03-25,2025-03-31,70
C0692,2025-03-25,2025-04-30,0
C0692,2025-03-25,2025-05-31,24
C0692,2025-03-25,2025-06-30,0
C0692,2025-03-25,2025-07-31,0
C0692,2025-03-25,2025-08-31,0
C0692,2025-03-25,2025-09-30,0
C0692,2025-03-25,2025-10-31,0
C0692,2025-03-25,2025-11-30,0
C0692,2025-03-25,2025-12-31,0
C0693,2025-02-11,2025-02-28,0
C0693,2025-02-11,2025-03-31,0
C0693,2025-02-11,2025-04-30,0
C0693,2025-02-11,2025-05-31,8
C0693,2025-02-11,2025-06-30,0
C0693,2025-02-11,2025-07-31,0
C0693,2025-02-11,2025-08-31,0
C0693,2025-02-11,2025-09-30,4
C0693,2025-02-11,2025-10-31,0
C0693,2025-02-11,2025-11-30,0
C0693,2025-02-11,2025-12-31,0
C0694,2024-03-10,2024-03-31,0
C0694,2024-03-10,2024-04-30,0
C0694,2024-03-10,2024-05-31,18
C0694,2024-03-10,2024-06-30,0
C0694,2024-03-10,2024-07-31,27
C0694,2024-03-10,2024-08-31,0
C0694,2024-03-10,2024-09-30,0
C0694,2024-03-10,2024-10-31,10
C0694,2024-03-10,2024-11-30,0
C0694,2024-03-10,2024-12-31,21
C0694,2024-03-10,2025-01-31,45
C0694,2024-03-10,2025-02-28,75
C0694,2024-03-10,2025-03-31,120
C0695,2024-03-13,2024-03-31,0
C0695,2024-03-13,2024-04-30,0
C0695,2024-03-13,2024-05-31,0
C0695,2024-03-13,2024-06-30,0
C0695,2024-03-13,2024-07-31,0
C0695,2024-03-13,2024-08-31,0
C0695,2024-03-13,2024-09-30,0
C0695,2024-03-13,2024-10-31,0
C0695,2024-03-13,2024-11-30,19
C0695,2024-03-13,2024-12-31,0
C0695,2024-03-13,2025-01-31,0
C0695,2024-03-13,2025-02-28,0
C0695,2024-03-13,2025-03-31,0
C0695,2024-03-13,2025-04-30,23
C0695,2024-03-13,2025-05-31,0
C0695,2024-03-13,2025-06-30,0
C0695,2024-03-13,2025-07-31,0
C0695,2024-03-13,2025-08-31,0
C0695,2024-03-13,2025-09-30,0
C0695,2024-03-13,2025-10-31,0
C0695,2024-03-13,2025-11-30,0
C0695,2024-03-13,2025-12-31,0
C0696,2023-02-02,2023-02-28,0
C0696,2023-02-02,2023-03-31,4
C0696,2023-02-02,2023-04-30,0
C0696,2023-02-02,2023-05-31,0
C0696,2023-02-02,2023-06-30,17
C0696,2023-02-02,2023-07-31,0
C0696,2023-02-02,2023-08-31,0
C0696,2023-02-02,2023-09-30,11
C0696,2023-02-02,2023-10-31,0
C0696,2023-02-02,2023-11-30,0
C0696,2023-02-02,2023-12-31,0
C0696,2023-02-02,2024-01-31,0
C0696,2023-02-02,2024-02-29,0
C0696,2023-02-02,2024-03-31,0
C0696,2023-02-02,2024-04-30,0
C0696,2023-02-02,2024-05-31,0
C0696,2023-02-02,2024-06-30,0
C0696,2023-02-02,2024-07-31,0
C0696,2023-02-02,2024-08-31,0
C0696,2023-02-02,2024-09-30,0
C0696,2023-02-02,2024-10-31,4
C0696,2023-02-02,2024-11-30,0
C0696,2023-02-02,2024-12-31,0
C0696,2023-02-02,2025-01-31,0
C0696,2023-02-02,2025-02-28,0
C0696,2023-02-02,2025-03-31,0
C0696,2023-02-02,2025-04-30,0
C0696,2023-02-02,2025-05-31,0
C0696,2023-02-02,2025-06-30,0
C0696,2023-02-02,2025-07-31,0
C0696,2023-02-02,2025-08-31,0
C0696,2023-02-02,2025-09-30,0
C0696,2023-02-02,2025-10-31,0
C0696,2023-02-02,2025-11-30,0
C0696,2023-02-02,2025-12-31,19
C0697,2023-07-04,2023-07-31,0
C0697,2023-07-04,2023-08-31,0
C0697,2023-07-04,2023-09-30,0
C0697,2023-07-04,2023-10-31,0
C0697,2023-07-04,2023-11-30,0
C0697,2023-07-04,2023-12-31,0
C0697,2023-07-04,2024-01-31,0
C0697,2023-07-04,2024-02-29,0
C0697,2023-07-04,2024-03-31,0
C0697,2023-07-04,2024-04-30,0
C0697,2023-07-04,2024-05-31,0
C0697,2023-07-04,2024-06-30,0
C0697,2023-07-04,2024-07-31,0
C0697,2023-07-04,2024-08-31,0
C0697,2023-07-04,2024-09-30,0
C0697,2023-07-04,2024-10-31,0
C0697,2023-07-04,2024-11-30,5
C0697,2023-07-04,2024-12-31,0
C0697,2023-07-04,2025-01-31,0
C0697,2023-07-04,2025-02-28,0
C0697,2023-07-04,2025-03-31,0
C0697,2023-07-04,2025-04-30,0
C0697,2023-07-04,2025-05-31,72
C0697,2023-07-04,2025-06-30,51
C0697,2023-07-04,2025-07-31,70
C0697,2023-07-04,2025-08-31,99
C0698,2023-12-13,2023-12-31,0
C0698,2023-12-13,2024-01-31,0
C0698,2023-12-13,2024-02-29,0
C0698,2023-12-13,2024-03-31,0
C0698,2023-12-13,2024-04-30,0
C0698,2023-12-13,2024-05-31,0
C0698,2023-12-13,2024-06-30,0
C0698,2023-12-13,2024-07-31,0
C0698,2023-12-13,2024-08-31,13
C0698,2023-12-13,2024-09-30,0
C0698,2023-12-13,2024-10-31,0
C0698,2023-12-13,2024-11-30,0
C0698,2023-12-13,2024-12-31,0
C0698,2023-12-13,2025-01-31,0
C0698,2023-12-13,2025-02-28,0
C0698,2023-12-13,2025-03-31,0
C0698,2023-12-13,2025-04-30,0
C0698,2023-12-13,2025-05-31,0
C0698,2023-12-13,2025-06-30,0
C0698,2023-12-13,2025-07-31,0
C0698,2023-12-13,2025-08-31,0
C0698,2023-12-13,2025-09-30,0
C0698,2023-12-13,2025-10-31,0
C0698,2023-12-13,2025-11-30,0
C0698,2023-12-13,2025-12-31,36
C0699,2024-03-27,2024-03-31,20
C0699,2024-03-27,2024-04-30,54
C0699,2024-03-27,2024-05-31,0
C0699,2024-03-27,2024-06-30,0
C0699,2024-03-27,2024-07-31,0
C0699,2024-03-27,2024-08-31,0
C0699,2024-03-27,2024-09-30,0
C0699,2024-03-27,2024-10-31,0
C0699,2024-03-27,2024-11-30,0
C0699,2024-03-27,2024-12-31,0
C0699,2024-03-27,2025-01-31,28
C0699,2024-03-27,2025-02-28,0
C0699,2024-03-27,2025-03-31,0
C0699,2024-03-27,2025-04-30,0
C0699,2024-03-27,2025-05-31,0
C0699,2024-03-27,2025-06-30,0
C0699,2024-03-27,2025-07-31,0
C0699,2024-03-27,2025-08-31,0
C0699,2024-03-27,2025-09-30,0
C0699,2024-03-27,2025-10-31,0
C0699,2024-03-27,2025-11-30,0
C0699,2024-03-27,2025-12-31,0
C0700,2024-05-11,2024-05-31,0
C0700,2024-05-11,2024-06-30,0
C0700,2024-05-11,2024-07-31,0
C0700,2024-05-11,2024-08-31,16
C0700,2024-05-11,2024-09-30,48
C0700,2024-05-11,2024-10-31,0
C0700,2024-05-11,2024-11-30,49
C0700,2024-05-11,2024-12-31,41
C0700,2024-05-11,2025-01-31,76
C0700,2024-05-11,2025-02-28,111
C0701,2024-04-12,2024-04-30,0
C0701,2024-04-12,2024-05-31,0
C0701,2024-04-12,2024-06-30,0
C0701,2024-04-12,2024-07-31,0
C0701,2024-04-12,2024-08-31,0
C0701,2024-04-12,2024-09-30,0
C0701,2024-04-12,2024-10-31,0
C0701,2024-04-12,2024-11-30,0
C0701,2024-04-12,2024-12-31,0
C0701,2024-04-12,2025-01-31,0
C0701,2024-04-12,2025-02-28,0
C0701,2024-04-12,2025-03-31,0
C0701,2024-04-12,2025-04-30,0
C0701,2024-04-12,2025-05-31,0
C0701,2024-04-12,2025-06-30,4
C0701,2024-04-12,2025-07-31,0
C0701,2024-04-12,2025-08-31,0
C0701,2024-04-12,2025-09-30,0
C0701,2024-04-12,2025-10-31,0
C0701,2024-04-12,2025-11-30,0
C0701,2024-04-12,2025-12-31,0
C0702,2024-09-12,2024-09-30,0
C0702,2024-09-12,2024-10-31,0
C0702,2024-09-12,2024-11-30,0
C0702,2024-09-12,2024-12-31,0
C0702,2024-09-12,2025-01-31,0
C0702,2024-09-12,2025-02-28,17
C0702,2024-09-12,2025-03-31,0
C0702,2024-09-12,2025-04-30,17
C0702,2024-09-12,2025-05-31,0
C0702,2024-09-12,2025-06-30,0
C0702,2024-09-12,2025-07-31,25
C0702,2024-09-12,2025-08-31,84
C0702,2024-09-12,2025-09-30,0
C0702,2024-09-12,2025-10-31,0
C0702,2024-09-12,2025-11-30,0
C0702,2024-09-12,2025-12-31,0
C0703,2025-01-06,2025-01-31,47
C0703,2025-01-06,2025-02-28,0
C0703,2025-01-06,2025-03-31,0
C0703,2025-01-06,2025-04-30,0
C0703,2025-01-06,2025-05-31,0
C0703,2025-01-06,2025-06-30,0
C0703,2025-01-06,2025-07-31,0
C0703,2025-01-06,2025-08-31,0
C0703,2025-01-06,2025-09-30,15
C0703,2025-01-06,2025-10-31,0
C0703,2025-01-06,2025-11-30,0
C0703,2025-01-06,2025-12-31,28
C0704,2025-01-26,2025-01-31,0
C0704,2025-01-26,2025-02-28,7
C0704,2025-01-26,2025-03-31,0
C0704,2025-01-26,2025-04-30,0
C0704,2025-01-26,2025-05-31,0
C0704,2025-01-26,2025-06-30,0
C0704,2025-01-26,2025-07-31,0
C0704,2025-01-26,2025-08-31,59
C0704,2025-01-26,2025-09-30,7
C0704,2025-01-26,2025-10-31,0
C0704,2025-01-26,2025-11-30,0
C0704,2025-01-26,2025-12-31,0
C0705,2023-10-22,2023-10-31,0
C0705,2023-10-22,2023-11-30,0
C0705,2023-10-22,2023-12-31,0
C0705,2023-10-22,2024-01-31,0
C0705,2023-10-22,2024-02-29,13
C0705,2023-10-22,2024-03-31,0
C0705,2023-10-22,2024-04-30,0
C0705,2023-10-22,2024-05-31,0
C0705,2023-10-22,2024-06-30,0
C0705,2023-10-22,2024-07-31,0
C0705,2023-10-22,2024-08-31,58
C0705,2023-10-22,2024-09-30,29
C0705,2023-10-22,2024-10-31,7
C0705,2023-10-22,2024-11-30,0
C0705,2023-10-22,2024-12-31,0
C0705,2023-10-22,2025-01-31,27
C0705,2023-10-22,2025-02-28,0
C0705,2023-10-22,2025-03-31,0
C0705,2023-10-22,2025-04-30,0
C0705,2023-10-22,2025-05-31,5
C0705,2023-10-22,2025-06-30,51
C0705,2023-10-22,2025-07-31,0
C0705,2023-10-22,2025-08-31,0
C0705,2023-10-22,2025-09-30,2
C0705,2023-10-22,2025-10-31,0
C0705,2023-10-22,2025-11-30,0
C0705,2023-10-22,2025-12-31,27
C0706,2025-02-03,2025-02-28,0
C0706,2025-02-03,2025-03-31,0
C0706,2025-02-03,2025-04-30,0
C0706,2025-02-03,2025-05-31,0
C0706,2025-02-03,2025-06-30,0
C0706,2025-02-03,2025-07-31,0
C0706,2025-02-03,2025-08-31,0
C0706,2025-02-03,2025-09-30,0
C0706,2025-02-03,2025-10-31,0
C0706,2025-02-03,2025-11-30,0
C0706,2025-02-03,2025-12-31,0
C0707,2023-05-07,2023-05-31,0
C0707,2023-05-07,2023-06-30,39
C0707,2023-05-07,2023-07-31,0
C0707,2023-05-07,2023-08-31,0
C0707,2023-05-07,2023-09-30,14
C0707,2023-05-07,2023-10-31,0
C0707,2023-05-07,2023-11-30,0
C0707,2023-05-07,2023-12-31,36
C0707,2023-05-07,2024-01-31,18
C0707,2023-05-07,2024-02-29,44
C0707,2023-05-07,2024-03-31,0
C0707,2023-05-07,2024-04-30,3
C0707,2023-05-07,2024-05-31,0
C0707,2023-05-07,2024-06-30,27
C0707,2023-05-07,2024-07-31,0
C0707,2023-05-07,2024-08-31,0
C0707,2023-05-07,2024-09-30,0
C0707,2023-05-07,2024-10-31,0
C0707,2023-05-07,2024-11-30,0
C0707,2023-05-07,2024-12-31,0
C0707,2023-05-07,2025-01-31,0
C0707,2023-05-07,2025-02-28,0
C0707,2023-05-07,2025-03-31,0
C0707,2023-05-07,2025-04-30,0
C0707,2023-05-07,2025-05-31,32
C0707,2023-05-07,2025-06-30,0
C0707,2023-05-07,2025-07-31,0
C0707,2023-05-07,2025-08-31,27
C0707,2023-05-07,2025-09-30,0
C0707,2023-05-07,2025-10-31,23
C0707,2023-05-07,2025-11-30,0
C0707,2023-05-07,2025-12-31,0
C0708,2024-04-10,2024-04-30,0
C0708,2024-04-10,2024-05-31,0
C0708,2024-04-10,2024-06-30,0
C0708,2024-04-10,2024-07-31,0
C0708,2024-04-10,2024-08-31,0
C0708,2024-04-10,2024-09-30,0
C0708,2024-04-10,2024-10-31,0
C0708,2024-04-10,2024-11-30,0
C0708,2024-04-10,2024-12-31,0
C0708,2024-04-10,2025-01-31,20
C0708,2024-04-10,2025-02-28,0
C0708,2024-04-10,2025-03-31,0
C0708,2024-04-10,2025-04-30,0
C0708,2024-04-10,2025-05-31,0
C0708,2024-04-10,2025-06-30,0
C0708,2024-04-10,2025-07-31,0
C0708,2024-04-10,2025-08-31,0
C0708,2024-04-10,2025-09-30,0
C0708,2024-04-10,2025-10-31,0
C0708,2024-04-10,2025-11-30,0
C0708,2024-04-10,2025-12-31,23
C0709,2023-07-12,2023-07-31,0
C0709,2023-07-12,2023-08-31,0
C0709,2023-07-12,2023-09-30,20
C0709,2023-07-12,2023-10-31,0
C0709,2023-07-12,2023-11-30,0
C0709,2023-07-12,2023-12-31,0
C0709,2023-07-12,2024-01-31,36
C0709,2023-07-12,2024-02-29,0
C0709,2023-07-12,2024-03-31,45
C0709,2023-07-12,2024-04-30,0
C0709,2023-07-12,2024-05-31,0
C0709,2023-07-12,2024-06-30,27
C0709,2023-07-12,2024-07-31,0
C0709,2023-07-12,2024-08-31,0
C0709,2023-07-12,2024-09-30,0
C0709,2023-07-12,2024-10-31,0
C0709,2023-07-12,2024-11-30,0
C0709,2023-07-12,2024-12-31,0
C0709,2023-07-12,2025-01-31,4
C0709,2023-07-12,2025-02-28,0
C0709,2023-07-12,2025-03-31,0
C0709,2023-07-12,2025-04-30,0
C0709,2023-07-12,2025-05-31,25
C0709,2023-07-12,2025-06-30,13
C0709,2023-07-12,2025-07-31,0
C0709,2023-07-12,2025-08-31,18
C0709,2023-07-12,2025-09-30,0
C0709,2023-07-12,2025-10-31,0
C0709,2023-07-12,2025-11-30,9
C0709,2023-07-12,2025-12-31,0
C0710,2023-07-22,2023-07-31,0
C0710,2023-07-22,2023-08-31,0
C0710,2023-07-22,2023-09-30,0
C0710,2023-07-22,2023-10-31,0
C0710,2023-07-22,2023-11-30,9
C0710,2023-07-22,2023-12-31,0
C0710,2023-07-22,2024-01-31,0
C0710,2023-07-22,2024-02-29,0
C0710,2023-07-22,2024-03-31,28
C0710,2023-07-22,2024-04-30,0
C0710,2023-07-22,2024-05-31,0
C0710,2023-07-22,2024-06-30,0
C0710,2023-07-22,2024-07-31,0
C0710,2023-07-22,2024-08-31,8
C0710,2023-07-22,2024-09-30,0
C0710,2023-07-22,2024-10-31,0
C0710,2023-07-22,2024-11-30,0
C0710,2023-07-22,2024-12-31,0
C0710,2023-07-22,2025-01-31,0
C0710,2023-07-22,2025-02-28,25
C0710,2023-07-22,2025-03-31,0
C0710,2023-07-22,2025-04-30,23
C0710,2023-07-22,2025-05-31,42
C0710,2023-07-22,2025-06-30,79
C0710,2023-07-22,2025-07-31,119
C0711,2025-01-03,2025-01-31,0
C0711,2025-01-03,2025-02-28,0
C0711,2025-01-03,2025-03-31,0
C0711,2025-01-03,2025-04-30,0
C0711,2025-01-03,2025-05-31,16
C0711,2025-01-03,2025-06-30,0
C0711,2025-01-03,2025-07-31,39
C0711,2025-01-03,2025-08-31,20
C0711,2025-01-03,2025-09-30,0
C0711,2025-01-03,2025-10-31,0
C0711,2025-01-03,2025-11-30,0
C0711,2025-01-03,2025-12-31,0
C0712,2024-01-25,2024-01-31,0
C0712,2024-01-25,2024-02-29,46
C0712,2024-01-25,2024-03-31,0
C0712,2024-01-25,2024-04-30,0
C0712,2024-01-25,2024-05-31,0
C0712,2024-01-25,2024-06-30,0
C0712,2024-01-25,2024-07-31,0
C0712,2024-01-25,2024-08-31,0
C0712,2024-01-25,2024-09-30,22
C0712,2024-01-25,2024-10-31,40
C0712,2024-01-25,2024-11-30,66
C0712,2024-01-25,2024-12-31,92
C0713,2024-04-19,2024-04-30,0
C0713,2024-04-19,2024-05-31,0
C0713,2024-04-19,2024-06-30,20
C0713,2024-04-19,2024-07-31,40
C0713,2024-04-19,2024-08-31,79
C0713,2024-04-19,2024-09-30,119
C0714,2025-02-03,2025-02-28,0
C0714,2025-02-03,2025-03-31,0
C0714,2025-02-03,2025-04-30,79
C0714,2025-02-03,2025-05-31,0
C0714,2025-02-03,2025-06-30,0
C0714,2025-02-03,2025-07-31,0
C0714,2025-02-03,2025-08-31,0
C0714,2025-02-03,2025-09-30,0
C0714,2025-02-03,2025-10-31,0
C0714,2025-02-03,2025-11-30,0
C0714,2025-02-03,2025-12-31,0
C0715,2025-06-07,2025-06-30,60
C0715,2025-06-07,2025-07-31,0
C0715,2025-06-07,2025-08-31,0
C0715,2025-06-07,2025-09-30,0
C0715,2025-06-07,2025-10-31,0
C0715,2025-06-07,2025-11-30,6
C0715,2025-06-07,2025-12-31,37
C0716,2025-04-06,2025-04-30,0
C0716,2025-04-06,2025-05-31,0
C0716,2025-04-06,2025-06-30,0
C0716,2025-04-06,2025-07-31,0
C0716,2025-04-06,2025-08-31,0
C0716,2025-04-06,2025-09-30,48
C0716,2025-04-06,2025-10-31,0
C0716,2025-04-06,2025-11-30,61
C0716,2025-04-06,2025-12-31,0
C0717,2025-03-08,2025-03-31,0
C0717,2025-03-08,2025-04-30,0
C0717,2025-03-08,2025-05-31,0
C0717,2025-03-08,2025-06-30,0
C0717,2025-03-08,2025-07-31,0
C0717,2025-03-08,2025-08-31,0
C0717,2025-03-08,2025-09-30,59
C0717,2025-03-08,2025-10-31,10
C0717,2025-03-08,2025-11-30,0
C0717,2025-03-08,2025-12-31,0
C0718,2023-03-19,2023-03-31,0
C0718,2023-03-19,2023-04-30,0
C0718,2023-03-19,2023-05-31,36
C0718,2023-03-19,2023-06-30,0
C0718,2023-03-19,2023-07-31,0
C0718,2023-03-19,2023-08-31,0
C0718,2023-03-19,2023-09-30,0
C0718,2023-03-19,2023-10-31,0
C0718,2023-03-19,2023-11-30,0
C0718,2023-03-19,2023-12-31,2
C0718,2023-03-19,2024-01-31,0
C0718,2023-03-19,2024-02-29,0
C0718,2023-03-19,2024-03-31,0
C0718,2023-03-19,2024-04-30,0
C0718,2023-03-19,2024-05-31,11
C0718,2023-03-19,2024-06-30,0
C0718,2023-03-19,2024-07-31,76
C0718,2023-03-19,2024-08-31,0
C0718,2023-03-19,2024-09-30,0
C0718,2023-03-19,2024-10-31,0
C0718,2023-03-19,2024-11-30,0
C0718,2023-03-19,2024-12-31,0
C0718,2023-03-19,2025-01-31,0
C0718,2023-03-19,2025-02-28,0
C0718,2023-03-19,2025-03-31,0
C0718,2023-03-19,2025-04-30,0
C0718,2023-03-19,2025-05-31,0
C0718,2023-03-19,2025-06-30,18
C0718,2023-03-19,2025-07-31,0
C0718,2023-03-19,2025-08-31,0
C0718,2023-03-19,2025-09-30,0
C0718,2023-03-19,2025-10-31,0
C0718,2023-03-19,2025-11-30,0
C0718,2023-03-19,2025-12-31,0
C0719,2025-06-05,2025-06-30,0
C0719,2025-06-05,2025-07-31,13
C0719,2025-06-05,2025-08-31,0
C0719,2025-06-05,2025-09-30,0
C0719,2025-06-05,2025-10-31,0
C0719,2025-06-05,2025-11-30,0
C0719,2025-06-05,2025-12-31,0
C0720,2024-06-26,2024-06-30,0
C0720,2024-06-26,2024-07-31,0
C0720,2024-06-26,2024-08-31,0
C0720,2024-06-26,2024-09-30,0
C0720,2024-06-26,2024-10-31,0
C0720,2024-06-26,2024-11-30,8
C0720,2024-06-26,2024-12-31,32
C0720,2024-06-26,2025-01-31,0
C0720,2024-06-26,2025-02-28,44
C0720,2024-06-26,2025-03-31,11
C0720,2024-06-26,2025-04-30,0
C0720,2024-06-26,2025-05-31,0
C0720,2024-06-26,2025-06-30,0
C0720,2024-06-26,2025-07-31,0
C0720,2024-06-26,2025-08-31,0
C0720,2024-06-26,2025-09-30,0
C0720,2024-06-26,2025-10-31,0
C0720,2024-06-26,2025-11-30,0
C0720,2024-06-26,2025-12-31,0
C0721,2024-06-10,2024-06-30,0
C0721,2024-06-10,2024-07-31,0
C0721,2024-06-10,2024-08-31,0
C0721,2024-06-10,2024-09-30,0
C0721,2024-06-10,2024-10-31,0
C0721,2024-06-10,2024-11-30,0
C0721,2024-06-10,2024-12-31,0
C0721,2024-06-10,2025-01-31,11
C0721,2024-06-10,2025-02-28,55
C0721,2024-06-10,2025-03-31,73
C0721,2024-06-10,2025-04-30,111
C0722,2023-02-11,2023-02-28,0
C0722,2023-02-11,2023-03-31,0
C0722,2023-02-11,2023-04-30,0
C0722,2023-02-11,2023-05-31,0
C0722,2023-02-11,2023-06-30,4
C0722,2023-02-11,2023-07-31,0
C0722,2023-02-11,2023-08-31,0
C0722,2023-02-11,2023-09-30,15
C0722,2023-02-11,2023-10-31,0
C0722,2023-02-11,2023-11-30,0
C0722,2023-02-11,2023-12-31,0
C0722,2023-02-11,2024-01-31,75
C0722,2023-02-11,2024-02-29,0
C0722,2023-02-11,2024-03-31,15
C0722,2023-02-11,2024-04-30,0
C0722,2023-02-11,2024-05-31,0
C0722,2023-02-11,2024-06-30,0
C0722,2023-02-11,2024-07-31,0
C0722,2023-02-11,2024-08-31,0
C0722,2023-02-11,2024-09-30,54
C0722,2023-02-11,2024-10-31,35
C0722,2023-02-11,2024-11-30,71
C0722,2023-02-11,2024-12-31,109
C0723,2025-06-20,2025-06-30,0
C0723,2025-06-20,2025-07-31,0
C0723,2025-06-20,2025-08-31,0
C0723,2025-06-20,2025-09-30,0
C0723,2025-06-20,2025-10-31,0
C0723,2025-06-20,2025-11-30,0
C0723,2025-06-20,2025-12-31,0
C0724,2024-04-20,2024-04-30,0
C0724,2024-04-20,2024-05-31,10
C0724,2024-04-20,2024-06-30,0
C0724,2024-04-20,2024-07-31,0
C0724,2024-04-20,2024-08-31,0
C0724,2024-04-20,2024-09-30,0
C0724,2024-04-20,2024-10-31,0
C0724,2024-04-20,2024-11-30,0
C0724,2024-04-20,2024-12-31,11
C0724,2024-04-20,2025-01-31,0
C0724,2024-04-20,2025-02-28,0
C0724,2024-04-20,2025-03-31,0
C0724,2024-04-20,2025-04-30,0
C0724,2024-04-20,2025-05-31,0
C0724,2024-04-20,2025-06-30,0
C0724,2024-04-20,2025-07-31,0
C0724,2024-04-20,2025-08-31,0
C0724,2024-04-20,2025-09-30,0
C0724,2024-04-20,2025-10-31,0
C0724,2024-04-20,2025-11-30,0
C0724,2024-04-20,2025-12-31,0
C0725,2024-07-22,2024-07-31,0
C0725,2024-07-22,2024-08-31,0
C0725,2024-07-22,2024-09-30,0
C0725,2024-07-22,2024-10-31,0
C0725,2024-07-22,2024-11-30,0
C0725,2024-07-22,2024-12-31,0
C0725,2024-07-22,2025-01-31,0
C0725,2024-07-22,2025-02-28,0
C0725,2024-07-22,2025-03-31,0
C0725,2024-07-22,2025-04-30,0
C0725,2024-07-22,2025-05-31,0
C0725,2024-07-22,2025-06-30,0
C0725,2024-07-22,2025-07-31,0
C0725,2024-07-22,2025-08-31,12
C0725,2024-07-22,2025-09-30,0
C0725,2024-07-22,2025-10-31,0
C0725,2024-07-22,2025-11-30,0
C0725,2024-07-22,2025-12-31,0
C0726,2025-01-14,2025-01-31,0
C0726,2025-01-14,2025-02-28,0
C0726,2025-01-14,2025-03-31,0
C0726,2025-01-14,2025-04-30,0
C0726,2025-01-14,2025-05-31,0
C0726,2025-01-14,2025-06-30,0
C0726,2025-01-14,2025-07-31,0
C0726,2025-01-14,2025-08-31,0
C0726,2025-01-14,2025-09-30,0
C0726,2025-01-14,2025-10-31,0
C0726,2025-01-14,2025-11-30,0
C0726,2025-01-14,2025-12-31,0
C0727,2024-04-03,2024-04-30,0
C0727,2024-04-03,2024-05-31,0
C0727,2024-04-03,2024-06-30,0
C0727,2024-04-03,2024-07-31,0
C0727,2024-04-03,2024-08-31,0
C0727,2024-04-03,2024-09-30,0
C0727,2024-04-03,2024-10-31,0
C0727,2024-04-03,2024-11-30,10
C0727,2024-04-03,2024-12-31,0
C0727,2024-04-03,2025-01-31,0
C0727,2024-04-03,2025-02-28,0
C0727,2024-04-03,2025-03-31,0
C0727,2024-04-03,2025-04-30,0
C0727,2024-04-03,2025-05-31,0
C0727,2024-04-03,2025-06-30,0
C0727,2024-04-03,2025-07-31,0
C0727,2024-04-03,2025-08-31,4
C0727,2024-04-03,2025-09-30,0
C0727,2024-04-03,2025-10-31,0
C0727,2024-04-03,2025-11-30,0
C0727,2024-04-03,2025-12-31,0
C0728,2024-04-22,2024-04-30,0
C0728,2024-04-22,2024-05-31,0
C0728,2024-04-22,2024-06-30,0
C0728,2024-04-22,2024-07-31,0
C0728,2024-04-22,2024-08-31,0
C0728,2024-04-22,2024-09-30,0
C0728,2024-04-22,2024-10-31,0
C0728,2024-04-22,2024-11-30,0
C0728,2024-04-22,2024-12-31,0
C0728,2024-04-22,2025-01-31,0
C0728,2024-04-22,2025-02-28,0
C0728,2024-04-22,2025-03-31,0
C0728,2024-04-22,2025-04-30,0
C0728,2024-04-22,2025-05-31,0
C0728,2024-04-22,2025-06-30,0
C0728,2024-04-22,2025-07-31,0
C0728,2024-04-22,2025-08-31,0
C0728,2024-04-22,2025-09-30,0
C0728,2024-04-22,2025-10-31,0
C0728,2024-04-22,2025-11-30,0
C0728,2024-04-22,2025-12-31,0
C0729,2025-06-23,2025-06-30,0
C0729,2025-06-23,2025-07-31,0
C0729,2025-06-23,2025-08-31,0
C0729,2025-06-23,2025-09-30,0
C0729,2025-06-23,2025-10-31,0
C0729,2025-06-23,2025-11-30,12
C0729,2025-06-23,2025-12-31,0
C0730,2023-12-08,2023-12-31,0
C0730,2023-12-08,2024-01-31,0
C0730,2023-12-08,2024-02-29,0
C0730,2023-12-08,2024-03-31,16
C0730,2023-12-08,2024-04-30,0
C0730,2023-12-08,2024-05-31,73
C0730,2023-12-08,2024-06-30,0
C0730,2023-12-08,2024-07-31,0
C0730,2023-12-08,2024-08-31,0
C0730,2023-12-08,2024-09-30,8
C0730,2023-12-08,2024-10-31,0
C0730,2023-12-08,2024-11-30,0
C0730,2023-12-08,2024-12-31,0
C0730,2023-12-08,2025-01-31,0
C0730,2023-12-08,2025-02-28,61
C0730,2023-12-08,2025-03-31,0
C0730,2023-12-08,2025-04-30,0
C0730,2023-12-08,2025-05-31,0
C0730,2023-12-08,2025-06-30,27
C0730,2023-12-08,2025-07-31,0
C0730,2023-12-08,2025-08-31,0
C0730,2023-12-08,2025-09-30,0
C0730,2023-12-08,2025-10-31,0
C0730,2023-12-08,2025-11-30,0
C0730,2023-12-08,2025-12-31,24
C0731,2024-05-24,2024-05-31,0
C0731,2024-05-24,2024-06-30,0
C0731,2024-05-24,2024-07-31,0
C0731,2024-05-24,2024-08-31,0
C0731,2024-05-24,2024-09-30,0
C0731,2024-05-24,2024-10-31,0
C0731,2024-05-24,2024-11-30,0
C0731,2024-05-24,2024-12-31,0
C0731,2024-05-24,2025-01-31,0
C0731,2024-05-24,2025-02-28,0
C0731,2024-05-24,2025-03-31,0
C0731,2024-05-24,2025-04-30,0
C0731,2024-05-24,2025-05-31,0
C0731,2024-05-24,2025-06-30,25
C0731,2024-05-24,2025-07-31,0
C0731,2024-05-24,2025-08-31,0
C0731,2024-05-24,2025-09-30,0
C0731,2024-05-24,2025-10-31,0
C0731,2024-05-24,2025-11-30,0
C0731,2024-05-24,2025-12-31,0
C0732,2024-08-16,2024-08-31,0
C0732,2024-08-16,2024-09-30,0
C0732,2024-08-16,2024-10-31,0
C0732,2024-08-16,2024-11-30,74
C0732,2024-08-16,2024-12-31,0
C0732,2024-08-16,2025-01-31,0
C0732,2024-08-16,2025-02-28,0
C0732,2024-08-16,2025-03-31,11
C0732,2024-08-16,2025-04-30,0
C0732,2024-08-16,2025-05-31,0
C0732,2024-08-16,2025-06-30,0
C0732,2024-08-16,2025-07-31,20
C0732,2024-08-16,2025-08-31,0
C0732,2024-08-16,2025-09-30,0
C0732,2024-08-16,2025-10-31,0
C0732,2024-08-16,2025-11-30,22
C0732,2024-08-16,2025-12-31,0
C0733,2023-01-09,2023-01-31,0
C0733,2023-01-09,2023-02-28,0
C0733,2023-01-09,2023-03-31,8
C0733,2023-01-09,2023-04-30,0
C0733,2023-01-09,2023-05-31,0
C0733,2023-01-09,2023-06-30,0
C0733,2023-01-09,2023-07-31,0
C0733,2023-01-09,2023-08-31,0
C0733,2023-01-09,2023-09-30,0
C0733,2023-01-09,2023-10-31,0
C0733,2023-01-09,2023-11-30,0
C0733,2023-01-09,2023-12-31,0
C0733,2023-01-09,2024-01-31,0
C0733,2023-01-09,2024-02-29,0
C0733,2023-01-09,2024-03-31,26
C0733,2023-01-09,2024-04-30,14
C0733,2023-01-09,2024-05-31,0
C0733,2023-01-09,2024-06-30,0
C0733,2023-01-09,2024-07-31,0
C0733,2023-01-09,2024-08-31,0
C0733,2023-01-09,2024-09-30,0
C0733,2023-01-09,2024-10-31,0
C0733,2023-01-09,2024-11-30,0
C0733,2023-01-09,2024-12-31,29
C0733,2023-01-09,2025-01-31,0
C0733,2023-01-09,2025-02-28,0
C0733,2023-01-09,2025-03-31,0
C0733,2023-01-09,2025-04-30,34
C0733,2023-01-09,2025-05-31,0
C0733,2023-01-09,2025-06-30,27
C0733,2023-01-09,2025-07-31,43
C0733,2023-01-09,2025-08-31,89
C0733,2023-01-09,2025-09-30,96
C0734,2024-03-28,2024-03-31,0
C0734,2024-03-28,2024-04-30,21
C0734,2024-03-28,2024-05-31,25
C0734,2024-03-28,2024-06-30,0
C0734,2024-03-28,2024-07-31,0
C0734,2024-03-28,2024-08-31,0
C0734,2024-03-28,2024-09-30,16
C0734,2024-03-28,2024-10-31,0
C0734,2024-03-28,2024-11-30,0
C0734,2024-03-28,2024-12-31,0
C0734,2024-03-28,2025-01-31,44
C0734,2024-03-28,2025-02-28,0
C0734,2024-03-28,2025-03-31,0
C0734,2024-03-28,2025-04-30,0
C0734,2024-03-28,2025-05-31,0
C0734,2024-03-28,2025-06-30,72
C0734,2024-03-28,2025-07-31,0
C0734,2024-03-28,2025-08-31,0
C0734,2024-03-28,2025-09-30,0
C0734,2024-03-28,2025-10-31,0
C0734,2024-03-28,2025-11-30,0
C0734,2024-03-28,2025-12-31,0
C0735,2024-04-18,2024-04-30,0
C0735,2024-04-18,2024-05-31,0
C0735,2024-04-18,2024-06-30,0
C0735,2024-04-18,2024-07-31,0
C0735,2024-04-18,2024-08-31,0
C0735,2024-04-18,2024-09-30,22
C0735,2024-04-18,2024-10-31,46
C0735,2024-04-18,2024-11-30,0
C0735,2024-04-18,2024-12-31,14
C0735,2024-04-18,2025-01-31,0
C0735,2024-04-18,2025-02-28,0
C0735,2024-04-18,2025-03-31,0
C0735,2024-04-18,2025-04-30,0
C0735,2024-04-18,2025-05-31,23
C0735,2024-04-18,2025-06-30,0
C0735,2024-04-18,2025-07-31,24
C0735,2024-04-18,2025-08-31,60
C0735,2024-04-18,2025-09-30,0
C0735,2024-04-18,2025-10-31,0
C0735,2024-04-18,2025-11-30,0
C0735,2024-04-18,2025-12-31,0
C0736,2023-10-10,2023-10-31,44
C0736,2023-10-10,2023-11-30,0
C0736,2023-10-10,2023-12-31,0
C0736,2023-10-10,2024-01-31,0
C0736,2023-10-10,2024-02-29,0
C0736,2023-10-10,2024-03-31,0
C0736,2023-10-10,2024-04-30,0
C0736,2023-10-10,2024-05-31,0
C0736,2023-10-10,2024-06-30,0
C0736,2023-10-10,2024-07-31,0
C0736,2023-10-10,2024-08-31,0
C0736,2023-10-10,2024-09-30,0
C0736,2023-10-10,2024-10-31,0
C0736,2023-10-10,2024-11-30,0
C0736,2023-10-10,2024-12-31,0
C0736,2023-10-10,2025-01-31,0
C0736,2023-10-10,2025-02-28,0
C0736,2023-10-10,2025-03-31,0
C0736,2023-10-10,2025-04-30,0
C0736,2023-10-10,2025-05-31,6
C0736,2023-10-10,2025-06-30,3
C0736,2023-10-10,2025-07-31,0
C0736,2023-10-10,2025-08-31,0
C0736,2023-10-10,2025-09-30,0
C0736,2023-10-10,2025-10-31,0
C0736,2023-10-10,2025-11-30,0
C0736,2023-10-10,2025-12-31,0
C0737,2024-11-12,2024-11-30,0
C0737,2024-11-12,2024-12-31,0
C0737,2024-11-12,2025-01-31,0
C0737,2024-11-12,2025-02-28,0
C0737,2024-11-12,2025-03-31,0
C0737,2024-11-12,2025-04-30,0
C0737,2024-11-12,2025-05-31,6
C0737,2024-11-12,2025-06-30,0
C0737,2024-11-12,2025-07-31,45
C0737,2024-11-12,2025-08-31,0
C0737,2024-11-12,2025-09-30,0
C0737,2024-11-12,2025-10-31,5
C0737,2024-11-12,2025-11-30,66
C0737,2024-11-12,2025-12-31,0
C0738,2025-01-12,2025-01-31,0
C0738,2025-01-12,2025-02-28,0
C0738,2025-01-12,2025-03-31,0
C0738,2025-01-12,2025-04-30,0
C0738,2025-01-12,2025-05-31,0
C0738,2025-01-12,2025-06-30,0
C0738,2025-01-12,2025-07-31,0
C0738,2025-01-12,2025-08-31,0
C0738,2025-01-12,2025-09-30,0
C0738,2025-01-12,2025-10-31,0
C0738,2025-01-12,2025-11-30,0
C0738,2025-01-12,2025-12-31,19
C0739,2023-06-05,2023-06-30,0
C0739,2023-06-05,2023-07-31,0
C0739,2023-06-05,2023-08-31,41
C0739,2023-06-05,2023-09-30,0
C0739,2023-06-05,2023-10-31,27
C0739,2023-06-05,2023-11-30,0
C0739,2023-06-05,2023-12-31,80
C0739,2023-06-05,2024-01-31,0
C0739,2023-06-05,2024-02-29,0
C0739,2023-06-05,2024-03-31,0
C0739,2023-06-05,2024-04-30,0
C0739,2023-06-05,2024-05-31,0
C0739,2023-06-05,2024-06-30,65
C0739,2023-06-05,2024-07-31,12
C0739,2023-06-05,2024-08-31,0
C0739,2023-06-05,2024-09-30,0
C0739,2023-06-05,2024-10-31,22
C0739,2023-06-05,2024-11-30,30
C0739,2023-06-05,2024-12-31,0
C0739,2023-06-05,2025-01-31,21
C0739,2023-06-05,2025-02-28,0
C0739,2023-06-05,2025-03-31,0
C0739,2023-06-05,2025-04-30,0
C0739,2023-06-05,2025-05-31,0
C0739,2023-06-05,2025-06-30,0
C0739,2023-06-05,2025-07-31,0
C0739,2023-06-05,2025-08-31,0
C0739,2023-06-05,2025-09-30,0
C0739,2023-06-05,2025-10-31,0
C0739,2023-06-05,2025-11-30,0
C0739,2023-06-05,2025-12-31,0
C0740,2023-03-02,2023-03-31,0
C0740,2023-03-02,2023-04-30,0
C0740,2023-03-02,2023-05-31,0
C0740,2023-03-02,2023-06-30,0
C0740,2023-03-02,2023-07-31,0
C0740,2023-03-02,2023-08-31,0
C0740,2023-03-02,2023-09-30,49
C0740,2023-03-02,2023-10-31,29
C0740,2023-03-02,2023-11-30,0
C0740,2023-03-02,2023-12-31,0
C0740,2023-03-02,2024-01-31,0
C0740,2023-03-02,2024-02-29,0
C0740,2023-03-02,2024-03-31,6
C0740,2023-03-02,2024-04-30,0
C0740,2023-03-02,2024-05-31,0
C0740,2023-03-02,2024-06-30,0
C0740,2023-03-02,2024-07-31,0
C0740,2023-03-02,2024-08-31,0
C0740,2023-03-02,2024-09-30,12
C0740,2023-03-02,2024-10-31,0
C0740,2023-03-02,2024-11-30,0
C0740,2023-03-02,2024-12-31,0
C0740,2023-03-02,2025-01-31,56
C0740,2023-03-02,2025-02-28,37
C0740,2023-03-02,2025-03-31,0
C0740,2023-03-02,2025-04-30,0
C0740,2023-03-02,2025-05-31,0
C0740,2023-03-02,2025-06-30,0
C0740,2023-03-02,2025-07-31,74
C0740,2023-03-02,2025-08-31,26
C0740,2023-03-02,2025-09-30,0
C0740,2023-03-02,2025-10-31,0
C0740,2023-03-02,2025-11-30,0
C0740,2023-03-02,2025-12-31,0
C0741,2023-11-08,2023-11-30,25
C0741,2023-11-08,2023-12-31,0
C0741,2023-11-08,2024-01-31,0
C0741,2023-11-08,2024-02-29,0
C0741,2023-11-08,2024-03-31,0
C0741,2023-11-08,2024-04-30,0
C0741,2023-11-08,2024-05-31,1
C0741,2023-11-08,2024-06-30,0
C0741,2023-11-08,2024-07-31,0
C0741,2023-11-08,2024-08-31,0
C0741,2023-11-08,2024-09-30,0
C0741,2023-11-08,2024-10-31,0
C0741,2023-11-08,2024-11-30,0
C0741,2023-11-08,2024-12-31,0
C0741,2023-11-08,2025-01-31,0
C0741,2023-11-08,2025-02-28,0
C0741,2023-11-08,2025-03-31,0
C0741,2023-11-08,2025-04-30,0
C0741,2023-11-08,2025-05-31,0
C0741,2023-11-08,2025-06-30,0
C0741,2023-11-08,2025-07-31,0
C0741,2023-11-08,2025-08-31,0
C0741,2023-11-08,2025-09-30,17
C0741,2023-11-08,2025-10-31,22
C0741,2023-11-08,2025-11-30,87
C0741,2023-11-08,2025-12-31,0
C0742,2025-04-16,2025-04-30,64
C0742,2025-04-16,2025-05-31,0
C0742,2025-04-16,2025-06-30,0
C0742,2025-04-16,2025-07-31,0
C0742,2025-04-16,2025-08-31,0
C0742,2025-04-16,2025-09-30,0
C0742,2025-04-16,2025-10-31,0
C0742,2025-04-16,2025-11-30,0
C0742,2025-04-16,2025-12-31,0
C0743,2023-02-13,2023-02-28,0
C0743,2023-02-13,2023-03-31,0
C0743,2023-02-13,2023-04-30,0
C0743,2023-02-13,2023-05-31,0
C0743,2023-02-13,2023-06-30,0
C0743,2023-02-13,2023-07-31,0
C0743,2023-02-13,2023-08-31,0
C0743,2023-02-13,2023-09-30,0
C0743,2023-02-13,2023-10-31,0
C0743,2023-02-13,2023-11-30,3
C0743,2023-02-13,2023-12-31,0
C0743,2023-02-13,2024-01-31,0
C0743,2023-02-13,2024-02-29,0
C0743,2023-02-13,2024-03-31,0
C0743,2023-02-13,2024-04-30,0
C0743,2023-02-13,2024-05-31,0
C0743,2023-02-13,2024-06-30,0
C0743,2023-02-13,2024-07-31,0
C0743,2023-02-13,2024-08-31,0
C0743,2023-02-13,2024-09-30,0
C0743,2023-02-13,2024-10-31,78
C0743,2023-02-13,2024-11-30,0
C0743,2023-02-13,2024-12-31,0
C0743,2023-02-13,2025-01-31,0
C0743,2023-02-13,2025-02-28,0
C0743,2023-02-13,2025-03-31,0
C0743,2023-02-13,2025-04-30,0
C0743,2023-02-13,2025-05-31,7
C0743,2023-02-13,2025-06-30,0
C0743,2023-02-13,2025-07-31,37
C0743,2023-02-13,2025-08-31,25
C0743,2023-02-13,2025-09-30,0
C0743,2023-02-13,2025-10-31,0
C0743,2023-02-13,2025-11-30,11
C0743,2023-02-13,2025-12-31,0
C0744,2024-03-27,2024-03-31,0
C0744,2024-03-27,2024-04-30,0
C0744,2024-03-27,2024-05-31,37
C0744,2024-03-27,2024-06-30,0
C0744,2024-03-27,2024-07-31,0
C0744,2024-03-27,2024-08-31,0
C0744,2024-03-27,2024-09-30,0
C0744,2024-03-27,2024-10-31,0
C0744,2024-03-27,2024-11-30,17
C0744,2024-03-27,2024-12-31,0
C0744,2024-03-27,2025-01-31,0
C0744,2024-03-27,2025-02-28,0
C0744,2024-03-27,2025-03-31,0
C0744,2024-03-27,2025-04-30,0
C0744,2024-03-27,2025-05-31,0
C0744,2024-03-27,2025-06-30,9
C0744,2024-03-27,2025-07-31,0
C0744,2024-03-27,2025-08-31,0
C0744,2024-03-27,2025-09-30,0
C0744,2024-03-27,2025-10-31,0
C0744,2024-03-27,2025-11-30,0
C0744,2024-03-27,2025-12-31,0
C0745,2024-10-04,2024-10-31,0
C0745,2024-10-04,2024-11-30,0
C0745,2024-10-04,2024-12-31,0
C0745,2024-10-04,2025-01-31,0
C0745,2024-10-04,2025-02-28,0
C0745,2024-10-04,2025-03-31,0
C0745,2024-10-04,2025-04-30,0
C0745,2024-10-04,2025-05-31,0
C0745,2024-10-04,2025-06-30,0
C0745,2024-10-04,2025-07-31,0
C0745,2024-10-04,2025-08-31,0
C0745,2024-10-04,2025-09-30,0
C0745,2024-10-04,2025-10-31,18
C0745,2024-10-04,2025-11-30,0
C0745,2024-10-04,2025-12-31,62
C0746,2025-05-24,2025-05-31,0
C0746,2025-05-24,2025-06-30,0
C0746,2025-05-24,2025-07-31,0
C0746,2025-05-24,2025-08-31,17
C0746,2025-05-24,2025-09-30,0
C0746,2025-05-24,2025-10-31,0
C0746,2025-05-24,2025-11-30,0
C0746,2025-05-24,2025-12-31,24
C0747,2024-12-14,2024-12-31,0
C0747,2024-12-14,2025-01-31,0
C0747,2024-12-14,2025-02-28,52
C0747,2024-12-14,2025-03-31,0
C0747,2024-12-14,2025-04-30,0
C0747,2024-12-14,2025-05-31,0
C0747,2024-12-14,2025-06-30,0
C0747,2024-12-14,2025-07-31,0
C0747,2024-12-14,2025-08-31,0
C0747,2024-12-14,2025-09-30,0
C0747,2024-12-14,2025-10-31,0
C0747,2024-12-14,2025-11-30,0
C0747,2024-12-14,2025-12-31,0
C0748,2023-09-02,2023-09-30,0
C0748,2023-09-02,2023-10-31,0
C0748,2023-09-02,2023-11-30,0
C0748,2023-09-02,2023-12-31,0
C0748,2023-09-02,2024-01-31,0
C0748,2023-09-02,2024-02-29,0
C0748,2023-09-02,2024-03-31,0
C0748,2023-09-02,2024-04-30,0
C0748,2023-09-02,2024-05-31,0
C0748,2023-09-02,2024-06-30,0
C0748,2023-09-02,2024-07-31,0
C0748,2023-09-02,2024-08-31,0
C0748,2023-09-02,2024-09-30,0
C0748,2023-09-02,2024-10-31,0
C0748,2023-09-02,2024-11-30,0
C0748,2023-09-02,2024-12-31,0
C0748,2023-09-02,2025-01-31,0
C0748,2023-09-02,2025-02-28,0
C0748,2023-09-02,2025-03-31,0
C0748,2023-09-02,2025-04-30,36
C0748,2023-09-02,2025-05-31,44
C0748,2023-09-02,2025-06-30,0
C0748,2023-09-02,2025-07-31,0
C0748,2023-09-02,2025-08-31,20
C0748,2023-09-02,2025-09-30,19
C0748,2023-09-02,2025-10-31,0
C0748,2023-09-02,2025-11-30,0
C0748,2023-09-02,2025-12-31,11
C0749,2024-10-02,2024-10-31,0
C0749,2024-10-02,2024-11-30,26
C0749,2024-10-02,2024-12-31,0
C0749,2024-10-02,2025-01-31,0
C0749,2024-10-02,2025-02-28,0
C0749,2024-10-02,2025-03-31,0
C0749,2024-10-02,2025-04-30,0
C0749,2024-10-02,2025-05-31,6
C0749,2024-10-02,2025-06-30,0
C0749,2024-10-02,2025-07-31,0
C0749,2024-10-02,2025-08-31,0
C0749,2024-10-02,2025-09-30,0
C0749,2024-10-02,2025-10-31,24
C0749,2024-10-02,2025-11-30,0
C0749,2024-10-02,2025-12-31,46
C0750,2025-01-17,2025-01-31,0
C0750,2025-01-17,2025-02-28,0
C0750,2025-01-17,2025-03-31,0
C0750,2025-01-17,2025-04-30,0
C0750,2025-01-17,2025-05-31,0
C0750,2025-01-17,2025-06-30,0
C0750,2025-01-17,2025-07-31,0
C0750,2025-01-17,2025-08-31,0
C0750,2025-01-17,2025-09-30,0
C0750,2025-01-17,2025-10-31,0
C0750,2025-01-17,2025-11-30,0
C0750,2025-01-17,2025-12-31,0
C0751,2024-12-15,2024-12-31,0
C0751,2024-12-15,2025-01-31,0
C0751,2024-12-15,2025-02-28,0
C0751,2024-12-15,2025-03-31,0
C0751,2024-12-15,2025-04-30,0
C0751,2024-12-15,2025-05-31,0
C0751,2024-12-15,2025-06-30,14
C0751,2024-12-15,2025-07-31,0
C0751,2024-12-15,2025-08-31,0
C0751,2024-12-15,2025-09-30,0
C0751,2024-12-15,2025-10-31,0
C0751,2024-12-15,2025-11-30,0
C0751,2024-12-15,2025-12-31,0
C0752,2023-02-04,2023-02-28,17
C0752,2023-02-04,2023-03-31,0
C0752,2023-02-04,2023-04-30,21
C0752,2023-02-04,2023-05-31,0
C0752,2023-02-04,2023-06-30,58
C0752,2023-02-04,2023-07-31,0
C0752,2023-02-04,2023-08-31,0
C0752,2023-02-04,2023-09-30,0
C0752,2023-02-04,2023-10-31,0
C0752,2023-02-04,2023-11-30,0
C0752,2023-02-04,2023-12-31,0
C0752,2023-02-04,2024-01-31,0
C0752,2023-02-04,2024-02-29,57
C0752,2023-02-04,2024-03-31,0
C0752,2023-02-04,2024-04-30,0
C0752,2023-02-04,2024-05-31,0
C0752,2023-02-04,2024-06-30,0
C0752,2023-02-04,2024-07-31,0
C0752,2023-02-04,2024-08-31,0
C0752,2023-02-04,2024-09-30,0
C0752,2023-02-04,2024-10-31,0
C0752,2023-02-04,2024-11-30,0
C0752,2023-02-04,2024-12-31,0
C0752,2023-02-04,2025-01-31,0
C0752,2023-02-04,2025-02-28,0
C0752,2023-02-04,2025-03-31,0
C0752,2023-02-04,2025-04-30,0
C0752,2023-02-04,2025-05-31,0
C0752,2023-02-04,2025-06-30,0
C0752,2023-02-04,2025-07-31,0
C0752,2023-02-04,2025-08-31,0
C0752,2023-02-04,2025-09-30,12
C0752,2023-02-04,2025-10-31,0
C0752,2023-02-04,2025-11-30,0
C0752,2023-02-04,2025-12-31,0
C0753,2023-03-11,2023-03-31,0
C0753,2023-03-11,2023-04-30,0
C0753,2023-03-11,2023-05-31,29
C0753,2023-03-11,2023-06-30,0
C0753,2023-03-11,2023-07-31,0
C0753,2023-03-11,2023-08-31,24
C0753,2023-03-11,2023-09-30,0
C0753,2023-03-11,2023-10-31,0
C0753,2023-03-11,2023-11-30,0
C0753,2023-03-11,2023-12-31,1
C0753,2023-03-11,2024-01-31,0
C0753,2023-03-11,2024-02-29,0
C0753,2023-03-11,2024-03-31,10
C0753,2023-03-11,2024-04-30,0
C0753,2023-03-11,2024-05-31,0
C0753,2023-03-11,2024-06-30,0
C0753,2023-03-11,2024-07-31,0
C0753,2023-03-11,2024-08-31,0
C0753,2023-03-11,2024-09-30,0
C0753,2023-03-11,2024-10-31,0
C0753,2023-03-11,2024-11-30,0
C0753,2023-03-11,2024-12-31,79
C0753,2023-03-11,2025-01-31,0
C0753,2023-03-11,2025-02-28,0
C0753,2023-03-11,2025-03-31,0
C0753,2023-03-11,2025-04-30,0
C0753,2023-03-11,2025-05-31,0
C0753,2023-03-11,2025-06-30,40
C0753,2023-03-11,2025-07-31,0
C0753,2023-03-11,2025-08-31,21
C0753,2023-03-11,2025-09-30,0
C0753,2023-03-11,2025-10-31,27
C0753,2023-03-11,2025-11-30,0
C0753,2023-03-11,2025-12-31,0
C0754,2023-08-09,2023-08-31,0
C0754,2023-08-09,2023-09-30,0
C0754,2023-08-09,2023-10-31,0
C0754,2023-08-09,2023-11-30,24
C0754,2023-08-09,2023-12-31,0
C0754,2023-08-09,2024-01-31,0
C0754,2023-08-09,2024-02-29,0
C0754,2023-08-09,2024-03-31,12
C0754,2023-08-09,2024-04-30,34
C0754,2023-08-09,2024-05-31,8
C0754,2023-08-09,2024-06-30,0
C0754,2023-08-09,2024-07-31,0
C0754,2023-08-09,2024-08-31,49
C0754,2023-08-09,2024-09-30,29
C0754,2023-08-09,2024-10-31,0
C0754,2023-08-09,2024-11-30,0
C0754,2023-08-09,2024-12-31,0
C0754,2023-08-09,2025-01-31,20
C0754,2023-08-09,2025-02-28,0
C0754,2023-08-09,2025-03-31,29
C0754,2023-08-09,2025-04-30,0
C0754,2023-08-09,2025-05-31,0
C0754,2023-08-09,2025-06-30,0
C0754,2023-08-09,2025-07-31,0
C0754,2023-08-09,2025-08-31,0
C0754,2023-08-09,2025-09-30,0
C0754,2023-08-09,2025-10-31,12
C0754,2023-08-09,2025-11-30,0
C0754,2023-08-09,2025-12-31,0
C0755,2024-04-27,2024-04-30,51
C0755,2024-04-27,2024-05-31,20
C0755,2024-04-27,2024-06-30,0
C0755,2024-04-27,2024-07-31,8
C0755,2024-04-27,2024-08-31,1
C0755,2024-04-27,2024-09-30,2
C0755,2024-04-27,2024-10-31,0
C0755,2024-04-27,2024-11-30,0
C0755,2024-04-27,2024-12-31,0
C0755,2024-04-27,2025-01-31,0
C0755,2024-04-27,2025-02-28,0
C0755,2024-04-27,2025-03-31,20
C0755,2024-04-27,2025-04-30,0
C0755,2024-04-27,2025-05-31,1
C0755,2024-04-27,2025-06-30,0
C0755,2024-04-27,2025-07-31,0
C0755,2024-04-27,2025-08-31,0
C0755,2024-04-27,2025-09-30,53
C0755,2024-04-27,2025-10-31,0
C0755,2024-04-27,2025-11-30,4
C0755,2024-04-27,2025-12-31,0
C0756,2024-04-01,2024-04-30,54
C0756,2024-04-01,2024-05-31,0
C0756,2024-04-01,2024-06-30,17
C0756,2024-04-01,2024-07-31,44
C0756,2024-04-01,2024-08-31,72
C0756,2024-04-01,2024-09-30,109
C0757,2023-05-18,2023-05-31,0
C0757,2023-05-18,2023-06-30,0
C0757,2023-05-18,2023-07-31,0
C0757,2023-05-18,2023-08-31,2
C0757,2023-05-18,2023-09-30,0
C0757,2023-05-18,2023-10-31,0
C0757,2023-05-18,2023-11-30,0
C0757,2023-05-18,2023-12-31,0
C0757,2023-05-18,2024-01-31,0
C0757,2023-05-18,2024-02-29,6
C0757,2023-05-18,2024-03-31,8
C0757,2023-05-18,2024-04-30,22
C0757,2023-05-18,2024-05-31,0
C0757,2023-05-18,2024-06-30,0
C0757,2023-05-18,2024-07-31,52
C0757,2023-05-18,2024-08-31,0
C0757,2023-05-18,2024-09-30,0
C0757,2023-05-18,2024-10-31,79
C0757,2023-05-18,2024-11-30,0
C0757,2023-05-18,2024-12-31,0
C0757,2023-05-18,2025-01-31,0
C0757,2023-05-18,2025-02-28,0
C0757,2023-05-18,2025-03-31,0
C0757,2023-05-18,2025-04-30,0
C0757,2023-05-18,2025-05-31,0
C0757,2023-05-18,2025-06-30,0
C0757,2023-05-18,2025-07-31,0
C0757,2023-05-18,2025-08-31,59
C0757,2023-05-18,2025-09-30,2
C0757,2023-05-18,2025-10-31,0
C0757,2023-05-18,2025-11-30,0
C0757,2023-05-18,2025-12-31,13
C0758,2023-09-13,2023-09-30,0
C0758,2023-09-13,2023-10-31,0
C0758,2023-09-13,2023-11-30,0
C0758,2023-09-13,2023-12-31,0
C0758,2023-09-13,2024-01-31,0
C0758,2023-09-13,2024-02-29,23
C0758,2023-09-13,2024-03-31,0
C0758,2023-09-13,2024-04-30,0
C0758,2023-09-13,2024-05-31,17
C0758,2023-09-13,2024-06-30,0
C0758,2023-09-13,2024-07-31,0
C0758,2023-09-13,2024-08-31,0
C0758,2023-09-13,2024-09-30,0
C0758,2023-09-13,2024-10-31,0
C0758,2023-09-13,2024-11-30,0
C0758,2023-09-13,2024-12-31,0
C0758,2023-09-13,2025-01-31,0
C0758,2023-09-13,2025-02-28,0
C0758,2023-09-13,2025-03-31,0
C0758,2023-09-13,2025-04-30,33
C0758,2023-09-13,2025-05-31,0
C0758,2023-09-13,2025-06-30,0
C0758,2023-09-13,2025-07-31,0
C0758,2023-09-13,2025-08-31,0
C0758,2023-09-13,2025-09-30,0
C0758,2023-09-13,2025-10-31,0
C0758,2023-09-13,2025-11-30,0
C0758,2023-09-13,2025-12-31,0
C0759,2023-10-04,2023-10-31,0
C0759,2023-10-04,2023-11-30,0
C0759,2023-10-04,2023-12-31,0
C0759,2023-10-04,2024-01-31,27
C0759,2023-10-04,2024-02-29,0
C0759,2023-10-04,2024-03-31,0
C0759,2023-10-04,2024-04-30,0
C0759,2023-10-04,2024-05-31,0
C0759,2023-10-04,2024-06-30,0
C0759,2023-10-04,2024-07-31,0
C0759,2023-10-04,2024-08-31,0
C0759,2023-10-04,2024-09-30,28
C0759,2023-10-04,2024-10-31,0
C0759,2023-10-04,2024-11-30,0
C0759,2023-10-04,2024-12-31,0
C0759,2023-10-04,2025-01-31,0
C0759,2023-10-04,2025-02-28,0
C0759,2023-10-04,2025-03-31,0
C0759,2023-10-04,2025-04-30,0
C0759,2023-10-04,2025-05-31,0
C0759,2023-10-04,2025-06-30,0
C0759,2023-10-04,2025-07-31,4
C0759,2023-10-04,2025-08-31,0
C0759,2023-10-04,2025-09-30,0
C0759,2023-10-04,2025-10-31,0
C0759,2023-10-04,2025-11-30,0
C0759,2023-10-04,2025-12-31,0
C0760,2025-05-12,2025-05-31,0
C0760,2025-05-12,2025-06-30,0
C0760,2025-05-12,2025-07-31,0
C0760,2025-05-12,2025-08-31,0
C0760,2025-05-12,2025-09-30,0
C0760,2025-05-12,2025-10-31,0
C0760,2025-05-12,2025-11-30,0
C0760,2025-05-12,2025-12-31,0
C0761,2023-06-22,2023-06-30,0
C0761,2023-06-22,2023-07-31,28
C0761,2023-06-22,2023-08-31,54
C0761,2023-06-22,2023-09-30,80
C0761,2023-06-22,2023-10-31,116
C0762,2024-01-18,2024-01-31,0
C0762,2024-01-18,2024-02-29,0
C0762,2024-01-18,2024-03-31,0
C0762,2024-01-18,2024-04-30,0
C0762,2024-01-18,2024-05-31,57
C0762,2024-01-18,2024-06-30,0
C0762,2024-01-18,2024-07-31,0
C0762,2024-01-18,2024-08-31,0
C0762,2024-01-18,2024-09-30,0
C0762,2024-01-18,2024-10-31,0
C0762,2024-01-18,2024-11-30,0
C0762,2024-01-18,2024-12-31,0
C0762,2024-01-18,2025-01-31,0
C0762,2024-01-18,2025-02-28,0
C0762,2024-01-18,2025-03-31,0
C0762,2024-01-18,2025-04-30,0
C0762,2024-01-18,2025-05-31,0
C0762,2024-01-18,2025-06-30,0
C0762,2024-01-18,2025-07-31,0
C0762,2024-01-18,2025-08-31,0
C0762,2024-01-18,2025-09-30,0
C0762,2024-01-18,2025-10-31,0
C0762,2024-01-18,2025-11-30,0
C0762,2024-01-18,2025-12-31,0
C0763,2024-05-11,2024-05-31,18
C0763,2024-05-11,2024-06-30,26
C0763,2024-05-11,2024-07-31,0
C0763,2024-05-11,2024-08-31,0
C0763,2024-05-11,2024-09-30,0
C0763,2024-05-11,2024-10-31,0
C0763,2024-05-11,2024-11-30,0
C0763,2024-05-11,2024-12-31,0
C0763,2024-05-11,2025-01-31,6
C0763,2024-05-11,2025-02-28,0
C0763,2024-05-11,2025-03-31,0
C0763,2024-05-11,2025-04-30,0
C0763,2024-05-11,2025-05-31,39
C0763,2024-05-11,2025-06-30,0
C0763,2024-05-11,2025-07-31,0
C0763,2024-05-11,2025-08-31,0
C0763,2024-05-11,2025-09-30,0
C0763,2024-05-11,2025-10-31,0
C0763,2024-05-11,2025-11-30,0
C0763,2024-05-11,2025-12-31,0
C0764,2023-09-03,2023-09-30,0
C0764,2023-09-03,2023-10-31,0
C0764,2023-09-03,2023-11-30,30
C0764,2023-09-03,2023-12-31,0
C0764,2023-09-03,2024-01-31,0
C0764,2023-09-03,2024-02-29,0
C0764,2023-09-03,2024-03-31,0
C0764,2023-09-03,2024-04-30,0
C0764,2023-09-03,2024-05-31,13
C0764,2023-09-03,2024-06-30,4
C0764,2023-09-03,2024-07-31,0
C0764,2023-09-03,2024-08-31,0
C0764,2023-09-03,2024-09-30,0
C0764,2023-09-03,2024-10-31,0
C0764,2023-09-03,2024-11-30,0
C0764,2023-09-03,2024-12-31,10
C0764,2023-09-03,2025-01-31,0
C0764,2023-09-03,2025-02-28,56
C0764,2023-09-03,2025-03-31,0
C0764,2023-09-03,2025-04-30,0
C0764,2023-09-03,2025-05-31,0
C0764,2023-09-03,2025-06-30,0
C0764,2023-09-03,2025-07-31,0
C0764,2023-09-03,2025-08-31,0
C0764,2023-09-03,2025-09-30,0
C0764,2023-09-03,2025-10-31,0
C0764,2023-09-03,2025-11-30,5
C0764,2023-09-03,2025-12-31,0
C0765,2024-11-02,2024-11-30,21
C0765,2024-11-02,2024-12-31,0
C0765,2024-11-02,2025-01-31,0
C0765,2024-11-02,2025-02-28,0
C0765,2024-11-02,2025-03-31,0
C0765,2024-11-02,2025-04-30,0
C0765,2024-11-02,2025-05-31,0
C0765,2024-11-02,2025-06-30,0
C0765,2024-11-02,2025-07-31,0
C0765,2024-11-02,2025-08-31,0
C0765,2024-11-02,2025-09-30,0
C0765,2024-11-02,2025-10-31,0
C0765,2024-11-02,2025-11-30,0
C0765,2024-11-02,2025-12-31,0
C0766,2024-03-06,2024-03-31,0
C0766,2024-03-06,2024-04-30,0
C0766,2024-03-06,2024-05-31,0
C0766,2024-03-06,2024-06-30,0
C0766,2024-03-06,2024-07-31,0
C0766,2024-03-06,2024-08-31,0
C0766,2024-03-06,2024-09-30,0
C0766,2024-03-06,2024-10-31,70
C0766,2024-03-06,2024-11-30,0
C0766,2024-03-06,2024-12-31,0
C0766,2024-03-06,2025-01-31,0
C0766,2024-03-06,2025-02-28,0
C0766,2024-03-06,2025-03-31,0
C0766,2024-03-06,2025-04-30,0
C0766,2024-03-06,2025-05-31,0
C0766,2024-03-06,2025-06-30,0
C0766,2024-03-06,2025-07-31,0
C0766,2024-03-06,2025-08-31,14
C0766,2024-03-06,2025-09-30,0
C0766,2024-03-06,2025-10-31,0
C0766,2024-03-06,2025-11-30,0
C0766,2024-03-06,2025-12-31,0
C0767,2023-08-26,2023-08-31,0
C0767,2023-08-26,2023-09-30,0
C0767,2023-08-26,2023-10-31,0
C0767,2023-08-26,2023-11-30,0
C0767,2023-08-26,2023-12-31,42
C0767,2023-08-26,2024-01-31,22
C0767,2023-08-26,2024-02-29,37
C0767,2023-08-26,2024-03-31,79
C0767,2023-08-26,2024-04-30,114
C0768,2024-01-05,2024-01-31,0
C0768,2024-01-05,2024-02-29,0
C0768,2024-01-05,2024-03-31,24
C0768,2024-01-05,2024-04-30,0
C0768,2024-01-05,2024-05-31,0
C0768,2024-01-05,2024-06-30,0
C0768,2024-01-05,2024-07-31,0
C0768,2024-01-05,2024-08-31,0
C0768,2024-01-05,2024-09-30,15
C0768,2024-01-05,2024-10-31,0
C0768,2024-01-05,2024-11-30,0
C0768,2024-01-05,2024-12-31,0
C0768,2024-01-05,2025-01-31,0
C0768,2024-01-05,2025-02-28,0
C0768,2024-01-05,2025-03-31,39
C0768,2024-01-05,2025-04-30,0
C0768,2024-01-05,2025-05-31,0
C0768,2024-01-05,2025-06-30,0
C0768,2024-01-05,2025-07-31,0
C0768,2024-01-05,2025-08-31,0
C0768,2024-01-05,2025-09-30,0
C0768,2024-01-05,2025-10-31,0
C0768,2024-01-05,2025-11-30,21
C0768,2024-01-05,2025-12-31,0
C0769,2024-04-16,2024-04-30,0
C0769,2024-04-16,2024-05-31,0
C0769,2024-04-16,2024-06-30,0
C0769,2024-04-16,2024-07-31,14
C0769,2024-04-16,2024-08-31,0
C0769,2024-04-16,2024-09-30,0
C0769,2024-04-16,2024-10-31,0
C0769,2024-04-16,2024-11-30,0
C0769,2024-04-16,2024-12-31,24
C0769,2024-04-16,2025-01-31,0
C0769,2024-04-16,2025-02-28,16
C0769,2024-04-16,2025-03-31,25
C0769,2024-04-16,2025-04-30,33
C0769,2024-04-16,2025-05-31,84
C0769,2024-04-16,2025-06-30,90
C0770,2023-01-05,2023-01-31,0
C0770,2023-01-05,2023-02-28,46
C0770,2023-01-05,2023-03-31,0
C0770,2023-01-05,2023-04-30,0
C0770,2023-01-05,2023-05-31,12
C0770,2023-01-05,2023-06-30,0
C0770,2023-01-05,2023-07-31,0
C0770,2023-01-05,2023-08-31,0
C0770,2023-01-05,2023-09-30,0
C0770,2023-01-05,2023-10-31,0
C0770,2023-01-05,2023-11-30,0
C0770,2023-01-05,2023-12-31,31
C0770,2023-01-05,2024-01-31,0
C0770,2023-01-05,2024-02-29,0
C0770,2023-01-05,2024-03-31,0
C0770,2023-01-05,2024-04-30,0
C0770,2023-01-05,2024-05-31,0
C0770,2023-01-05,2024-06-30,0
C0770,2023-01-05,2024-07-31,0
C0770,2023-01-05,2024-08-31,22
C0770,2023-01-05,2024-09-30,0
C0770,2023-01-05,2024-10-31,0
C0770,2023-01-05,2024-11-30,0
C0770,2023-01-05,2024-12-31,20
C0770,2023-01-05,2025-01-31,0
C0770,2023-01-05,2025-02-28,0
C0770,2023-01-05,2025-03-31,0
C0770,2023-01-05,2025-04-30,0
C0770,2023-01-05,2025-05-31,0
C0770,2023-01-05,2025-06-30,0
C0770,2023-01-05,2025-07-31,0
C0770,2023-01-05,2025-08-31,0
C0770,2023-01-05,2025-09-30,0
C0770,2023-01-05,2025-10-31,28
C0770,2023-01-05,2025-11-30,37
C0770,2023-01-05,2025-12-31,0
C0771,2023-11-18,2023-11-30,0
C0771,2023-11-18,2023-12-31,0
C0771,2023-11-18,2024-01-31,0
C0771,2023-11-18,2024-02-29,0
C0771,2023-11-18,2024-03-31,0
C0771,2023-11-18,2024-04-30,0
C0771,2023-11-18,2024-05-31,0
C0771,2023-11-18,2024-06-30,0
C0771,2023-11-18,2024-07-31,0
C0771,2023-11-18,2024-08-31,0
C0771,2023-11-18,2024-09-30,0
C0771,2023-11-18,2024-10-31,6
C0771,2023-11-18,2024-11-30,0
C0771,2023-11-18,2024-12-31,0
C0771,2023-11-18,2025-01-31,0
C0771,2023-11-18,2025-02-28,40
C0771,2023-11-18,2025-03-31,0
C0771,2023-11-18,2025-04-30,0
C0771,2023-11-18,2025-05-31,0
C0771,2023-11-18,2025-06-30,0
C0771,2023-11-18,2025-07-31,86
C0771,2023-11-18,2025-08-31,0
C0771,2023-11-18,2025-09-30,0
C0771,2023-11-18,2025-10-31,0
C0771,2023-11-18,2025-11-30,0
C0771,2023-11-18,2025-12-31,0
C0772,2024-01-24,2024-01-31,0
C0772,2024-01-24,2024-02-29,77
C0772,2024-01-24,2024-03-31,0
C0772,2024-01-24,2024-04-30,0
C0772,2024-01-24,2024-05-31,0
C0772,2024-01-24,2024-06-30,18
C0772,2024-01-24,2024-07-31,0
C0772,2024-01-24,2024-08-31,0
C0772,2024-01-24,2024-09-30,45
C0772,2024-01-24,2024-10-31,0
C0772,2024-01-24,2024-11-30,0
C0772,2024-01-24,2024-12-31,16
C0772,2024-01-24,2025-01-31,46
C0772,2024-01-24,2025-02-28,79
C0772,2024-01-24,2025-03-31,118
C0773,2025-01-13,2025-01-31,0
C0773,2025-01-13,2025-02-28,0
C0773,2025-01-13,2025-03-31,0
C0773,2025-01-13,2025-04-30,0
C0773,2025-01-13,2025-05-31,0
C0773,2025-01-13,2025-06-30,72
C0773,2025-01-13,2025-07-31,0
C0773,2025-01-13,2025-08-31,0
C0773,2025-01-13,2025-09-30,0
C0773,2025-01-13,2025-10-31,0
C0773,2025-01-13,2025-11-30,0
C0773,2025-01-13,2025-12-31,0
C0774,2024-08-01,2024-08-31,15
C0774,2024-08-01,2024-09-30,0
C0774,2024-08-01,2024-10-31,0
C0774,2024-08-01,2024-11-30,0
C0774,2024-08-01,2024-12-31,0
C0774,2024-08-01,2025-01-31,30
C0774,2024-08-01,2025-02-28,0
C0774,2024-08-01,2025-03-31,0
C0774,2024-08-01,2025-04-30,0
C0774,2024-08-01,2025-05-31,0
C0774,2024-08-01,2025-06-30,0
C0774,2024-08-01,2025-07-31,8
C0774,2024-08-01,2025-08-31,0
C0774,2024-08-01,2025-09-30,0
C0774,2024-08-01,2025-10-31,1
C0774,2024-08-01,2025-11-30,0
C0774,2024-08-01,2025-12-31,0
C0775,2023-02-28,2023-02-28,0
C0775,2023-02-28,2023-03-31,0
C0775,2023-02-28,2023-04-30,15
C0775,2023-02-28,2023-05-31,0
C0775,2023-02-28,2023-06-30,0
C0775,2023-02-28,2023-07-31,0
C0775,2023-02-28,2023-08-31,0
C0775,2023-02-28,2023-09-30,0
C0775,2023-02-28,2023-10-31,19
C0775,2023-02-28,2023-11-30,0
C0775,2023-02-28,2023-12-31,0
C0775,2023-02-28,2024-01-31,0
C0775,2023-02-28,2024-02-29,13
C0775,2023-02-28,2024-03-31,0
C0775,2023-02-28,2024-04-30,0
C0775,2023-02-28,2024-05-31,0
C0775,2023-02-28,2024-06-30,0
C0775,2023-02-28,2024-07-31,0
C0775,2023-02-28,2024-08-31,4
C0775,2023-02-28,2024-09-30,0
C0775,2023-02-28,2024-10-31,0
C0775,2023-02-28,2024-11-30,0
C0775,2023-02-28,2024-12-31,0
C0775,2023-02-28,2025-01-31,0
C0775,2023-02-28,2025-02-28,0
C0775,2023-02-28,2025-03-31,0
C0775,2023-02-28,2025-04-30,0
C0775,2023-02-28,2025-05-31,0
C0775,2023-02-28,2025-06-30,0
C0775,2023-02-28,2025-07-31,0
C0775,2023-02-28,2025-08-31,0
C0775,2023-02-28,2025-09-30,0
C0775,2023-02-28,2025-10-31,0
C0775,2023-02-28,2025-11-30,0
C0775,2023-02-28,2025-12-31,0
C0776,2024-09-04,2024-09-30,0
C0776,2024-09-04,2024-10-31,0
C0776,2024-09-04,2024-11-30,0
C0776,2024-09-04,2024-12-31,0
C0776,2024-09-04,2025-01-31,0
C0776,2024-09-04,2025-02-28,0
C0776,2024-09-04,2025-03-31,0
C0776,2024-09-04,2025-04-30,0
C0776,2024-09-04,2025-05-31,0
C0776,2024-09-04,2025-06-30,0
C0776,2024-09-04,2025-07-31,25
C0776,2024-09-04,2025-08-31,0
C0776,2024-09-04,2025-09-30,0
C0776,2024-09-04,2025-10-31,0
C0776,2024-09-04,2025-11-30,0
C0776,2024-09-04,2025-12-31,0
C0777,2023-02-14,2023-02-28,0
C0777,2023-02-14,2023-03-31,0
C0777,2023-02-14,2023-04-30,0
C0777,2023-02-14,2023-05-31,0
C0777,2023-02-14,2023-06-30,0
C0777,2023-02-14,2023-07-31,0
C0777,2023-02-14,2023-08-31,0
C0777,2023-02-14,2023-09-30,0
C0777,2023-02-14,2023-10-31,0
C0777,2023-02-14,2023-11-30,0
C0777,2023-02-14,2023-12-31,0
C0777,2023-02-14,2024-01-31,0
C0777,2023-02-14,2024-02-29,0
C0777,2023-02-14,2024-03-31,0
C0777,2023-02-14,2024-04-30,51
C0777,2023-02-14,2024-05-31,0
C0777,2023-02-14,2024-06-30,0
C0777,2023-02-14,2024-07-31,0
C0777,2023-02-14,2024-08-31,0
C0777,2023-02-14,2024-09-30,0
C0777,2023-02-14,2024-10-31,32
C0777,2023-02-14,2024-11-30,8
C0777,2023-02-14,2024-12-31,0
C0777,2023-02-14,2025-01-31,0
C0777,2023-02-14,2025-02-28,0
C0777,2023-02-14,2025-03-31,6
C0777,2023-02-14,2025-04-30,0
C0777,2023-02-14,2025-05-31,0
C0777,2023-02-14,2025-06-30,0
C0777,2023-02-14,2025-07-31,0
C0777,2023-02-14,2025-08-31,0
C0777,2023-02-14,2025-09-30,0
C0777,2023-02-14,2025-10-31,14
C0777,2023-02-14,2025-11-30,0
C0777,2023-02-14,2025-12-31,0
C0778,2024-02-08,2024-02-29,0
C0778,2024-02-08,2024-03-31,18
C0778,2024-02-08,2024-04-30,0
C0778,2024-02-08,2024-05-31,0
C0778,2024-02-08,2024-06-30,0
C0778,2024-02-08,2024-07-31,0
C0778,2024-02-08,2024-08-31,0
C0778,2024-02-08,2024-09-30,0
C0778,2024-02-08,2024-10-31,58
C0778,2024-02-08,2024-11-30,0
C0778,2024-02-08,2024-12-31,0
C0778,2024-02-08,2025-01-31,0
C0778,2024-02-08,2025-02-28,0
C0778,2024-02-08,2025-03-31,0
C0778,2024-02-08,2025-04-30,0
C0778,2024-02-08,2025-05-31,0
C0778,2024-02-08,2025-06-30,26
C0778,2024-02-08,2025-07-31,0
C0778,2024-02-08,2025-08-31,0
C0778,2024-02-08,2025-09-30,0
C0778,2024-02-08,2025-10-31,0
C0778,2024-02-08,2025-11-30,0
C0778,2024-02-08,2025-12-31,62
C0779,2024-06-19,2024-06-30,12
C0779,2024-06-19,2024-07-31,0
C0779,2024-06-19,2024-08-31,0
C0779,2024-06-19,2024-09-30,0
C0779,2024-06-19,2024-10-31,0
C0779,2024-06-19,2024-11-30,0
C0779,2024-06-19,2024-12-31,0
C0779,2024-06-19,2025-01-31,13
C0779,2024-06-19,2025-02-28,0
C0779,2024-06-19,2025-03-31,0
C0779,2024-06-19,2025-04-30,0
C0779,2024-06-19,2025-05-31,0
C0779,2024-06-19,2025-06-30,0
C0779,2024-06-19,2025-07-31,0
C0779,2024-06-19,2025-08-31,0
C0779,2024-06-19,2025-09-30,0
C0779,2024-06-19,2025-10-31,0
C0779,2024-06-19,2025-11-30,0
C0779,2024-06-19,2025-12-31,0
C0780,2023-03-20,2023-03-31,7
C0780,2023-03-20,2023-04-30,0
C0780,2023-03-20,2023-05-31,12
C0780,2023-03-20,2023-06-30,0
C0780,2023-03-20,2023-07-31,0
C0780,2023-03-20,2023-08-31,0
C0780,2023-03-20,2023-09-30,0
C0780,2023-03-20,2023-10-31,0
C0780,2023-03-20,2023-11-30,1
C0780,2023-03-20,2023-12-31,0
C0780,2023-03-20,2024-01-31,0
C0780,2023-03-20,2024-02-29,0
C0780,2023-03-20,2024-03-31,0
C0780,2023-03-20,2024-04-30,51
C0780,2023-03-20,2024-05-31,19
C0780,2023-03-20,2024-06-30,0
C0780,2023-03-20,2024-07-31,53
C0780,2023-03-20,2024-08-31,46
C0780,2023-03-20,2024-09-30,0
C0780,2023-03-20,2024-10-31,0
C0780,2023-03-20,2024-11-30,0
C0780,2023-03-20,2024-12-31,0
C0780,2023-03-20,2025-01-31,8
C0780,2023-03-20,2025-02-28,0
C0780,2023-03-20,2025-03-31,43
C0780,2023-03-20,2025-04-30,11
C0780,2023-03-20,2025-05-31,58
C0780,2023-03-20,2025-06-30,64
C0780,2023-03-20,2025-07-31,119
C0781,2025-01-07,2025-01-31,0
C0781,2025-01-07,2025-02-28,0
C0781,2025-01-07,2025-03-31,0
C0781,2025-01-07,2025-04-30,0
C0781,2025-01-07,2025-05-31,51
C0781,2025-01-07,2025-06-30,0
C0781,2025-01-07,2025-07-31,9
C0781,2025-01-07,2025-08-31,0
C0781,2025-01-07,2025-09-30,0
C0781,2025-01-07,2025-10-31,17
C0781,2025-01-07,2025-11-30,80
C0781,2025-01-07,2025-12-31,0
C0782,2023-03-05,2023-03-31,0
C0782,2023-03-05,2023-04-30,0
C0782,2023-03-05,2023-05-31,0
C0782,2023-03-05,2023-06-30,51
C0782,2023-03-05,2023-07-31,0
C0782,2023-03-05,2023-08-31,0
C0782,2023-03-05,2023-09-30,0
C0782,2023-03-05,2023-10-31,0
C0782,2023-03-05,2023-11-30,0
C0782,2023-03-05,2023-12-31,0
C0782,2023-03-05,2024-01-31,0
C0782,2023-03-05,2024-02-29,0
C0782,2023-03-05,2024-03-31,0
C0782,2023-03-05,2024-04-30,0
C0782,2023-03-05,2024-05-31,0
C0782,2023-03-05,2024-06-30,5
C0782,2023-03-05,2024-07-31,0
C0782,2023-03-05,2024-08-31,0
C0782,2023-03-05,2024-09-30,0
C0782,2023-03-05,2024-10-31,0
C0782,2023-03-05,2024-11-30,0
C0782,2023-03-05,2024-12-31,0
C0782,2023-03-05,2025-01-31,0
C0782,2023-03-05,2025-02-28,40
C0782,2023-03-05,2025-03-31,0
C0782,2023-03-05,2025-04-30,0
C0782,2023-03-05,2025-05-31,0
C0782,2023-03-05,2025-06-30,0
C0782,2023-03-05,2025-07-31,0
C0782,2023-03-05,2025-08-31,7
C0782,2023-03-05,2025-09-30,0
C0782,2023-03-05,2025-10-31,0
C0782,2023-03-05,2025-11-30,0
C0782,2023-03-05,2025-12-31,0
C0783,2024-02-16,2024-02-29,0
C0783,2024-02-16,2024-03-31,0
C0783,2024-02-16,2024-04-30,0
C0783,2024-02-16,2024-05-31,0
C0783,2024-02-16,2024-06-30,24
C0783,2024-02-16,2024-07-31,0
C0783,2024-02-16,2024-08-31,39
C0783,2024-02-16,2024-09-30,0
C0783,2024-02-16,2024-10-31,0
C0783,2024-02-16,2024-11-30,0
C0783,2024-02-16,2024-12-31,0
C0783,2024-02-16,2025-01-31,0
C0783,2024-02-16,2025-02-28,0
C0783,2024-02-16,2025-03-31,0
C0783,2024-02-16,2025-04-30,0
C0783,2024-02-16,2025-05-31,0
C0783,2024-02-16,2025-06-30,0
C0783,2024-02-16,2025-07-31,4
C0783,2024-02-16,2025-08-31,83
C0783,2024-02-16,2025-09-30,0
C0783,2024-02-16,2025-10-31,0
C0783,2024-02-16,2025-11-30,0
C0783,2024-02-16,2025-12-31,0
C0784,2023-05-07,2023-05-31,22
C0784,2023-05-07,2023-06-30,0
C0784,2023-05-07,2023-07-31,0
C0784,2023-05-07,2023-08-31,0
C0784,2023-05-07,2023-09-30,0
C0784,2023-05-07,2023-10-31,0
C0784,2023-05-07,2023-11-30,37
C0784,2023-05-07,2023-12-31,0
C0784,2023-05-07,2024-01-31,0
C0784,2023-05-07,2024-02-29,0
C0784,2023-05-07,2024-03-31,0
C0784,2023-05-07,2024-04-30,0
C0784,2023-05-07,2024-05-31,0
C0784,2023-05-07,2024-06-30,0
C0784,2023-05-07,2024-07-31,0
C0784,2023-05-07,2024-08-31,0
C0784,2023-05-07,2024-09-30,0
C0784,2023-05-07,2024-10-31,0
C0784,2023-05-07,2024-11-30,0
C0784,2023-05-07,2024-12-31,0
C0784,2023-05-07,2025-01-31,0
C0784,2023-05-07,2025-02-28,0
C0784,2023-05-07,2025-03-31,0
C0784,2023-05-07,2025-04-30,0
C0784,2023-05-07,2025-05-31,0
C0784,2023-05-07,2025-06-30,0
C0784,2023-05-07,2025-07-31,0
C0784,2023-05-07,2025-08-31,0
C0784,2023-05-07,2025-09-30,0
C0784,2023-05-07,2025-10-31,0
C0784,2023-05-07,2025-11-30,0
C0784,2023-05-07,2025-12-31,0
C0785,2024-01-12,2024-01-31,0
C0785,2024-01-12,2024-02-29,0
C0785,2024-01-12,2024-03-31,0
C0785,2024-01-12,2024-04-30,0
C0785,2024-01-12,2024-05-31,0
C0785,2024-01-12,2024-06-30,0
C0785,2024-01-12,2024-07-31,0
C0785,2024-01-12,2024-08-31,0
C0785,2024-01-12,2024-09-30,0
C0785,2024-01-12,2024-10-31,0
C0785,2024-01-12,2024-11-30,42
C0785,2024-01-12,2024-12-31,0
C0785,2024-01-12,2025-01-31,0
C0785,2024-01-12,2025-02-28,0
C0785,2024-01-12,2025-03-31,0
C0785,2024-01-12,2025-04-30,0
C0785,2024-01-12,2025-05-31,0
C0785,2024-01-12,2025-06-30,0
C0785,2024-01-12,2025-07-31,0
C0785,2024-01-12,2025-08-31,0
C0785,2024-01-12,2025-09-30,0
C0785,2024-01-12,2025-10-31,0
C0785,2024-01-12,2025-11-30,0
C0785,2024-01-12,2025-12-31,0
C0786,2025-04-19,2025-04-30,3
C0786,2025-04-19,2025-05-31,0
C0786,2025-04-19,2025-06-30,0
C0786,2025-04-19,2025-07-31,0
C0786,2025-04-19,2025-08-31,0
C0786,2025-04-19,2025-09-30,0
C0786,2025-04-19,2025-10-31,29
C0786,2025-04-19,2025-11-30,0
C0786,2025-04-19,2025-12-31,24
C0787,2024-02-18,2024-02-29,0
C0787,2024-02-18,2024-03-31,0
C0787,2024-02-18,2024-04-30,0
C0787,2024-02-18,2024-05-31,0
C0787,2024-02-18,2024-06-30,10
C0787,2024-02-18,2024-07-31,0
C0787,2024-02-18,2024-08-31,0
C0787,2024-02-18,2024-09-30,0
C0787,2024-02-18,2024-10-31,0
C0787,2024-02-18,2024-11-30,0
C0787,2024-02-18,2024-12-31,0
C0787,2024-02-18,2025-01-31,0
C0787,2024-02-18,2025-02-28,0
C0787,2024-02-18,2025-03-31,0
C0787,2024-02-18,2025-04-30,29
C0787,2024-02-18,2025-05-31,0
C0787,2024-02-18,2025-06-30,0
C0787,2024-02-18,2025-07-31,33
C0787,2024-02-18,2025-08-31,0
C0787,2024-02-18,2025-09-30,0
C0787,2024-02-18,2025-10-31,0
C0787,2024-02-18,2025-11-30,0
C0787,2024-02-18,2025-12-31,0
C0788,2023-11-14,2023-11-30,0
C0788,2023-11-14,2023-12-31,0
C0788,2023-11-14,2024-01-31,0
C0788,2023-11-14,2024-02-29,0
C0788,2023-11-14,2024-03-31,0
C0788,2023-11-14,2024-04-30,0
C0788,2023-11-14,2024-05-31,23
C0788,2023-11-14,2024-06-30,0
C0788,2023-11-14,2024-07-31,0
C0788,2023-11-14,2024-08-31,0
C0788,2023-11-14,2024-09-30,0
C0788,2023-11-14,2024-10-31,0
C0788,2023-11-14,2024-11-30,0
C0788,2023-11-14,2024-12-31,0
C0788,2023-11-14,2025-01-31,0
C0788,2023-11-14,2025-02-28,0
C0788,2023-11-14,2025-03-31,16
C0788,2023-11-14,2025-04-30,0
C0788,2023-11-14,2025-05-31,0
C0788,2023-11-14,2025-06-30,0
C0788,2023-11-14,2025-07-31,6
C0788,2023-11-14,2025-08-31,20
C0788,2023-11-14,2025-09-30,3
C0788,2023-11-14,2025-10-31,0
C0788,2023-11-14,2025-11-30,0
C0788,2023-11-14,2025-12-31,0
C0789,2025-04-06,2025-04-30,63
C0789,2025-04-06,2025-05-31,0
C0789,2025-04-06,2025-06-30,0
C0789,2025-04-06,2025-07-31,0
C0789,2025-04-06,2025-08-31,0
C0789,2025-04-06,2025-09-30,0
C0789,2025-04-06,2025-10-31,0
C0789,2025-04-06,2025-11-30,0
C0789,2025-04-06,2025-12-31,0
C0790,2023-02-20,2023-02-28,0
C0790,2023-02-20,2023-03-31,0
C0790,2023-02-20,2023-04-30,5
C0790,2023-02-20,2023-05-31,0
C0790,2023-02-20,2023-06-30,0
C0790,2023-02-20,2023-07-31,0
C0790,2023-02-20,2023-08-31,0
C0790,2023-02-20,2023-09-30,0
C0790,2023-02-20,2023-10-31,0
C0790,2023-02-20,2023-11-30,0
C0790,2023-02-20,2023-12-31,0
C0790,2023-02-20,2024-01-31,0
C0790,2023-02-20,2024-02-29,0
C0790,2023-02-20,2024-03-31,21
C0790,2023-02-20,2024-04-30,56
C0790,2023-02-20,2024-05-31,81
C0790,2023-02-20,2024-06-30,108
C0791,2024-08-06,2024-08-31,112
C0792,2023-02-27,2023-02-28,0
C0792,2023-02-27,2023-03-31,0
C0792,2023-02-27,2023-04-30,0
C0792,2023-02-27,2023-05-31,36
C0792,2023-02-27,2023-06-30,0
C0792,2023-02-27,2023-07-31,0
C0792,2023-02-27,2023-08-31,0
C0792,2023-02-27,2023-09-30,2
C0792,2023-02-27,2023-10-31,0
C0792,2023-02-27,2023-11-30,0
C0792,2023-02-27,2023-12-31,12
C0792,2023-02-27,2024-01-31,0
C0792,2023-02-27,2024-02-29,14
C0792,2023-02-27,2024-03-31,0
C0792,2023-02-27,2024-04-30,0
C0792,2023-02-27,2024-05-31,0
C0792,2023-02-27,2024-06-30,0
C0792,2023-02-27,2024-07-31,0
C0792,2023-02-27,2024-08-31,0
C0792,2023-02-27,2024-09-30,0
C0792,2023-02-27,2024-10-31,0
C0792,2023-02-27,2024-11-30,0
C0792,2023-02-27,2024-12-31,0
C0792,2023-02-27,2025-01-31,0
C0792,2023-02-27,2025-02-28,19
C0792,2023-02-27,2025-03-31,43
C0792,2023-02-27,2025-04-30,73
C0792,2023-02-27,2025-05-31,116
C0793,2024-12-11,2024-12-31,0
C0793,2024-12-11,2025-01-31,0
C0793,2024-12-11,2025-02-28,14
C0793,2024-12-11,2025-03-31,10
C0793,2024-12-11,2025-04-30,78
C0793,2024-12-11,2025-05-31,0
C0793,2024-12-11,2025-06-30,0
C0793,2024-12-11,2025-07-31,0
C0793,2024-12-11,2025-08-31,0
C0793,2024-12-11,2025-09-30,11
C0793,2024-12-11,2025-10-31,0
C0793,2024-12-11,2025-11-30,0
C0793,2024-12-11,2025-12-31,0
C0794,2024-01-23,2024-01-31,0
C0794,2024-01-23,2024-02-29,0
C0794,2024-01-23,2024-03-31,0
C0794,2024-01-23,2024-04-30,58
C0794,2024-01-23,2024-05-31,28
C0794,2024-01-23,2024-06-30,41
C0794,2024-01-23,2024-07-31,64
C0794,2024-01-23,2024-08-31,102
C0795,2024-09-14,2024-09-30,0
C0795,2024-09-14,2024-10-31,0
C0795,2024-09-14,2024-11-30,0
C0795,2024-09-14,2024-12-31,0
C0795,2024-09-14,2025-01-31,58
C0795,2024-09-14,2025-02-28,66
C0795,2024-09-14,2025-03-31,0
C0795,2024-09-14,2025-04-30,0
C0795,2024-09-14,2025-05-31,0
C0795,2024-09-14,2025-06-30,0
C0795,2024-09-14,2025-07-31,0
C0795,2024-09-14,2025-08-31,0
C0795,2024-09-14,2025-09-30,0
C0795,2024-09-14,2025-10-31,0
C0795,2024-09-14,2025-11-30,59
C0795,2024-09-14,2025-12-31,0
C0796,2023-02-28,2023-02-28,0
C0796,2023-02-28,2023-03-31,0
C0796,2023-02-28,2023-04-30,0
C0796,2023-02-28,2023-05-31,0
C0796,2023-02-28,2023-06-30,0
C0796,2023-02-28,2023-07-31,0
C0796,2023-02-28,2023-08-31,0
C0796,2023-02-28,2023-09-30,12
C0796,2023-02-28,2023-10-31,0
C0796,2023-02-28,2023-11-30,0
C0796,2023-02-28,2023-12-31,0
C0796,2023-02-28,2024-01-31,0
C0796,2023-02-28,2024-02-29,73
C0796,2023-02-28,2024-03-31,26
C0796,2023-02-28,2024-04-30,20
C0796,2023-02-28,2024-05-31,0
C0796,2023-02-28,2024-06-30,4
C0796,2023-02-28,2024-07-31,0
C0796,2023-02-28,2024-08-31,0
C0796,2023-02-28,2024-09-30,0
C0796,2023-02-28,2024-10-31,25
C0796,2023-02-28,2024-11-30,0
C0796,2023-02-28,2024-12-31,0
C0796,2023-02-28,2025-01-31,0
C0796,2023-02-28,2025-02-28,0
C0796,2023-02-28,2025-03-31,0
C0796,2023-02-28,2025-04-30,0
C0796,2023-02-28,2025-05-31,0
C0796,2023-02-28,2025-06-30,22
C0796,2023-02-28,2025-07-31,0
C0796,2023-02-28,2025-08-31,20
C0796,2023-02-28,2025-09-30,0
C0796,2023-02-28,2025-10-31,0
C0796,2023-02-28,2025-11-30,0
C0796,2023-02-28,2025-12-31,0
C0797,2023-12-07,2023-12-31,0
C0797,2023-12-07,2024-01-31,0
C0797,2023-12-07,2024-02-29,0
C0797,2023-12-07,2024-03-31,0
C0797,2023-12-07,2024-04-30,0
C0797,2023-12-07,2024-05-31,0
C0797,2023-12-07,2024-06-30,0
C0797,2023-12-07,2024-07-31,0
C0797,2023-12-07,2024-08-31,0
C0797,2023-12-07,2024-09-30,19
C0797,2023-12-07,2024-10-31,0
C0797,2023-12-07,2024-11-30,29
C0797,2023-12-07,2024-12-31,47
C0797,2023-12-07,2025-01-31,0
C0797,2023-12-07,2025-02-28,4
C0797,2023-12-07,2025-03-31,0
C0797,2023-12-07,2025-04-30,39
C0797,2023-12-07,2025-05-31,0
C0797,2023-12-07,2025-06-30,0
C0797,2023-12-07,2025-07-31,18
C0797,2023-12-07,2025-08-31,0
C0797,2023-12-07,2025-09-30,0
C0797,2023-12-07,2025-10-31,0
C0797,2023-12-07,2025-11-30,0
C0797,2023-12-07,2025-12-31,0
C0798,2025-01-13,2025-01-31,41
C0798,2025-01-13,2025-02-28,0
C0798,2025-01-13,2025-03-31,0
C0798,2025-01-13,2025-04-30,0
C0798,2025-01-13,2025-05-31,49
C0798,2025-01-13,2025-06-30,0
C0798,2025-01-13,2025-07-31,11
C0798,2025-01-13,2025-08-31,0
C0798,2025-01-13,2025-09-30,0
C0798,2025-01-13,2025-10-31,0
C0798,2025-01-13,2025-11-30,0
C0798,2025-01-13,2025-12-31,0
C0799,2024-11-11,2024-11-30,0
C0799,2024-11-11,2024-12-31,0
C0799,2024-11-11,2025-01-31,0
C0799,2024-11-11,2025-02-28,0
C0799,2024-11-11,2025-03-31,0
C0799,2024-11-11,2025-04-30,0
C0799,2024-11-11,2025-05-31,0
C0799,2024-11-11,2025-06-30,0
C0799,2024-11-11,2025-07-31,0
C0799,2024-11-11,2025-08-31,0
C0799,2024-11-11,2025-09-30,0
C0799,2024-11-11,2025-10-31,24
C0799,2024-11-11,2025-11-30,0
C0799,2024-11-11,2025-12-31,0
C0800,2024-02-04,2024-02-29,0
C0800,2024-02-04,2024-03-31,0
C0800,2024-02-04,2024-04-30,0
C0800,2024-02-04,2024-05-31,0
C0800,2024-02-04,2024-06-30,0
C0800,2024-02-04,2024-07-31,0
C0800,2024-02-04,2024-08-31,0
C0800,2024-02-04,2024-09-30,0
C0800,2024-02-04,2024-10-31,26
C0800,2024-02-04,2024-11-30,0
C0800,2024-02-04,2024-12-31,0
C0800,2024-02-04,2025-01-31,0
C0800,2024-02-04,2025-02-28,0
C0800,2024-02-04,2025-03-31,0
C0800,2024-02-04,2025-04-30,0
C0800,2024-02-04,2025-05-31,0
C0800,2024-02-04,2025-06-30,0
C0800,2024-02-04,2025-07-31,0
C0800,2024-02-04,2025-08-31,0
C0800,2024-02-04,2025-09-30,0
C0800,2024-02-04,2025-10-31,22
C0800,2024-02-04,2025-11-30,0
C0800,2024-02-04,2025-12-31,0
C0801,2023-11-03,2023-11-30,0
C0801,2023-11-03,2023-12-31,0
C0801,2023-11-03,2024-01-31,0
C0801,2023-11-03,2024-02-29,0
C0801,2023-11-03,2024-03-31,6
C0801,2023-11-03,2024-04-30,0
C0801,2023-11-03,2024-05-31,0
C0801,2023-11-03,2024-06-30,36
C0801,2023-11-03,2024-07-31,0
C0801,2023-11-03,2024-08-31,0
C0801,2023-11-03,2024-09-30,0
C0801,2023-11-03,2024-10-31,0
C0801,2023-11-03,2024-11-30,0
C0801,2023-11-03,2024-12-31,0
C0801,2023-11-03,2025-01-31,0
C0801,2023-11-03,2025-02-28,0
C0801,2023-11-03,2025-03-31,0
C0801,2023-11-03,2025-04-30,0
C0801,2023-11-03,2025-05-31,9
C0801,2023-11-03,2025-06-30,0
C0801,2023-11-03,2025-07-31,0
C0801,2023-11-03,2025-08-31,69
C0801,2023-11-03,2025-09-30,25
C0801,2023-11-03,2025-10-31,0
C0801,2023-11-03,2025-11-30,0
C0801,2023-11-03,2025-12-31,0
C0802,2023-04-12,2023-04-30,0
C0802,2023-04-12,2023-05-31,0
C0802,2023-04-12,2023-06-30,0
C0802,2023-04-12,2023-07-31,0
C0802,2023-04-12,2023-08-31,0
C0802,2023-04-12,2023-09-30,0
C0802,2023-04-12,2023-10-31,0
C0802,2023-04-12,2023-11-30,0
C0802,2023-04-12,2023-12-31,0
C0802,2023-04-12,2024-01-31,11
C0802,2023-04-12,2024-02-29,0
C0802,2023-04-12,2024-03-31,0
C0802,2023-04-12,2024-04-30,0
C0802,2023-04-12,2024-05-31,0
C0802,2023-04-12,2024-06-30,14
C0802,2023-04-12,2024-07-31,71
C0802,2023-04-12,2024-08-31,0
C0802,2023-04-12,2024-09-30,22
C0802,2023-04-12,2024-10-31,36
C0802,2023-04-12,2024-11-30,87
C0802,2023-04-12,2024-12-31,95
C0803,2025-02-15,2025-02-28,0
C0803,2025-02-15,2025-03-31,0
C0803,2025-02-15,2025-04-30,0
C0803,2025-02-15,2025-05-31,0
C0803,2025-02-15,2025-06-30,0
C0803,2025-02-15,2025-07-31,0
C0803,2025-02-15,2025-08-31,0
C0803,2025-02-15,2025-09-30,0
C0803,2025-02-15,2025-10-31,0
C0803,2025-02-15,2025-11-30,0
C0803,2025-02-15,2025-12-31,0
C0804,2024-07-28,2024-07-31,0
C0804,2024-07-28,2024-08-31,51
C0804,2024-07-28,2024-09-30,0
C0804,2024-07-28,2024-10-31,0
C0804,2024-07-28,2024-11-30,0
C0804,2024-07-28,2024-12-31,0
C0804,2024-07-28,2025-01-31,21
C0804,2024-07-28,2025-02-28,0
C0804,2024-07-28,2025-03-31,0
C0804,2024-07-28,2025-04-30,0
C0804,2024-07-28,2025-05-31,27
C0804,2024-07-28,2025-06-30,0
C0804,2024-07-28,2025-07-31,0
C0804,2024-07-28,2025-08-31,0
C0804,2024-07-28,2025-09-30,0
C0804,2024-07-28,2025-10-31,0
C0804,2024-07-28,2025-11-30,0
C0804,2024-07-28,2025-12-31,22
C0805,2024-03-09,2024-03-31,0
C0805,2024-03-09,2024-04-30,7
C0805,2024-03-09,2024-05-31,0
C0805,2024-03-09,2024-06-30,0
C0805,2024-03-09,2024-07-31,0
C0805,2024-03-09,2024-08-31,25
C0805,2024-03-09,2024-09-30,5
C0805,2024-03-09,2024-10-31,0
C0805,2024-03-09,2024-11-30,0
C0805,2024-03-09,2024-12-31,0
C0805,2024-03-09,2025-01-31,0
C0805,2024-03-09,2025-02-28,0
C0805,2024-03-09,2025-03-31,20
C0805,2024-03-09,2025-04-30,0
C0805,2024-03-09,2025-05-31,14
C0805,2024-03-09,2025-06-30,0
C0805,2024-03-09,2025-07-31,0
C0805,2024-03-09,2025-08-31,0
C0805,2024-03-09,2025-09-30,43
C0805,2024-03-09,2025-10-31,0
C0805,2024-03-09,2025-11-30,39
C0805,2024-03-09,2025-12-31,10
C0806,2023-11-26,2023-11-30,0
C0806,2023-11-26,2023-12-31,0
C0806,2023-11-26,2024-01-31,0
C0806,2023-11-26,2024-02-29,0
C0806,2023-11-26,2024-03-31,0
C0806,2023-11-26,2024-04-30,0
C0806,2023-11-26,2024-05-31,9
C0806,2023-11-26,2024-06-30,0
C0806,2023-11-26,2024-07-31,0
C0806,2023-11-26,2024-08-31,0
C0806,2023-11-26,2024-09-30,16
C0806,2023-11-26,2024-10-31,0
C0806,2023-11-26,2024-11-30,0
C0806,2023-11-26,2024-12-31,0
C0806,2023-11-26,2025-01-31,0
C0806,2023-11-26,2025-02-28,0
C0806,2023-11-26,2025-03-31,0
C0806,2023-11-26,2025-04-30,0
C0806,2023-11-26,2025-05-31,0
C0806,2023-11-26,2025-06-30,0
C0806,2023-11-26,2025-07-31,0
C0806,2023-11-26,2025-08-31,0
C0806,2023-11-26,2025-09-30,50
C0806,2023-11-26,2025-10-31,0
C0806,2023-11-26,2025-11-30,0
C0806,2023-11-26,2025-12-31,0
C0807,2023-02-10,2023-02-28,0
C0807,2023-02-10,2023-03-31,0
C0807,2023-02-10,2023-04-30,0
C0807,2023-02-10,2023-05-31,0
C0807,2023-02-10,2023-06-30,28
C0807,2023-02-10,2023-07-31,0
C0807,2023-02-10,2023-08-31,5
C0807,2023-02-10,2023-09-30,0
C0807,2023-02-10,2023-10-31,0
C0807,2023-02-10,2023-11-30,0
C0807,2023-02-10,2023-12-31,21
C0807,2023-02-10,2024-01-31,4
C0807,2023-02-10,2024-02-29,0
C0807,2023-02-10,2024-03-31,0
C0807,2023-02-10,2024-04-30,54
C0807,2023-02-10,2024-05-31,0
C0807,2023-02-10,2024-06-30,0
C0807,2023-02-10,2024-07-31,0
C0807,2023-02-10,2024-08-31,0
C0807,2023-02-10,2024-09-30,0
C0807,2023-02-10,2024-10-31,0
C0807,2023-02-10,2024-11-30,0
C0807,2023-02-10,2024-12-31,0
C0807,2023-02-10,2025-01-31,0
C0807,2023-02-10,2025-02-28,0
C0807,2023-02-10,2025-03-31,0
C0807,2023-02-10,2025-04-30,0
C0807,2023-02-10,2025-05-31,0
C0807,2023-02-10,2025-06-30,0
C0807,2023-02-10,2025-07-31,14
C0807,2023-02-10,2025-08-31,0
C0807,2023-02-10,2025-09-30,12
C0807,2023-02-10,2025-10-31,39
C0807,2023-02-10,2025-11-30,0
C0807,2023-02-10,2025-12-31,0
C0808,2024-07-04,2024-07-31,0
C0808,2024-07-04,2024-08-31,0
C0808,2024-07-04,2024-09-30,0
C0808,2024-07-04,2024-10-31,71
C0808,2024-07-04,2024-11-30,0
C0808,2024-07-04,2024-12-31,0
C0808,2024-07-04,2025-01-31,0
C0808,2024-07-04,2025-02-28,0
C0808,2024-07-04,2025-03-31,0
C0808,2024-07-04,2025-04-30,0
C0808,2024-07-04,2025-05-31,0
C0808,2024-07-04,2025-06-30,0
C0808,2024-07-04,2025-07-31,0
C0808,2024-07-04,2025-08-31,0
C0808,2024-07-04,2025-09-30,0
C0808,2024-07-04,2025-10-31,27
C0808,2024-07-04,2025-11-30,0
C0808,2024-07-04,2025-12-31,0
C0809,2025-05-14,2025-05-31,0
C0809,2025-05-14,2025-06-30,0
C0809,2025-05-14,2025-07-31,0
C0809,2025-05-14,2025-08-31,0
C0809,2025-05-14,2025-09-30,20
C0809,2025-05-14,2025-10-31,46
C0809,2025-05-14,2025-11-30,18
C0809,2025-05-14,2025-12-31,0
C0810,2025-04-21,2025-04-30,19
C0810,2025-04-21,2025-05-31,0
C0810,2025-04-21,2025-06-30,0
C0810,2025-04-21,2025-07-31,0
C0810,2025-04-21,2025-08-31,0
C0810,2025-04-21,2025-09-30,13
C0810,2025-04-21,2025-10-31,44
C0810,2025-04-21,2025-11-30,0
C0810,2025-04-21,2025-12-31,0
C0811,2025-01-07,2025-01-31,0
C0811,2025-01-07,2025-02-28,0
C0811,2025-01-07,2025-03-31,0
C0811,2025-01-07,2025-04-30,8
C0811,2025-01-07,2025-05-31,0
C0811,2025-01-07,2025-06-30,0
C0811,2025-01-07,2025-07-31,0
C0811,2025-01-07,2025-08-31,0
C0811,2025-01-07,2025-09-30,8
C0811,2025-01-07,2025-10-31,28
C0811,2025-01-07,2025-11-30,0
C0811,2025-01-07,2025-12-31,0
C0812,2024-11-26,2024-11-30,0
C0812,2024-11-26,2024-12-31,0
C0812,2024-11-26,2025-01-31,0
C0812,2024-11-26,2025-02-28,0
C0812,2024-11-26,2025-03-31,0
C0812,2024-11-26,2025-04-30,0
C0812,2024-11-26,2025-05-31,0
C0812,2024-11-26,2025-06-30,0
C0812,2024-11-26,2025-07-31,0
C0812,2024-11-26,2025-08-31,0
C0812,2024-11-26,2025-09-30,0
C0812,2024-11-26,2025-10-31,25
C0812,2024-11-26,2025-11-30,0
C0812,2024-11-26,2025-12-31,19
C0813,2025-02-13,2025-02-28,0
C0813,2025-02-13,2025-03-31,40
C0813,2025-02-13,2025-04-30,0
C0813,2025-02-13,2025-05-31,0
C0813,2025-02-13,2025-06-30,0
C0813,2025-02-13,2025-07-31,0
C0813,2025-02-13,2025-08-31,0
C0813,2025-02-13,2025-09-30,55
C0813,2025-02-13,2025-10-31,15
C0813,2025-02-13,2025-11-30,0
C0813,2025-02-13,2025-12-31,0
C0814,2024-08-20,2024-08-31,0
C0814,2024-08-20,2024-09-30,42
C0814,2024-08-20,2024-10-31,0
C0814,2024-08-20,2024-11-30,0
C0814,2024-08-20,2024-12-31,0
C0814,2024-08-20,2025-01-31,0
C0814,2024-08-20,2025-02-28,0
C0814,2024-08-20,2025-03-31,28
C0814,2024-08-20,2025-04-30,0
C0814,2024-08-20,2025-05-31,0
C0814,2024-08-20,2025-06-30,14
C0814,2024-08-20,2025-07-31,0
C0814,2024-08-20,2025-08-31,0
C0814,2024-08-20,2025-09-30,70
C0814,2024-08-20,2025-10-31,0
C0814,2024-08-20,2025-11-30,0
C0814,2024-08-20,2025-12-31,0
C0815,2025-02-24,2025-02-28,113
C0816,2023-07-10,2023-07-31,0
C0816,2023-07-10,2023-08-31,0
C0816,2023-07-10,2023-09-30,61
C0816,2023-07-10,2023-10-31,0
C0816,2023-07-10,2023-11-30,0
C0816,2023-07-10,2023-12-31,27
C0816,2023-07-10,2024-01-31,0
C0816,2023-07-10,2024-02-29,55
C0816,2023-07-10,2024-03-31,22
C0816,2023-07-10,2024-04-30,0
C0816,2023-07-10,2024-05-31,0
C0816,2023-07-10,2024-06-30,0
C0816,2023-07-10,2024-07-31,0
C0816,2023-07-10,2024-08-31,0
C0816,2023-07-10,2024-09-30,0
C0816,2023-07-10,2024-10-31,0
C0816,2023-07-10,2024-11-30,0
C0816,2023-07-10,2024-12-31,41
C0816,2023-07-10,2025-01-31,0
C0816,2023-07-10,2025-02-28,0
C0816,2023-07-10,2025-03-31,16
C0816,2023-07-10,2025-04-30,0
C0816,2023-07-10,2025-05-31,0
C0816,2023-07-10,2025-06-30,0
C0816,2023-07-10,2025-07-31,0
C0816,2023-07-10,2025-08-31,0
C0816,2023-07-10,2025-09-30,8
C0816,2023-07-10,2025-10-31,0
C0816,2023-07-10,2025-11-30,0
C0816,2023-07-10,2025-12-31,0
C0817,2025-02-13,2025-02-28,0
C0817,2025-02-13,2025-03-31,0
C0817,2025-02-13,2025-04-30,0
C0817,2025-02-13,2025-05-31,0
C0817,2025-02-13,2025-06-30,16
C0817,2025-02-13,2025-07-31,37
C0817,2025-02-13,2025-08-31,71
C0817,2025-02-13,2025-09-30,111
C0818,2024-07-11,2024-07-31,0
C0818,2024-07-11,2024-08-31,0
C0818,2024-07-11,2024-09-30,16
C0818,2024-07-11,2024-10-31,0
C0818,2024-07-11,2024-11-30,0
C0818,2024-07-11,2024-12-31,4
C0818,2024-07-11,2025-01-31,0
C0818,2024-07-11,2025-02-28,0
C0818,2024-07-11,2025-03-31,58
C0818,2024-07-11,2025-04-30,0
C0818,2024-07-11,2025-05-31,30
C0818,2024-07-11,2025-06-30,0
C0818,2024-07-11,2025-07-31,0
C0818,2024-07-11,2025-08-31,0
C0818,2024-07-11,2025-09-30,0
C0818,2024-07-11,2025-10-31,0
C0818,2024-07-11,2025-11-30,0
C0818,2024-07-11,2025-12-31,0
C0819,2023-10-24,2023-10-31,0
C0819,2023-10-24,2023-11-30,0
C0819,2023-10-24,2023-12-31,14
C0819,2023-10-24,2024-01-31,0
C0819,2023-10-24,2024-02-29,20
C0819,2023-10-24,2024-03-31,43
C0819,2023-10-24,2024-04-30,61
C0819,2023-10-24,2024-05-31,103
C0820,2023-05-24,2023-05-31,0
C0820,2023-05-24,2023-06-30,9
C0820,2023-05-24,2023-07-31,0
C0820,2023-05-24,2023-08-31,0
C0820,2023-05-24,2023-09-30,0
C0820,2023-05-24,2023-10-31,0
C0820,2023-05-24,2023-11-30,0
C0820,2023-05-24,2023-12-31,0
C0820,2023-05-24,2024-01-31,0
C0820,2023-05-24,2024-02-29,60
C0820,2023-05-24,2024-03-31,29
C0820,2023-05-24,2024-04-30,0
C0820,2023-05-24,2024-05-31,0
C0820,2023-05-24,2024-06-30,0
C0820,2023-05-24,2024-07-31,0
C0820,2023-05-24,2024-08-31,0
C0820,2023-05-24,2024-09-30,51
C0820,2023-05-24,2024-10-31,0
C0820,2023-05-24,2024-11-30,0
C0820,2023-05-24,2024-12-31,0
C0820,2023-05-24,2025-01-31,0
C0820,2023-05-24,2025-02-28,0
C0820,2023-05-24,2025-03-31,0
C0820,2023-05-24,2025-04-30,0
C0820,2023-05-24,2025-05-31,0
C0820,2023-05-24,2025-06-30,0
C0820,2023-05-24,2025-07-31,0
C0820,2023-05-24,2025-08-31,0
C0820,2023-05-24,2025-09-30,0
C0820,2023-05-24,2025-10-31,0
C0820,2023-05-24,2025-11-30,0
C0820,2023-05-24,2025-12-31,0
C0821,2025-04-07,2025-04-30,70
C0821,2025-04-07,2025-05-31,0
C0821,2025-04-07,2025-06-30,0
C0821,2025-04-07,2025-07-31,0
C0821,2025-04-07,2025-08-31,0
C0821,2025-04-07,2025-09-30,0
C0821,2025-04-07,2025-10-31,0
C0821,2025-04-07,2025-11-30,0
C0821,2025-04-07,2025-12-31,0
C0822,2024-01-24,2024-01-31,0
C0822,2024-01-24,2024-02-29,0
C0822,2024-01-24,2024-03-31,45
C0822,2024-01-24,2024-04-30,0
C0822,2024-01-24,2024-05-31,0
C0822,2024-01-24,2024-06-30,0
C0822,2024-01-24,2024-07-31,0
C0822,2024-01-24,2024-08-31,0
C0822,2024-01-24,2024-09-30,0
C0822,2024-01-24,2024-10-31,88
C0822,2024-01-24,2024-11-30,0
C0822,2024-01-24,2024-12-31,0
C0822,2024-01-24,2025-01-31,0
C0822,2024-01-24,2025-02-28,29
C0822,2024-01-24,2025-03-31,0
C0822,2024-01-24,2025-04-30,29
C0822,2024-01-24,2025-05-31,0
C0822,2024-01-24,2025-06-30,0
C0822,2024-01-24,2025-07-31,0
C0822,2024-01-24,2025-08-31,0
C0822,2024-01-24,2025-09-30,0
C0822,2024-01-24,2025-10-31,0
C0822,2024-01-24,2025-11-30,0
C0822,2024-01-24,2025-12-31,0
C0823,2024-02-02,2024-02-29,0
C0823,2024-02-02,2024-03-31,0
C0823,2024-02-02,2024-04-30,0
C0823,2024-02-02,2024-05-31,0
C0823,2024-02-02,2024-06-30,0
C0823,2024-02-02,2024-07-31,0
C0823,2024-02-02,2024-08-31,0
C0823,2024-02-02,2024-09-30,0
C0823,2024-02-02,2024-10-31,57
C0823,2024-02-02,2024-11-30,0
C0823,2024-02-02,2024-12-31,16
C0823,2024-02-02,2025-01-31,16
C0823,2024-02-02,2025-02-28,22
C0823,2024-02-02,2025-03-31,0
C0823,2024-02-02,2025-04-30,0
C0823,2024-02-02,2025-05-31,27
C0823,2024-02-02,2025-06-30,52
C0823,2024-02-02,2025-07-31,0
C0823,2024-02-02,2025-08-31,0
C0823,2024-02-02,2025-09-30,0
C0823,2024-02-02,2025-10-31,0
C0823,2024-02-02,2025-11-30,0
C0823,2024-02-02,2025-12-31,0
C0824,2024-01-24,2024-01-31,0
C0824,2024-01-24,2024-02-29,0
C0824,2024-01-24,2024-03-31,0
C0824,2024-01-24,2024-04-30,0
C0824,2024-01-24,2024-05-31,0
C0824,2024-01-24,2024-06-30,47
C0824,2024-01-24,2024-07-31,0
C0824,2024-01-24,2024-08-31,0
C0824,2024-01-24,2024-09-30,14
C0824,2024-01-24,2024-10-31,0
C0824,2024-01-24,2024-11-30,0
C0824,2024-01-24,2024-12-31,0
C0824,2024-01-24,2025-01-31,0
C0824,2024-01-24,2025-02-28,0
C0824,2024-01-24,2025-03-31,0
C0824,2024-01-24,2025-04-30,0
C0824,2024-01-24,2025-05-31,0
C0824,2024-01-24,2025-06-30,23
C0824,2024-01-24,2025-07-31,0
C0824,2024-01-24,2025-08-31,0
C0824,2024-01-24,2025-09-30,0
C0824,2024-01-24,2025-10-31,0
C0824,2024-01-24,2025-11-30,0
C0824,2024-01-24,2025-12-31,21
C0825,2024-08-10,2024-08-31,0
C0825,2024-08-10,2024-09-30,0
C0825,2024-08-10,2024-10-31,0
C0825,2024-08-10,2024-11-30,0
C0825,2024-08-10,2024-12-31,0
C0825,2024-08-10,2025-01-31,0
C0825,2024-08-10,2025-02-28,0
C0825,2024-08-10,2025-03-31,0
C0825,2024-08-10,2025-04-30,0
C0825,2024-08-10,2025-05-31,0
C0825,2024-08-10,2025-06-30,0
C0825,2024-08-10,2025-07-31,0
C0825,2024-08-10,2025-08-31,22
C0825,2024-08-10,2025-09-30,57
C0825,2024-08-10,2025-10-31,67
C0825,2024-08-10,2025-11-30,91
C0826,2024-11-10,2024-11-30,30
C0826,2024-11-10,2024-12-31,36
C0826,2024-11-10,2025-01-31,0
C0826,2024-11-10,2025-02-28,0
C0826,2024-11-10,2025-03-31,0
C0826,2024-11-10,2025-04-30,43
C0826,2024-11-10,2025-05-31,0
C0826,2024-11-10,2025-06-30,0
C0826,2024-11-10,2025-07-31,0
C0826,2024-11-10,2025-08-31,0
C0826,2024-11-10,2025-09-30,0
C0826,2024-11-10,2025-10-31,0
C0826,2024-11-10,2025-11-30,0
C0826,2024-11-10,2025-12-31,0
C0827,2023-10-18,2023-10-31,0
C0827,2023-10-18,2023-11-30,0
C0827,2023-10-18,2023-12-31,0
C0827,2023-10-18,2024-01-31,0
C0827,2023-10-18,2024-02-29,7
C0827,2023-10-18,2024-03-31,23
C0827,2023-10-18,2024-04-30,25
C0827,2023-10-18,2024-05-31,0
C0827,2023-10-18,2024-06-30,0
C0827,2023-10-18,2024-07-31,0
C0827,2023-10-18,2024-08-31,0
C0827,2023-10-18,2024-09-30,0
C0827,2023-10-18,2024-10-31,0
C0827,2023-10-18,2024-11-30,0
C0827,2023-10-18,2024-12-31,0
C0827,2023-10-18,2025-01-31,0
C0827,2023-10-18,2025-02-28,0
C0827,2023-10-18,2025-03-31,0
C0827,2023-10-18,2025-04-30,0
C0827,2023-10-18,2025-05-31,0
C0827,2023-10-18,2025-06-30,0
C0827,2023-10-18,2025-07-31,7
C0827,2023-10-18,2025-08-31,0
C0827,2023-10-18,2025-09-30,0
C0827,2023-10-18,2025-10-31,0
C0827,2023-10-18,2025-11-30,0
C0827,2023-10-18,2025-12-31,0
C0828,2024-11-03,2024-11-30,0
C0828,2024-11-03,2024-12-31,0
C0828,2024-11-03,2025-01-31,0
C0828,2024-11-03,2025-02-28,0
C0828,2024-11-03,2025-03-31,0
C0828,2024-11-03,2025-04-30,0
C0828,2024-11-03,2025-05-31,0
C0828,2024-11-03,2025-06-30,0
C0828,2024-11-03,2025-07-31,0
C0828,2024-11-03,2025-08-31,0
C0828,2024-11-03,2025-09-30,25
C0828,2024-11-03,2025-10-31,0
C0828,2024-11-03,2025-11-30,83
C0828,2024-11-03,2025-12-31,77
C0829,2024-01-05,2024-01-31,0
C0829,2024-01-05,2024-02-29,0
C0829,2024-01-05,2024-03-31,6
C0829,2024-01-05,2024-04-30,0
C0829,2024-01-05,2024-05-31,0
C0829,2024-01-05,2024-06-30,0
C0829,2024-01-05,2024-07-31,0
C0829,2024-01-05,2024-08-31,21
C0829,2024-01-05,2024-09-30,0
C0829,2024-01-05,2024-10-31,0
C0829,2024-01-05,2024-11-30,0
C0829,2024-01-05,2024-12-31,0
C0829,2024-01-05,2025-01-31,13
C0829,2024-01-05,2025-02-28,0
C0829,2024-01-05,2025-03-31,14
C0829,2024-01-05,2025-04-30,0
C0829,2024-01-05,2025-05-31,34
C0829,2024-01-05,2025-06-30,0
C0829,2024-01-05,2025-07-31,0
C0829,2024-01-05,2025-08-31,0
C0829,2024-01-05,2025-09-30,0
C0829,2024-01-05,2025-10-31,0
C0829,2024-01-05,2025-11-30,0
C0829,2024-01-05,2025-12-31,0
C0830,2024-01-01,2024-01-31,0
C0830,2024-01-01,2024-02-29,0
C0830,2024-01-01,2024-03-31,0
C0830,2024-01-01,2024-04-30,0
C0830,2024-01-01,2024-05-31,58
C0830,2024-01-01,2024-06-30,0
C0830,2024-01-01,2024-07-31,0
C0830,2024-01-01,2024-08-31,0
C0830,2024-01-01,2024-09-30,0
C0830,2024-01-01,2024-10-31,0
C0830,2024-01-01,2024-11-30,0
C0830,2024-01-01,2024-12-31,0
C0830,2024-01-01,2025-01-31,0
C0830,2024-01-01,2025-02-28,24
C0830,2024-01-01,2025-03-31,0
C0830,2024-01-01,2025-04-30,0
C0830,2024-01-01,2025-05-31,0
C0830,2024-01-01,2025-06-30,0
C0830,2024-01-01,2025-07-31,5
C0830,2024-01-01,2025-08-31,0
C0830,2024-01-01,2025-09-30,0
C0830,2024-01-01,2025-10-31,0
C0830,2024-01-01,2025-11-30,0
C0830,2024-01-01,2025-12-31,0
C0831,2024-04-10,2024-04-30,0
C0831,2024-04-10,2024-05-31,0
C0831,2024-04-10,2024-06-30,0
C0831,2024-04-10,2024-07-31,0
C0831,2024-04-10,2024-08-31,0
C0831,2024-04-10,2024-09-30,0
C0831,2024-04-10,2024-10-31,0
C0831,2024-04-10,2024-11-30,0
C0831,2024-04-10,2024-12-31,0
C0831,2024-04-10,2025-01-31,32
C0831,2024-04-10,2025-02-28,0
C0831,2024-04-10,2025-03-31,0
C0831,2024-04-10,2025-04-30,19
C0831,2024-04-10,2025-05-31,0
C0831,2024-04-10,2025-06-30,47
C0831,2024-04-10,2025-07-31,0
C0831,2024-04-10,2025-08-31,13
C0831,2024-04-10,2025-09-30,0
C0831,2024-04-10,2025-10-31,0
C0831,2024-04-10,2025-11-30,0
C0831,2024-04-10,2025-12-31,12
C0832,2025-01-07,2025-01-31,0
C0832,2025-01-07,2025-02-28,28
C0832,2025-01-07,2025-03-31,0
C0832,2025-01-07,2025-04-30,0
C0832,2025-01-07,2025-05-31,0
C0832,2025-01-07,2025-06-30,0
C0832,2025-01-07,2025-07-31,0
C0832,2025-01-07,2025-08-31,47
C0832,2025-01-07,2025-09-30,0
C0832,2025-01-07,2025-10-31,0
C0832,2025-01-07,2025-11-30,24
C0832,2025-01-07,2025-12-31,0
C0833,2023-08-27,2023-08-31,0
C0833,2023-08-27,2023-09-30,0
C0833,2023-08-27,2023-10-31,0
C0833,2023-08-27,2023-11-30,0
C0833,2023-08-27,2023-12-31,0
C0833,2023-08-27,2024-01-31,0
C0833,2023-08-27,2024-02-29,0
C0833,2023-08-27,2024-03-31,0
C0833,2023-08-27,2024-04-30,20
C0833,2023-08-27,2024-05-31,48
C0833,2023-08-27,2024-06-30,82
C0833,2023-08-27,2024-07-31,105
C0834,2024-03-05,2024-03-31,0
C0834,2024-03-05,2024-04-30,0
C0834,2024-03-05,2024-05-31,0
C0834,2024-03-05,2024-06-30,0
C0834,2024-03-05,2024-07-31,0
C0834,2024-03-05,2024-08-31,0
C0834,2024-03-05,2024-09-30,0
C0834,2024-03-05,2024-10-31,0
C0834,2024-03-05,2024-11-30,0
C0834,2024-03-05,2024-12-31,0
C0834,2024-03-05,2025-01-31,0
C0834,2024-03-05,2025-02-28,0
C0834,2024-03-05,2025-03-31,41
C0834,2024-03-05,2025-04-30,0
C0834,2024-03-05,2025-05-31,0
C0834,2024-03-05,2025-06-30,0
C0834,2024-03-05,2025-07-31,0
C0834,2024-03-05,2025-08-31,0
C0834,2024-03-05,2025-09-30,0
C0834,2024-03-05,2025-10-31,0
C0834,2024-03-05,2025-11-30,0
C0834,2024-03-05,2025-12-31,0
C0835,2023-09-05,2023-09-30,0
C0835,2023-09-05,2023-10-31,0
C0835,2023-09-05,2023-11-30,0
C0835,2023-09-05,2023-12-31,11
C0835,2023-09-05,2024-01-31,0
C0835,2023-09-05,2024-02-29,0
C0835,2023-09-05,2024-03-31,0
C0835,2023-09-05,2024-04-30,0
C0835,2023-09-05,2024-05-31,21
C0835,2023-09-05,2024-06-30,32
C0835,2023-09-05,2024-07-31,0
C0835,2023-09-05,2024-08-31,0
C0835,2023-09-05,2024-09-30,0
C0835,2023-09-05,2024-10-31,0
C0835,2023-09-05,2024-11-30,0
C0835,2023-09-05,2024-12-31,0
C0835,2023-09-05,2025-01-31,0
C0835,2023-09-05,2025-02-28,27
C0835,2023-09-05,2025-03-31,0
C0835,2023-09-05,2025-04-30,26
C0835,2023-09-05,2025-05-31,0
C0835,2023-09-05,2025-06-30,0
C0835,2023-09-05,2025-07-31,0
C0835,2023-09-05,2025-08-31,12
C0835,2023-09-05,2025-09-30,0
C0835,2023-09-05,2025-10-31,0
C0835,2023-09-05,2025-11-30,0
C0835,2023-09-05,2025-12-31,0
C0836,2024-02-04,2024-02-29,0
C0836,2024-02-04,2024-03-31,0
C0836,2024-02-04,2024-04-30,0
C0836,2024-02-04,2024-05-31,0
C0836,2024-02-04,2024-06-30,0
C0836,2024-02-04,2024-07-31,1
C0836,2024-02-04,2024-08-31,22
C0836,2024-02-04,2024-09-30,0
C0836,2024-02-04,2024-10-31,43
C0836,2024-02-04,2024-11-30,0
C0836,2024-02-04,2024-12-31,0
C0836,2024-02-04,2025-01-31,0
C0836,2024-02-04,2025-02-28,0
C0836,2024-02-04,2025-03-31,0
C0836,2024-02-04,2025-04-30,0
C0836,2024-02-04,2025-05-31,0
C0836,2024-02-04,2025-06-30,0
C0836,2024-02-04,2025-07-31,40
C0836,2024-02-04,2025-08-31,0
C0836,2024-02-04,2025-09-30,0
C0836,2024-02-04,2025-10-31,0
C0836,2024-02-04,2025-11-30,0
C0836,2024-02-04,2025-12-31,0
C0837,2023-03-23,2023-03-31,0
C0837,2023-03-23,2023-04-30,11
C0837,2023-03-23,2023-05-31,31
C0837,2023-03-23,2023-06-30,0
C0837,2023-03-23,2023-07-31,58
C0837,2023-03-23,2023-08-31,0
C0837,2023-03-23,2023-09-30,0
C0837,2023-03-23,2023-10-31,0
C0837,2023-03-23,2023-11-30,0
C0837,2023-03-23,2023-12-31,0
C0837,2023-03-23,2024-01-31,0
C0837,2023-03-23,2024-02-29,0
C0837,2023-03-23,2024-03-31,0
C0837,2023-03-23,2024-04-30,0
C0837,2023-03-23,2024-05-31,0
C0837,2023-03-23,2024-06-30,0
C0837,2023-03-23,2024-07-31,0
C0837,2023-03-23,2024-08-31,0
C0837,2023-03-23,2024-09-30,0
C0837,2023-03-23,2024-10-31,28
C0837,2023-03-23,2024-11-30,51
C0837,2023-03-23,2024-12-31,83
C0837,2023-03-23,2025-01-31,111
C0838,2023-02-22,2023-02-28,0
C0838,2023-02-22,2023-03-31,22
C0838,2023-02-22,2023-04-30,0
C0838,2023-02-22,2023-05-31,11
C0838,2023-02-22,2023-06-30,21
C0838,2023-02-22,2023-07-31,0
C0838,2023-02-22,2023-08-31,0
C0838,2023-02-22,2023-09-30,76
C0838,2023-02-22,2023-10-31,0
C0838,2023-02-22,2023-11-30,32
C0838,2023-02-22,2023-12-31,0
C0838,2023-02-22,2024-01-31,8
C0838,2023-02-22,2024-02-29,0
C0838,2023-02-22,2024-03-31,0
C0838,2023-02-22,2024-04-30,0
C0838,2023-02-22,2024-05-31,0
C0838,2023-02-22,2024-06-30,0
C0838,2023-02-22,2024-07-31,45
C0838,2023-02-22,2024-08-31,0
C0838,2023-02-22,2024-09-30,0
C0838,2023-02-22,2024-10-31,0
C0838,2023-02-22,2024-11-30,0
C0838,2023-02-22,2024-12-31,0
C0838,2023-02-22,2025-01-31,0
C0838,2023-02-22,2025-02-28,0
C0838,2023-02-22,2025-03-31,0
C0838,2023-02-22,2025-04-30,0
C0838,2023-02-22,2025-05-31,0
C0838,2023-02-22,2025-06-30,17
C0838,2023-02-22,2025-07-31,42
C0838,2023-02-22,2025-08-31,81
C0838,2023-02-22,2025-09-30,94
C0839,2024-09-07,2024-09-30,0
C0839,2024-09-07,2024-10-31,0
C0839,2024-09-07,2024-11-30,0
C0839,2024-09-07,2024-12-31,0
C0839,2024-09-07,2025-01-31,0
C0839,2024-09-07,2025-02-28,0
C0839,2024-09-07,2025-03-31,0
C0839,2024-09-07,2025-04-30,0
C0839,2024-09-07,2025-05-31,0
C0839,2024-09-07,2025-06-30,0
C0839,2024-09-07,2025-07-31,0
C0839,2024-09-07,2025-08-31,0
C0839,2024-09-07,2025-09-30,0
C0839,2024-09-07,2025-10-31,0
C0839,2024-09-07,2025-11-30,42
C0839,2024-09-07,2025-12-31,0
C0840,2024-10-03,2024-10-31,0
C0840,2024-10-03,2024-11-30,0
C0840,2024-10-03,2024-12-31,0
C0840,2024-10-03,2025-01-31,25
C0840,2024-10-03,2025-02-28,25
C0840,2024-10-03,2025-03-31,7
C0840,2024-10-03,2025-04-30,5
C0840,2024-10-03,2025-05-31,0
C0840,2024-10-03,2025-06-30,0
C0840,2024-10-03,2025-07-31,49
C0840,2024-10-03,2025-08-31,0
C0840,2024-10-03,2025-09-30,0
C0840,2024-10-03,2025-10-31,0
C0840,2024-10-03,2025-11-30,0
C0840,2024-10-03,2025-12-31,0
C0841,2024-08-09,2024-08-31,51
C0841,2024-08-09,2024-09-30,4
C0841,2024-08-09,2024-10-31,0
C0841,2024-08-09,2024-11-30,0
C0841,2024-08-09,2024-12-31,0
C0841,2024-08-09,2025-01-31,0
C0841,2024-08-09,2025-02-28,0
C0841,2024-08-09,2025-03-31,0
C0841,2024-08-09,2025-04-30,0
C0841,2024-08-09,2025-05-31,10
C0841,2024-08-09,2025-06-30,0
C0841,2024-08-09,2025-07-31,22
C0841,2024-08-09,2025-08-31,0
C0841,2024-08-09,2025-09-30,0
C0841,2024-08-09,2025-10-31,0
C0841,2024-08-09,2025-11-30,0
C0841,2024-08-09,2025-12-31,0
C0842,2024-05-01,2024-05-31,0
C0842,2024-05-01,2024-06-30,0
C0842,2024-05-01,2024-07-31,0
C0842,2024-05-01,2024-08-31,15
C0842,2024-05-01,2024-09-30,0
C0842,2024-05-01,2024-10-31,13
C0842,2024-05-01,2024-11-30,0
C0842,2024-05-01,2024-12-31,0
C0842,2024-05-01,2025-01-31,0
C0842,2024-05-01,2025-02-28,0
C0842,2024-05-01,2025-03-31,0
C0842,2024-05-01,2025-04-30,0
C0842,2024-05-01,2025-05-31,0
C0842,2024-05-01,2025-06-30,0
C0842,2024-05-01,2025-07-31,0
C0842,2024-05-01,2025-08-31,0
C0842,2024-05-01,2025-09-30,0
C0842,2024-05-01,2025-10-31,48
C0842,2024-05-01,2025-11-30,0
C0842,2024-05-01,2025-12-31,0
C0843,2024-09-28,2024-09-30,0
C0843,2024-09-28,2024-10-31,0
C0843,2024-09-28,2024-11-30,0
C0843,2024-09-28,2024-12-31,0
C0843,2024-09-28,2025-01-31,0
C0843,2024-09-28,2025-02-28,0
C0843,2024-09-28,2025-03-31,39
C0843,2024-09-28,2025-04-30,0
C0843,2024-09-28,2025-05-31,0
C0843,2024-09-28,2025-06-30,22
C0843,2024-09-28,2025-07-31,0
C0843,2024-09-28,2025-08-31,16
C0843,2024-09-28,2025-09-30,28
C0843,2024-09-28,2025-10-31,0
C0843,2024-09-28,2025-11-30,13
C0843,2024-09-28,2025-12-31,0
C0844,2025-02-03,2025-02-28,0
C0844,2025-02-03,2025-03-31,0
C0844,2025-02-03,2025-04-30,0
C0844,2025-02-03,2025-05-31,0
C0844,2025-02-03,2025-06-30,0
C0844,2025-02-03,2025-07-31,0
C0844,2025-02-03,2025-08-31,0
C0844,2025-02-03,2025-09-30,0
C0844,2025-02-03,2025-10-31,0
C0844,2025-02-03,2025-11-30,0
C0844,2025-02-03,2025-12-31,0
C0845,2023-01-27,2023-01-31,0
C0845,2023-01-27,2023-02-28,0
C0845,2023-01-27,2023-03-31,0
C0845,2023-01-27,2023-04-30,0
C0845,2023-01-27,2023-05-31,3
C0845,2023-01-27,2023-06-30,0
C0845,2023-01-27,2023-07-31,0
C0845,2023-01-27,2023-08-31,19
C0845,2023-01-27,2023-09-30,0
C0845,2023-01-27,2023-10-31,0
C0845,2023-01-27,2023-11-30,0
C0845,2023-01-27,2023-12-31,0
C0845,2023-01-27,2024-01-31,0
C0845,2023-01-27,2024-02-29,23
C0845,2023-01-27,2024-03-31,0
C0845,2023-01-27,2024-04-30,0
C0845,2023-01-27,2024-05-31,0
C0845,2023-01-27,2024-06-30,0
C0845,2023-01-27,2024-07-31,0
C0845,2023-01-27,2024-08-31,0
C0845,2023-01-27,2024-09-30,22
C0845,2023-01-27,2024-10-31,0
C0845,2023-01-27,2024-11-30,0
C0845,2023-01-27,2024-12-31,0
C0845,2023-01-27,2025-01-31,0
C0845,2023-01-27,2025-02-28,0
C0845,2023-01-27,2025-03-31,0
C0845,2023-01-27,2025-04-30,80
C0845,2023-01-27,2025-05-31,0
C0845,2023-01-27,2025-06-30,19
C0845,2023-01-27,2025-07-31,0
C0845,2023-01-27,2025-08-31,0
C0845,2023-01-27,2025-09-30,24
C0845,2023-01-27,2025-10-31,15
C0845,2023-01-27,2025-11-30,0
C0845,2023-01-27,2025-12-31,0
C0846,2023-10-22,2023-10-31,0
C0846,2023-10-22,2023-11-30,0
C0846,2023-10-22,2023-12-31,0
C0846,2023-10-22,2024-01-31,0
C0846,2023-10-22,2024-02-29,0
C0846,2023-10-22,2024-03-31,0
C0846,2023-10-22,2024-04-30,28
C0846,2023-10-22,2024-05-31,0
C0846,2023-10-22,2024-06-30,4
C0846,2023-10-22,2024-07-31,24
C0846,2023-10-22,2024-08-31,0
C0846,2023-10-22,2024-09-30,0
C0846,2023-10-22,2024-10-31,34
C0846,2023-10-22,2024-11-30,0
C0846,2023-10-22,2024-12-31,0
C0846,2023-10-22,2025-01-31,0
C0846,2023-10-22,2025-02-28,0
C0846,2023-10-22,2025-03-31,23
C0846,2023-10-22,2025-04-30,0
C0846,2023-10-22,2025-05-31,0
C0846,2023-10-22,2025-06-30,0
C0846,2023-10-22,2025-07-31,0
C0846,2023-10-22,2025-08-31,0
C0846,2023-10-22,2025-09-30,0
C0846,2023-10-22,2025-10-31,0
C0846,2023-10-22,2025-11-30,13
C0846,2023-10-22,2025-12-31,69
C0847,2023-04-16,2023-04-30,0
C0847,2023-04-16,2023-05-31,0
C0847,2023-04-16,2023-06-30,0
C0847,2023-04-16,2023-07-31,0
C0847,2023-04-16,2023-08-31,0
C0847,2023-04-16,2023-09-30,0
C0847,2023-04-16,2023-10-31,0
C0847,2023-04-16,2023-11-30,0
C0847,2023-04-16,2023-12-31,0
C0847,2023-04-16,2024-01-31,0
C0847,2023-04-16,2024-02-29,0
C0847,2023-04-16,2024-03-31,0
C0847,2023-04-16,2024-04-30,20
C0847,2023-04-16,2024-05-31,0
C0847,2023-04-16,2024-06-30,0
C0847,2023-04-16,2024-07-31,0
C0847,2023-04-16,2024-08-31,23
C0847,2023-04-16,2024-09-30,0
C0847,2023-04-16,2024-10-31,27
C0847,2023-04-16,2024-11-30,0
C0847,2023-04-16,2024-12-31,11
C0847,2023-04-16,2025-01-31,21
C0847,2023-04-16,2025-02-28,79
C0847,2023-04-16,2025-03-31,0
C0847,2023-04-16,2025-04-30,0
C0847,2023-04-16,2025-05-31,0
C0847,2023-04-16,2025-06-30,0
C0847,2023-04-16,2025-07-31,0
C0847,2023-04-16,2025-08-31,0
C0847,2023-04-16,2025-09-30,18
C0847,2023-04-16,2025-10-31,0
C0847,2023-04-16,2025-11-30,0
C0847,2023-04-16,2025-12-31,0
C0848,2023-03-19,2023-03-31,17
C0848,2023-03-19,2023-04-30,0
C0848,2023-03-19,2023-05-31,0
C0848,2023-03-19,2023-06-30,52
C0848,2023-03-19,2023-07-31,0
C0848,2023-03-19,2023-08-31,0
C0848,2023-03-19,2023-09-30,0
C0848,2023-03-19,2023-10-31,0
C0848,2023-03-19,2023-11-30,0
C0848,2023-03-19,2023-12-31,0
C0848,2023-03-19,2024-01-31,0
C0848,2023-03-19,2024-02-29,0
C0848,2023-03-19,2024-03-31,0
C0848,2023-03-19,2024-04-30,0
C0848,2023-03-19,2024-05-31,19
C0848,2023-03-19,2024-06-30,0
C0848,2023-03-19,2024-07-31,0
C0848,2023-03-19,2024-08-31,0
C0848,2023-03-19,2024-09-30,0
C0848,2023-03-19,2024-10-31,0
C0848,2023-03-19,2024-11-30,0
C0848,2023-03-19,2024-12-31,0
C0848,2023-03-19,2025-01-31,47
C0848,2023-03-19,2025-02-28,20
C0848,2023-03-19,2025-03-31,0
C0848,2023-03-19,2025-04-30,0
C0848,2023-03-19,2025-05-31,23
C0848,2023-03-19,2025-06-30,0
C0848,2023-03-19,2025-07-31,0
C0848,2023-03-19,2025-08-31,0
C0848,2023-03-19,2025-09-30,0
C0848,2023-03-19,2025-10-31,49
C0848,2023-03-19,2025-11-30,0
C0848,2023-03-19,2025-12-31,0
C0849,2024-01-08,2024-01-31,23
C0849,2024-01-08,2024-02-29,6
C0849,2024-01-08,2024-03-31,0
C0849,2024-01-08,2024-04-30,0
C0849,2024-01-08,2024-05-31,0
C0849,2024-01-08,2024-06-30,38
C0849,2024-01-08,2024-07-31,79
C0849,2024-01-08,2024-08-31,26
C0849,2024-01-08,2024-09-30,6
C0849,2024-01-08,2024-10-31,0
C0849,2024-01-08,2024-11-30,0
C0849,2024-01-08,2024-12-31,0
C0849,2024-01-08,2025-01-31,0
C0849,2024-01-08,2025-02-28,0
C0849,2024-01-08,2025-03-31,0
C0849,2024-01-08,2025-04-30,0
C0849,2024-01-08,2025-05-31,0
C0849,2024-01-08,2025-06-30,0
C0849,2024-01-08,2025-07-31,0
C0849,2024-01-08,2025-08-31,0
C0849,2024-01-08,2025-09-30,0
C0849,2024-01-08,2025-10-31,0
C0849,2024-01-08,2025-11-30,56
C0849,2024-01-08,2025-12-31,0
C0850,2024-08-10,2024-08-31,0
C0850,2024-08-10,2024-09-30,12
C0850,2024-08-10,2024-10-31,11
C0850,2024-08-10,2024-11-30,0
C0850,2024-08-10,2024-12-31,0
C0850,2024-08-10,2025-01-31,0
C0850,2024-08-10,2025-02-28,0
C0850,2024-08-10,2025-03-31,14
C0850,2024-08-10,2025-04-30,15
C0850,2024-08-10,2025-05-31,0
C0850,2024-08-10,2025-06-30,5
C0850,2024-08-10,2025-07-31,0
C0850,2024-08-10,2025-08-31,0
C0850,2024-08-10,2025-09-30,0
C0850,2024-08-10,2025-10-31,37
C0850,2024-08-10,2025-11-30,0
C0850,2024-08-10,2025-12-31,0
C0851,2024-01-16,2024-01-31,0
C0851,2024-01-16,2024-02-29,0
C0851,2024-01-16,2024-03-31,0
C0851,2024-01-16,2024-04-30,0
C0851,2024-01-16,2024-05-31,0
C0851,2024-01-16,2024-06-30,0
C0851,2024-01-16,2024-07-31,0
C0851,2024-01-16,2024-08-31,0
C0851,2024-01-16,2024-09-30,0
C0851,2024-01-16,2024-10-31,0
C0851,2024-01-16,2024-11-30,0
C0851,2024-01-16,2024-12-31,0
C0851,2024-01-16,2025-01-31,0
C0851,2024-01-16,2025-02-28,71
C0851,2024-01-16,2025-03-31,0
C0851,2024-01-16,2025-04-30,6
C0851,2024-01-16,2025-05-31,0
C0851,2024-01-16,2025-06-30,0
C0851,2024-01-16,2025-07-31,18
C0851,2024-01-16,2025-08-31,0
C0851,2024-01-16,2025-09-30,21
C0851,2024-01-16,2025-10-31,0
C0851,2024-01-16,2025-11-30,0
C0851,2024-01-16,2025-12-31,0
C0852,2025-02-20,2025-02-28,2
C0852,2025-02-20,2025-03-31,0
C0852,2025-02-20,2025-04-30,0
C0852,2025-02-20,2025-05-31,0
C0852,2025-02-20,2025-06-30,0
C0852,2025-02-20,2025-07-31,0
C0852,2025-02-20,2025-08-31,0
C0852,2025-02-20,2025-09-30,0
C0852,2025-02-20,2025-10-31,0
C0852,2025-02-20,2025-11-30,0
C0852,2025-02-20,2025-12-31,18
C0853,2024-04-17,2024-04-30,44
C0853,2024-04-17,2024-05-31,0
C0853,2024-04-17,2024-06-30,9
C0853,2024-04-17,2024-07-31,0
C0853,2024-04-17,2024-08-31,0
C0853,2024-04-17,2024-09-30,0
C0853,2024-04-17,2024-10-31,0
C0853,2024-04-17,2024-11-30,0
C0853,2024-04-17,2024-12-31,0
C0853,2024-04-17,2025-01-31,0
C0853,2024-04-17,2025-02-28,0
C0853,2024-04-17,2025-03-31,0
C0853,2024-04-17,2025-04-30,37
C0853,2024-04-17,2025-05-31,0
C0853,2024-04-17,2025-06-30,0
C0853,2024-04-17,2025-07-31,0
C0853,2024-04-17,2025-08-31,0
C0853,2024-04-17,2025-09-30,0
C0853,2024-04-17,2025-10-31,1
C0853,2024-04-17,2025-11-30,0
C0853,2024-04-17,2025-12-31,0
C0854,2023-02-13,2023-02-28,0
C0854,2023-02-13,2023-03-31,0
C0854,2023-02-13,2023-04-30,0
C0854,2023-02-13,2023-05-31,0
C0854,2023-02-13,2023-06-30,2
C0854,2023-02-13,2023-07-31,0
C0854,2023-02-13,2023-08-31,0
C0854,2023-02-13,2023-09-30,0
C0854,2023-02-13,2023-10-31,0
C0854,2023-02-13,2023-11-30,0
C0854,2023-02-13,2023-12-31,0
C0854,2023-02-13,2024-01-31,0
C0854,2023-02-13,2024-02-29,16
C0854,2023-02-13,2024-03-31,41
C0854,2023-02-13,2024-04-30,24
C0854,2023-02-13,2024-05-31,0
C0854,2023-02-13,2024-06-30,0
C0854,2023-02-13,2024-07-31,58
C0854,2023-02-13,2024-08-31,0
C0854,2023-02-13,2024-09-30,0
C0854,2023-02-13,2024-10-31,20
C0854,2023-02-13,2024-11-30,0
C0854,2023-02-13,2024-12-31,0
C0854,2023-02-13,2025-01-31,0
C0854,2023-02-13,2025-02-28,0
C0854,2023-02-13,2025-03-31,0
C0854,2023-02-13,2025-04-30,0
C0854,2023-02-13,2025-05-31,0
C0854,2023-02-13,2025-06-30,0
C0854,2023-02-13,2025-07-31,0
C0854,2023-02-13,2025-08-31,0
C0854,2023-02-13,2025-09-30,0
C0854,2023-02-13,2025-10-31,0
C0854,2023-02-13,2025-11-30,69
C0854,2023-02-13,2025-12-31,14
C0855,2025-01-02,2025-01-31,0
C0855,2025-01-02,2025-02-28,48
C0855,2025-01-02,2025-03-31,0
C0855,2025-01-02,2025-04-30,0
C0855,2025-01-02,2025-05-31,0
C0855,2025-01-02,2025-06-30,0
C0855,2025-01-02,2025-07-31,0
C0855,2025-01-02,2025-08-31,0
C0855,2025-01-02,2025-09-30,54
C0855,2025-01-02,2025-10-31,0
C0855,2025-01-02,2025-11-30,0
C0855,2025-01-02,2025-12-31,0
C0856,2025-03-21,2025-03-31,0
C0856,2025-03-21,2025-04-30,0
C0856,2025-03-21,2025-05-31,0
C0856,2025-03-21,2025-06-30,0
C0856,2025-03-21,2025-07-31,0
C0856,2025-03-21,2025-08-31,0
C0856,2025-03-21,2025-09-30,0
C0856,2025-03-21,2025-10-31,24
C0856,2025-03-21,2025-11-30,0
C0856,2025-03-21,2025-12-31,46
C0857,2023-08-23,2023-08-31,0
C0857,2023-08-23,2023-09-30,0
C0857,2023-08-23,2023-10-31,0
C0857,2023-08-23,2023-11-30,0
C0857,2023-08-23,2023-12-31,0
C0857,2023-08-23,2024-01-31,0
C0857,2023-08-23,2024-02-29,0
C0857,2023-08-23,2024-03-31,47
C0857,2023-08-23,2024-04-30,0
C0857,2023-08-23,2024-05-31,0
C0857,2023-08-23,2024-06-30,0
C0857,2023-08-23,2024-07-31,0
C0857,2023-08-23,2024-08-31,0
C0857,2023-08-23,2024-09-30,0
C0857,2023-08-23,2024-10-31,0
C0857,2023-08-23,2024-11-30,0
C0857,2023-08-23,2024-12-31,0
C0857,2023-08-23,2025-01-31,0
C0857,2023-08-23,2025-02-28,0
C0857,2023-08-23,2025-03-31,0
C0857,2023-08-23,2025-04-30,0
C0857,2023-08-23,2025-05-31,0
C0857,2023-08-23,2025-06-30,0
C0857,2023-08-23,2025-07-31,0
C0857,2023-08-23,2025-08-31,0
C0857,2023-08-23,2025-09-30,0
C0857,2023-08-23,2025-10-31,0
C0857,2023-08-23,2025-11-30,0
C0857,2023-08-23,2025-12-31,38
C0858,2023-04-02,2023-04-30,0
C0858,2023-04-02,2023-05-31,0
C0858,2023-04-02,2023-06-30,29
C0858,2023-04-02,2023-07-31,0
C0858,2023-04-02,2023-08-31,0
C0858,2023-04-02,2023-09-30,0
C0858,2023-04-02,2023-10-31,0
C0858,2023-04-02,2023-11-30,0
C0858,2023-04-02,2023-12-31,0
C0858,2023-04-02,2024-01-31,0
C0858,2023-04-02,2024-02-29,0
C0858,2023-04-02,2024-03-31,0
C0858,2023-04-02,2024-04-30,0
C0858,2023-04-02,2024-05-31,0
C0858,2023-04-02,2024-06-30,0
C0858,2023-04-02,2024-07-31,0
C0858,2023-04-02,2024-08-31,0
C0858,2023-04-02,2024-09-30,0
C0858,2023-04-02,2024-10-31,15
C0858,2023-04-02,2024-11-30,33
C0858,2023-04-02,2024-12-31,17
C0858,2023-04-02,2025-01-31,0
C0858,2023-04-02,2025-02-28,38
C0858,2023-04-02,2025-03-31,0
C0858,2023-04-02,2025-04-30,0
C0858,2023-04-02,2025-05-31,0
C0858,2023-04-02,2025-06-30,0
C0858,2023-04-02,2025-07-31,0
C0858,2023-04-02,2025-08-31,0
C0858,2023-04-02,2025-09-30,0
C0858,2023-04-02,2025-10-31,0
C0858,2023-04-02,2025-11-30,19
C0858,2023-04-02,2025-12-31,0
C0859,2024-05-28,2024-05-31,0
C0859,2024-05-28,2024-06-30,59
C0859,2024-05-28,2024-07-31,0
C0859,2024-05-28,2024-08-31,0
C0859,2024-05-28,2024-09-30,0
C0859,2024-05-28,2024-10-31,0
C0859,2024-05-28,2024-11-30,0
C0859,2024-05-28,2024-12-31,0
C0859,2024-05-28,2025-01-31,17
C0859,2024-05-28,2025-02-28,23
C0859,2024-05-28,2025-03-31,12
C0859,2024-05-28,2025-04-30,42
C0859,2024-05-28,2025-05-31,40
C0859,2024-05-28,2025-06-30,77
C0859,2024-05-28,2025-07-31,114
C0860,2025-04-12,2025-04-30,0
C0860,2025-04-12,2025-05-31,13
C0860,2025-04-12,2025-06-30,0
C0860,2025-04-12,2025-07-31,0
C0860,2025-04-12,2025-08-31,0
C0860,2025-04-12,2025-09-30,0
C0860,2025-04-12,2025-10-31,0
C0860,2025-04-12,2025-11-30,29
C0860,2025-04-12,2025-12-31,0
C0861,2024-10-19,2024-10-31,0
C0861,2024-10-19,2024-11-30,0
C0861,2024-10-19,2024-12-31,0
C0861,2024-10-19,2025-01-31,0
C0861,2024-10-19,2025-02-28,0
C0861,2024-10-19,2025-03-31,0
C0861,2024-10-19,2025-04-30,0
C0861,2024-10-19,2025-05-31,0
C0861,2024-10-19,2025-06-30,0
C0861,2024-10-19,2025-07-31,38
C0861,2024-10-19,2025-08-31,0
C0861,2024-10-19,2025-09-30,0
C0861,2024-10-19,2025-10-31,0
C0861,2024-10-19,2025-11-30,34
C0861,2024-10-19,2025-12-31,54
C0862,2023-01-22,2023-01-31,0
C0862,2023-01-22,2023-02-28,0
C0862,2023-01-22,2023-03-31,0
C0862,2023-01-22,2023-04-30,0
C0862,2023-01-22,2023-05-31,0
C0862,2023-01-22,2023-06-30,4
C0862,2023-01-22,2023-07-31,0
C0862,2023-01-22,2023-08-31,0
C0862,2023-01-22,2023-09-30,0
C0862,2023-01-22,2023-10-31,0
C0862,2023-01-22,2023-11-30,0
C0862,2023-01-22,2023-12-31,0
C0862,2023-01-22,2024-01-31,0
C0862,2023-01-22,2024-02-29,0
C0862,2023-01-22,2024-03-31,34
C0862,2023-01-22,2024-04-30,0
C0862,2023-01-22,2024-05-31,0
C0862,2023-01-22,2024-06-30,0
C0862,2023-01-22,2024-07-31,4
C0862,2023-01-22,2024-08-31,0
C0862,2023-01-22,2024-09-30,0
C0862,2023-01-22,2024-10-31,0
C0862,2023-01-22,2024-11-30,87
C0862,2023-01-22,2024-12-31,0
C0862,2023-01-22,2025-01-31,0
C0862,2023-01-22,2025-02-28,0
C0862,2023-01-22,2025-03-31,0
C0862,2023-01-22,2025-04-30,32
C0862,2023-01-22,2025-05-31,0
C0862,2023-01-22,2025-06-30,0
C0862,2023-01-22,2025-07-31,0
C0862,2023-01-22,2025-08-31,0
C0862,2023-01-22,2025-09-30,0
C0862,2023-01-22,2025-10-31,0
C0862,2023-01-22,2025-11-30,0
C0862,2023-01-22,2025-12-31,32
C0863,2023-06-09,2023-06-30,0
C0863,2023-06-09,2023-07-31,0
C0863,2023-06-09,2023-08-31,0
C0863,2023-06-09,2023-09-30,37
C0863,2023-06-09,2023-10-31,0
C0863,2023-06-09,2023-11-30,0
C0863,2023-06-09,2023-12-31,0
C0863,2023-06-09,2024-01-31,0
C0863,2023-06-09,2024-02-29,0
C0863,2023-06-09,2024-03-31,4
C0863,2023-06-09,2024-04-30,0
C0863,2023-06-09,2024-05-31,0
C0863,2023-06-09,2024-06-30,0
C0863,2023-06-09,2024-07-31,0
C0863,2023-06-09,2024-08-31,0
C0863,2023-06-09,2024-09-30,0
C0863,2023-06-09,2024-10-31,0
C0863,2023-06-09,2024-11-30,0
C0863,2023-06-09,2024-12-31,0
C0863,2023-06-09,2025-01-31,0
C0863,2023-06-09,2025-02-28,0
C0863,2023-06-09,2025-03-31,22
C0863,2023-06-09,2025-04-30,0
C0863,2023-06-09,2025-05-31,0
C0863,2023-06-09,2025-06-30,0
C0863,2023-06-09,2025-07-31,0
C0863,2023-06-09,2025-08-31,0
C0863,2023-06-09,2025-09-30,0
C0863,2023-06-09,2025-10-31,22
C0863,2023-06-09,2025-11-30,0
C0863,2023-06-09,2025-12-31,0
C0864,2024-07-09,2024-07-31,0
C0864,2024-07-09,2024-08-31,0
C0864,2024-07-09,2024-09-30,0
C0864,2024-07-09,2024-10-31,13
C0864,2024-07-09,2024-11-30,19
C0864,2024-07-09,2024-12-31,0
C0864,2024-07-09,2025-01-31,5
C0864,2024-07-09,2025-02-28,0
C0864,2024-07-09,2025-03-31,0
C0864,2024-07-09,2025-04-30,0
C0864,2024-07-09,2025-05-31,20
C0864,2024-07-09,2025-06-30,0
C0864,2024-07-09,2025-07-31,0
C0864,2024-07-09,2025-08-31,26
C0864,2024-07-09,2025-09-30,0
C0864,2024-07-09,2025-10-31,0
C0864,2024-07-09,2025-11-30,0
C0864,2024-07-09,2025-12-31,0
C0865,2024-12-01,2024-12-31,0
C0865,2024-12-01,2025-01-31,0
C0865,2024-12-01,2025-02-28,0
C0865,2024-12-01,2025-03-31,0
C0865,2024-12-01,2025-04-30,0
C0865,2024-12-01,2025-05-31,50
C0865,2024-12-01,2025-06-30,76
C0865,2024-12-01,2025-07-31,0
C0865,2024-12-01,2025-08-31,0
C0865,2024-12-01,2025-09-30,0
C0865,2024-12-01,2025-10-31,0
C0865,2024-12-01,2025-11-30,23
C0865,2024-12-01,2025-12-31,0
C0866,2024-02-05,2024-02-29,0
C0866,2024-02-05,2024-03-31,0
C0866,2024-02-05,2024-04-30,0
C0866,2024-02-05,2024-05-31,0
C0866,2024-02-05,2024-06-30,5
C0866,2024-02-05,2024-07-31,0
C0866,2024-02-05,2024-08-31,0
C0866,2024-02-05,2024-09-30,0
C0866,2024-02-05,2024-10-31,0
C0866,2024-02-05,2024-11-30,0
C0866,2024-02-05,2024-12-31,0
C0866,2024-02-05,2025-01-31,0
C0866,2024-02-05,2025-02-28,27
C0866,2024-02-05,2025-03-31,0
C0866,2024-02-05,2025-04-30,0
C0866,2024-02-05,2025-05-31,0
C0866,2024-02-05,2025-06-30,0
C0866,2024-02-05,2025-07-31,0
C0866,2024-02-05,2025-08-31,0
C0866,2024-02-05,2025-09-30,0
C0866,2024-02-05,2025-10-31,0
C0866,2024-02-05,2025-11-30,0
C0866,2024-02-05,2025-12-31,0
C0867,2023-11-06,2023-11-30,0
C0867,2023-11-06,2023-12-31,0
C0867,2023-11-06,2024-01-31,0
C0867,2023-11-06,2024-02-29,4
C0867,2023-11-06,2024-03-31,0
C0867,2023-11-06,2024-04-30,0
C0867,2023-11-06,2024-05-31,0
C0867,2023-11-06,2024-06-30,0
C0867,2023-11-06,2024-07-31,15
C0867,2023-11-06,2024-08-31,0
C0867,2023-11-06,2024-09-30,0
C0867,2023-11-06,2024-10-31,0
C0867,2023-11-06,2024-11-30,0
C0867,2023-11-06,2024-12-31,16
C0867,2023-11-06,2025-01-31,0
C0867,2023-11-06,2025-02-28,0
C0867,2023-11-06,2025-03-31,76
C0867,2023-11-06,2025-04-30,0
C0867,2023-11-06,2025-05-31,0
C0867,2023-11-06,2025-06-30,0
C0867,2023-11-06,2025-07-31,26
C0867,2023-11-06,2025-08-31,59
C0867,2023-11-06,2025-09-30,81
C0867,2023-11-06,2025-10-31,91
C0868,2024-06-12,2024-06-30,0
C0868,2024-06-12,2024-07-31,89
C0868,2024-06-12,2024-08-31,12
C0868,2024-06-12,2024-09-30,0
C0868,2024-06-12,2024-10-31,0
C0868,2024-06-12,2024-11-30,0
C0868,2024-06-12,2024-12-31,49
C0868,2024-06-12,2025-01-31,0
C0868,2024-06-12,2025-02-28,0
C0868,2024-06-12,2025-03-31,42
C0868,2024-06-12,2025-04-30,79
C0868,2024-06-12,2025-05-31,0
C0868,2024-06-12,2025-06-30,0
C0868,2024-06-12,2025-07-31,18
C0868,2024-06-12,2025-08-31,0
C0868,2024-06-12,2025-09-30,0
C0868,2024-06-12,2025-10-31,38
C0868,2024-06-12,2025-11-30,0
C0868,2024-06-12,2025-12-31,0
C0869,2025-05-15,2025-05-31,0
C0869,2025-05-15,2025-06-30,0
C0869,2025-05-15,2025-07-31,0
C0869,2025-05-15,2025-08-31,0
C0869,2025-05-15,2025-09-30,0
C0869,2025-05-15,2025-10-31,0
C0869,2025-05-15,2025-11-30,0
C0869,2025-05-15,2025-12-31,5
C0870,2025-02-04,2025-02-28,16
C0870,2025-02-04,2025-03-31,0
C0870,2025-02-04,2025-04-30,0
C0870,2025-02-04,2025-05-31,0
C0870,2025-02-04,2025-06-30,1
C0870,2025-02-04,2025-07-31,26
C0870,2025-02-04,2025-08-31,33
C0870,2025-02-04,2025-09-30,0
C0870,2025-02-04,2025-10-31,14
C0870,2025-02-04,2025-11-30,0
C0870,2025-02-04,2025-12-31,0
C0871,2025-06-28,2025-06-30,0
C0871,2025-06-28,2025-07-31,0
C0871,2025-06-28,2025-08-31,0
C0871,2025-06-28,2025-09-30,0
C0871,2025-06-28,2025-10-31,0
C0871,2025-06-28,2025-11-30,0
C0871,2025-06-28,2025-12-31,29
C0872,2025-01-16,2025-01-31,0
C0872,2025-01-16,2025-02-28,24
C0872,2025-01-16,2025-03-31,0
C0872,2025-01-16,2025-04-30,0
C0872,2025-01-16,2025-05-31,0
C0872,2025-01-16,2025-06-30,82
C0872,2025-01-16,2025-07-31,0
C0872,2025-01-16,2025-08-31,0
C0872,2025-01-16,2025-09-30,0
C0872,2025-01-16,2025-10-31,0
C0872,2025-01-16,2025-11-30,0
C0872,2025-01-16,2025-12-31,0
C0873,2024-08-18,2024-08-31,0
C0873,2024-08-18,2024-09-30,0
C0873,2024-08-18,2024-10-31,0
C0873,2024-08-18,2024-11-30,0
C0873,2024-08-18,2024-12-31,0
C0873,2024-08-18,2025-01-31,0
C0873,2024-08-18,2025-02-28,0
C0873,2024-08-18,2025-03-31,0
C0873,2024-08-18,2025-04-30,0
C0873,2024-08-18,2025-05-31,54
C0873,2024-08-18,2025-06-30,0
C0873,2024-08-18,2025-07-31,0
C0873,2024-08-18,2025-08-31,0
C0873,2024-08-18,2025-09-30,0
C0873,2024-08-18,2025-10-31,0
C0873,2024-08-18,2025-11-30,0
C0873,2024-08-18,2025-12-31,0
C0874,2024-11-23,2024-11-30,0
C0874,2024-11-23,2024-12-31,0
C0874,2024-11-23,2025-01-31,0
C0874,2024-11-23,2025-02-28,0
C0874,2024-11-23,2025-03-31,0
C0874,2024-11-23,2025-04-30,0
C0874,2024-11-23,2025-05-31,65
C0874,2024-11-23,2025-06-30,73
C0874,2024-11-23,2025-07-31,0
C0874,2024-11-23,2025-08-31,38
C0874,2024-11-23,2025-09-30,0
C0874,2024-11-23,2025-10-31,0
C0874,2024-11-23,2025-11-30,0
C0874,2024-11-23,2025-12-31,0
C0875,2023-02-01,2023-02-28,0
C0875,2023-02-01,2023-03-31,0
C0875,2023-02-01,2023-04-30,0
C0875,2023-02-01,2023-05-31,0
C0875,2023-02-01,2023-06-30,44
C0875,2023-02-01,2023-07-31,0
C0875,2023-02-01,2023-08-31,26
C0875,2023-02-01,2023-09-30,7
C0875,2023-02-01,2023-10-31,0
C0875,2023-02-01,2023-11-30,0
C0875,2023-02-01,2023-12-31,0
C0875,2023-02-01,2024-01-31,38
C0875,2023-02-01,2024-02-29,0
C0875,2023-02-01,2024-03-31,43
C0875,2023-02-01,2024-04-30,17
C0875,2023-02-01,2024-05-31,51
C0875,2023-02-01,2024-06-30,64
C0875,2023-02-01,2024-07-31,112
C0876,2025-04-09,2025-04-30,6
C0876,2025-04-09,2025-05-31,0
C0876,2025-04-09,2025-06-30,0
C0876,2025-04-09,2025-07-31,0
C0876,2025-04-09,2025-08-31,0
C0876,2025-04-09,2025-09-30,0
C0876,2025-04-09,2025-10-31,0
C0876,2025-04-09,2025-11-30,0
C0876,2025-04-09,2025-12-31,0
C0877,2024-01-16,2024-01-31,0
C0877,2024-01-16,2024-02-29,0
C0877,2024-01-16,2024-03-31,0
C0877,2024-01-16,2024-04-30,7
C0877,2024-01-16,2024-05-31,0
C0877,2024-01-16,2024-06-30,0
C0877,2024-01-16,2024-07-31,0
C0877,2024-01-16,2024-08-31,0
C0877,2024-01-16,2024-09-30,0
C0877,2024-01-16,2024-10-31,0
C0877,2024-01-16,2024-11-30,37
C0877,2024-01-16,2024-12-31,0
C0877,2024-01-16,2025-01-31,27
C0877,2024-01-16,2025-02-28,31
C0877,2024-01-16,2025-03-31,76
C0877,2024-01-16,2025-04-30,92
C0878,2024-05-13,2024-05-31,0
C0878,2024-05-13,2024-06-30,35
C0878,2024-05-13,2024-07-31,35
C0878,2024-05-13,2024-08-31,0
C0878,2024-05-13,2024-09-30,0
C0878,2024-05-13,2024-10-31,29
C0878,2024-05-13,2024-11-30,0
C0878,2024-05-13,2024-12-31,0
C0878,2024-05-13,2025-01-31,0
C0878,2024-05-13,2025-02-28,0
C0878,2024-05-13,2025-03-31,0
C0878,2024-05-13,2025-04-30,5
C0878,2024-05-13,2025-05-31,0
C0878,2024-05-13,2025-06-30,0
C0878,2024-05-13,2025-07-31,0
C0878,2024-05-13,2025-08-31,0
C0878,2024-05-13,2025-09-30,0
C0878,2024-05-13,2025-10-31,76
C0878,2024-05-13,2025-11-30,0
C0878,2024-05-13,2025-12-31,0
C0879,2023-10-11,2023-10-31,71
C0879,2023-10-11,2023-11-30,0
C0879,2023-10-11,2023-12-31,0
C0879,2023-10-11,2024-01-31,7
C0879,2023-10-11,2024-02-29,51
C0879,2023-10-11,2024-03-31,0
C0879,2023-10-11,2024-04-30,6
C0879,2023-10-11,2024-05-31,0
C0879,2023-10-11,2024-06-30,0
C0879,2023-10-11,2024-07-31,0
C0879,2023-10-11,2024-08-31,0
C0879,2023-10-11,2024-09-30,35
C0879,2023-10-11,2024-10-31,42
C0879,2023-10-11,2024-11-30,0
C0879,2023-10-11,2024-12-31,0
C0879,2023-10-11,2025-01-31,0
C0879,2023-10-11,2025-02-28,0
C0879,2023-10-11,2025-03-31,0
C0879,2023-10-11,2025-04-30,0
C0879,2023-10-11,2025-05-31,0
C0879,2023-10-11,2025-06-30,0
C0879,2023-10-11,2025-07-31,0
C0879,2023-10-11,2025-08-31,0
C0879,2023-10-11,2025-09-30,0
C0879,2023-10-11,2025-10-31,0
C0879,2023-10-11,2025-11-30,0
C0879,2023-10-11,2025-12-31,0
C0880,2024-04-04,2024-04-30,0
C0880,2024-04-04,2024-05-31,0
C0880,2024-04-04,2024-06-30,42
C0880,2024-04-04,2024-07-31,0
C0880,2024-04-04,2024-08-31,5
C0880,2024-04-04,2024-09-30,24
C0880,2024-04-04,2024-10-31,10
C0880,2024-04-04,2024-11-30,29
C0880,2024-04-04,2024-12-31,66
C0880,2024-04-04,2025-01-31,15
C0880,2024-04-04,2025-02-28,0
C0880,2024-04-04,2025-03-31,0
C0880,2024-04-04,2025-04-30,0
C0880,2024-04-04,2025-05-31,0
C0880,2024-04-04,2025-06-30,0
C0880,2024-04-04,2025-07-31,27
C0880,2024-04-04,2025-08-31,0
C0880,2024-04-04,2025-09-30,0
C0880,2024-04-04,2025-10-31,0
C0880,2024-04-04,2025-11-30,0
C0880,2024-04-04,2025-12-31,0
C0881,2024-09-14,2024-09-30,0
C0881,2024-09-14,2024-10-31,0
C0881,2024-09-14,2024-11-30,0
C0881,2024-09-14,2024-12-31,0
C0881,2024-09-14,2025-01-31,0
C0881,2024-09-14,2025-02-28,0
C0881,2024-09-14,2025-03-31,0
C0881,2024-09-14,2025-04-30,9
C0881,2024-09-14,2025-05-31,0
C0881,2024-09-14,2025-06-30,0
C0881,2024-09-14,2025-07-31,63
C0881,2024-09-14,2025-08-31,0
C0881,2024-09-14,2025-09-30,0
C0881,2024-09-14,2025-10-31,0
C0881,2024-09-14,2025-11-30,0
C0881,2024-09-14,2025-12-31,0
C0882,2024-03-22,2024-03-31,0
C0882,2024-03-22,2024-04-30,0
C0882,2024-03-22,2024-05-31,10
C0882,2024-03-22,2024-06-30,0
C0882,2024-03-22,2024-07-31,0
C0882,2024-03-22,2024-08-31,0
C0882,2024-03-22,2024-09-30,0
C0882,2024-03-22,2024-10-31,0
C0882,2024-03-22,2024-11-30,32
C0882,2024-03-22,2024-12-31,0
C0882,2024-03-22,2025-01-31,0
C0882,2024-03-22,2025-02-28,0
C0882,2024-03-22,2025-03-31,0
C0882,2024-03-22,2025-04-30,41
C0882,2024-03-22,2025-05-31,0
C0882,2024-03-22,2025-06-30,0
C0882,2024-03-22,2025-07-31,26
C0882,2024-03-22,2025-08-31,0
C0882,2024-03-22,2025-09-30,0
C0882,2024-03-22,2025-10-31,0
C0882,2024-03-22,2025-11-30,0
C0882,2024-03-22,2025-12-31,0
C0883,2023-09-08,2023-09-30,44
C0883,2023-09-08,2023-10-31,0
C0883,2023-09-08,2023-11-30,0
C0883,2023-09-08,2023-12-31,0
C0883,2023-09-08,2024-01-31,0
C0883,2023-09-08,2024-02-29,0
C0883,2023-09-08,2024-03-31,0
C0883,2023-09-08,2024-04-30,0
C0883,2023-09-08,2024-05-31,0
C0883,2023-09-08,2024-06-30,0
C0883,2023-09-08,2024-07-31,0
C0883,2023-09-08,2024-08-31,0
C0883,2023-09-08,2024-09-30,0
C0883,2023-09-08,2024-10-31,0
C0883,2023-09-08,2024-11-30,0
C0883,2023-09-08,2024-12-31,0
C0883,2023-09-08,2025-01-31,0
C0883,2023-09-08,2025-02-28,0
C0883,2023-09-08,2025-03-31,0
C0883,2023-09-08,2025-04-30,0
C0883,2023-09-08,2025-05-31,17
C0883,2023-09-08,2025-06-30,31
C0883,2023-09-08,2025-07-31,0
C0883,2023-09-08,2025-08-31,0
C0883,2023-09-08,2025-09-30,0
C0883,2023-09-08,2025-10-31,14
C0883,2023-09-08,2025-11-30,0
C0883,2023-09-08,2025-12-31,0
C0884,2025-05-04,2025-05-31,0
C0884,2025-05-04,2025-06-30,27
C0884,2025-05-04,2025-07-31,2
C0884,2025-05-04,2025-08-31,11
C0884,2025-05-04,2025-09-30,0
C0884,2025-05-04,2025-10-31,0
C0884,2025-05-04,2025-11-30,0
C0884,2025-05-04,2025-12-31,15
C0885,2024-12-21,2024-12-31,0
C0885,2024-12-21,2025-01-31,0
C0885,2024-12-21,2025-02-28,0
C0885,2024-12-21,2025-03-31,20
C0885,2024-12-21,2025-04-30,0
C0885,2024-12-21,2025-05-31,0
C0885,2024-12-21,2025-06-30,0
C0885,2024-12-21,2025-07-31,0
C0885,2024-12-21,2025-08-31,0
C0885,2024-12-21,2025-09-30,0
C0885,2024-12-21,2025-10-31,0
C0885,2024-12-21,2025-11-30,0
C0885,2024-12-21,2025-12-31,0
C0886,2023-01-23,2023-01-31,8
C0886,2023-01-23,2023-02-28,0
C0886,2023-01-23,2023-03-31,0
C0886,2023-01-23,2023-04-30,0
C0886,2023-01-23,2023-05-31,0
C0886,2023-01-23,2023-06-30,0
C0886,2023-01-23,2023-07-31,0
C0886,2023-01-23,2023-08-31,0
C0886,2023-01-23,2023-09-30,56
C0886,2023-01-23,2023-10-31,0
C0886,2023-01-23,2023-11-30,0
C0886,2023-01-23,2023-12-31,0
C0886,2023-01-23,2024-01-31,0
C0886,2023-01-23,2024-02-29,0
C0886,2023-01-23,2024-03-31,0
C0886,2023-01-23,2024-04-30,0
C0886,2023-01-23,2024-05-31,0
C0886,2023-01-23,2024-06-30,0
C0886,2023-01-23,2024-07-31,0
C0886,2023-01-23,2024-08-31,0
C0886,2023-01-23,2024-09-30,0
C0886,2023-01-23,2024-10-31,0
C0886,2023-01-23,2024-11-30,0
C0886,2023-01-23,2024-12-31,0
C0886,2023-01-23,2025-01-31,2
C0886,2023-01-23,2025-02-28,0
C0886,2023-01-23,2025-03-31,0
C0886,2023-01-23,2025-04-30,0
C0886,2023-01-23,2025-05-31,0
C0886,2023-01-23,2025-06-30,0
C0886,2023-01-23,2025-07-31,7
C0886,2023-01-23,2025-08-31,0
C0886,2023-01-23,2025-09-30,0
C0886,2023-01-23,2025-10-31,26
C0886,2023-01-23,2025-11-30,40
C0886,2023-01-23,2025-12-31,0
C0887,2024-05-28,2024-05-31,4
C0887,2024-05-28,2024-06-30,0
C0887,2024-05-28,2024-07-31,0
C0887,2024-05-28,2024-08-31,0
C0887,2024-05-28,2024-09-30,0
C0887,2024-05-28,2024-10-31,0
C0887,2024-05-28,2024-11-30,0
C0887,2024-05-28,2024-12-31,0
C0887,2024-05-28,2025-01-31,0
C0887,2024-05-28,2025-02-28,43
C0887,2024-05-28,2025-03-31,11
C0887,2024-05-28,2025-04-30,26
C0887,2024-05-28,2025-05-31,0
C0887,2024-05-28,2025-06-30,0
C0887,2024-05-28,2025-07-31,0
C0887,2024-05-28,2025-08-31,0
C0887,2024-05-28,2025-09-30,0
C0887,2024-05-28,2025-10-31,0
C0887,2024-05-28,2025-11-30,0
C0887,2024-05-28,2025-12-31,0
C0888,2023-08-22,2023-08-31,0
C0888,2023-08-22,2023-09-30,0
C0888,2023-08-22,2023-10-31,0
C0888,2023-08-22,2023-11-30,26
C0888,2023-08-22,2023-12-31,0
C0888,2023-08-22,2024-01-31,0
C0888,2023-08-22,2024-02-29,0
C0888,2023-08-22,2024-03-31,0
C0888,2023-08-22,2024-04-30,28
C0888,2023-08-22,2024-05-31,53
C0888,2023-08-22,2024-06-30,83
C0888,2023-08-22,2024-07-31,108
C0889,2024-03-17,2024-03-31,0
C0889,2024-03-17,2024-04-30,0
C0889,2024-03-17,2024-05-31,0
C0889,2024-03-17,2024-06-30,0
C0889,2024-03-17,2024-07-31,0
C0889,2024-03-17,2024-08-31,0
C0889,2024-03-17,2024-09-30,0
C0889,2024-03-17,2024-10-31,0
C0889,2024-03-17,2024-11-30,0
C0889,2024-03-17,2024-12-31,0
C0889,2024-03-17,2025-01-31,0
C0889,2024-03-17,2025-02-28,0
C0889,2024-03-17,2025-03-31,0
C0889,2024-03-17,2025-04-30,0
C0889,2024-03-17,2025-05-31,0
C0889,2024-03-17,2025-06-30,0
C0889,2024-03-17,2025-07-31,26
C0889,2024-03-17,2025-08-31,33
C0889,2024-03-17,2025-09-30,0
C0889,2024-03-17,2025-10-31,0
C0889,2024-03-17,2025-11-30,27
C0889,2024-03-17,2025-12-31,0
C0890,2023-03-21,2023-03-31,0
C0890,2023-03-21,2023-04-30,0
C0890,2023-03-21,2023-05-31,0
C0890,2023-03-21,2023-06-30,0
C0890,2023-03-21,2023-07-31,0
C0890,2023-03-21,2023-08-31,0
C0890,2023-03-21,2023-09-30,0
C0890,2023-03-21,2023-10-31,49
C0890,2023-03-21,2023-11-30,0
C0890,2023-03-21,2023-12-31,0
C0890,2023-03-21,2024-01-31,0
C0890,2023-03-21,2024-02-29,0
C0890,2023-03-21,2024-03-31,0
C0890,2023-03-21,2024-04-30,37
C0890,2023-03-21,2024-05-31,0
C0890,2023-03-21,2024-06-30,0
C0890,2023-03-21,2024-07-31,0
C0890,2023-03-21,2024-08-31,0
C0890,2023-03-21,2024-09-30,0
C0890,2023-03-21,2024-10-31,0
C0890,2023-03-21,2024-11-30,0
C0890,2023-03-21,2024-12-31,0
C0890,2023-03-21,2025-01-31,0
C0890,2023-03-21,2025-02-28,0
C0890,2023-03-21,2025-03-31,0
C0890,2023-03-21,2025-04-30,0
C0890,2023-03-21,2025-05-31,0
C0890,2023-03-21,2025-06-30,0
C0890,2023-03-21,2025-07-31,0
C0890,2023-03-21,2025-08-31,23
C0890,2023-03-21,2025-09-30,0
C0890,2023-03-21,2025-10-31,0
C0890,2023-03-21,2025-11-30,4
C0890,2023-03-21,2025-12-31,0
C0891,2024-01-21,2024-01-31,0
C0891,2024-01-21,2024-02-29,0
C0891,2024-01-21,2024-03-31,0
C0891,2024-01-21,2024-04-30,0
C0891,2024-01-21,2024-05-31,0
C0891,2024-01-21,2024-06-30,3
C0891,2024-01-21,2024-07-31,0
C0891,2024-01-21,2024-08-31,0
C0891,2024-01-21,2024-09-30,0
C0891,2024-01-21,2024-10-31,0
C0891,2024-01-21,2024-11-30,18
C0891,2024-01-21,2024-12-31,0
C0891,2024-01-21,2025-01-31,0
C0891,2024-01-21,2025-02-28,0
C0891,2024-01-21,2025-03-31,0
C0891,2024-01-21,2025-04-30,0
C0891,2024-01-21,2025-05-31,11
C0891,2024-01-21,2025-06-30,19
C0891,2024-01-21,2025-07-31,0
C0891,2024-01-21,2025-08-31,0
C0891,2024-01-21,2025-09-30,24
C0891,2024-01-21,2025-10-31,59
C0891,2024-01-21,2025-11-30,65
C0891,2024-01-21,2025-12-31,96
C0892,2024-08-22,2024-08-31,0
C0892,2024-08-22,2024-09-30,0
C0892,2024-08-22,2024-10-31,0
C0892,2024-08-22,2024-11-30,0
C0892,2024-08-22,2024-12-31,0
C0892,2024-08-22,2025-01-31,0
C0892,2024-08-22,2025-02-28,0
C0892,2024-08-22,2025-03-31,0
C0892,2024-08-22,2025-04-30,36
C0892,2024-08-22,2025-05-31,4
C0892,2024-08-22,2025-06-30,0
C0892,2024-08-22,2025-07-31,0
C0892,2024-08-22,2025-08-31,0
C0892,2024-08-22,2025-09-30,0
C0892,2024-08-22,2025-10-31,29
C0892,2024-08-22,2025-11-30,0
C0892,2024-08-22,2025-12-31,0
C0893,2024-08-21,2024-08-31,12
C0893,2024-08-21,2024-09-30,13
C0893,2024-08-21,2024-10-31,0
C0893,2024-08-21,2024-11-30,24
C0893,2024-08-21,2024-12-31,0
C0893,2024-08-21,2025-01-31,0
C0893,2024-08-21,2025-02-28,0
C0893,2024-08-21,2025-03-31,0
C0893,2024-08-21,2025-04-30,0
C0893,2024-08-21,2025-05-31,0
C0893,2024-08-21,2025-06-30,0
C0893,2024-08-21,2025-07-31,0
C0893,2024-08-21,2025-08-31,0
C0893,2024-08-21,2025-09-30,0
C0893,2024-08-21,2025-10-31,0
C0893,2024-08-21,2025-11-30,0
C0893,2024-08-21,2025-12-31,0
C0894,2025-05-06,2025-05-31,0
C0894,2025-05-06,2025-06-30,23
C0894,2025-05-06,2025-07-31,0
C0894,2025-05-06,2025-08-31,29
C0894,2025-05-06,2025-09-30,2
C0894,2025-05-06,2025-10-31,0
C0894,2025-05-06,2025-11-30,0
C0894,2025-05-06,2025-12-31,0
C0895,2023-07-11,2023-07-31,0
C0895,2023-07-11,2023-08-31,0
C0895,2023-07-11,2023-09-30,0
C0895,2023-07-11,2023-10-31,0
C0895,2023-07-11,2023-11-30,0
C0895,2023-07-11,2023-12-31,0
C0895,2023-07-11,2024-01-31,0
C0895,2023-07-11,2024-02-29,0
C0895,2023-07-11,2024-03-31,29
C0895,2023-07-11,2024-04-30,0
C0895,2023-07-11,2024-05-31,0
C0895,2023-07-11,2024-06-30,0
C0895,2023-07-11,2024-07-31,0
C0895,2023-07-11,2024-08-31,0
C0895,2023-07-11,2024-09-30,0
C0895,2023-07-11,2024-10-31,0
C0895,2023-07-11,2024-11-30,0
C0895,2023-07-11,2024-12-31,0
C0895,2023-07-11,2025-01-31,0
C0895,2023-07-11,2025-02-28,0
C0895,2023-07-11,2025-03-31,0
C0895,2023-07-11,2025-04-30,29
C0895,2023-07-11,2025-05-31,0
C0895,2023-07-11,2025-06-30,0
C0895,2023-07-11,2025-07-31,0
C0895,2023-07-11,2025-08-31,0
C0895,2023-07-11,2025-09-30,21
C0895,2023-07-11,2025-10-31,0
C0895,2023-07-11,2025-11-30,0
C0895,2023-07-11,2025-12-31,0
C0896,2025-05-28,2025-05-31,0
C0896,2025-05-28,2025-06-30,31
C0896,2025-05-28,2025-07-31,0
C0896,2025-05-28,2025-08-31,57
C0896,2025-05-28,2025-09-30,0
C0896,2025-05-28,2025-10-31,0
C0896,2025-05-28,2025-11-30,0
C0896,2025-05-28,2025-12-31,0
C0897,2023-01-28,2023-01-31,0
C0897,2023-01-28,2023-02-28,5
C0897,2023-01-28,2023-03-31,26
C0897,2023-01-28,2023-04-30,0
C0897,2023-01-28,2023-05-31,0
C0897,2023-01-28,2023-06-30,0
C0897,2023-01-28,2023-07-31,0
C0897,2023-01-28,2023-08-31,0
C0897,2023-01-28,2023-09-30,21
C0897,2023-01-28,2023-10-31,30
C0897,2023-01-28,2023-11-30,78
C0897,2023-01-28,2023-12-31,110
C0898,2023-05-11,2023-05-31,0
C0898,2023-05-11,2023-06-30,17
C0898,2023-05-11,2023-07-31,0
C0898,2023-05-11,2023-08-31,26
C0898,2023-05-11,2023-09-30,0
C0898,2023-05-11,2023-10-31,0
C0898,2023-05-11,2023-11-30,0
C0898,2023-05-11,2023-12-31,0
C0898,2023-05-11,2024-01-31,0
C0898,2023-05-11,2024-02-29,0
C0898,2023-05-11,2024-03-31,0
C0898,2023-05-11,2024-04-30,0
C0898,2023-05-11,2024-05-31,0
C0898,2023-05-11,2024-06-30,23
C0898,2023-05-11,2024-07-31,0
C0898,2023-05-11,2024-08-31,0
C0898,2023-05-11,2024-09-30,0
C0898,2023-05-11,2024-10-31,21
C0898,2023-05-11,2024-11-30,51
C0898,2023-05-11,2024-12-31,0
C0898,2023-05-11,2025-01-31,0
C0898,2023-05-11,2025-02-28,0
C0898,2023-05-11,2025-03-31,0
C0898,2023-05-11,2025-04-30,0
C0898,2023-05-11,2025-05-31,19
C0898,2023-05-11,2025-06-30,0
C0898,2023-05-11,2025-07-31,25
C0898,2023-05-11,2025-08-31,50
C0898,2023-05-11,2025-09-30,64
C0898,2023-05-11,2025-10-31,94
C0899,2024-11-19,2024-11-30,0
C0899,2024-11-19,2024-12-31,0
C0899,2024-11-19,2025-01-31,0
C0899,2024-11-19,2025-02-28,24
C0899,2024-11-19,2025-03-31,24
C0899,2024-11-19,2025-04-30,3
C0899,2024-11-19,2025-05-31,0
C0899,2024-11-19,2025-06-30,0
C0899,2024-11-19,2025-07-31,0
C0899,2024-11-19,2025-08-31,0
C0899,2024-11-19,2025-09-30,0
C0899,2024-11-19,2025-10-31,22
C0899,2024-11-19,2025-11-30,0
C0899,2024-11-19,2025-12-31,0
C0900,2025-05-20,2025-05-31,0
C0900,2025-05-20,2025-06-30,15
C0900,2025-05-20,2025-07-31,0
C0900,2025-05-20,2025-08-31,0
C0900,2025-05-20,2025-09-30,45
C0900,2025-05-20,2025-10-31,0
C0900,2025-05-20,2025-11-30,0
C0900,2025-05-20,2025-12-31,0
C0901,2023-08-23,2023-08-31,0
C0901,2023-08-23,2023-09-30,13
C0901,2023-08-23,2023-10-31,0
C0901,2023-08-23,2023-11-30,0
C0901,2023-08-23,2023-12-31,0
C0901,2023-08-23,2024-01-31,36
C0901,2023-08-23,2024-02-29,0
C0901,2023-08-23,2024-03-31,0
C0901,2023-08-23,2024-04-30,0
C0901,2023-08-23,2024-05-31,0
C0901,2023-08-23,2024-06-30,84
C0901,2023-08-23,2024-07-31,0
C0901,2023-08-23,2024-08-31,0
C0901,2023-08-23,2024-09-30,0
C0901,2023-08-23,2024-10-31,0
C0901,2023-08-23,2024-11-30,0
C0901,2023-08-23,2024-12-31,0
C0901,2023-08-23,2025-01-31,0
C0901,2023-08-23,2025-02-28,0
C0901,2023-08-23,2025-03-31,0
C0901,2023-08-23,2025-04-30,0
C0901,2023-08-23,2025-05-31,19
C0901,2023-08-23,2025-06-30,45
C0901,2023-08-23,2025-07-31,62
C0901,2023-08-23,2025-08-31,98
C0902,2023-06-04,2023-06-30,0
C0902,2023-06-04,2023-07-31,0
C0902,2023-06-04,2023-08-31,0
C0902,2023-06-04,2023-09-30,0
C0902,2023-06-04,2023-10-31,0
C0902,2023-06-04,2023-11-30,2
C0902,2023-06-04,2023-12-31,0
C0902,2023-06-04,2024-01-31,0
C0902,2023-06-04,2024-02-29,0
C0902,2023-06-04,2024-03-31,0
C0902,2023-06-04,2024-04-30,26
C0902,2023-06-04,2024-05-31,0
C0902,2023-06-04,2024-06-30,0
C0902,2023-06-04,2024-07-31,0
C0902,2023-06-04,2024-08-31,0
C0902,2023-06-04,2024-09-30,18
C0902,2023-06-04,2024-10-31,0
C0902,2023-06-04,2024-11-30,0
C0902,2023-06-04,2024-12-31,0
C0902,2023-06-04,2025-01-31,0
C0902,2023-06-04,2025-02-28,20
C0902,2023-06-04,2025-03-31,0
C0902,2023-06-04,2025-04-30,0
C0902,2023-06-04,2025-05-31,25
C0902,2023-06-04,2025-06-30,15
C0902,2023-06-04,2025-07-31,0
C0902,2023-06-04,2025-08-31,0
C0902,2023-06-04,2025-09-30,0
C0902,2023-06-04,2025-10-31,0
C0902,2023-06-04,2025-11-30,0
C0902,2023-06-04,2025-12-31,0
C0903,2024-05-12,2024-05-31,0
C0903,2024-05-12,2024-06-30,0
C0903,2024-05-12,2024-07-31,0
C0903,2024-05-12,2024-08-31,0
C0903,2024-05-12,2024-09-30,0
C0903,2024-05-12,2024-10-31,17
C0903,2024-05-12,2024-11-30,0
C0903,2024-05-12,2024-12-31,0
C0903,2024-05-12,2025-01-31,55
C0903,2024-05-12,2025-02-28,0
C0903,2024-05-12,2025-03-31,0
C0903,2024-05-12,2025-04-30,0
C0903,2024-05-12,2025-05-31,0
C0903,2024-05-12,2025-06-30,0
C0903,2024-05-12,2025-07-31,0
C0903,2024-05-12,2025-08-31,0
C0903,2024-05-12,2025-09-30,0
C0903,2024-05-12,2025-10-31,16
C0903,2024-05-12,2025-11-30,0
C0903,2024-05-12,2025-12-31,0
C0904,2024-11-04,2024-11-30,0
C0904,2024-11-04,2024-12-31,0
C0904,2024-11-04,2025-01-31,0
C0904,2024-11-04,2025-02-28,76
C0904,2024-11-04,2025-03-31,57
C0904,2024-11-04,2025-04-30,0
C0904,2024-11-04,2025-05-31,17
C0904,2024-11-04,2025-06-30,0
C0904,2024-11-04,2025-07-31,0
C0904,2024-11-04,2025-08-31,0
C0904,2024-11-04,2025-09-30,0
C0904,2024-11-04,2025-10-31,0
C0904,2024-11-04,2025-11-30,4
C0904,2024-11-04,2025-12-31,0
C0905,2025-06-04,2025-06-30,8
C0905,2025-06-04,2025-07-31,0
C0905,2025-06-04,2025-08-31,0
C0905,2025-06-04,2025-09-30,0
C0905,2025-06-04,2025-10-31,0
C0905,2025-06-04,2025-11-30,0
C0905,2025-06-04,2025-12-31,0
C0906,2024-08-13,2024-08-31,0
C0906,2024-08-13,2024-09-30,6
C0906,2024-08-13,2024-10-31,16
C0906,2024-08-13,2024-11-30,0
C0906,2024-08-13,2024-12-31,0
C0906,2024-08-13,2025-01-31,33
C0906,2024-08-13,2025-02-28,0
C0906,2024-08-13,2025-03-31,0
C0906,2024-08-13,2025-04-30,0
C0906,2024-08-13,2025-05-31,0
C0906,2024-08-13,2025-06-30,0
C0906,2024-08-13,2025-07-31,0
C0906,2024-08-13,2025-08-31,0
C0906,2024-08-13,2025-09-30,0
C0906,2024-08-13,2025-10-31,29
C0906,2024-08-13,2025-11-30,0
C0906,2024-08-13,2025-12-31,0
C0907,2023-08-21,2023-08-31,0
C0907,2023-08-21,2023-09-30,0
C0907,2023-08-21,2023-10-31,0
C0907,2023-08-21,2023-11-30,0
C0907,2023-08-21,2023-12-31,37
C0907,2023-08-21,2024-01-31,0
C0907,2023-08-21,2024-02-29,0
C0907,2023-08-21,2024-03-31,0
C0907,2023-08-21,2024-04-30,0
C0907,2023-08-21,2024-05-31,0
C0907,2023-08-21,2024-06-30,0
C0907,2023-08-21,2024-07-31,0
C0907,2023-08-21,2024-08-31,0
C0907,2023-08-21,2024-09-30,0
C0907,2023-08-21,2024-10-31,0
C0907,2023-08-21,2024-11-30,0
C0907,2023-08-21,2024-12-31,9
C0907,2023-08-21,2025-01-31,0
C0907,2023-08-21,2025-02-28,48
C0907,2023-08-21,2025-03-31,63
C0907,2023-08-21,2025-04-30,0
C0907,2023-08-21,2025-05-31,0
C0907,2023-08-21,2025-06-30,0
C0907,2023-08-21,2025-07-31,0
C0907,2023-08-21,2025-08-31,0
C0907,2023-08-21,2025-09-30,0
C0907,2023-08-21,2025-10-31,0
C0907,2023-08-21,2025-11-30,0
C0907,2023-08-21,2025-12-31,0
C0908,2024-09-22,2024-09-30,0
C0908,2024-09-22,2024-10-31,33
C0908,2024-09-22,2024-11-30,0
C0908,2024-09-22,2024-12-31,0
C0908,2024-09-22,2025-01-31,0
C0908,2024-09-22,2025-02-28,0
C0908,2024-09-22,2025-03-31,68
C0908,2024-09-22,2025-04-30,0
C0908,2024-09-22,2025-05-31,0
C0908,2024-09-22,2025-06-30,0
C0908,2024-09-22,2025-07-31,0
C0908,2024-09-22,2025-08-31,15
C0908,2024-09-22,2025-09-30,0
C0908,2024-09-22,2025-10-31,0
C0908,2024-09-22,2025-11-30,0
C0908,2024-09-22,2025-12-31,17
C0909,2025-01-01,2025-01-31,0
C0909,2025-01-01,2025-02-28,59
C0909,2025-01-01,2025-03-31,0
C0909,2025-01-01,2025-04-30,0
C0909,2025-01-01,2025-05-31,41
C0909,2025-01-01,2025-06-30,0
C0909,2025-01-01,2025-07-31,62
C0909,2025-01-01,2025-08-31,0
C0909,2025-01-01,2025-09-30,0
C0909,2025-01-01,2025-10-31,0
C0909,2025-01-01,2025-11-30,0
C0909,2025-01-01,2025-12-31,0
C0910,2025-04-28,2025-04-30,0
C0910,2025-04-28,2025-05-31,0
C0910,2025-04-28,2025-06-30,0
C0910,2025-04-28,2025-07-31,0
C0910,2025-04-28,2025-08-31,0
C0910,2025-04-28,2025-09-30,0
C0910,2025-04-28,2025-10-31,4
C0910,2025-04-28,2025-11-30,10
C0910,2025-04-28,2025-12-31,0
C0911,2025-06-01,2025-06-30,0
C0911,2025-06-01,2025-07-31,19
C0911,2025-06-01,2025-08-31,0
C0911,2025-06-01,2025-09-30,0
C0911,2025-06-01,2025-10-31,0
C0911,2025-06-01,2025-11-30,0
C0911,2025-06-01,2025-12-31,0
C0912,2024-07-27,2024-07-31,28
C0912,2024-07-27,2024-08-31,16
C0912,2024-07-27,2024-09-30,0
C0912,2024-07-27,2024-10-31,26
C0912,2024-07-27,2024-11-30,0
C0912,2024-07-27,2024-12-31,0
C0912,2024-07-27,2025-01-31,0
C0912,2024-07-27,2025-02-28,0
C0912,2024-07-27,2025-03-31,0
C0912,2024-07-27,2025-04-30,0
C0912,2024-07-27,2025-05-31,0
C0912,2024-07-27,2025-06-30,0
C0912,2024-07-27,2025-07-31,0
C0912,2024-07-27,2025-08-31,0
C0912,2024-07-27,2025-09-30,0
C0912,2024-07-27,2025-10-31,63
C0912,2024-07-27,2025-11-30,0
C0912,2024-07-27,2025-12-31,0
C0913,2025-05-28,2025-05-31,0
C0913,2025-05-28,2025-06-30,0
C0913,2025-05-28,2025-07-31,0
C0913,2025-05-28,2025-08-31,0
C0913,2025-05-28,2025-09-30,0
C0913,2025-05-28,2025-10-31,0
C0913,2025-05-28,2025-11-30,0
C0913,2025-05-28,2025-12-31,0
C0914,2023-02-18,2023-02-28,0
C0914,2023-02-18,2023-03-31,57
C0914,2023-02-18,2023-04-30,0
C0914,2023-02-18,2023-05-31,0
C0914,2023-02-18,2023-06-30,16
C0914,2023-02-18,2023-07-31,0
C0914,2023-02-18,2023-08-31,28
C0914,2023-02-18,2023-09-30,0
C0914,2023-02-18,2023-10-31,0
C0914,2023-02-18,2023-11-30,0
C0914,2023-02-18,2023-12-31,0
C0914,2023-02-18,2024-01-31,0
C0914,2023-02-18,2024-02-29,0
C0914,2023-02-18,2024-03-31,4
C0914,2023-02-18,2024-04-30,0
C0914,2023-02-18,2024-05-31,0
C0914,2023-02-18,2024-06-30,0
C0914,2023-02-18,2024-07-31,0
C0914,2023-02-18,2024-08-31,0
C0914,2023-02-18,2024-09-30,3
C0914,2023-02-18,2024-10-31,0
C0914,2023-02-18,2024-11-30,0
C0914,2023-02-18,2024-12-31,0
C0914,2023-02-18,2025-01-31,0
C0914,2023-02-18,2025-02-28,0
C0914,2023-02-18,2025-03-31,0
C0914,2023-02-18,2025-04-30,7
C0914,2023-02-18,2025-05-31,0
C0914,2023-02-18,2025-06-30,73
C0914,2023-02-18,2025-07-31,0
C0914,2023-02-18,2025-08-31,0
C0914,2023-02-18,2025-09-30,0
C0914,2023-02-18,2025-10-31,0
C0914,2023-02-18,2025-11-30,0
C0914,2023-02-18,2025-12-31,0
C0915,2023-12-21,2023-12-31,0
C0915,2023-12-21,2024-01-31,0
C0915,2023-12-21,2024-02-29,43
C0915,2023-12-21,2024-03-31,33
C0915,2023-12-21,2024-04-30,0
C0915,2023-12-21,2024-05-31,0
C0915,2023-12-21,2024-06-30,0
C0915,2023-12-21,2024-07-31,0
C0915,2023-12-21,2024-08-31,0
C0915,2023-12-21,2024-09-30,0
C0915,2023-12-21,2024-10-31,0
C0915,2023-12-21,2024-11-30,32
C0915,2023-12-21,2024-12-31,21
C0915,2023-12-21,2025-01-31,45
C0915,2023-12-21,2025-02-28,0
C0915,2023-12-21,2025-03-31,0
C0915,2023-12-21,2025-04-30,0
C0915,2023-12-21,2025-05-31,0
C0915,2023-12-21,2025-06-30,0
C0915,2023-12-21,2025-07-31,28
C0915,2023-12-21,2025-08-31,0
C0915,2023-12-21,2025-09-30,0
C0915,2023-12-21,2025-10-31,0
C0915,2023-12-21,2025-11-30,0
C0915,2023-12-21,2025-12-31,7
C0916,2023-11-10,2023-11-30,0
C0916,2023-11-10,2023-12-31,0
C0916,2023-11-10,2024-01-31,0
C0916,2023-11-10,2024-02-29,0
C0916,2023-11-10,2024-03-31,23
C0916,2023-11-10,2024-04-30,0
C0916,2023-11-10,2024-05-31,0
C0916,2023-11-10,2024-06-30,0
C0916,2023-11-10,2024-07-31,0
C0916,2023-11-10,2024-08-31,0
C0916,2023-11-10,2024-09-30,0
C0916,2023-11-10,2024-10-31,20
C0916,2023-11-10,2024-11-30,0
C0916,2023-11-10,2024-12-31,7
C0916,2023-11-10,2025-01-31,0
C0916,2023-11-10,2025-02-28,0
C0916,2023-11-10,2025-03-31,0
C0916,2023-11-10,2025-04-30,0
C0916,2023-11-10,2025-05-31,0
C0916,2023-11-10,2025-06-30,0
C0916,2023-11-10,2025-07-31,3
C0916,2023-11-10,2025-08-31,57
C0916,2023-11-10,2025-09-30,0
C0916,2023-11-10,2025-10-31,19
C0916,2023-11-10,2025-11-30,15
C0916,2023-11-10,2025-12-31,0
C0917,2024-03-09,2024-03-31,0
C0917,2024-03-09,2024-04-30,0
C0917,2024-03-09,2024-05-31,0
C0917,2024-03-09,2024-06-30,0
C0917,2024-03-09,2024-07-31,0
C0917,2024-03-09,2024-08-31,0
C0917,2024-03-09,2024-09-30,0
C0917,2024-03-09,2024-10-31,0
C0917,2024-03-09,2024-11-30,0
C0917,2024-03-09,2024-12-31,0
C0917,2024-03-09,2025-01-31,0
C0917,2024-03-09,2025-02-28,24
C0917,2024-03-09,2025-03-31,0
C0917,2024-03-09,2025-04-30,0
C0917,2024-03-09,2025-05-31,0
C0917,2024-03-09,2025-06-30,0
C0917,2024-03-09,2025-07-31,0
C0917,2024-03-09,2025-08-31,0
C0917,2024-03-09,2025-09-30,0
C0917,2024-03-09,2025-10-31,0
C0917,2024-03-09,2025-11-30,0
C0917,2024-03-09,2025-12-31,0
C0918,2024-06-04,2024-06-30,0
C0918,2024-06-04,2024-07-31,0
C0918,2024-06-04,2024-08-31,0
C0918,2024-06-04,2024-09-30,6
C0918,2024-06-04,2024-10-31,0
C0918,2024-06-04,2024-11-30,25
C0918,2024-06-04,2024-12-31,0
C0918,2024-06-04,2025-01-31,0
C0918,2024-06-04,2025-02-28,0
C0918,2024-06-04,2025-03-31,0
C0918,2024-06-04,2025-04-30,0
C0918,2024-06-04,2025-05-31,0
C0918,2024-06-04,2025-06-30,0
C0918,2024-06-04,2025-07-31,0
C0918,2024-06-04,2025-08-31,0
C0918,2024-06-04,2025-09-30,0
C0918,2024-06-04,2025-10-31,14
C0918,2024-06-04,2025-11-30,0
C0918,2024-06-04,2025-12-31,0
C0919,2023-12-01,2023-12-31,1
C0919,2023-12-01,2024-01-31,0
C0919,2023-12-01,2024-02-29,0
C0919,2023-12-01,2024-03-31,0
C0919,2023-12-01,2024-04-30,39
C0919,2023-12-01,2024-05-31,0
C0919,2023-12-01,2024-06-30,0
C0919,2023-12-01,2024-07-31,0
C0919,2023-12-01,2024-08-31,0
C0919,2023-12-01,2024-09-30,0
C0919,2023-12-01,2024-10-31,0
C0919,2023-12-01,2024-11-30,0
C0919,2023-12-01,2024-12-31,0
C0919,2023-12-01,2025-01-31,0
C0919,2023-12-01,2025-02-28,0
C0919,2023-12-01,2025-03-31,0
C0919,2023-12-01,2025-04-30,0
C0919,2023-12-01,2025-05-31,0
C0919,2023-12-01,2025-06-30,0
C0919,2023-12-01,2025-07-31,0
C0919,2023-12-01,2025-08-31,0
C0919,2023-12-01,2025-09-30,20
C0919,2023-12-01,2025-10-31,0
C0919,2023-12-01,2025-11-30,0
C0919,2023-12-01,2025-12-31,0
C0920,2023-03-05,2023-03-31,0
C0920,2023-03-05,2023-04-30,0
C0920,2023-03-05,2023-05-31,0
C0920,2023-03-05,2023-06-30,0
C0920,2023-03-05,2023-07-31,0
C0920,2023-03-05,2023-08-31,0
C0920,2023-03-05,2023-09-30,54
C0920,2023-03-05,2023-10-31,0
C0920,2023-03-05,2023-11-30,0
C0920,2023-03-05,2023-12-31,0
C0920,2023-03-05,2024-01-31,0
C0920,2023-03-05,2024-02-29,0
C0920,2023-03-05,2024-03-31,0
C0920,2023-03-05,2024-04-30,0
C0920,2023-03-05,2024-05-31,0
C0920,2023-03-05,2024-06-30,33
C0920,2023-03-05,2024-07-31,0
C0920,2023-03-05,2024-08-31,0
C0920,2023-03-05,2024-09-30,89
C0920,2023-03-05,2024-10-31,85
C0920,2023-03-05,2024-11-30,0
C0920,2023-03-05,2024-12-31,0
C0920,2023-03-05,2025-01-31,0
C0920,2023-03-05,2025-02-28,0
C0920,2023-03-05,2025-03-31,0
C0920,2023-03-05,2025-04-30,0
C0920,2023-03-05,2025-05-31,0
C0920,2023-03-05,2025-06-30,0
C0920,2023-03-05,2025-07-31,0
C0920,2023-03-05,2025-08-31,0
C0920,2023-03-05,2025-09-30,0
C0920,2023-03-05,2025-10-31,0
C0920,2023-03-05,2025-11-30,25
C0920,2023-03-05,2025-12-31,0
C0921,2023-04-09,2023-04-30,0
C0921,2023-04-09,2023-05-31,0
C0921,2023-04-09,2023-06-30,0
C0921,2023-04-09,2023-07-31,0
C0921,2023-04-09,2023-08-31,0
C0921,2023-04-09,2023-09-30,0
C0921,2023-04-09,2023-10-31,0
C0921,2023-04-09,2023-11-30,28
C0921,2023-04-09,2023-12-31,0
C0921,2023-04-09,2024-01-31,0
C0921,2023-04-09,2024-02-29,0
C0921,2023-04-09,2024-03-31,0
C0921,2023-04-09,2024-04-30,0
C0921,2023-04-09,2024-05-31,0
C0921,2023-04-09,2024-06-30,27
C0921,2023-04-09,2024-07-31,0
C0921,2023-04-09,2024-08-31,12
C0921,2023-04-09,2024-09-30,7
C0921,2023-04-09,2024-10-31,40
C0921,2023-04-09,2024-11-30,12
C0921,2023-04-09,2024-12-31,0
C0921,2023-04-09,2025-01-31,0
C0921,2023-04-09,2025-02-28,10
C0921,2023-04-09,2025-03-31,0
C0921,2023-04-09,2025-04-30,4
C0921,2023-04-09,2025-05-31,26
C0921,2023-04-09,2025-06-30,54
C0921,2023-04-09,2025-07-31,60
C0921,2023-04-09,2025-08-31,90
C0922,2023-01-21,2023-01-31,75
C0922,2023-01-21,2023-02-28,0
C0922,2023-01-21,2023-03-31,0
C0922,2023-01-21,2023-04-30,15
C0922,2023-01-21,2023-05-31,16
C0922,2023-01-21,2023-06-30,0
C0922,2023-01-21,2023-07-31,0
C0922,2023-01-21,2023-08-31,0
C0922,2023-01-21,2023-09-30,0
C0922,2023-01-21,2023-10-31,0
C0922,2023-01-21,2023-11-30,0
C0922,2023-01-21,2023-12-31,0
C0922,2023-01-21,2024-01-31,0
C0922,2023-01-21,2024-02-29,0
C0922,2023-01-21,2024-03-31,0
C0922,2023-01-21,2024-04-30,0
C0922,2023-01-21,2024-05-31,0
C0922,2023-01-21,2024-06-30,0
C0922,2023-01-21,2024-07-31,0
C0922,2023-01-21,2024-08-31,24
C0922,2023-01-21,2024-09-30,0
C0922,2023-01-21,2024-10-31,0
C0922,2023-01-21,2024-11-30,18
C0922,2023-01-21,2024-12-31,26
C0922,2023-01-21,2025-01-31,0
C0922,2023-01-21,2025-02-28,0
C0922,2023-01-21,2025-03-31,0
C0922,2023-01-21,2025-04-30,0
C0922,2023-01-21,2025-05-31,0
C0922,2023-01-21,2025-06-30,0
C0922,2023-01-21,2025-07-31,0
C0922,2023-01-21,2025-08-31,0
C0922,2023-01-21,2025-09-30,0
C0922,2023-01-21,2025-10-31,0
C0922,2023-01-21,2025-11-30,0
C0922,2023-01-21,2025-12-31,0
C0923,2024-09-23,2024-09-30,59
C0923,2024-09-23,2024-10-31,0
C0923,2024-09-23,2024-11-30,0
C0923,2024-09-23,2024-12-31,0
C0923,2024-09-23,2025-01-31,0
C0923,2024-09-23,2025-02-28,0
C0923,2024-09-23,2025-03-31,0
C0923,2024-09-23,2025-04-30,3
C0923,2024-09-23,2025-05-31,0
C0923,2024-09-23,2025-06-30,0
C0923,2024-09-23,2025-07-31,0
C0923,2024-09-23,2025-08-31,0
C0923,2024-09-23,2025-09-30,11
C0923,2024-09-23,2025-10-31,43
C0923,2024-09-23,2025-11-30,63
C0923,2024-09-23,2025-12-31,112
C0924,2025-05-21,2025-05-31,0
C0924,2025-05-21,2025-06-30,0
C0924,2025-05-21,2025-07-31,0
C0924,2025-05-21,2025-08-31,0
C0924,2025-05-21,2025-09-30,0
C0924,2025-05-21,2025-10-31,0
C0924,2025-05-21,2025-11-30,31
C0924,2025-05-21,2025-12-31,0
C0925,2025-04-21,2025-04-30,0
C0925,2025-04-21,2025-05-31,13
C0925,2025-04-21,2025-06-30,0
C0925,2025-04-21,2025-07-31,15
C0925,2025-04-21,2025-08-31,0
C0925,2025-04-21,2025-09-30,0
C0925,2025-04-21,2025-10-31,0
C0925,2025-04-21,2025-11-30,0
C0925,2025-04-21,2025-12-31,0
C0926,2025-03-10,2025-03-31,0
C0926,2025-03-10,2025-04-30,0
C0926,2025-03-10,2025-05-31,20
C0926,2025-03-10,2025-06-30,15
C0926,2025-03-10,2025-07-31,0
C0926,2025-03-10,2025-08-31,26
C0926,2025-03-10,2025-09-30,24
C0926,2025-03-10,2025-10-31,0
C0926,2025-03-10,2025-11-30,13
C0926,2025-03-10,2025-12-31,18
C0927,2023-09-12,2023-09-30,0
C0927,2023-09-12,2023-10-31,0
C0927,2023-09-12,2023-11-30,0
C0927,2023-09-12,2023-12-31,0
C0927,2023-09-12,2024-01-31,0
C0927,2023-09-12,2024-02-29,0
C0927,2023-09-12,2024-03-31,0
C0927,2023-09-12,2024-04-30,0
C0927,2023-09-12,2024-05-31,3
C0927,2023-09-12,2024-06-30,0
C0927,2023-09-12,2024-07-31,0
C0927,2023-09-12,2024-08-31,26
C0927,2023-09-12,2024-09-30,0
C0927,2023-09-12,2024-10-31,0
C0927,2023-09-12,2024-11-30,0
C0927,2023-09-12,2024-12-31,59
C0927,2023-09-12,2025-01-31,0
C0927,2023-09-12,2025-02-28,14
C0927,2023-09-12,2025-03-31,48
C0927,2023-09-12,2025-04-30,63
C0927,2023-09-12,2025-05-31,98
C0928,2024-04-23,2024-04-30,42
C0928,2024-04-23,2024-05-31,0
C0928,2024-04-23,2024-06-30,0
C0928,2024-04-23,2024-07-31,0
C0928,2024-04-23,2024-08-31,0
C0928,2024-04-23,2024-09-30,0
C0928,2024-04-23,2024-10-31,0
C0928,2024-04-23,2024-11-30,20
C0928,2024-04-23,2024-12-31,0
C0928,2024-04-23,2025-01-31,0
C0928,2024-04-23,2025-02-28,0
C0928,2024-04-23,2025-03-31,0
C0928,2024-04-23,2025-04-30,0
C0928,2024-04-23,2025-05-31,15
C0928,2024-04-23,2025-06-30,0
C0928,2024-04-23,2025-07-31,0
C0928,2024-04-23,2025-08-31,0
C0928,2024-04-23,2025-09-30,0
C0928,2024-04-23,2025-10-31,0
C0928,2024-04-23,2025-11-30,0
C0928,2024-04-23,2025-12-31,0
C0929,2024-06-17,2024-06-30,0
C0929,2024-06-17,2024-07-31,13
C0929,2024-06-17,2024-08-31,0
C0929,2024-06-17,2024-09-30,11
C0929,2024-06-17,2024-10-31,0
C0929,2024-06-17,2024-11-30,0
C0929,2024-06-17,2024-12-31,0
C0929,2024-06-17,2025-01-31,0
C0929,2024-06-17,2025-02-28,72
C0929,2024-06-17,2025-03-31,0
C0929,2024-06-17,2025-04-30,0
C0929,2024-06-17,2025-05-31,0
C0929,2024-06-17,2025-06-30,0
C0929,2024-06-17,2025-07-31,0
C0929,2024-06-17,2025-08-31,0
C0929,2024-06-17,2025-09-30,15
C0929,2024-06-17,2025-10-31,42
C0929,2024-06-17,2025-11-30,0
C0929,2024-06-17,2025-12-31,0
C0930,2023-09-25,2023-09-30,24
C0930,2023-09-25,2023-10-31,0
C0930,2023-09-25,2023-11-30,13
C0930,2023-09-25,2023-12-31,0
C0930,2023-09-25,2024-01-31,14
C0930,2023-09-25,2024-02-29,0
C0930,2023-09-25,2024-03-31,0
C0930,2023-09-25,2024-04-30,0
C0930,2023-09-25,2024-05-31,0
C0930,2023-09-25,2024-06-30,88
C0930,2023-09-25,2024-07-31,0
C0930,2023-09-25,2024-08-31,0
C0930,2023-09-25,2024-09-30,26
C0930,2023-09-25,2024-10-31,21
C0930,2023-09-25,2024-11-30,14
C0930,2023-09-25,2024-12-31,0
C0930,2023-09-25,2025-01-31,0
C0930,2023-09-25,2025-02-28,20
C0930,2023-09-25,2025-03-31,0
C0930,2023-09-25,2025-04-30,0
C0930,2023-09-25,2025-05-31,11
C0930,2023-09-25,2025-06-30,0
C0930,2023-09-25,2025-07-31,0
C0930,2023-09-25,2025-08-31,0
C0930,2023-09-25,2025-09-30,0
C0930,2023-09-25,2025-10-31,0
C0930,2023-09-25,2025-11-30,24
C0930,2023-09-25,2025-12-31,0
C0931,2023-06-03,2023-06-30,0
C0931,2023-06-03,2023-07-31,0
C0931,2023-06-03,2023-08-31,0
C0931,2023-06-03,2023-09-30,0
C0931,2023-06-03,2023-10-31,0
C0931,2023-06-03,2023-11-30,0
C0931,2023-06-03,2023-12-31,0
C0931,2023-06-03,2024-01-31,0
C0931,2023-06-03,2024-02-29,0
C0931,2023-06-03,2024-03-31,30
C0931,2023-06-03,2024-04-30,79
C0931,2023-06-03,2024-05-31,0
C0931,2023-06-03,2024-06-30,0
C0931,2023-06-03,2024-07-31,0
C0931,2023-06-03,2024-08-31,0
C0931,2023-06-03,2024-09-30,0
C0931,2023-06-03,2024-10-31,41
C0931,2023-06-03,2024-11-30,0
C0931,2023-06-03,2024-12-31,0
C0931,2023-06-03,2025-01-31,0
C0931,2023-06-03,2025-02-28,0
C0931,2023-06-03,2025-03-31,0
C0931,2023-06-03,2025-04-30,0
C0931,2023-06-03,2025-05-31,6
C0931,2023-06-03,2025-06-30,15
C0931,2023-06-03,2025-07-31,0
C0931,2023-06-03,2025-08-31,13
C0931,2023-06-03,2025-09-30,55
C0931,2023-06-03,2025-10-31,0
C0931,2023-06-03,2025-11-30,0
C0931,2023-06-03,2025-12-31,0
C0932,2024-12-26,2024-12-31,0
C0932,2024-12-26,2025-01-31,0
C0932,2024-12-26,2025-02-28,0
C0932,2024-12-26,2025-03-31,0
C0932,2024-12-26,2025-04-30,0
C0932,2024-12-26,2025-05-31,0
C0932,2024-12-26,2025-06-30,3
C0932,2024-12-26,2025-07-31,0
C0932,2024-12-26,2025-08-31,0
C0932,2024-12-26,2025-09-30,0
C0932,2024-12-26,2025-10-31,17
C0932,2024-12-26,2025-11-30,17
C0932,2024-12-26,2025-12-31,0
C0933,2023-07-14,2023-07-31,0
C0933,2023-07-14,2023-08-31,0
C0933,2023-07-14,2023-09-30,0
C0933,2023-07-14,2023-10-31,0
C0933,2023-07-14,2023-11-30,46
C0933,2023-07-14,2023-12-31,0
C0933,2023-07-14,2024-01-31,0
C0933,2023-07-14,2024-02-29,0
C0933,2023-07-14,2024-03-31,0
C0933,2023-07-14,2024-04-30,0
C0933,2023-07-14,2024-05-31,22
C0933,2023-07-14,2024-06-30,10
C0933,2023-07-14,2024-07-31,29
C0933,2023-07-14,2024-08-31,0
C0933,2023-07-14,2024-09-30,0
C0933,2023-07-14,2024-10-31,0
C0933,2023-07-14,2024-11-30,0
C0933,2023-07-14,2024-12-31,0
C0933,2023-07-14,2025-01-31,0
C0933,2023-07-14,2025-02-28,0
C0933,2023-07-14,2025-03-31,0
C0933,2023-07-14,2025-04-30,44
C0933,2023-07-14,2025-05-31,0
C0933,2023-07-14,2025-06-30,56
C0933,2023-07-14,2025-07-31,22
C0933,2023-07-14,2025-08-31,0
C0933,2023-07-14,2025-09-30,0
C0933,2023-07-14,2025-10-31,1
C0933,2023-07-14,2025-11-30,0
C0933,2023-07-14,2025-12-31,0
C0934,2023-05-22,2023-05-31,3
C0934,2023-05-22,2023-06-30,0
C0934,2023-05-22,2023-07-31,26
C0934,2023-05-22,2023-08-31,0
C0934,2023-05-22,2023-09-30,0
C0934,2023-05-22,2023-10-31,0
C0934,2023-05-22,2023-11-30,0
C0934,2023-05-22,2023-12-31,0
C0934,2023-05-22,2024-01-31,5
C0934,2023-05-22,2024-02-29,0
C0934,2023-05-22,2024-03-31,0
C0934,2023-05-22,2024-04-30,0
C0934,2023-05-22,2024-05-31,0
C0934,2023-05-22,2024-06-30,0
C0934,2023-05-22,2024-07-31,0
C0934,2023-05-22,2024-08-31,0
C0934,2023-05-22,2024-09-30,0
C0934,2023-05-22,2024-10-31,7
C0934,2023-05-22,2024-11-30,0
C0934,2023-05-22,2024-12-31,0
C0934,2023-05-22,2025-01-31,0
C0934,2023-05-22,2025-02-28,4
C0934,2023-05-22,2025-03-31,0
C0934,2023-05-22,2025-04-30,0
C0934,2023-05-22,2025-05-31,0
C0934,2023-05-22,2025-06-30,0
C0934,2023-05-22,2025-07-31,73
C0934,2023-05-22,2025-08-31,0
C0934,2023-05-22,2025-09-30,0
C0934,2023-05-22,2025-10-31,0
C0934,2023-05-22,2025-11-30,0
C0934,2023-05-22,2025-12-31,0
C0935,2023-03-10,2023-03-31,0
C0935,2023-03-10,2023-04-30,0
C0935,2023-03-10,2023-05-31,0
C0935,2023-03-10,2023-06-30,0
C0935,2023-03-10,2023-07-31,9
C0935,2023-03-10,2023-08-31,0
C0935,2023-03-10,2023-09-30,46
C0935,2023-03-10,2023-10-31,10
C0935,2023-03-10,2023-11-30,0
C0935,2023-03-10,2023-12-31,0
C0935,2023-03-10,2024-01-31,0
C0935,2023-03-10,2024-02-29,0
C0935,2023-03-10,2024-03-31,0
C0935,2023-03-10,2024-04-30,0
C0935,2023-03-10,2024-05-31,0
C0935,2023-03-10,2024-06-30,0
C0935,2023-03-10,2024-07-31,0
C0935,2023-03-10,2024-08-31,0
C0935,2023-03-10,2024-09-30,0
C0935,2023-03-10,2024-10-31,22
C0935,2023-03-10,2024-11-30,14
C0935,2023-03-10,2024-12-31,0
C0935,2023-03-10,2025-01-31,0
C0935,2023-03-10,2025-02-28,0
C0935,2023-03-10,2025-03-31,0
C0935,2023-03-10,2025-04-30,0
C0935,2023-03-10,2025-05-31,0
C0935,2023-03-10,2025-06-30,0
C0935,2023-03-10,2025-07-31,0
C0935,2023-03-10,2025-08-31,0
C0935,2023-03-10,2025-09-30,0
C0935,2023-03-10,2025-10-31,0
C0935,2023-03-10,2025-11-30,21
C0935,2023-03-10,2025-12-31,43
C0936,2025-02-15,2025-02-28,0
C0936,2025-02-15,2025-03-31,55
C0936,2025-02-15,2025-04-30,0
C0936,2025-02-15,2025-05-31,0
C0936,2025-02-15,2025-06-30,0
C0936,2025-02-15,2025-07-31,0
C0936,2025-02-15,2025-08-31,0
C0936,2025-02-15,2025-09-30,0
C0936,2025-02-15,2025-10-31,0
C0936,2025-02-15,2025-11-30,0
C0936,2025-02-15,2025-12-31,0
C0937,2023-06-24,2023-06-30,0
C0937,2023-06-24,2023-07-31,0
C0937,2023-06-24,2023-08-31,57
C0937,2023-06-24,2023-09-30,32
C0937,2023-06-24,2023-10-31,65
C0937,2023-06-24,2023-11-30,101
C0938,2024-06-12,2024-06-30,0
C0938,2024-06-12,2024-07-31,29
C0938,2024-06-12,2024-08-31,0
C0938,2024-06-12,2024-09-30,0
C0938,2024-06-12,2024-10-31,0
C0938,2024-06-12,2024-11-30,0
C0938,2024-06-12,2024-12-31,0
C0938,2024-06-12,2025-01-31,0
C0938,2024-06-12,2025-02-28,0
C0938,2024-06-12,2025-03-31,0
C0938,2024-06-12,2025-04-30,52
C0938,2024-06-12,2025-05-31,0
C0938,2024-06-12,2025-06-30,0
C0938,2024-06-12,2025-07-31,0
C0938,2024-06-12,2025-08-31,0
C0938,2024-06-12,2025-09-30,0
C0938,2024-06-12,2025-10-31,48
C0938,2024-06-12,2025-11-30,0
C0938,2024-06-12,2025-12-31,0
C0939,2023-08-26,2023-08-31,0
C0939,2023-08-26,2023-09-30,0
C0939,2023-08-26,2023-10-31,0
C0939,2023-08-26,2023-11-30,0
C0939,2023-08-26,2023-12-31,0
C0939,2023-08-26,2024-01-31,0
C0939,2023-08-26,2024-02-29,0
C0939,2023-08-26,2024-03-31,0
C0939,2023-08-26,2024-04-30,0
C0939,2023-08-26,2024-05-31,0
C0939,2023-08-26,2024-06-30,0
C0939,2023-08-26,2024-07-31,0
C0939,2023-08-26,2024-08-31,0
C0939,2023-08-26,2024-09-30,0
C0939,2023-08-26,2024-10-31,55
C0939,2023-08-26,2024-11-30,82
C0939,2023-08-26,2024-12-31,0
C0939,2023-08-26,2025-01-31,0
C0939,2023-08-26,2025-02-28,0
C0939,2023-08-26,2025-03-31,11
C0939,2023-08-26,2025-04-30,0
C0939,2023-08-26,2025-05-31,0
C0939,2023-08-26,2025-06-30,0
C0939,2023-08-26,2025-07-31,17
C0939,2023-08-26,2025-08-31,0
C0939,2023-08-26,2025-09-30,0
C0939,2023-08-26,2025-10-31,0
C0939,2023-08-26,2025-11-30,0
C0939,2023-08-26,2025-12-31,0
C0940,2024-09-19,2024-09-30,0
C0940,2024-09-19,2024-10-31,0
C0940,2024-09-19,2024-11-30,0
C0940,2024-09-19,2024-12-31,32
C0940,2024-09-19,2025-01-31,0
C0940,2024-09-19,2025-02-28,0
C0940,2024-09-19,2025-03-31,0
C0940,2024-09-19,2025-04-30,0
C0940,2024-09-19,2025-05-31,0
C0940,2024-09-19,2025-06-30,0
C0940,2024-09-19,2025-07-31,3
C0940,2024-09-19,2025-08-31,0
C0940,2024-09-19,2025-09-30,21
C0940,2024-09-19,2025-10-31,0
C0940,2024-09-19,2025-11-30,0
C0940,2024-09-19,2025-12-31,0
C0941,2025-03-13,2025-03-31,48
C0941,2025-03-13,2025-04-30,0
C0941,2025-03-13,2025-05-31,0
C0941,2025-03-13,2025-06-30,0
C0941,2025-03-13,2025-07-31,58
C0941,2025-03-13,2025-08-31,0
C0941,2025-03-13,2025-09-30,0
C0941,2025-03-13,2025-10-31,0
C0941,2025-03-13,2025-11-30,0
C0941,2025-03-13,2025-12-31,0
C0942,2024-08-12,2024-08-31,0
C0942,2024-08-12,2024-09-30,0
C0942,2024-08-12,2024-10-31,0
C0942,2024-08-12,2024-11-30,0
C0942,2024-08-12,2024-12-31,0
C0942,2024-08-12,2025-01-31,55
C0942,2024-08-12,2025-02-28,0
C0942,2024-08-12,2025-03-31,0
C0942,2024-08-12,2025-04-30,0
C0942,2024-08-12,2025-05-31,0
C0942,2024-08-12,2025-06-30,0
C0942,2024-08-12,2025-07-31,0
C0942,2024-08-12,2025-08-31,0
C0942,2024-08-12,2025-09-30,55
C0942,2024-08-12,2025-10-31,0
C0942,2024-08-12,2025-11-30,0
C0942,2024-08-12,2025-12-31,67
C0943,2025-04-05,2025-04-30,0
C0943,2025-04-05,2025-05-31,0
C0943,2025-04-05,2025-06-30,0
C0943,2025-04-05,2025-07-31,0
C0943,2025-04-05,2025-08-31,0
C0943,2025-04-05,2025-09-30,0
C0943,2025-04-05,2025-10-31,0
C0943,2025-04-05,2025-11-30,0
C0943,2025-04-05,2025-12-31,0
C0944,2023-11-01,2023-11-30,15
C0944,2023-11-01,2023-12-31,0
C0944,2023-11-01,2024-01-31,0
C0944,2023-11-01,2024-02-29,0
C0944,2023-11-01,2024-03-31,0
C0944,2023-11-01,2024-04-30,37
C0944,2023-11-01,2024-05-31,0
C0944,2023-11-01,2024-06-30,3
C0944,2023-11-01,2024-07-31,0
C0944,2023-11-01,2024-08-31,0
C0944,2023-11-01,2024-09-30,0
C0944,2023-11-01,2024-10-31,0
C0944,2023-11-01,2024-11-30,0
C0944,2023-11-01,2024-12-31,0
C0944,2023-11-01,2025-01-31,0
C0944,2023-11-01,2025-02-28,0
C0944,2023-11-01,2025-03-31,0
C0944,2023-11-01,2025-04-30,0
C0944,2023-11-01,2025-05-31,27
C0944,2023-11-01,2025-06-30,0
C0944,2023-11-01,2025-07-31,0
C0944,2023-11-01,2025-08-31,0
C0944,2023-11-01,2025-09-30,0
C0944,2023-11-01,2025-10-31,0
C0944,2023-11-01,2025-11-30,0
C0944,2023-11-01,2025-12-31,0
C0945,2024-07-15,2024-07-31,42
C0945,2024-07-15,2024-08-31,59
C0945,2024-07-15,2024-09-30,86
C0945,2024-07-15,2024-10-31,109
C0946,2023-03-19,2023-03-31,0
C0946,2023-03-19,2023-04-30,0
C0946,2023-03-19,2023-05-31,0
C0946,2023-03-19,2023-06-30,0
C0946,2023-03-19,2023-07-31,32
C0946,2023-03-19,2023-08-31,0
C0946,2023-03-19,2023-09-30,0
C0946,2023-03-19,2023-10-31,27
C0946,2023-03-19,2023-11-30,35
C0946,2023-03-19,2023-12-31,62
C0946,2023-03-19,2024-01-31,92
C0947,2024-05-14,2024-05-31,0
C0947,2024-05-14,2024-06-30,0
C0947,2024-05-14,2024-07-31,0
C0947,2024-05-14,2024-08-31,0
C0947,2024-05-14,2024-09-30,0
C0947,2024-05-14,2024-10-31,0
C0947,2024-05-14,2024-11-30,0
C0947,2024-05-14,2024-12-31,0
C0947,2024-05-14,2025-01-31,0
C0947,2024-05-14,2025-02-28,24
C0947,2024-05-14,2025-03-31,0
C0947,2024-05-14,2025-04-30,24
C0947,2024-05-14,2025-05-31,0
C0947,2024-05-14,2025-06-30,0
C0947,2024-05-14,2025-07-31,0
C0947,2024-05-14,2025-08-31,0
C0947,2024-05-14,2025-09-30,40
C0947,2024-05-14,2025-10-31,0
C0947,2024-05-14,2025-11-30,16
C0947,2024-05-14,2025-12-31,0
C0948,2025-06-23,2025-06-30,0
C0948,2025-06-23,2025-07-31,0
C0948,2025-06-23,2025-08-31,0
C0948,2025-06-23,2025-09-30,18
C0948,2025-06-23,2025-10-31,35
C0948,2025-06-23,2025-11-30,74
C0948,2025-06-23,2025-12-31,119
C0949,2024-06-12,2024-06-30,0
C0949,2024-06-12,2024-07-31,0
C0949,2024-06-12,2024-08-31,0
C0949,2024-06-12,2024-09-30,0
C0949,2024-06-12,2024-10-31,0
C0949,2024-06-12,2024-11-30,0
C0949,2024-06-12,2024-12-31,0
C0949,2024-06-12,2025-01-31,0
C0949,2024-06-12,2025-02-28,33
C0949,2024-06-12,2025-03-31,0
C0949,2024-06-12,2025-04-30,0
C0949,2024-06-12,2025-05-31,20
C0949,2024-06-12,2025-06-30,58
C0949,2024-06-12,2025-07-31,73
C0949,2024-06-12,2025-08-31,94
C0950,2023-02-25,2023-02-28,0
C0950,2023-02-25,2023-03-31,0
C0950,2023-02-25,2023-04-30,0
C0950,2023-02-25,2023-05-31,0
C0950,2023-02-25,2023-06-30,0
C0950,2023-02-25,2023-07-31,0
C0950,2023-02-25,2023-08-31,0
C0950,2023-02-25,2023-09-30,0
C0950,2023-02-25,2023-10-31,0
C0950,2023-02-25,2023-11-30,0
C0950,2023-02-25,2023-12-31,13
C0950,2023-02-25,2024-01-31,35
C0950,2023-02-25,2024-02-29,0
C0950,2023-02-25,2024-03-31,0
C0950,2023-02-25,2024-04-30,0
C0950,2023-02-25,2024-05-31,0
C0950,2023-02-25,2024-06-30,9
C0950,2023-02-25,2024-07-31,0
C0950,2023-02-25,2024-08-31,3
C0950,2023-02-25,2024-09-30,49
C0950,2023-02-25,2024-10-31,12
C0950,2023-02-25,2024-11-30,69
C0950,2023-02-25,2024-12-31,0
C0950,2023-02-25,2025-01-31,57
C0950,2023-02-25,2025-02-28,0
C0950,2023-02-25,2025-03-31,0
C0950,2023-02-25,2025-04-30,0
C0950,2023-02-25,2025-05-31,17
C0950,2023-02-25,2025-06-30,10
C0950,2023-02-25,2025-07-31,20
C0950,2023-02-25,2025-08-31,44
C0950,2023-02-25,2025-09-30,80
C0950,2023-02-25,2025-10-31,113
C0951,2024-02-05,2024-02-29,0
C0951,2024-02-05,2024-03-31,24
C0951,2024-02-05,2024-04-30,39
C0951,2024-02-05,2024-05-31,78
C0951,2024-02-05,2024-06-30,115
C0952,2023-10-04,2023-10-31,0
C0952,2023-10-04,2023-11-30,0
C0952,2023-10-04,2023-12-31,0
C0952,2023-10-04,2024-01-31,0
C0952,2023-10-04,2024-02-29,46
C0952,2023-10-04,2024-03-31,0
C0952,2023-10-04,2024-04-30,0
C0952,2023-10-04,2024-05-31,0
C0952,2023-10-04,2024-06-30,0
C0952,2023-10-04,2024-07-31,6
C0952,2023-10-04,2024-08-31,8
C0952,2023-10-04,2024-09-30,0
C0952,2023-10-04,2024-10-31,0
C0952,2023-10-04,2024-11-30,0
C0952,2023-10-04,2024-12-31,0
C0952,2023-10-04,2025-01-31,0
C0952,2023-10-04,2025-02-28,0
C0952,2023-10-04,2025-03-31,0
C0952,2023-10-04,2025-04-30,9
C0952,2023-10-04,2025-05-31,29
C0952,2023-10-04,2025-06-30,8
C0952,2023-10-04,2025-07-31,0
C0952,2023-10-04,2025-08-31,0
C0952,2023-10-04,2025-09-30,0
C0952,2023-10-04,2025-10-31,0
C0952,2023-10-04,2025-11-30,0
C0952,2023-10-04,2025-12-31,0
C0953,2024-12-05,2024-12-31,0
C0953,2024-12-05,2025-01-31,0
C0953,2024-12-05,2025-02-28,0
C0953,2024-12-05,2025-03-31,0
C0953,2024-12-05,2025-04-30,28
C0953,2024-12-05,2025-05-31,0
C0953,2024-12-05,2025-06-30,0
C0953,2024-12-05,2025-07-31,0
C0953,2024-12-05,2025-08-31,0
C0953,2024-12-05,2025-09-30,0
C0953,2024-12-05,2025-10-31,84
C0953,2024-12-05,2025-11-30,22
C0953,2024-12-05,2025-12-31,0
C0954,2025-01-04,2025-01-31,0
C0954,2025-01-04,2025-02-28,0
C0954,2025-01-04,2025-03-31,0
C0954,2025-01-04,2025-04-30,23
C0954,2025-01-04,2025-05-31,0
C0954,2025-01-04,2025-06-30,0
C0954,2025-01-04,2025-07-31,0
C0954,2025-01-04,2025-08-31,0
C0954,2025-01-04,2025-09-30,0
C0954,2025-01-04,2025-10-31,0
C0954,2025-01-04,2025-11-30,0
C0954,2025-01-04,2025-12-31,0
C0955,2024-03-15,2024-03-31,0
C0955,2024-03-15,2024-04-30,0
C0955,2024-03-15,2024-05-31,0
C0955,2024-03-15,2024-06-30,0
C0955,2024-03-15,2024-07-31,0
C0955,2024-03-15,2024-08-31,0
C0955,2024-03-15,2024-09-30,0
C0955,2024-03-15,2024-10-31,0
C0955,2024-03-15,2024-11-30,0
C0955,2024-03-15,2024-12-31,0
C0955,2024-03-15,2025-01-31,0
C0955,2024-03-15,2025-02-28,0
C0955,2024-03-15,2025-03-31,0
C0955,2024-03-15,2025-04-30,0
C0955,2024-03-15,2025-05-31,0
C0955,2024-03-15,2025-06-30,24
C0955,2024-03-15,2025-07-31,55
C0955,2024-03-15,2025-08-31,87
C0955,2024-03-15,2025-09-30,113
C0956,2024-02-22,2024-02-29,0
C0956,2024-02-22,2024-03-31,8
C0956,2024-02-22,2024-04-30,0
C0956,2024-02-22,2024-05-31,0
C0956,2024-02-22,2024-06-30,0
C0956,2024-02-22,2024-07-31,0
C0956,2024-02-22,2024-08-31,0
C0956,2024-02-22,2024-09-30,0
C0956,2024-02-22,2024-10-31,0
C0956,2024-02-22,2024-11-30,84
C0956,2024-02-22,2024-12-31,6
C0956,2024-02-22,2025-01-31,0
C0956,2024-02-22,2025-02-28,17
C0956,2024-02-22,2025-03-31,51
C0956,2024-02-22,2025-04-30,0
C0956,2024-02-22,2025-05-31,0
C0956,2024-02-22,2025-06-30,0
C0956,2024-02-22,2025-07-31,0
C0956,2024-02-22,2025-08-31,0
C0956,2024-02-22,2025-09-30,0
C0956,2024-02-22,2025-10-31,0
C0956,2024-02-22,2025-11-30,0
C0956,2024-02-22,2025-12-31,0
C0957,2024-12-27,2024-12-31,0
C0957,2024-12-27,2025-01-31,0
C0957,2024-12-27,2025-02-28,0
C0957,2024-12-27,2025-03-31,0
C0957,2024-12-27,2025-04-30,0
C0957,2024-12-27,2025-05-31,7
C0957,2024-12-27,2025-06-30,0
C0957,2024-12-27,2025-07-31,0
C0957,2024-12-27,2025-08-31,0
C0957,2024-12-27,2025-09-30,13
C0957,2024-12-27,2025-10-31,0
C0957,2024-12-27,2025-11-30,21
C0957,2024-12-27,2025-12-31,0
C0958,2023-04-10,2023-04-30,0
C0958,2023-04-10,2023-05-31,0
C0958,2023-04-10,2023-06-30,59
C0958,2023-04-10,2023-07-31,0
C0958,2023-04-10,2023-08-31,0
C0958,2023-04-10,2023-09-30,0
C0958,2023-04-10,2023-10-31,0
C0958,2023-04-10,2023-11-30,0
C0958,2023-04-10,2023-12-31,0
C0958,2023-04-10,2024-01-31,0
C0958,2023-04-10,2024-02-29,0
C0958,2023-04-10,2024-03-31,0
C0958,2023-04-10,2024-04-30,0
C0958,2023-04-10,2024-05-31,29
C0958,2023-04-10,2024-06-30,0
C0958,2023-04-10,2024-07-31,0
C0958,2023-04-10,2024-08-31,0
C0958,2023-04-10,2024-09-30,3
C0958,2023-04-10,2024-10-31,0
C0958,2023-04-10,2024-11-30,0
C0958,2023-04-10,2024-12-31,0
C0958,2023-04-10,2025-01-31,0
C0958,2023-04-10,2025-02-28,0
C0958,2023-04-10,2025-03-31,10
C0958,2023-04-10,2025-04-30,0
C0958,2023-04-10,2025-05-31,0
C0958,2023-04-10,2025-06-30,0
C0958,2023-04-10,2025-07-31,0
C0958,2023-04-10,2025-08-31,0
C0958,2023-04-10,2025-09-30,11
C0958,2023-04-10,2025-10-31,21
C0958,2023-04-10,2025-11-30,0
C0958,2023-04-10,2025-12-31,0
C0959,2025-05-15,2025-05-31,0
C0959,2025-05-15,2025-06-30,41
C0959,2025-05-15,2025-07-31,0
C0959,2025-05-15,2025-08-31,0
C0959,2025-05-15,2025-09-30,0
C0959,2025-05-15,2025-10-31,0
C0959,2025-05-15,2025-11-30,0
C0959,2025-05-15,2025-12-31,0
C0960,2024-06-25,2024-06-30,0
C0960,2024-06-25,2024-07-31,0
C0960,2024-06-25,2024-08-31,0
C0960,2024-06-25,2024-09-30,0
C0960,2024-06-25,2024-10-31,0
C0960,2024-06-25,2024-11-30,0
C0960,2024-06-25,2024-12-31,0
C0960,2024-06-25,2025-01-31,0
C0960,2024-06-25,2025-02-28,6
C0960,2024-06-25,2025-03-31,0
C0960,2024-06-25,2025-04-30,21
C0960,2024-06-25,2025-05-31,50
C0960,2024-06-25,2025-06-30,10
C0960,2024-06-25,2025-07-31,0
C0960,2024-06-25,2025-08-31,0
C0960,2024-06-25,2025-09-30,0
C0960,2024-06-25,2025-10-31,6
C0960,2024-06-25,2025-11-30,0
C0960,2024-06-25,2025-12-31,0
C0961,2023-03-18,2023-03-31,0
C0961,2023-03-18,2023-04-30,0
C0961,2023-03-18,2023-05-31,0
C0961,2023-03-18,2023-06-30,0
C0961,2023-03-18,2023-07-31,48
C0961,2023-03-18,2023-08-31,0
C0961,2023-03-18,2023-09-30,21
C0961,2023-03-18,2023-10-31,50
C0961,2023-03-18,2023-11-30,85
C0961,2023-03-18,2023-12-31,98
C0962,2024-04-19,2024-04-30,0
C0962,2024-04-19,2024-05-31,0
C0962,2024-04-19,2024-06-30,35
C0962,2024-04-19,2024-07-31,0
C0962,2024-04-19,2024-08-31,0
C0962,2024-04-19,2024-09-30,2
C0962,2024-04-19,2024-10-31,0
C0962,2024-04-19,2024-11-30,0
C0962,2024-04-19,2024-12-31,0
C0962,2024-04-19,2025-01-31,0
C0962,2024-04-19,2025-02-28,0
C0962,2024-04-19,2025-03-31,0
C0962,2024-04-19,2025-04-30,44
C0962,2024-04-19,2025-05-31,0
C0962,2024-04-19,2025-06-30,0
C0962,2024-04-19,2025-07-31,0
C0962,2024-04-19,2025-08-31,0
C0962,2024-04-19,2025-09-30,0
C0962,2024-04-19,2025-10-31,0
C0962,2024-04-19,2025-11-30,0
C0962,2024-04-19,2025-12-31,0
C0963,2025-02-26,2025-02-28,0
C0963,2025-02-26,2025-03-31,0
C0963,2025-02-26,2025-04-30,0
C0963,2025-02-26,2025-05-31,0
C0963,2025-02-26,2025-06-30,0
C0963,2025-02-26,2025-07-31,0
C0963,2025-02-26,2025-08-31,0
C0963,2025-02-26,2025-09-30,0
C0963,2025-02-26,2025-10-31,0
C0963,2025-02-26,2025-11-30,0
C0963,2025-02-26,2025-12-31,0
C0964,2024-09-07,2024-09-30,27
C0964,2024-09-07,2024-10-31,0
C0964,2024-09-07,2024-11-30,0
C0964,2024-09-07,2024-12-31,0
C0964,2024-09-07,2025-01-31,0
C0964,2024-09-07,2025-02-28,0
C0964,2024-09-07,2025-03-31,5
C0964,2024-09-07,2025-04-30,0
C0964,2024-09-07,2025-05-31,10
C0964,2024-09-07,2025-06-30,37
C0964,2024-09-07,2025-07-31,67
C0964,2024-09-07,2025-08-31,108
C0965,2023-10-24,2023-10-31,0
C0965,2023-10-24,2023-11-30,0
C0965,2023-10-24,2023-12-31,0
C0965,2023-10-24,2024-01-31,0
C0965,2023-10-24,2024-02-29,0
C0965,2023-10-24,2024-03-31,0
C0965,2023-10-24,2024-04-30,0
C0965,2023-10-24,2024-05-31,0
C0965,2023-10-24,2024-06-30,0
C0965,2023-10-24,2024-07-31,0
C0965,2023-10-24,2024-08-31,0
C0965,2023-10-24,2024-09-30,27
C0965,2023-10-24,2024-10-31,12
C0965,2023-10-24,2024-11-30,0
C0965,2023-10-24,2024-12-31,0
C0965,2023-10-24,2025-01-31,0
C0965,2023-10-24,2025-02-28,0
C0965,2023-10-24,2025-03-31,0
C0965,2023-10-24,2025-04-30,0
C0965,2023-10-24,2025-05-31,0
C0965,2023-10-24,2025-06-30,0
C0965,2023-10-24,2025-07-31,0
C0965,2023-10-24,2025-08-31,0
C0965,2023-10-24,2025-09-30,0
C0965,2023-10-24,2025-10-31,41
C0965,2023-10-24,2025-11-30,0
C0965,2023-10-24,2025-12-31,0
C0966,2023-06-22,2023-06-30,12
C0966,2023-06-22,2023-07-31,0
C0966,2023-06-22,2023-08-31,0
C0966,2023-06-22,2023-09-30,0
C0966,2023-06-22,2023-10-31,0
C0966,2023-06-22,2023-11-30,20
C0966,2023-06-22,2023-12-31,0
C0966,2023-06-22,2024-01-31,0
C0966,2023-06-22,2024-02-29,0
C0966,2023-06-22,2024-03-31,0
C0966,2023-06-22,2024-04-30,0
C0966,2023-06-22,2024-05-31,0
C0966,2023-06-22,2024-06-30,17
C0966,2023-06-22,2024-07-31,0
C0966,2023-06-22,2024-08-31,0
C0966,2023-06-22,2024-09-30,0
C0966,2023-06-22,2024-10-31,0
C0966,2023-06-22,2024-11-30,29
C0966,2023-06-22,2024-12-31,0
C0966,2023-06-22,2025-01-31,0
C0966,2023-06-22,2025-02-28,0
C0966,2023-06-22,2025-03-31,0
C0966,2023-06-22,2025-04-30,0
C0966,2023-06-22,2025-05-31,0
C0966,2023-06-22,2025-06-30,0
C0966,2023-06-22,2025-07-31,0
C0966,2023-06-22,2025-08-31,0
C0966,2023-06-22,2025-09-30,0
C0966,2023-06-22,2025-10-31,0
C0966,2023-06-22,2025-11-30,0
C0966,2023-06-22,2025-12-31,0
C0967,2025-04-26,2025-04-30,0
C0967,2025-04-26,2025-05-31,0
C0967,2025-04-26,2025-06-30,0
C0967,2025-04-26,2025-07-31,0
C0967,2025-04-26,2025-08-31,0
C0967,2025-04-26,2025-09-30,5
C0967,2025-04-26,2025-10-31,12
C0967,2025-04-26,2025-11-30,0
C0967,2025-04-26,2025-12-31,0
C0968,2024-01-05,2024-01-31,0
C0968,2024-01-05,2024-02-29,0
C0968,2024-01-05,2024-03-31,0
C0968,2024-01-05,2024-04-30,0
C0968,2024-01-05,2024-05-31,18
C0968,2024-01-05,2024-06-30,0
C0968,2024-01-05,2024-07-31,0
C0968,2024-01-05,2024-08-31,0
C0968,2024-01-05,2024-09-30,11
C0968,2024-01-05,2024-10-31,0
C0968,2024-01-05,2024-11-30,0
C0968,2024-01-05,2024-12-31,0
C0968,2024-01-05,2025-01-31,0
C0968,2024-01-05,2025-02-28,0
C0968,2024-01-05,2025-03-31,0
C0968,2024-01-05,2025-04-30,0
C0968,2024-01-05,2025-05-31,0
C0968,2024-01-05,2025-06-30,0
C0968,2024-01-05,2025-07-31,0
C0968,2024-01-05,2025-08-31,0
C0968,2024-01-05,2025-09-30,56
C0968,2024-01-05,2025-10-31,0
C0968,2024-01-05,2025-11-30,0
C0968,2024-01-05,2025-12-31,0
C0969,2023-06-21,2023-06-30,0
C0969,2023-06-21,2023-07-31,0
C0969,2023-06-21,2023-08-31,0
C0969,2023-06-21,2023-09-30,15
C0969,2023-06-21,2023-10-31,0
C0969,2023-06-21,2023-11-30,37
C0969,2023-06-21,2023-12-31,0
C0969,2023-06-21,2024-01-31,0
C0969,2023-06-21,2024-02-29,0
C0969,2023-06-21,2024-03-31,0
C0969,2023-06-21,2024-04-30,0
C0969,2023-06-21,2024-05-31,15
C0969,2023-06-21,2024-06-30,0
C0969,2023-06-21,2024-07-31,21
C0969,2023-06-21,2024-08-31,0
C0969,2023-06-21,2024-09-30,0
C0969,2023-06-21,2024-10-31,0
C0969,2023-06-21,2024-11-30,0
C0969,2023-06-21,2024-12-31,0
C0969,2023-06-21,2025-01-31,0
C0969,2023-06-21,2025-02-28,0
C0969,2023-06-21,2025-03-31,0
C0969,2023-06-21,2025-04-30,3
C0969,2023-06-21,2025-05-31,0
C0969,2023-06-21,2025-06-30,0
C0969,2023-06-21,2025-07-31,0
C0969,2023-06-21,2025-08-31,0
C0969,2023-06-21,2025-09-30,0
C0969,2023-06-21,2025-10-31,0
C0969,2023-06-21,2025-11-30,0
C0969,2023-06-21,2025-12-31,0
C0970,2023-08-18,2023-08-31,0
C0970,2023-08-18,2023-09-30,0
C0970,2023-08-18,2023-10-31,0
C0970,2023-08-18,2023-11-30,0
C0970,2023-08-18,2023-12-31,26
C0970,2023-08-18,2024-01-31,0
C0970,2023-08-18,2024-02-29,0
C0970,2023-08-18,2024-03-31,0
C0970,2023-08-18,2024-04-30,0
C0970,2023-08-18,2024-05-31,0
C0970,2023-08-18,2024-06-30,0
C0970,2023-08-18,2024-07-31,0
C0970,2023-08-18,2024-08-31,0
C0970,2023-08-18,2024-09-30,0
C0970,2023-08-18,2024-10-31,0
C0970,2023-08-18,2024-11-30,0
C0970,2023-08-18,2024-12-31,0
C0970,2023-08-18,2025-01-31,0
C0970,2023-08-18,2025-02-28,0
C0970,2023-08-18,2025-03-31,0
C0970,2023-08-18,2025-04-30,0
C0970,2023-08-18,2025-05-31,68
C0970,2023-08-18,2025-06-30,0
C0970,2023-08-18,2025-07-31,0
C0970,2023-08-18,2025-08-31,0
C0970,2023-08-18,2025-09-30,0
C0970,2023-08-18,2025-10-31,24
C0970,2023-08-18,2025-11-30,0
C0970,2023-08-18,2025-12-31,0
C0971,2025-01-28,2025-01-31,0
C0971,2025-01-28,2025-02-28,0
C0971,2025-01-28,2025-03-31,0
C0971,2025-01-28,2025-04-30,0
C0971,2025-01-28,2025-05-31,20
C0971,2025-01-28,2025-06-30,0
C0971,2025-01-28,2025-07-31,0
C0971,2025-01-28,2025-08-31,0
C0971,2025-01-28,2025-09-30,0
C0971,2025-01-28,2025-10-31,0
C0971,2025-01-28,2025-11-30,0
C0971,2025-01-28,2025-12-31,0
C0972,2025-04-28,2025-04-30,14
C0972,2025-04-28,2025-05-31,0
C0972,2025-04-28,2025-06-30,50
C0972,2025-04-28,2025-07-31,6
C0972,2025-04-28,2025-08-31,0
C0972,2025-04-28,2025-09-30,8
C0972,2025-04-28,2025-10-31,0
C0972,2025-04-28,2025-11-30,0
C0972,2025-04-28,2025-12-31,29
C0973,2025-06-21,2025-06-30,0
C0973,2025-06-21,2025-07-31,39
C0973,2025-06-21,2025-08-31,0
C0973,2025-06-21,2025-09-30,0
C0973,2025-06-21,2025-10-31,0
C0973,2025-06-21,2025-11-30,19
C0973,2025-06-21,2025-12-31,0
C0974,2023-01-12,2023-01-31,20
C0974,2023-01-12,2023-02-28,0
C0974,2023-01-12,2023-03-31,6
C0974,2023-01-12,2023-04-30,0
C0974,2023-01-12,2023-05-31,0
C0974,2023-01-12,2023-06-30,0
C0974,2023-01-12,2023-07-31,0
C0974,2023-01-12,2023-08-31,0
C0974,2023-01-12,2023-09-30,0
C0974,2023-01-12,2023-10-31,0
C0974,2023-01-12,2023-11-30,0
C0974,2023-01-12,2023-12-31,0
C0974,2023-01-12,2024-01-31,52
C0974,2023-01-12,2024-02-29,0
C0974,2023-01-12,2024-03-31,0
C0974,2023-01-12,2024-04-30,0
C0974,2023-01-12,2024-05-31,0
C0974,2023-01-12,2024-06-30,0
C0974,2023-01-12,2024-07-31,0
C0974,2023-01-12,2024-08-31,0
C0974,2023-01-12,2024-09-30,0
C0974,2023-01-12,2024-10-31,0
C0974,2023-01-12,2024-11-30,0
C0974,2023-01-12,2024-12-31,0
C0974,2023-01-12,2025-01-31,0
C0974,2023-01-12,2025-02-28,0
C0974,2023-01-12,2025-03-31,0
C0974,2023-01-12,2025-04-30,0
C0974,2023-01-12,2025-05-31,0
C0974,2023-01-12,2025-06-30,0
C0974,2023-01-12,2025-07-31,0
C0974,2023-01-12,2025-08-31,0
C0974,2023-01-12,2025-09-30,0
C0974,2023-01-12,2025-10-31,0
C0974,2023-01-12,2025-11-30,0
C0974,2023-01-12,2025-12-31,12
C0975,2023-01-24,2023-01-31,0
C0975,2023-01-24,2023-02-28,0
C0975,2023-01-24,2023-03-31,0
C0975,2023-01-24,2023-04-30,0
C0975,2023-01-24,2023-05-31,0
C0975,2023-01-24,2023-06-30,0
C0975,2023-01-24,2023-07-31,11
C0975,2023-01-24,2023-08-31,0
C0975,2023-01-24,2023-09-30,0
C0975,2023-01-24,2023-10-31,0
C0975,2023-01-24,2023-11-30,17
C0975,2023-01-24,2023-12-31,0
C0975,2023-01-24,2024-01-31,0
C0975,2023-01-24,2024-02-29,0
C0975,2023-01-24,2024-03-31,0
C0975,2023-01-24,2024-04-30,0
C0975,2023-01-24,2024-05-31,0
C0975,2023-01-24,2024-06-30,0
C0975,2023-01-24,2024-07-31,0
C0975,2023-01-24,2024-08-31,0
C0975,2023-01-24,2024-09-30,0
C0975,2023-01-24,2024-10-31,0
C0975,2023-01-24,2024-11-30,0
C0975,2023-01-24,2024-12-31,0
C0975,2023-01-24,2025-01-31,40
C0975,2023-01-24,2025-02-28,0
C0975,2023-01-24,2025-03-31,0
C0975,2023-01-24,2025-04-30,0
C0975,2023-01-24,2025-05-31,0
C0975,2023-01-24,2025-06-30,0
C0975,2023-01-24,2025-07-31,0
C0975,2023-01-24,2025-08-31,0
C0975,2023-01-24,2025-09-30,0
C0975,2023-01-24,2025-10-31,0
C0975,2023-01-24,2025-11-30,0
C0975,2023-01-24,2025-12-31,0
C0976,2025-04-28,2025-04-30,0
C0976,2025-04-28,2025-05-31,39
C0976,2025-04-28,2025-06-30,0
C0976,2025-04-28,2025-07-31,0
C0976,2025-04-28,2025-08-31,0
C0976,2025-04-28,2025-09-30,0
C0976,2025-04-28,2025-10-31,24
C0976,2025-04-28,2025-11-30,0
C0976,2025-04-28,2025-12-31,0
C0977,2023-01-09,2023-01-31,0
C0977,2023-01-09,2023-02-28,19
C0977,2023-01-09,2023-03-31,33
C0977,2023-01-09,2023-04-30,0
C0977,2023-01-09,2023-05-31,0
C0977,2023-01-09,2023-06-30,0
C0977,2023-01-09,2023-07-31,0
C0977,2023-01-09,2023-08-31,0
C0977,2023-01-09,2023-09-30,0
C0977,2023-01-09,2023-10-31,7
C0977,2023-01-09,2023-11-30,0
C0977,2023-01-09,2023-12-31,0
C0977,2023-01-09,2024-01-31,0
C0977,2023-01-09,2024-02-29,0
C0977,2023-01-09,2024-03-31,0
C0977,2023-01-09,2024-04-30,0
C0977,2023-01-09,2024-05-31,0
C0977,2023-01-09,2024-06-30,0
C0977,2023-01-09,2024-07-31,15
C0977,2023-01-09,2024-08-31,0
C0977,2023-01-09,2024-09-30,79
C0977,2023-01-09,2024-10-31,10
C0977,2023-01-09,2024-11-30,22
C0977,2023-01-09,2024-12-31,75
C0977,2023-01-09,2025-01-31,0
C0977,2023-01-09,2025-02-28,57
C0977,2023-01-09,2025-03-31,0
C0977,2023-01-09,2025-04-30,0
C0977,2023-01-09,2025-05-31,10
C0977,2023-01-09,2025-06-30,0
C0977,2023-01-09,2025-07-31,0
C0977,2023-01-09,2025-08-31,0
C0977,2023-01-09,2025-09-30,0
C0977,2023-01-09,2025-10-31,2
C0977,2023-01-09,2025-11-30,0
C0977,2023-01-09,2025-12-31,0
C0978,2023-10-13,2023-10-31,0
C0978,2023-10-13,2023-11-30,0
C0978,2023-10-13,2023-12-31,0
C0978,2023-10-13,2024-01-31,0
C0978,2023-10-13,2024-02-29,0
C0978,2023-10-13,2024-03-31,0
C0978,2023-10-13,2024-04-30,0
C0978,2023-10-13,2024-05-31,0
C0978,2023-10-13,2024-06-30,26
C0978,2023-10-13,2024-07-31,0
C0978,2023-10-13,2024-08-31,3
C0978,2023-10-13,2024-09-30,13
C0978,2023-10-13,2024-10-31,0
C0978,2023-10-13,2024-11-30,86
C0978,2023-10-13,2024-12-31,0
C0978,2023-10-13,2025-01-31,0
C0978,2023-10-13,2025-02-28,0
C0978,2023-10-13,2025-03-31,0
C0978,2023-10-13,2025-04-30,0
C0978,2023-10-13,2025-05-31,9
C0978,2023-10-13,2025-06-30,0
C0978,2023-10-13,2025-07-31,0
C0978,2023-10-13,2025-08-31,0
C0978,2023-10-13,2025-09-30,0
C0978,2023-10-13,2025-10-31,0
C0978,2023-10-13,2025-11-30,86
C0978,2023-10-13,2025-12-31,0
C0979,2024-11-11,2024-11-30,0
C0979,2024-11-11,2024-12-31,0
C0979,2024-11-11,2025-01-31,0
C0979,2024-11-11,2025-02-28,0
C0979,2024-11-11,2025-03-31,39
C0979,2024-11-11,2025-04-30,0
C0979,2024-11-11,2025-05-31,0
C0979,2024-11-11,2025-06-30,0
C0979,2024-11-11,2025-07-31,0
C0979,2024-11-11,2025-08-31,0
C0979,2024-11-11,2025-09-30,0
C0979,2024-11-11,2025-10-31,0
C0979,2024-11-11,2025-11-30,0
C0979,2024-11-11,2025-12-31,0
C0980,2023-09-08,2023-09-30,0
C0980,2023-09-08,2023-10-31,0
C0980,2023-09-08,2023-11-30,0
C0980,2023-09-08,2023-12-31,0
C0980,2023-09-08,2024-01-31,18
C0980,2023-09-08,2024-02-29,0
C0980,2023-09-08,2024-03-31,0
C0980,2023-09-08,2024-04-30,0
C0980,2023-09-08,2024-05-31,0
C0980,2023-09-08,2024-06-30,0
C0980,2023-09-08,2024-07-31,0
C0980,2023-09-08,2024-08-31,0
C0980,2023-09-08,2024-09-30,0
C0980,2023-09-08,2024-10-31,0
C0980,2023-09-08,2024-11-30,0
C0980,2023-09-08,2024-12-31,8
C0980,2023-09-08,2025-01-31,18
C0980,2023-09-08,2025-02-28,0
C0980,2023-09-08,2025-03-31,23
C0980,2023-09-08,2025-04-30,0
C0980,2023-09-08,2025-05-31,2
C0980,2023-09-08,2025-06-30,0
C0980,2023-09-08,2025-07-31,0
C0980,2023-09-08,2025-08-31,0
C0980,2023-09-08,2025-09-30,0
C0980,2023-09-08,2025-10-31,0
C0980,2023-09-08,2025-11-30,0
C0980,2023-09-08,2025-12-31,0
C0981,2024-04-17,2024-04-30,0
C0981,2024-04-17,2024-05-31,0
C0981,2024-04-17,2024-06-30,0
C0981,2024-04-17,2024-07-31,0
C0981,2024-04-17,2024-08-31,0
C0981,2024-04-17,2024-09-30,0
C0981,2024-04-17,2024-10-31,17
C0981,2024-04-17,2024-11-30,0
C0981,2024-04-17,2024-12-31,49
C0981,2024-04-17,2025-01-31,0
C0981,2024-04-17,2025-02-28,78
C0981,2024-04-17,2025-03-31,0
C0981,2024-04-17,2025-04-30,0
C0981,2024-04-17,2025-05-31,0
C0981,2024-04-17,2025-06-30,8
C0981,2024-04-17,2025-07-31,0
C0981,2024-04-17,2025-08-31,0
C0981,2024-04-17,2025-09-30,0
C0981,2024-04-17,2025-10-31,0
C0981,2024-04-17,2025-11-30,0
C0981,2024-04-17,2025-12-31,0
C0982,2024-05-06,2024-05-31,0
C0982,2024-05-06,2024-06-30,0
C0982,2024-05-06,2024-07-31,0
C0982,2024-05-06,2024-08-31,14
C0982,2024-05-06,2024-09-30,45
C0982,2024-05-06,2024-10-31,77
C0982,2024-05-06,2024-11-30,118
C0983,2023-03-18,2023-03-31,9
C0983,2023-03-18,2023-04-30,0
C0983,2023-03-18,2023-05-31,0
C0983,2023-03-18,2023-06-30,0
C0983,2023-03-18,2023-07-31,22
C0983,2023-03-18,2023-08-31,0
C0983,2023-03-18,2023-09-30,0
C0983,2023-03-18,2023-10-31,0
C0983,2023-03-18,2023-11-30,38
C0983,2023-03-18,2023-12-31,11
C0983,2023-03-18,2024-01-31,0
C0983,2023-03-18,2024-02-29,0
C0983,2023-03-18,2024-03-31,0
C0983,2023-03-18,2024-04-30,84
C0983,2023-03-18,2024-05-31,0
C0983,2023-03-18,2024-06-30,0
C0983,2023-03-18,2024-07-31,51
C0983,2023-03-18,2024-08-31,0
C0983,2023-03-18,2024-09-30,32
C0983,2023-03-18,2024-10-31,0
C0983,2023-03-18,2024-11-30,0
C0983,2023-03-18,2024-12-31,0
C0983,2023-03-18,2025-01-31,0
C0983,2023-03-18,2025-02-28,0
C0983,2023-03-18,2025-03-31,0
C0983,2023-03-18,2025-04-30,0
C0983,2023-03-18,2025-05-31,41
C0983,2023-03-18,2025-06-30,0
C0983,2023-03-18,2025-07-31,0
C0983,2023-03-18,2025-08-31,0
C0983,2023-03-18,2025-09-30,0
C0983,2023-03-18,2025-10-31,0
C0983,2023-03-18,2025-11-30,0
C0983,2023-03-18,2025-12-31,0
C0984,2025-06-04,2025-06-30,0
C0984,2025-06-04,2025-07-31,11
C0984,2025-06-04,2025-08-31,0
C0984,2025-06-04,2025-09-30,0
C0984,2025-06-04,2025-10-31,0
C0984,2025-06-04,2025-11-30,0
C0984,2025-06-04,2025-12-31,0
C0985,2023-05-24,2023-05-31,0
C0985,2023-05-24,2023-06-30,0
C0985,2023-05-24,2023-07-31,2
C0985,2023-05-24,2023-08-31,0
C0985,2023-05-24,2023-09-30,0
C0985,2023-05-24,2023-10-31,0
C0985,2023-05-24,2023-11-30,0
C0985,2023-05-24,2023-12-31,0
C0985,2023-05-24,2024-01-31,84
C0985,2023-05-24,2024-02-29,0
C0985,2023-05-24,2024-03-31,0
C0985,2023-05-24,2024-04-30,0
C0985,2023-05-24,2024-05-31,0
C0985,2023-05-24,2024-06-30,0
C0985,2023-05-24,2024-07-31,74
C0985,2023-05-24,2024-08-31,0
C0985,2023-05-24,2024-09-30,0
C0985,2023-05-24,2024-10-31,0
C0985,2023-05-24,2024-11-30,0
C0985,2023-05-24,2024-12-31,0
C0985,2023-05-24,2025-01-31,0
C0985,2023-05-24,2025-02-28,0
C0985,2023-05-24,2025-03-31,0
C0985,2023-05-24,2025-04-30,0
C0985,2023-05-24,2025-05-31,0
C0985,2023-05-24,2025-06-30,0
C0985,2023-05-24,2025-07-31,0
C0985,2023-05-24,2025-08-31,0
C0985,2023-05-24,2025-09-30,29
C0985,2023-05-24,2025-10-31,54
C0985,2023-05-24,2025-11-30,89
C0985,2023-05-24,2025-12-31,93
C0986,2025-05-25,2025-05-31,0
C0986,2025-05-25,2025-06-30,0
C0986,2025-05-25,2025-07-31,0
C0986,2025-05-25,2025-08-31,0
C0986,2025-05-25,2025-09-30,0
C0986,2025-05-25,2025-10-31,1
C0986,2025-05-25,2025-11-30,0
C0986,2025-05-25,2025-12-31,0
C0987,2025-06-17,2025-06-30,22
C0987,2025-06-17,2025-07-31,0
C0987,2025-06-17,2025-08-31,0
C0987,2025-06-17,2025-09-30,0
C0987,2025-06-17,2025-10-31,0
C0987,2025-06-17,2025-11-30,0
C0987,2025-06-17,2025-12-31,34
C0988,2023-03-12,2023-03-31,0
C0988,2023-03-12,2023-04-30,3
C0988,2023-03-12,2023-05-31,0
C0988,2023-03-12,2023-06-30,52
C0988,2023-03-12,2023-07-31,13
C0988,2023-03-12,2023-08-31,40
C0988,2023-03-12,2023-09-30,76
C0988,2023-03-12,2023-10-31,100
C0989,2023-01-08,2023-01-31,0
C0989,2023-01-08,2023-02-28,0
C0989,2023-01-08,2023-03-31,48
C0989,2023-01-08,2023-04-30,0
C0989,2023-01-08,2023-05-31,0
C0989,2023-01-08,2023-06-30,22
C0989,2023-01-08,2023-07-31,0
C0989,2023-01-08,2023-08-31,3
C0989,2023-01-08,2023-09-30,0
C0989,2023-01-08,2023-10-31,21
C0989,2023-01-08,2023-11-30,0
C0989,2023-01-08,2023-12-31,0
C0989,2023-01-08,2024-01-31,0
C0989,2023-01-08,2024-02-29,0
C0989,2023-01-08,2024-03-31,15
C0989,2023-01-08,2024-04-30,0
C0989,2023-01-08,2024-05-31,45
C0989,2023-01-08,2024-06-30,0
C0989,2023-01-08,2024-07-31,0
C0989,2023-01-08,2024-08-31,6
C0989,2023-01-08,2024-09-30,0
C0989,2023-01-08,2024-10-31,0
C0989,2023-01-08,2024-11-30,0
C0989,2023-01-08,2024-12-31,0
C0989,2023-01-08,2025-01-31,0
C0989,2023-01-08,2025-02-28,88
C0989,2023-01-08,2025-03-31,0
C0989,2023-01-08,2025-04-30,0
C0989,2023-01-08,2025-05-31,0
C0989,2023-01-08,2025-06-30,0
C0989,2023-01-08,2025-07-31,0
C0989,2023-01-08,2025-08-31,0
C0989,2023-01-08,2025-09-30,0
C0989,2023-01-08,2025-10-31,5
C0989,2023-01-08,2025-11-30,0
C0989,2023-01-08,2025-12-31,0
C0990,2024-01-09,2024-01-31,0
C0990,2024-01-09,2024-02-29,0
C0990,2024-01-09,2024-03-31,0
C0990,2024-01-09,2024-04-30,0
C0990,2024-01-09,2024-05-31,14
C0990,2024-01-09,2024-06-30,30
C0990,2024-01-09,2024-07-31,78
C0990,2024-01-09,2024-08-31,111
C0991,2023-09-26,2023-09-30,0
C0991,2023-09-26,2023-10-31,13
C0991,2023-09-26,2023-11-30,58
C0991,2023-09-26,2023-12-31,0
C0991,2023-09-26,2024-01-31,0
C0991,2023-09-26,2024-02-29,54
C0991,2023-09-26,2024-03-31,32
C0991,2023-09-26,2024-04-30,0
C0991,2023-09-26,2024-05-31,0
C0991,2023-09-26,2024-06-30,81
C0991,2023-09-26,2024-07-31,0
C0991,2023-09-26,2024-08-31,14
C0991,2023-09-26,2024-09-30,52
C0991,2023-09-26,2024-10-31,0
C0991,2023-09-26,2024-11-30,0
C0991,2023-09-26,2024-12-31,0
C0991,2023-09-26,2025-01-31,0
C0991,2023-09-26,2025-02-28,0
C0991,2023-09-26,2025-03-31,0
C0991,2023-09-26,2025-04-30,0
C0991,2023-09-26,2025-05-31,0
C0991,2023-09-26,2025-06-30,0
C0991,2023-09-26,2025-07-31,0
C0991,2023-09-26,2025-08-31,0
C0991,2023-09-26,2025-09-30,0
C0991,2023-09-26,2025-10-31,3
C0991,2023-09-26,2025-11-30,24
C0991,2023-09-26,2025-12-31,0
C0992,2024-02-14,2024-02-29,0
C0992,2024-02-14,2024-03-31,0
C0992,2024-02-14,2024-04-30,0
C0992,2024-02-14,2024-05-31,17
C0992,2024-02-14,2024-06-30,16
C0992,2024-02-14,2024-07-31,0
C0992,2024-02-14,2024-08-31,0
C0992,2024-02-14,2024-09-30,0
C0992,2024-02-14,2024-10-31,3
C0992,2024-02-14,2024-11-30,12
C0992,2024-02-14,2024-12-31,22
C0992,2024-02-14,2025-01-31,36
C0992,2024-02-14,2025-02-28,27
C0992,2024-02-14,2025-03-31,0
C0992,2024-02-14,2025-04-30,0
C0992,2024-02-14,2025-05-31,0
C0992,2024-02-14,2025-06-30,0
C0992,2024-02-14,2025-07-31,0
C0992,2024-02-14,2025-08-31,0
C0992,2024-02-14,2025-09-30,0
C0992,2024-02-14,2025-10-31,0
C0992,2024-02-14,2025-11-30,0
C0992,2024-02-14,2025-12-31,23
C0993,2025-02-06,2025-02-28,0
C0993,2025-02-06,2025-03-31,0
C0993,2025-02-06,2025-04-30,18
C0993,2025-02-06,2025-05-31,0
C0993,2025-02-06,2025-06-30,0
C0993,2025-02-06,2025-07-31,0
C0993,2025-02-06,2025-08-31,0
C0993,2025-02-06,2025-09-30,0
C0993,2025-02-06,2025-10-31,0
C0993,2025-02-06,2025-11-30,0
C0993,2025-02-06,2025-12-31,0
C0994,2024-10-27,2024-10-31,0
C0994,2024-10-27,2024-11-30,0
C0994,2024-10-27,2024-12-31,0
C0994,2024-10-27,2025-01-31,17
C0994,2024-10-27,2025-02-28,15
C0994,2024-10-27,2025-03-31,29
C0994,2024-10-27,2025-04-30,48
C0994,2024-10-27,2025-05-31,0
C0994,2024-10-27,2025-06-30,0
C0994,2024-10-27,2025-07-31,0
C0994,2024-10-27,2025-08-31,0
C0994,2024-10-27,2025-09-30,0
C0994,2024-10-27,2025-10-31,0
C0994,2024-10-27,2025-11-30,0
C0994,2024-10-27,2025-12-31,0
C0995,2024-09-14,2024-09-30,32
C0995,2024-09-14,2024-10-31,0
C0995,2024-09-14,2024-11-30,0
C0995,2024-09-14,2024-12-31,0
C0995,2024-09-14,2025-01-31,0
C0995,2024-09-14,2025-02-28,0
C0995,2024-09-14,2025-03-31,0
C0995,2024-09-14,2025-04-30,0
C0995,2024-09-14,2025-05-31,0
C0995,2024-09-14,2025-06-30,0
C0995,2024-09-14,2025-07-31,0
C0995,2024-09-14,2025-08-31,0
C0995,2024-09-14,2025-09-30,0
C0995,2024-09-14,2025-10-31,0
C0995,2024-09-14,2025-11-30,0
C0995,2024-09-14,2025-12-31,0
C0996,2023-12-09,2023-12-31,0
C0996,2023-12-09,2024-01-31,0
C0996,2023-12-09,2024-02-29,0
C0996,2023-12-09,2024-03-31,0
C0996,2023-12-09,2024-04-30,0
C0996,2023-12-09,2024-05-31,0
C0996,2023-12-09,2024-06-30,0
C0996,2023-12-09,2024-07-31,0
C0996,2023-12-09,2024-08-31,0
C0996,2023-12-09,2024-09-30,0
C0996,2023-12-09,2024-10-31,0
C0996,2023-12-09,2024-11-30,0
C0996,2023-12-09,2024-12-31,0
C0996,2023-12-09,2025-01-31,0
C0996,2023-12-09,2025-02-28,0
C0996,2023-12-09,2025-03-31,0
C0996,2023-12-09,2025-04-30,11
C0996,2023-12-09,2025-05-31,0
C0996,2023-12-09,2025-06-30,0
C0996,2023-12-09,2025-07-31,0
C0996,2023-12-09,2025-08-31,0
C0996,2023-12-09,2025-09-30,0
C0996,2023-12-09,2025-10-31,9
C0996,2023-12-09,2025-11-30,0
C0996,2023-12-09,2025-12-31,0
C0997,2025-04-03,2025-04-30,0
C0997,2025-04-03,2025-05-31,0
C0997,2025-04-03,2025-06-30,0
C0997,2025-04-03,2025-07-31,0
C0997,2025-04-03,2025-08-31,7
C0997,2025-04-03,2025-09-30,0
C0997,2025-04-03,2025-10-31,0
C0997,2025-04-03,2025-11-30,0
C0997,2025-04-03,2025-12-31,0
C0998,2024-05-18,2024-05-31,0
C0998,2024-05-18,2024-06-30,0
C0998,2024-05-18,2024-07-31,0
C0998,2024-05-18,2024-08-31,0
C0998,2024-05-18,2024-09-30,0
C0998,2024-05-18,2024-10-31,0
C0998,2024-05-18,2024-11-30,0
C0998,2024-05-18,2024-12-31,0
C0998,2024-05-18,2025-01-31,0
C0998,2024-05-18,2025-02-28,0
C0998,2024-05-18,2025-03-31,0
C0998,2024-05-18,2025-04-30,0
C0998,2024-05-18,2025-05-31,15
C0998,2024-05-18,2025-06-30,0
C0998,2024-05-18,2025-07-31,0
C0998,2024-05-18,2025-08-31,3
C0998,2024-05-18,2025-09-30,0
C0998,2024-05-18,2025-10-31,0
C0998,2024-05-18,2025-11-30,0
C0998,2024-05-18,2025-12-31,0
C0999,2024-11-23,2024-11-30,0
C0999,2024-11-23,2024-12-31,0
C0999,2024-11-23,2025-01-31,0
C0999,2024-11-23,2025-02-28,0
C0999,2024-11-23,2025-03-31,12
C0999,2024-11-23,2025-04-30,0
C0999,2024-11-23,2025-05-31,0
C0999,2024-11-23,2025-06-30,0
C0999,2024-11-23,2025-07-31,0
C0999,2024-11-23,2025-08-31,0
C0999,2024-11-23,2025-09-30,0
C0999,2024-11-23,2025-10-31,0
C0999,2024-11-23,2025-11-30,25
C0999,2024-11-23,2025-12-31,0
C1000,2024-02-09,2024-02-29,0
C1000,2024-02-09,2024-03-31,0
C1000,2024-02-09,2024-04-30,0
C1000,2024-02-09,2024-05-31,82
C1000,2024-02-09,2024-06-30,0
C1000,2024-02-09,2024-07-31,0
C1000,2024-02-09,2024-08-31,0
C1000,2024-02-09,2024-09-30,0
C1000,2024-02-09,2024-10-31,0
C1000,2024-02-09,2024-11-30,53
C1000,2024-02-09,2024-12-31,0
C1000,2024-02-09,2025-01-31,0
C1000,2024-02-09,2025-02-28,0
C1000,2024-02-09,2025-03-31,40
C1000,2024-02-09,2025-04-30,0
C1000,2024-02-09,2025-05-31,53
C1000,2024-02-09,2025-06-30,0
C1000,2024-02-09,2025-07-31,0
C1000,2024-02-09,2025-08-31,0
C1000,2024-02-09,2025-09-30,0
C1000,2024-02-09,2025-10-31,0
C1000,2024-02-09,2025-11-30,0
C1000,2024-02-09,2025-12-31,0
C1001,2024-05-13,2024-05-31,18
C1001,2024-05-13,2024-06-30,0
C1001,2024-05-13,2024-07-31,0
C1001,2024-05-13,2024-08-31,0
C1001,2024-05-13,2024-09-30,0
C1001,2024-05-13,2024-10-31,26
C1001,2024-05-13,2024-11-30,0
C1001,2024-05-13,2024-12-31,0
C1001,2024-05-13,2025-01-31,22
C1001,2024-05-13,2025-02-28,0
C1001,2024-05-13,2025-03-31,0
C1001,2024-05-13,2025-04-30,0
C1001,2024-05-13,2025-05-31,0
C1001,2024-05-13,2025-06-30,0
C1001,2024-05-13,2025-07-31,0
C1001,2024-05-13,2025-08-31,0
C1001,2024-05-13,2025-09-30,32
C1001,2024-05-13,2025-10-31,0
C1001,2024-05-13,2025-11-30,3
C1001,2024-05-13,2025-12-31,0
C1002,2023-08-14,2023-08-31,0
C1002,2023-08-14,2023-09-30,17
C1002,2023-08-14,2023-10-31,0
C1002,2023-08-14,2023-11-30,37
C1002,2023-08-14,2023-12-31,0
C1002,2023-08-14,2024-01-31,0
C1002,2023-08-14,2024-02-29,0
C1002,2023-08-14,2024-03-31,0
C1002,2023-08-14,2024-04-30,0
C1002,2023-08-14,2024-05-31,0
C1002,2023-08-14,2024-06-30,0
C1002,2023-08-14,2024-07-31,0
C1002,2023-08-14,2024-08-31,0
C1002,2023-08-14,2024-09-30,0
C1002,2023-08-14,2024-10-31,0
C1002,2023-08-14,2024-11-30,25
C1002,2023-08-14,2024-12-31,0
C1002,2023-08-14,2025-01-31,0
C1002,2023-08-14,2025-02-28,0
C1002,2023-08-14,2025-03-31,0
C1002,2023-08-14,2025-04-30,26
C1002,2023-08-14,2025-05-31,0
C1002,2023-08-14,2025-06-30,0
C1002,2023-08-14,2025-07-31,0
C1002,2023-08-14,2025-08-31,0
C1002,2023-08-14,2025-09-30,6
C1002,2023-08-14,2025-10-31,0
C1002,2023-08-14,2025-11-30,0
C1002,2023-08-14,2025-12-31,0
C1003,2024-09-13,2024-09-30,0
C1003,2024-09-13,2024-10-31,0
C1003,2024-09-13,2024-11-30,0
C1003,2024-09-13,2024-12-31,0
C1003,2024-09-13,2025-01-31,0
C1003,2024-09-13,2025-02-28,0
C1003,2024-09-13,2025-03-31,0
C1003,2024-09-13,2025-04-30,12
C1003,2024-09-13,2025-05-31,0
C1003,2024-09-13,2025-06-30,0
C1003,2024-09-13,2025-07-31,0
C1003,2024-09-13,2025-08-31,48
C1003,2024-09-13,2025-09-30,0
C1003,2024-09-13,2025-10-31,0
C1003,2024-09-13,2025-11-30,0
C1003,2024-09-13,2025-12-31,21
C1004,2024-06-02,2024-06-30,0
C1004,2024-06-02,2024-07-31,58
C1004,2024-06-02,2024-08-31,52
C1004,2024-06-02,2024-09-30,23
C1004,2024-06-02,2024-10-31,0
C1004,2024-06-02,2024-11-30,0
C1004,2024-06-02,2024-12-31,0
C1004,2024-06-02,2025-01-31,0
C1004,2024-06-02,2025-02-28,0
C1004,2024-06-02,2025-03-31,0
C1004,2024-06-02,2025-04-30,0
C1004,2024-06-02,2025-05-31,28
C1004,2024-06-02,2025-06-30,0
C1004,2024-06-02,2025-07-31,0
C1004,2024-06-02,2025-08-31,0
C1004,2024-06-02,2025-09-30,0
C1004,2024-06-02,2025-10-31,0
C1004,2024-06-02,2025-11-30,0
C1004,2024-06-02,2025-12-31,0
C1005,2024-04-21,2024-04-30,0
C1005,2024-04-21,2024-05-31,0
C1005,2024-04-21,2024-06-30,0
C1005,2024-04-21,2024-07-31,0
C1005,2024-04-21,2024-08-31,0
C1005,2024-04-21,2024-09-30,0
C1005,2024-04-21,2024-10-31,0
C1005,2024-04-21,2024-11-30,0
C1005,2024-04-21,2024-12-31,0
C1005,2024-04-21,2025-01-31,0
C1005,2024-04-21,2025-02-28,0
C1005,2024-04-21,2025-03-31,0
C1005,2024-04-21,2025-04-30,32
C1005,2024-04-21,2025-05-31,0
C1005,2024-04-21,2025-06-30,31
C1005,2024-04-21,2025-07-31,21
C1005,2024-04-21,2025-08-31,62
C1005,2024-04-21,2025-09-30,0
C1005,2024-04-21,2025-10-31,0
C1005,2024-04-21,2025-11-30,0
C1005,2024-04-21,2025-12-31,0
C1006,2023-04-14,2023-04-30,0
C1006,2023-04-14,2023-05-31,0
C1006,2023-04-14,2023-06-30,0
C1006,2023-04-14,2023-07-31,0
C1006,2023-04-14,2023-08-31,0
C1006,2023-04-14,2023-09-30,0
C1006,2023-04-14,2023-10-31,0
C1006,2023-04-14,2023-11-30,19
C1006,2023-04-14,2023-12-31,0
C1006,2023-04-14,2024-01-31,0
C1006,2023-04-14,2024-02-29,0
C1006,2023-04-14,2024-03-31,0
C1006,2023-04-14,2024-04-30,0
C1006,2023-04-14,2024-05-31,0
C1006,2023-04-14,2024-06-30,0
C1006,2023-04-14,2024-07-31,0
C1006,2023-04-14,2024-08-31,0
C1006,2023-04-14,2024-09-30,0
C1006,2023-04-14,2024-10-31,45
C1006,2023-04-14,2024-11-30,0
C1006,2023-04-14,2024-12-31,0
C1006,2023-04-14,2025-01-31,0
C1006,2023-04-14,2025-02-28,0
C1006,2023-04-14,2025-03-31,0
C1006,2023-04-14,2025-04-30,0
C1006,2023-04-14,2025-05-31,2
C1006,2023-04-14,2025-06-30,0
C1006,2023-04-14,2025-07-31,0
C1006,2023-04-14,2025-08-31,0
C1006,2023-04-14,2025-09-30,11
C1006,2023-04-14,2025-10-31,52
C1006,2023-04-14,2025-11-30,0
C1006,2023-04-14,2025-12-31,57
C1007,2023-08-13,2023-08-31,0
C1007,2023-08-13,2023-09-30,0
C1007,2023-08-13,2023-10-31,0
C1007,2023-08-13,2023-11-30,16
C1007,2023-08-13,2023-12-31,0
C1007,2023-08-13,2024-01-31,0
C1007,2023-08-13,2024-02-29,0
C1007,2023-08-13,2024-03-31,0
C1007,2023-08-13,2024-04-30,0
C1007,2023-08-13,2024-05-31,11
C1007,2023-08-13,2024-06-30,7
C1007,2023-08-13,2024-07-31,0
C1007,2023-08-13,2024-08-31,0
C1007,2023-08-13,2024-09-30,0
C1007,2023-08-13,2024-10-31,0
C1007,2023-08-13,2024-11-30,0
C1007,2023-08-13,2024-12-31,0
C1007,2023-08-13,2025-01-31,0
C1007,2023-08-13,2025-02-28,0
C1007,2023-08-13,2025-03-31,0
C1007,2023-08-13,2025-04-30,0
C1007,2023-08-13,2025-05-31,0
C1007,2023-08-13,2025-06-30,0
C1007,2023-08-13,2025-07-31,0
C1007,2023-08-13,2025-08-31,51
C1007,2023-08-13,2025-09-30,0
C1007,2023-08-13,2025-10-31,0
C1007,2023-08-13,2025-11-30,5
C1007,2023-08-13,2025-12-31,47
C1008,2025-01-19,2025-01-31,0
C1008,2025-01-19,2025-02-28,0
C1008,2025-01-19,2025-03-31,0
C1008,2025-01-19,2025-04-30,0
C1008,2025-01-19,2025-05-31,0
C1008,2025-01-19,2025-06-30,0
C1008,2025-01-19,2025-07-31,0
C1008,2025-01-19,2025-08-31,69
C1008,2025-01-19,2025-09-30,0
C1008,2025-01-19,2025-10-31,0
C1008,2025-01-19,2025-11-30,0
C1008,2025-01-19,2025-12-31,0
C1009,2024-11-15,2024-11-30,47
C1009,2024-11-15,2024-12-31,0
C1009,2024-11-15,2025-01-31,0
C1009,2024-11-15,2025-02-28,0
C1009,2024-11-15,2025-03-31,16
C1009,2024-11-15,2025-04-30,40
C1009,2024-11-15,2025-05-31,80
C1009,2024-11-15,2025-06-30,115
C1010,2024-07-18,2024-07-31,0
C1010,2024-07-18,2024-08-31,0
C1010,2024-07-18,2024-09-30,0
C1010,2024-07-18,2024-10-31,0
C1010,2024-07-18,2024-11-30,0
C1010,2024-07-18,2024-12-31,0
C1010,2024-07-18,2025-01-31,0
C1010,2024-07-18,2025-02-28,0
C1010,2024-07-18,2025-03-31,10
C1010,2024-07-18,2025-04-30,0
C1010,2024-07-18,2025-05-31,14
C1010,2024-07-18,2025-06-30,50
C1010,2024-07-18,2025-07-31,89
C1010,2024-07-18,2025-08-31,90
C1011,2024-05-20,2024-05-31,0
C1011,2024-05-20,2024-06-30,0
C1011,2024-05-20,2024-07-31,0
C1011,2024-05-20,2024-08-31,0
C1011,2024-05-20,2024-09-30,0
C1011,2024-05-20,2024-10-31,0
C1011,2024-05-20,2024-11-30,27
C1011,2024-05-20,2024-12-31,18
C1011,2024-05-20,2025-01-31,0
C1011,2024-05-20,2025-02-28,32
C1011,2024-05-20,2025-03-31,0
C1011,2024-05-20,2025-04-30,0
C1011,2024-05-20,2025-05-31,0
C1011,2024-05-20,2025-06-30,0
C1011,2024-05-20,2025-07-31,76
C1011,2024-05-20,2025-08-31,33
C1011,2024-05-20,2025-09-30,8
C1011,2024-05-20,2025-10-31,6
C1011,2024-05-20,2025-11-30,0
C1011,2024-05-20,2025-12-31,0
C1012,2024-03-18,2024-03-31,0
C1012,2024-03-18,2024-04-30,0
C1012,2024-03-18,2024-05-31,0
C1012,2024-03-18,2024-06-30,0
C1012,2024-03-18,2024-07-31,48
C1012,2024-03-18,2024-08-31,11
C1012,2024-03-18,2024-09-30,45
C1012,2024-03-18,2024-10-31,11
C1012,2024-03-18,2024-11-30,0
C1012,2024-03-18,2024-12-31,0
C1012,2024-03-18,2025-01-31,0
C1012,2024-03-18,2025-02-28,0
C1012,2024-03-18,2025-03-31,0
C1012,2024-03-18,2025-04-30,0
C1012,2024-03-18,2025-05-31,29
C1012,2024-03-18,2025-06-30,0
C1012,2024-03-18,2025-07-31,0
C1012,2024-03-18,2025-08-31,0
C1012,2024-03-18,2025-09-30,0
C1012,2024-03-18,2025-10-31,6
C1012,2024-03-18,2025-11-30,22
C1012,2024-03-18,2025-12-31,0
C1013,2024-04-13,2024-04-30,0
C1013,2024-04-13,2024-05-31,0
C1013,2024-04-13,2024-06-30,6
C1013,2024-04-13,2024-07-31,22
C1013,2024-04-13,2024-08-31,0
C1013,2024-04-13,2024-09-30,0
C1013,2024-04-13,2024-10-31,0
C1013,2024-04-13,2024-11-30,0
C1013,2024-04-13,2024-12-31,0
C1013,2024-04-13,2025-01-31,0
C1013,2024-04-13,2025-02-28,0
C1013,2024-04-13,2025-03-31,0
C1013,2024-04-13,2025-04-30,0
C1013,2024-04-13,2025-05-31,44
C1013,2024-04-13,2025-06-30,0
C1013,2024-04-13,2025-07-31,0
C1013,2024-04-13,2025-08-31,0
C1013,2024-04-13,2025-09-30,0
C1013,2024-04-13,2025-10-31,27
C1013,2024-04-13,2025-11-30,0
C1013,2024-04-13,2025-12-31,0
C1014,2024-06-26,2024-06-30,0
C1014,2024-06-26,2024-07-31,0
C1014,2024-06-26,2024-08-31,39
C1014,2024-06-26,2024-09-30,0
C1014,2024-06-26,2024-10-31,0
C1014,2024-06-26,2024-11-30,0
C1014,2024-06-26,2024-12-31,0
C1014,2024-06-26,2025-01-31,0
C1014,2024-06-26,2025-02-28,27
C1014,2024-06-26,2025-03-31,0
C1014,2024-06-26,2025-04-30,0
C1014,2024-06-26,2025-05-31,0
C1014,2024-06-26,2025-06-30,0
C1014,2024-06-26,2025-07-31,0
C1014,2024-06-26,2025-08-31,13
C1014,2024-06-26,2025-09-30,0
C1014,2024-06-26,2025-10-31,0
C1014,2024-06-26,2025-11-30,0
C1014,2024-06-26,2025-12-31,0
C1015,2025-03-02,2025-03-31,0
C1015,2025-03-02,2025-04-30,0
C1015,2025-03-02,2025-05-31,53
C1015,2025-03-02,2025-06-30,0
C1015,2025-03-02,2025-07-31,0
C1015,2025-03-02,2025-08-31,0
C1015,2025-03-02,2025-09-30,0
C1015,2025-03-02,2025-10-31,0
C1015,2025-03-02,2025-11-30,0
C1015,2025-03-02,2025-12-31,0
C1016,2025-03-14,2025-03-31,0
C1016,2025-03-14,2025-04-30,0
C1016,2025-03-14,2025-05-31,0
C1016,2025-03-14,2025-06-30,0
C1016,2025-03-14,2025-07-31,0
C1016,2025-03-14,2025-08-31,0
C1016,2025-03-14,2025-09-30,0
C1016,2025-03-14,2025-10-31,0
C1016,2025-03-14,2025-11-30,0
C1016,2025-03-14,2025-12-31,0
C1017,2024-04-05,2024-04-30,0
C1017,2024-04-05,2024-05-31,0
C1017,2024-04-05,2024-06-30,0
C1017,2024-04-05,2024-07-31,52
C1017,2024-04-05,2024-08-31,0
C1017,2024-04-05,2024-09-30,0
C1017,2024-04-05,2024-10-31,0
C1017,2024-04-05,2024-11-30,31
C1017,2024-04-05,2024-12-31,0
C1017,2024-04-05,2025-01-31,0
C1017,2024-04-05,2025-02-28,0
C1017,2024-04-05,2025-03-31,0
C1017,2024-04-05,2025-04-30,0
C1017,2024-04-05,2025-05-31,0
C1017,2024-04-05,2025-06-30,0
C1017,2024-04-05,2025-07-31,0
C1017,2024-04-05,2025-08-31,0
C1017,2024-04-05,2025-09-30,0
C1017,2024-04-05,2025-10-31,0
C1017,2024-04-05,2025-11-30,0
C1017,2024-04-05,2025-12-31,0
C1018,2023-05-21,2023-05-31,0
C1018,2023-05-21,2023-06-30,0
C1018,2023-05-21,2023-07-31,0
C1018,2023-05-21,2023-08-31,0
C1018,2023-05-21,2023-09-30,26
C1018,2023-05-21,2023-10-31,52
C1018,2023-05-21,2023-11-30,0
C1018,2023-05-21,2023-12-31,0
C1018,2023-05-21,2024-01-31,0
C1018,2023-05-21,2024-02-29,0
C1018,2023-05-21,2024-03-31,0
C1018,2023-05-21,2024-04-30,0
C1018,2023-05-21,2024-05-31,0
C1018,2023-05-21,2024-06-30,0
C1018,2023-05-21,2024-07-31,0
C1018,2023-05-21,2024-08-31,0
C1018,2023-05-21,2024-09-30,0
C1018,2023-05-21,2024-10-31,0
C1018,2023-05-21,2024-11-30,0
C1018,2023-05-21,2024-12-31,0
C1018,2023-05-21,2025-01-31,0
C1018,2023-05-21,2025-02-28,0
C1018,2023-05-21,2025-03-31,0
C1018,2023-05-21,2025-04-30,0
C1018,2023-05-21,2025-05-31,50
C1018,2023-05-21,2025-06-30,0
C1018,2023-05-21,2025-07-31,0
C1018,2023-05-21,2025-08-31,24
C1018,2023-05-21,2025-09-30,0
C1018,2023-05-21,2025-10-31,0
C1018,2023-05-21,2025-11-30,0
C1018,2023-05-21,2025-12-31,0
C1019,2025-04-05,2025-04-30,0
C1019,2025-04-05,2025-05-31,0
C1019,2025-04-05,2025-06-30,0
C1019,2025-04-05,2025-07-31,12
C1019,2025-04-05,2025-08-31,0
C1019,2025-04-05,2025-09-30,0
C1019,2025-04-05,2025-10-31,0
C1019,2025-04-05,2025-11-30,0
C1019,2025-04-05,2025-12-31,0
C1020,2023-06-27,2023-06-30,0
C1020,2023-06-27,2023-07-31,0
C1020,2023-06-27,2023-08-31,1
C1020,2023-06-27,2023-09-30,0
C1020,2023-06-27,2023-10-31,0
C1020,2023-06-27,2023-11-30,24
C1020,2023-06-27,2023-12-31,17
C1020,2023-06-27,2024-01-31,0
C1020,2023-06-27,2024-02-29,0
C1020,2023-06-27,2024-03-31,0
C1020,2023-06-27,2024-04-30,0
C1020,2023-06-27,2024-05-31,7
C1020,2023-06-27,2024-06-30,0
C1020,2023-06-27,2024-07-31,0
C1020,2023-06-27,2024-08-31,0
C1020,2023-06-27,2024-09-30,0
C1020,2023-06-27,2024-10-31,0
C1020,2023-06-27,2024-11-30,0
C1020,2023-06-27,2024-12-31,0
C1020,2023-06-27,2025-01-31,19
C1020,2023-06-27,2025-02-28,35
C1020,2023-06-27,2025-03-31,78
C1020,2023-06-27,2025-04-30,98
C1021,2023-01-16,2023-01-31,15
C1021,2023-01-16,2023-02-28,0
C1021,2023-01-16,2023-03-31,0
C1021,2023-01-16,2023-04-30,0
C1021,2023-01-16,2023-05-31,0
C1021,2023-01-16,2023-06-30,0
C1021,2023-01-16,2023-07-31,44
C1021,2023-01-16,2023-08-31,0
C1021,2023-01-16,2023-09-30,0
C1021,2023-01-16,2023-10-31,0
C1021,2023-01-16,2023-11-30,53
C1021,2023-01-16,2023-12-31,0
C1021,2023-01-16,2024-01-31,0
C1021,2023-01-16,2024-02-29,0
C1021,2023-01-16,2024-03-31,0
C1021,2023-01-16,2024-04-30,0
C1021,2023-01-16,2024-05-31,0
C1021,2023-01-16,2024-06-30,0
C1021,2023-01-16,2024-07-31,52
C1021,2023-01-16,2024-08-31,0
C1021,2023-01-16,2024-09-30,0
C1021,2023-01-16,2024-10-31,67
C1021,2023-01-16,2024-11-30,0
C1021,2023-01-16,2024-12-31,0
C1021,2023-01-16,2025-01-31,0
C1021,2023-01-16,2025-02-28,0
C1021,2023-01-16,2025-03-31,27
C1021,2023-01-16,2025-04-30,0
C1021,2023-01-16,2025-05-31,0
C1021,2023-01-16,2025-06-30,0
C1021,2023-01-16,2025-07-31,24
C1021,2023-01-16,2025-08-31,0
C1021,2023-01-16,2025-09-30,0
C1021,2023-01-16,2025-10-31,0
C1021,2023-01-16,2025-11-30,0
C1021,2023-01-16,2025-12-31,0
C1022,2023-04-01,2023-04-30,0
C1022,2023-04-01,2023-05-31,0
C1022,2023-04-01,2023-06-30,0
C1022,2023-04-01,2023-07-31,0
C1022,2023-04-01,2023-08-31,0
C1022,2023-04-01,2023-09-30,0
C1022,2023-04-01,2023-10-31,0
C1022,2023-04-01,2023-11-30,0
C1022,2023-04-01,2023-12-31,0
C1022,2023-04-01,2024-01-31,0
C1022,2023-04-01,2024-02-29,0
C1022,2023-04-01,2024-03-31,0
C1022,2023-04-01,2024-04-30,0
C1022,2023-04-01,2024-05-31,0
C1022,2023-04-01,2024-06-30,0
C1022,2023-04-01,2024-07-31,0
C1022,2023-04-01,2024-08-31,0
C1022,2023-04-01,2024-09-30,0
C1022,2023-04-01,2024-10-31,0
C1022,2023-04-01,2024-11-30,0
C1022,2023-04-01,2024-12-31,0
C1022,2023-04-01,2025-01-31,0
C1022,2023-04-01,2025-02-28,0
C1022,2023-04-01,2025-03-31,0
C1022,2023-04-01,2025-04-30,0
C1022,2023-04-01,2025-05-31,0
C1022,2023-04-01,2025-06-30,0
C1022,2023-04-01,2025-07-31,0
C1022,2023-04-01,2025-08-31,0
C1022,2023-04-01,2025-09-30,0
C1022,2023-04-01,2025-10-31,0
C1022,2023-04-01,2025-11-30,19
C1022,2023-04-01,2025-12-31,0
C1023,2024-12-13,2024-12-31,0
C1023,2024-12-13,2025-01-31,0
C1023,2024-12-13,2025-02-28,0
C1023,2024-12-13,2025-03-31,0
C1023,2024-12-13,2025-04-30,0
C1023,2024-12-13,2025-05-31,0
C1023,2024-12-13,2025-06-30,0
C1023,2024-12-13,2025-07-31,77
C1023,2024-12-13,2025-08-31,29
C1023,2024-12-13,2025-09-30,24
C1023,2024-12-13,2025-10-31,9
C1023,2024-12-13,2025-11-30,0
C1023,2024-12-13,2025-12-31,23
C1024,2023-05-14,2023-05-31,0
C1024,2023-05-14,2023-06-30,0
C1024,2023-05-14,2023-07-31,26
C1024,2023-05-14,2023-08-31,54
C1024,2023-05-14,2023-09-30,71
C1024,2023-05-14,2023-10-31,98
C1025,2024-02-23,2024-02-29,4
C1025,2024-02-23,2024-03-31,0
C1025,2024-02-23,2024-04-30,0
C1025,2024-02-23,2024-05-31,0
C1025,2024-02-23,2024-06-30,0
C1025,2024-02-23,2024-07-31,0
C1025,2024-02-23,2024-08-31,0
C1025,2024-02-23,2024-09-30,51
C1025,2024-02-23,2024-10-31,0
C1025,2024-02-23,2024-11-30,0
C1025,2024-02-23,2024-12-31,0
C1025,2024-02-23,2025-01-31,0
C1025,2024-02-23,2025-02-28,0
C1025,2024-02-23,2025-03-31,52
C1025,2024-02-23,2025-04-30,0
C1025,2024-02-23,2025-05-31,0
C1025,2024-02-23,2025-06-30,0
C1025,2024-02-23,2025-07-31,0
C1025,2024-02-23,2025-08-31,58
C1025,2024-02-23,2025-09-30,31
C1025,2024-02-23,2025-10-31,0
C1025,2024-02-23,2025-11-30,0
C1025,2024-02-23,2025-12-31,0
C1026,2023-01-04,2023-01-31,14
C1026,2023-01-04,2023-02-28,0
C1026,2023-01-04,2023-03-31,0
C1026,2023-01-04,2023-04-30,0
C1026,2023-01-04,2023-05-31,7
C1026,2023-01-04,2023-06-30,0
C1026,2023-01-04,2023-07-31,0
C1026,2023-01-04,2023-08-31,0
C1026,2023-01-04,2023-09-30,0
C1026,2023-01-04,2023-10-31,0
C1026,2023-01-04,2023-11-30,0
C1026,2023-01-04,2023-12-31,0
C1026,2023-01-04,2024-01-31,0
C1026,2023-01-04,2024-02-29,0
C1026,2023-01-04,2024-03-31,0
C1026,2023-01-04,2024-04-30,0
C1026,2023-01-04,2024-05-31,20
C1026,2023-01-04,2024-06-30,0
C1026,2023-01-04,2024-07-31,0
C1026,2023-01-04,2024-08-31,0
C1026,2023-01-04,2024-09-30,0
C1026,2023-01-04,2024-10-31,0
C1026,2023-01-04,2024-11-30,0
C1026,2023-01-04,2024-12-31,0
C1026,2023-01-04,2025-01-31,8
C1026,2023-01-04,2025-02-28,20
C1026,2023-01-04,2025-03-31,0
C1026,2023-01-04,2025-04-30,0
C1026,2023-01-04,2025-05-31,0
C1026,2023-01-04,2025-06-30,53
C1026,2023-01-04,2025-07-31,24
C1026,2023-01-04,2025-08-31,0
C1026,2023-01-04,2025-09-30,39
C1026,2023-01-04,2025-10-31,0
C1026,2023-01-04,2025-11-30,0
C1026,2023-01-04,2025-12-31,0
C1027,2023-08-19,2023-08-31,0
C1027,2023-08-19,2023-09-30,21
C1027,2023-08-19,2023-10-31,0
C1027,2023-08-19,2023-11-30,0
C1027,2023-08-19,2023-12-31,0
C1027,2023-08-19,2024-01-31,56
C1027,2023-08-19,2024-02-29,0
C1027,2023-08-19,2024-03-31,0
C1027,2023-08-19,2024-04-30,19
C1027,2023-08-19,2024-05-31,0
C1027,2023-08-19,2024-06-30,0
C1027,2023-08-19,2024-07-31,79
C1027,2023-08-19,2024-08-31,0
C1027,2023-08-19,2024-09-30,0
C1027,2023-08-19,2024-10-31,8
C1027,2023-08-19,2024-11-30,0
C1027,2023-08-19,2024-12-31,0
C1027,2023-08-19,2025-01-31,14
C1027,2023-08-19,2025-02-28,0
C1027,2023-08-19,2025-03-31,0
C1027,2023-08-19,2025-04-30,0
C1027,2023-08-19,2025-05-31,0
C1027,2023-08-19,2025-06-30,0
C1027,2023-08-19,2025-07-31,0
C1027,2023-08-19,2025-08-31,0
C1027,2023-08-19,2025-09-30,6
C1027,2023-08-19,2025-10-31,0
C1027,2023-08-19,2025-11-30,0
C1027,2023-08-19,2025-12-31,0
C1028,2025-06-22,2025-06-30,0
C1028,2025-06-22,2025-07-31,0
C1028,2025-06-22,2025-08-31,0
C1028,2025-06-22,2025-09-30,0
C1028,2025-06-22,2025-10-31,0
C1028,2025-06-22,2025-11-30,0
C1028,2025-06-22,2025-12-31,0
C1029,2025-03-14,2025-03-31,0
C1029,2025-03-14,2025-04-30,0
C1029,2025-03-14,2025-05-31,0
C1029,2025-03-14,2025-06-30,0
C1029,2025-03-14,2025-07-31,12
C1029,2025-03-14,2025-08-31,3
C1029,2025-03-14,2025-09-30,0
C1029,2025-03-14,2025-10-31,0
C1029,2025-03-14,2025-11-30,6
C1029,2025-03-14,2025-12-31,0
C1030,2024-01-27,2024-01-31,0
C1030,2024-01-27,2024-02-29,0
C1030,2024-01-27,2024-03-31,0
C1030,2024-01-27,2024-04-30,0
C1030,2024-01-27,2024-05-31,0
C1030,2024-01-27,2024-06-30,0
C1030,2024-01-27,2024-07-31,0
C1030,2024-01-27,2024-08-31,0
C1030,2024-01-27,2024-09-30,21
C1030,2024-01-27,2024-10-31,0
C1030,2024-01-27,2024-11-30,0
C1030,2024-01-27,2024-12-31,0
C1030,2024-01-27,2025-01-31,6
C1030,2024-01-27,2025-02-28,11
C1030,2024-01-27,2025-03-31,0
C1030,2024-01-27,2025-04-30,0
C1030,2024-01-27,2025-05-31,0
C1030,2024-01-27,2025-06-30,0
C1030,2024-01-27,2025-07-31,0
C1030,2024-01-27,2025-08-31,0
C1030,2024-01-27,2025-09-30,0
C1030,2024-01-27,2025-10-31,0
C1030,2024-01-27,2025-11-30,88
C1030,2024-01-27,2025-12-31,0
C1031,2025-06-22,2025-06-30,0
C1031,2025-06-22,2025-07-31,14
C1031,2025-06-22,2025-08-31,54
C1031,2025-06-22,2025-09-30,0
C1031,2025-06-22,2025-10-31,0
C1031,2025-06-22,2025-11-30,0
C1031,2025-06-22,2025-12-31,0
C1032,2024-10-14,2024-10-31,7
C1032,2024-10-14,2024-11-30,0
C1032,2024-10-14,2024-12-31,0
C1032,2024-10-14,2025-01-31,0
C1032,2024-10-14,2025-02-28,0
C1032,2024-10-14,2025-03-31,0
C1032,2024-10-14,2025-04-30,0
C1032,2024-10-14,2025-05-31,0
C1032,2024-10-14,2025-06-30,0
C1032,2024-10-14,2025-07-31,0
C1032,2024-10-14,2025-08-31,78
C1032,2024-10-14,2025-09-30,44
C1032,2024-10-14,2025-10-31,0
C1032,2024-10-14,2025-11-30,0
C1032,2024-10-14,2025-12-31,0
C1033,2025-04-08,2025-04-30,3
C1033,2025-04-08,2025-05-31,0
C1033,2025-04-08,2025-06-30,29
C1033,2025-04-08,2025-07-31,0
C1033,2025-04-08,2025-08-31,0
C1033,2025-04-08,2025-09-30,0
C1033,2025-04-08,2025-10-31,0
C1033,2025-04-08,2025-11-30,0
C1033,2025-04-08,2025-12-31,0
C1034,2023-10-26,2023-10-31,75
C1034,2023-10-26,2023-11-30,8
C1034,2023-10-26,2023-12-31,0
C1034,2023-10-26,2024-01-31,0
C1034,2023-10-26,2024-02-29,0
C1034,2023-10-26,2024-03-31,0
C1034,2023-10-26,2024-04-30,0
C1034,2023-10-26,2024-05-31,0
C1034,2023-10-26,2024-06-30,0
C1034,2023-10-26,2024-07-31,0
C1034,2023-10-26,2024-08-31,0
C1034,2023-10-26,2024-09-30,0
C1034,2023-10-26,2024-10-31,0
C1034,2023-10-26,2024-11-30,0
C1034,2023-10-26,2024-12-31,0
C1034,2023-10-26,2025-01-31,0
C1034,2023-10-26,2025-02-28,0
C1034,2023-10-26,2025-03-31,0
C1034,2023-10-26,2025-04-30,0
C1034,2023-10-26,2025-05-31,0
C1034,2023-10-26,2025-06-30,0
C1034,2023-10-26,2025-07-31,0
C1034,2023-10-26,2025-08-31,18
C1034,2023-10-26,2025-09-30,0
C1034,2023-10-26,2025-10-31,0
C1034,2023-10-26,2025-11-30,0
C1034,2023-10-26,2025-12-31,0
C1035,2024-11-09,2024-11-30,0
C1035,2024-11-09,2024-12-31,0
C1035,2024-11-09,2025-01-31,0
C1035,2024-11-09,2025-02-28,53
C1035,2024-11-09,2025-03-31,0
C1035,2024-11-09,2025-04-30,0
C1035,2024-11-09,2025-05-31,33
C1035,2024-11-09,2025-06-30,0
C1035,2024-11-09,2025-07-31,0
C1035,2024-11-09,2025-08-31,0
C1035,2024-11-09,2025-09-30,0
C1035,2024-11-09,2025-10-31,0
C1035,2024-11-09,2025-11-30,79
C1035,2024-11-09,2025-12-31,0
C1036,2023-05-05,2023-05-31,36
C1036,2023-05-05,2023-06-30,0
C1036,2023-05-05,2023-07-31,0
C1036,2023-05-05,2023-08-31,0
C1036,2023-05-05,2023-09-30,38
C1036,2023-05-05,2023-10-31,0
C1036,2023-05-05,2023-11-30,0
C1036,2023-05-05,2023-12-31,0
C1036,2023-05-05,2024-01-31,0
C1036,2023-05-05,2024-02-29,4
C1036,2023-05-05,2024-03-31,0
C1036,2023-05-05,2024-04-30,0
C1036,2023-05-05,2024-05-31,0
C1036,2023-05-05,2024-06-30,0
C1036,2023-05-05,2024-07-31,0
C1036,2023-05-05,2024-08-31,41
C1036,2023-05-05,2024-09-30,0
C1036,2023-05-05,2024-10-31,0
C1036,2023-05-05,2024-11-30,53
C1036,2023-05-05,2024-12-31,0
C1036,2023-05-05,2025-01-31,0
C1036,2023-05-05,2025-02-28,0
C1036,2023-05-05,2025-03-31,0
C1036,2023-05-05,2025-04-30,20
C1036,2023-05-05,2025-05-31,0
C1036,2023-05-05,2025-06-30,0
C1036,2023-05-05,2025-07-31,0
C1036,2023-05-05,2025-08-31,0
C1036,2023-05-05,2025-09-30,0
C1036,2023-05-05,2025-10-31,0
C1036,2023-05-05,2025-11-30,0
C1036,2023-05-05,2025-12-31,0
C1037,2023-05-04,2023-05-31,0
C1037,2023-05-04,2023-06-30,0
C1037,2023-05-04,2023-07-31,11
C1037,2023-05-04,2023-08-31,0
C1037,2023-05-04,2023-09-30,0
C1037,2023-05-04,2023-10-31,0
C1037,2023-05-04,2023-11-30,0
C1037,2023-05-04,2023-12-31,0
C1037,2023-05-04,2024-01-31,16
C1037,2023-05-04,2024-02-29,0
C1037,2023-05-04,2024-03-31,10
C1037,2023-05-04,2024-04-30,0
C1037,2023-05-04,2024-05-31,0
C1037,2023-05-04,2024-06-30,0
C1037,2023-05-04,2024-07-31,0
C1037,2023-05-04,2024-08-31,0
C1037,2023-05-04,2024-09-30,0
C1037,2023-05-04,2024-10-31,0
C1037,2023-05-04,2024-11-30,0
C1037,2023-05-04,2024-12-31,0
C1037,2023-05-04,2025-01-31,0
C1037,2023-05-04,2025-02-28,0
C1037,2023-05-04,2025-03-31,0
C1037,2023-05-04,2025-04-30,0
C1037,2023-05-04,2025-05-31,25
C1037,2023-05-04,2025-06-30,19
C1037,2023-05-04,2025-07-31,0
C1037,2023-05-04,2025-08-31,0
C1037,2023-05-04,2025-09-30,0
C1037,2023-05-04,2025-10-31,0
C1037,2023-05-04,2025-11-30,0
C1037,2023-05-04,2025-12-31,0
C1038,2024-04-02,2024-04-30,0
C1038,2024-04-02,2024-05-31,0
C1038,2024-04-02,2024-06-30,0
C1038,2024-04-02,2024-07-31,0
C1038,2024-04-02,2024-08-31,0
C1038,2024-04-02,2024-09-30,1
C1038,2024-04-02,2024-10-31,0
C1038,2024-04-02,2024-11-30,0
C1038,2024-04-02,2024-12-31,0
C1038,2024-04-02,2025-01-31,0
C1038,2024-04-02,2025-02-28,0
C1038,2024-04-02,2025-03-31,0
C1038,2024-04-02,2025-04-30,0
C1038,2024-04-02,2025-05-31,0
C1038,2024-04-02,2025-06-30,0
C1038,2024-04-02,2025-07-31,0
C1038,2024-04-02,2025-08-31,0
C1038,2024-04-02,2025-09-30,0
C1038,2024-04-02,2025-10-31,0
C1038,2024-04-02,2025-11-30,0
C1038,2024-04-02,2025-12-31,0
C1039,2023-04-28,2023-04-30,43
C1039,2023-04-28,2023-05-31,4
C1039,2023-04-28,2023-06-30,0
C1039,2023-04-28,2023-07-31,0
C1039,2023-04-28,2023-08-31,0
C1039,2023-04-28,2023-09-30,0
C1039,2023-04-28,2023-10-31,0
C1039,2023-04-28,2023-11-30,0
C1039,2023-04-28,2023-12-31,0
C1039,2023-04-28,2024-01-31,0
C1039,2023-04-28,2024-02-29,0
C1039,2023-04-28,2024-03-31,0
C1039,2023-04-28,2024-04-30,0
C1039,2023-04-28,2024-05-31,0
C1039,2023-04-28,2024-06-30,0
C1039,2023-04-28,2024-07-31,0
C1039,2023-04-28,2024-08-31,51
C1039,2023-04-28,2024-09-30,24
C1039,2023-04-28,2024-10-31,0
C1039,2023-04-28,2024-11-30,20
C1039,2023-04-28,2024-12-31,0
C1039,2023-04-28,2025-01-31,0
C1039,2023-04-28,2025-02-28,0
C1039,2023-04-28,2025-03-31,0
C1039,2023-04-28,2025-04-30,0
C1039,2023-04-28,2025-05-31,0
C1039,2023-04-28,2025-06-30,0
C1039,2023-04-28,2025-07-31,0
C1039,2023-04-28,2025-08-31,0
C1039,2023-04-28,2025-09-30,0
C1039,2023-04-28,2025-10-31,0
C1039,2023-04-28,2025-11-30,0
C1039,2023-04-28,2025-12-31,7
C1040,2025-01-17,2025-01-31,71
C1040,2025-01-17,2025-02-28,107
C1041,2025-05-12,2025-05-31,16
C1041,2025-05-12,2025-06-30,0
C1041,2025-05-12,2025-07-31,0
C1041,2025-05-12,2025-08-31,0
C1041,2025-05-12,2025-09-30,0
C1041,2025-05-12,2025-10-31,0
C1041,2025-05-12,2025-11-30,0
C1041,2025-05-12,2025-12-31,0
C1042,2023-10-02,2023-10-31,16
C1042,2023-10-02,2023-11-30,0
C1042,2023-10-02,2023-12-31,0
C1042,2023-10-02,2024-01-31,0
C1042,2023-10-02,2024-02-29,10
C1042,2023-10-02,2024-03-31,0
C1042,2023-10-02,2024-04-30,0
C1042,2023-10-02,2024-05-31,0
C1042,2023-10-02,2024-06-30,0
C1042,2023-10-02,2024-07-31,0
C1042,2023-10-02,2024-08-31,0
C1042,2023-10-02,2024-09-30,0
C1042,2023-10-02,2024-10-31,22
C1042,2023-10-02,2024-11-30,55
C1042,2023-10-02,2024-12-31,69
C1042,2023-10-02,2025-01-31,97
C1043,2024-10-27,2024-10-31,0
C1043,2024-10-27,2024-11-30,0
C1043,2024-10-27,2024-12-31,0
C1043,2024-10-27,2025-01-31,0
C1043,2024-10-27,2025-02-28,0
C1043,2024-10-27,2025-03-31,0
C1043,2024-10-27,2025-04-30,0
C1043,2024-10-27,2025-05-31,0
C1043,2024-10-27,2025-06-30,8
C1043,2024-10-27,2025-07-31,0
C1043,2024-10-27,2025-08-31,0
C1043,2024-10-27,2025-09-30,0
C1043,2024-10-27,2025-10-31,4
C1043,2024-10-27,2025-11-30,0
C1043,2024-10-27,2025-12-31,0
C1044,2024-03-12,2024-03-31,0
C1044,2024-03-12,2024-04-30,7
C1044,2024-03-12,2024-05-31,0
C1044,2024-03-12,2024-06-30,16
C1044,2024-03-12,2024-07-31,28
C1044,2024-03-12,2024-08-31,0
C1044,2024-03-12,2024-09-30,0
C1044,2024-03-12,2024-10-31,0
C1044,2024-03-12,2024-11-30,0
C1044,2024-03-12,2024-12-31,0
C1044,2024-03-12,2025-01-31,50
C1044,2024-03-12,2025-02-28,0
C1044,2024-03-12,2025-03-31,0
C1044,2024-03-12,2025-04-30,0
C1044,2024-03-12,2025-05-31,11
C1044,2024-03-12,2025-06-30,0
C1044,2024-03-12,2025-07-31,0
C1044,2024-03-12,2025-08-31,0
C1044,2024-03-12,2025-09-30,0
C1044,2024-03-12,2025-10-31,0
C1044,2024-03-12,2025-11-30,0
C1044,2024-03-12,2025-12-31,0
C1045,2024-01-01,2024-01-31,0
C1045,2024-01-01,2024-02-29,0
C1045,2024-01-01,2024-03-31,0
C1045,2024-01-01,2024-04-30,0
C1045,2024-01-01,2024-05-31,0
C1045,2024-01-01,2024-06-30,0
C1045,2024-01-01,2024-07-31,28
C1045,2024-01-01,2024-08-31,0
C1045,2024-01-01,2024-09-30,0
C1045,2024-01-01,2024-10-31,0
C1045,2024-01-01,2024-11-30,0
C1045,2024-01-01,2024-12-31,0
C1045,2024-01-01,2025-01-31,13
C1045,2024-01-01,2025-02-28,0
C1045,2024-01-01,2025-03-31,0
C1045,2024-01-01,2025-04-30,0
C1045,2024-01-01,2025-05-31,0
C1045,2024-01-01,2025-06-30,0
C1045,2024-01-01,2025-07-31,0
C1045,2024-01-01,2025-08-31,0
C1045,2024-01-01,2025-09-30,0
C1045,2024-01-01,2025-10-31,0
C1045,2024-01-01,2025-11-30,0
C1045,2024-01-01,2025-12-31,0
C1046,2024-12-24,2024-12-31,0
C1046,2024-12-24,2025-01-31,0
C1046,2024-12-24,2025-02-28,0
C1046,2024-12-24,2025-03-31,20
C1046,2024-12-24,2025-04-30,0
C1046,2024-12-24,2025-05-31,0
C1046,2024-12-24,2025-06-30,0
C1046,2024-12-24,2025-07-31,0
C1046,2024-12-24,2025-08-31,0
C1046,2024-12-24,2025-09-30,0
C1046,2024-12-24,2025-10-31,23
C1046,2024-12-24,2025-11-30,0
C1046,2024-12-24,2025-12-31,0
C1047,2023-12-17,2023-12-31,13
C1047,2023-12-17,2024-01-31,0
C1047,2023-12-17,2024-02-29,14
C1047,2023-12-17,2024-03-31,0
C1047,2023-12-17,2024-04-30,0
C1047,2023-12-17,2024-05-31,0
C1047,2023-12-17,2024-06-30,0
C1047,2023-12-17,2024-07-31,10
C1047,2023-12-17,2024-08-31,0
C1047,2023-12-17,2024-09-30,0
C1047,2023-12-17,2024-10-31,4
C1047,2023-12-17,2024-11-30,0
C1047,2023-12-17,2024-12-31,0
C1047,2023-12-17,2025-01-31,12
C1047,2023-12-17,2025-02-28,57
C1047,2023-12-17,2025-03-31,80
C1047,2023-12-17,2025-04-30,118
C1048,2024-02-07,2024-02-29,0
C1048,2024-02-07,2024-03-31,0
C1048,2024-02-07,2024-04-30,0
C1048,2024-02-07,2024-05-31,0
C1048,2024-02-07,2024-06-30,0
C1048,2024-02-07,2024-07-31,0
C1048,2024-02-07,2024-08-31,0
C1048,2024-02-07,2024-09-30,0
C1048,2024-02-07,2024-10-31,0
C1048,2024-02-07,2024-11-30,49
C1048,2024-02-07,2024-12-31,0
C1048,2024-02-07,2025-01-31,0
C1048,2024-02-07,2025-02-28,0
C1048,2024-02-07,2025-03-31,0
C1048,2024-02-07,2025-04-30,44
C1048,2024-02-07,2025-05-31,0
C1048,2024-02-07,2025-06-30,0
C1048,2024-02-07,2025-07-31,0
C1048,2024-02-07,2025-08-31,0
C1048,2024-02-07,2025-09-30,0
C1048,2024-02-07,2025-10-31,28
C1048,2024-02-07,2025-11-30,0
C1048,2024-02-07,2025-12-31,0
C1049,2025-06-21,2025-06-30,0
C1049,2025-06-21,2025-07-31,25
C1049,2025-06-21,2025-08-31,0
C1049,2025-06-21,2025-09-30,0
C1049,2025-06-21,2025-10-31,0
C1049,2025-06-21,2025-11-30,21
C1049,2025-06-21,2025-12-31,0
C1050,2023-03-28,2023-03-31,0
C1050,2023-03-28,2023-04-30,0
C1050,2023-03-28,2023-05-31,0
C1050,2023-03-28,2023-06-30,44
C1050,2023-03-28,2023-07-31,36
C1050,2023-03-28,2023-08-31,0
C1050,2023-03-28,2023-09-30,23
C1050,2023-03-28,2023-10-31,0
C1050,2023-03-28,2023-11-30,3
C1050,2023-03-28,2023-12-31,0
C1050,2023-03-28,2024-01-31,0
C1050,2023-03-28,2024-02-29,0
C1050,2023-03-28,2024-03-31,13
C1050,2023-03-28,2024-04-30,79
C1050,2023-03-28,2024-05-31,0
C1050,2023-03-28,2024-06-30,0
C1050,2023-03-28,2024-07-31,0
C1050,2023-03-28,2024-08-31,9
C1050,2023-03-28,2024-09-30,0
C1050,2023-03-28,2024-10-31,0
C1050,2023-03-28,2024-11-30,0
C1050,2023-03-28,2024-12-31,0
C1050,2023-03-28,2025-01-31,41
C1050,2023-03-28,2025-02-28,58
C1050,2023-03-28,2025-03-31,77
C1050,2023-03-28,2025-04-30,108
C1051,2024-04-11,2024-04-30,0
C1051,2024-04-11,2024-05-31,0
C1051,2024-04-11,2024-06-30,0
C1051,2024-04-11,2024-07-31,0
C1051,2024-04-11,2024-08-31,0
C1051,2024-04-11,2024-09-30,0
C1051,2024-04-11,2024-10-31,0
C1051,2024-04-11,2024-11-30,0
C1051,2024-04-11,2024-12-31,0
C1051,2024-04-11,2025-01-31,0
C1051,2024-04-11,2025-02-28,25
C1051,2024-04-11,2025-03-31,0
C1051,2024-04-11,2025-04-30,0
C1051,2024-04-11,2025-05-31,6
C1051,2024-04-11,2025-06-30,12
C1051,2024-04-11,2025-07-31,18
C1051,2024-04-11,2025-08-31,0
C1051,2024-04-11,2025-09-30,0
C1051,2024-04-11,2025-10-31,57
C1051,2024-04-11,2025-11-30,0
C1051,2024-04-11,2025-12-31,0
C1052,2024-10-27,2024-10-31,34
C1052,2024-10-27,2024-11-30,27
C1052,2024-10-27,2024-12-31,0
C1052,2024-10-27,2025-01-31,0
C1052,2024-10-27,2025-02-28,0
C1052,2024-10-27,2025-03-31,11
C1052,2024-10-27,2025-04-30,0
C1052,2024-10-27,2025-05-31,11
C1052,2024-10-27,2025-06-30,44
C1052,2024-10-27,2025-07-31,0
C1052,2024-10-27,2025-08-31,0
C1052,2024-10-27,2025-09-30,0
C1052,2024-10-27,2025-10-31,40
C1052,2024-10-27,2025-11-30,43
C1052,2024-10-27,2025-12-31,0
C1053,2025-01-20,2025-01-31,0
C1053,2025-01-20,2025-02-28,0
C1053,2025-01-20,2025-03-31,0
C1053,2025-01-20,2025-04-30,0
C1053,2025-01-20,2025-05-31,0
C1053,2025-01-20,2025-06-30,30
C1053,2025-01-20,2025-07-31,0
C1053,2025-01-20,2025-08-31,28
C1053,2025-01-20,2025-09-30,0
C1053,2025-01-20,2025-10-31,0
C1053,2025-01-20,2025-11-30,0
C1053,2025-01-20,2025-12-31,5
C1054,2025-04-19,2025-04-30,0
C1054,2025-04-19,2025-05-31,0
C1054,2025-04-19,2025-06-30,27
C1054,2025-04-19,2025-07-31,0
C1054,2025-04-19,2025-08-31,13
C1054,2025-04-19,2025-09-30,47
C1054,2025-04-19,2025-10-31,71
C1054,2025-04-19,2025-11-30,104
C1055,2024-01-12,2024-01-31,0
C1055,2024-01-12,2024-02-29,0
C1055,2024-01-12,2024-03-31,0
C1055,2024-01-12,2024-04-30,0
C1055,2024-01-12,2024-05-31,0
C1055,2024-01-12,2024-06-30,0
C1055,2024-01-12,2024-07-31,0
C1055,2024-01-12,2024-08-31,39
C1055,2024-01-12,2024-09-30,0
C1055,2024-01-12,2024-10-31,0
C1055,2024-01-12,2024-11-30,0
C1055,2024-01-12,2024-12-31,0
C1055,2024-01-12,2025-01-31,0
C1055,2024-01-12,2025-02-28,0
C1055,2024-01-12,2025-03-31,0
C1055,2024-01-12,2025-04-30,0
C1055,2024-01-12,2025-05-31,0
C1055,2024-01-12,2025-06-30,0
C1055,2024-01-12,2025-07-31,0
C1055,2024-01-12,2025-08-31,0
C1055,2024-01-12,2025-09-30,0
C1055,2024-01-12,2025-10-31,0
C1055,2024-01-12,2025-11-30,0
C1055,2024-01-12,2025-12-31,0
C1056,2023-10-23,2023-10-31,0
C1056,2023-10-23,2023-11-30,0
C1056,2023-10-23,2023-12-31,0
C1056,2023-10-23,2024-01-31,0
C1056,2023-10-23,2024-02-29,0
C1056,2023-10-23,2024-03-31,0
C1056,2023-10-23,2024-04-30,0
C1056,2023-10-23,2024-05-31,56
C1056,2023-10-23,2024-06-30,0
C1056,2023-10-23,2024-07-31,0
C1056,2023-10-23,2024-08-31,0
C1056,2023-10-23,2024-09-30,0
C1056,2023-10-23,2024-10-31,0
C1056,2023-10-23,2024-11-30,0
C1056,2023-10-23,2024-12-31,0
C1056,2023-10-23,2025-01-31,0
C1056,2023-10-23,2025-02-28,0
C1056,2023-10-23,2025-03-31,0
C1056,2023-10-23,2025-04-30,0
C1056,2023-10-23,2025-05-31,0
C1056,2023-10-23,2025-06-30,4
C1056,2023-10-23,2025-07-31,0
C1056,2023-10-23,2025-08-31,0
C1056,2023-10-23,2025-09-30,0
C1056,2023-10-23,2025-10-31,0
C1056,2023-10-23,2025-11-30,0
C1056,2023-10-23,2025-12-31,0
C1057,2023-11-28,2023-11-30,0
C1057,2023-11-28,2023-12-31,0
C1057,2023-11-28,2024-01-31,0
C1057,2023-11-28,2024-02-29,0
C1057,2023-11-28,2024-03-31,0
C1057,2023-11-28,2024-04-30,0
C1057,2023-11-28,2024-05-31,0
C1057,2023-11-28,2024-06-30,0
C1057,2023-11-28,2024-07-31,58
C1057,2023-11-28,2024-08-31,0
C1057,2023-11-28,2024-09-30,0
C1057,2023-11-28,2024-10-31,20
C1057,2023-11-28,2024-11-30,43
C1057,2023-11-28,2024-12-31,0
C1057,2023-11-28,2025-01-31,0
C1057,2023-11-28,2025-02-28,0
C1057,2023-11-28,2025-03-31,18
C1057,2023-11-28,2025-04-30,49
C1057,2023-11-28,2025-05-31,76
C1057,2023-11-28,2025-06-30,104
C1058,2024-12-15,2024-12-31,0
C1058,2024-12-15,2025-01-31,0
C1058,2024-12-15,2025-02-28,0
C1058,2024-12-15,2025-03-31,0
C1058,2024-12-15,2025-04-30,0
C1058,2024-12-15,2025-05-31,0
C1058,2024-12-15,2025-06-30,51
C1058,2024-12-15,2025-07-31,0
C1058,2024-12-15,2025-08-31,0
C1058,2024-12-15,2025-09-30,0
C1058,2024-12-15,2025-10-31,0
C1058,2024-12-15,2025-11-30,0
C1058,2024-12-15,2025-12-31,0
C1059,2023-01-22,2023-01-31,89
C1059,2023-01-22,2023-02-28,101
C1060,2023-12-26,2023-12-31,0
C1060,2023-12-26,2024-01-31,0
C1060,2023-12-26,2024-02-29,0
C1060,2023-12-26,2024-03-31,0
C1060,2023-12-26,2024-04-30,0
C1060,2023-12-26,2024-05-31,0
C1060,2023-12-26,2024-06-30,0
C1060,2023-12-26,2024-07-31,0
C1060,2023-12-26,2024-08-31,0
C1060,2023-12-26,2024-09-30,0
C1060,2023-12-26,2024-10-31,0
C1060,2023-12-26,2024-11-30,0
C1060,2023-12-26,2024-12-31,17
C1060,2023-12-26,2025-01-31,0
C1060,2023-12-26,2025-02-28,0
C1060,2023-12-26,2025-03-31,0
C1060,2023-12-26,2025-04-30,0
C1060,2023-12-26,2025-05-31,0
C1060,2023-12-26,2025-06-30,0
C1060,2023-12-26,2025-07-31,0
C1060,2023-12-26,2025-08-31,10
C1060,2023-12-26,2025-09-30,0
C1060,2023-12-26,2025-10-31,19
C1060,2023-12-26,2025-11-30,0
C1060,2023-12-26,2025-12-31,0
C1061,2025-03-25,2025-03-31,0
C1061,2025-03-25,2025-04-30,9
C1061,2025-03-25,2025-05-31,0
C1061,2025-03-25,2025-06-30,0
C1061,2025-03-25,2025-07-31,0
C1061,2025-03-25,2025-08-31,0
C1061,2025-03-25,2025-09-30,0
C1061,2025-03-25,2025-10-31,0
C1061,2025-03-25,2025-11-30,0
C1061,2025-03-25,2025-12-31,0
C1062,2023-06-08,2023-06-30,0
C1062,2023-06-08,2023-07-31,23
C1062,2023-06-08,2023-08-31,27
C1062,2023-06-08,2023-09-30,0
C1062,2023-06-08,2023-10-31,0
C1062,2023-06-08,2023-11-30,0
C1062,2023-06-08,2023-12-31,7
C1062,2023-06-08,2024-01-31,0
C1062,2023-06-08,2024-02-29,0
C1062,2023-06-08,2024-03-31,0
C1062,2023-06-08,2024-04-30,0
C1062,2023-06-08,2024-05-31,0
C1062,2023-06-08,2024-06-30,0
C1062,2023-06-08,2024-07-31,0
C1062,2023-06-08,2024-08-31,0
C1062,2023-06-08,2024-09-30,0
C1062,2023-06-08,2024-10-31,0
C1062,2023-06-08,2024-11-30,12
C1062,2023-06-08,2024-12-31,0
C1062,2023-06-08,2025-01-31,23
C1062,2023-06-08,2025-02-28,0
C1062,2023-06-08,2025-03-31,0
C1062,2023-06-08,2025-04-30,0
C1062,2023-06-08,2025-05-31,0
C1062,2023-06-08,2025-06-30,0
C1062,2023-06-08,2025-07-31,0
C1062,2023-06-08,2025-08-31,0
C1062,2023-06-08,2025-09-30,0
C1062,2023-06-08,2025-10-31,0
C1062,2023-06-08,2025-11-30,0
C1062,2023-06-08,2025-12-31,0
C1063,2023-07-11,2023-07-31,0
C1063,2023-07-11,2023-08-31,0
C1063,2023-07-11,2023-09-30,0
C1063,2023-07-11,2023-10-31,24
C1063,2023-07-11,2023-11-30,0
C1063,2023-07-11,2023-12-31,0
C1063,2023-07-11,2024-01-31,0
C1063,2023-07-11,2024-02-29,63
C1063,2023-07-11,2024-03-31,4
C1063,2023-07-11,2024-04-30,0
C1063,2023-07-11,2024-05-31,0
C1063,2023-07-11,2024-06-30,0
C1063,2023-07-11,2024-07-31,27
C1063,2023-07-11,2024-08-31,13
C1063,2023-07-11,2024-09-30,0
C1063,2023-07-11,2024-10-31,0
C1063,2023-07-11,2024-11-30,0
C1063,2023-07-11,2024-12-31,0
C1063,2023-07-11,2025-01-31,0
C1063,2023-07-11,2025-02-28,26
C1063,2023-07-11,2025-03-31,0
C1063,2023-07-11,2025-04-30,0
C1063,2023-07-11,2025-05-31,0
C1063,2023-07-11,2025-06-30,0
C1063,2023-07-11,2025-07-31,0
C1063,2023-07-11,2025-08-31,55
C1063,2023-07-11,2025-09-30,0
C1063,2023-07-11,2025-10-31,39
C1063,2023-07-11,2025-11-30,0
C1063,2023-07-11,2025-12-31,0
C1064,2023-06-17,2023-06-30,0
C1064,2023-06-17,2023-07-31,0
C1064,2023-06-17,2023-08-31,0
C1064,2023-06-17,2023-09-30,0
C1064,2023-06-17,2023-10-31,0
C1064,2023-06-17,2023-11-30,0
C1064,2023-06-17,2023-12-31,0
C1064,2023-06-17,2024-01-31,0
C1064,2023-06-17,2024-02-29,0
C1064,2023-06-17,2024-03-31,0
C1064,2023-06-17,2024-04-30,0
C1064,2023-06-17,2024-05-31,0
C1064,2023-06-17,2024-06-30,0
C1064,2023-06-17,2024-07-31,0
C1064,2023-06-17,2024-08-31,8
C1064,2023-06-17,2024-09-30,19
C1064,2023-06-17,2024-10-31,57
C1064,2023-06-17,2024-11-30,53
C1064,2023-06-17,2024-12-31,76
C1064,2023-06-17,2025-01-31,94
C1065,2024-07-11,2024-07-31,0
C1065,2024-07-11,2024-08-31,0
C1065,2024-07-11,2024-09-30,0
C1065,2024-07-11,2024-10-31,0
C1065,2024-07-11,2024-11-30,0
C1065,2024-07-11,2024-12-31,0
C1065,2024-07-11,2025-01-31,0
C1065,2024-07-11,2025-02-28,0
C1065,2024-07-11,2025-03-31,0
C1065,2024-07-11,2025-04-30,0
C1065,2024-07-11,2025-05-31,0
C1065,2024-07-11,2025-06-30,0
C1065,2024-07-11,2025-07-31,0
C1065,2024-07-11,2025-08-31,0
C1065,2024-07-11,2025-09-30,58
C1065,2024-07-11,2025-10-31,0
C1065,2024-07-11,2025-11-30,36
C1065,2024-07-11,2025-12-31,0
C1066,2025-04-04,2025-04-30,0
C1066,2025-04-04,2025-05-31,0
C1066,2025-04-04,2025-06-30,0
C1066,2025-04-04,2025-07-31,0
C1066,2025-04-04,2025-08-31,0
C1066,2025-04-04,2025-09-30,24
C1066,2025-04-04,2025-10-31,9
C1066,2025-04-04,2025-11-30,0
C1066,2025-04-04,2025-12-31,0
C1067,2024-10-22,2024-10-31,0
C1067,2024-10-22,2024-11-30,0
C1067,2024-10-22,2024-12-31,26
C1067,2024-10-22,2025-01-31,0
C1067,2024-10-22,2025-02-28,0
C1067,2024-10-22,2025-03-31,0
C1067,2024-10-22,2025-04-30,0
C1067,2024-10-22,2025-05-31,0
C1067,2024-10-22,2025-06-30,0
C1067,2024-10-22,2025-07-31,0
C1067,2024-10-22,2025-08-31,0
C1067,2024-10-22,2025-09-30,0
C1067,2024-10-22,2025-10-31,20
C1067,2024-10-22,2025-11-30,21
C1067,2024-10-22,2025-12-31,0
C1068,2024-12-13,2024-12-31,0
C1068,2024-12-13,2025-01-31,0
C1068,2024-12-13,2025-02-28,0
C1068,2024-12-13,2025-03-31,24
C1068,2024-12-13,2025-04-30,0
C1068,2024-12-13,2025-05-31,23
C1068,2024-12-13,2025-06-30,0
C1068,2024-12-13,2025-07-31,0
C1068,2024-12-13,2025-08-31,21
C1068,2024-12-13,2025-09-30,57
C1068,2024-12-13,2025-10-31,84
C1068,2024-12-13,2025-11-30,106
C1069,2023-12-27,2023-12-31,0
C1069,2023-12-27,2024-01-31,0
C1069,2023-12-27,2024-02-29,0
C1069,2023-12-27,2024-03-31,49
C1069,2023-12-27,2024-04-30,0
C1069,2023-12-27,2024-05-31,0
C1069,2023-12-27,2024-06-30,0
C1069,2023-12-27,2024-07-31,0
C1069,2023-12-27,2024-08-31,0
C1069,2023-12-27,2024-09-30,0
C1069,2023-12-27,2024-10-31,0
C1069,2023-12-27,2024-11-30,24
C1069,2023-12-27,2024-12-31,0
C1069,2023-12-27,2025-01-31,0
C1069,2023-12-27,2025-02-28,0
C1069,2023-12-27,2025-03-31,0
C1069,2023-12-27,2025-04-30,48
C1069,2023-12-27,2025-05-31,0
C1069,2023-12-27,2025-06-30,0
C1069,2023-12-27,2025-07-31,0
C1069,2023-12-27,2025-08-31,0
C1069,2023-12-27,2025-09-30,0
C1069,2023-12-27,2025-10-31,0
C1069,2023-12-27,2025-11-30,0
C1069,2023-12-27,2025-12-31,0
C1070,2023-09-01,2023-09-30,0
C1070,2023-09-01,2023-10-31,0
C1070,2023-09-01,2023-11-30,0
C1070,2023-09-01,2023-12-31,0
C1070,2023-09-01,2024-01-31,20
C1070,2023-09-01,2024-02-29,0
C1070,2023-09-01,2024-03-31,0
C1070,2023-09-01,2024-04-30,0
C1070,2023-09-01,2024-05-31,0
C1070,2023-09-01,2024-06-30,0
C1070,2023-09-01,2024-07-31,0
C1070,2023-09-01,2024-08-31,0
C1070,2023-09-01,2024-09-30,0
C1070,2023-09-01,2024-10-31,0
C1070,2023-09-01,2024-11-30,0
C1070,2023-09-01,2024-12-31,0
C1070,2023-09-01,2025-01-31,0
C1070,2023-09-01,2025-02-28,0
C1070,2023-09-01,2025-03-31,15
C1070,2023-09-01,2025-04-30,29
C1070,2023-09-01,2025-05-31,0
C1070,2023-09-01,2025-06-30,0
C1070,2023-09-01,2025-07-31,10
C1070,2023-09-01,2025-08-31,0
C1070,2023-09-01,2025-09-30,0
C1070,2023-09-01,2025-10-31,0
C1070,2023-09-01,2025-11-30,0
C1070,2023-09-01,2025-12-31,0
C1071,2024-07-04,2024-07-31,0
C1071,2024-07-04,2024-08-31,0
C1071,2024-07-04,2024-09-30,78
C1071,2024-07-04,2024-10-31,0
C1071,2024-07-04,2024-11-30,0
C1071,2024-07-04,2024-12-31,0
C1071,2024-07-04,2025-01-31,0
C1071,2024-07-04,2025-02-28,0
C1071,2024-07-04,2025-03-31,0
C1071,2024-07-04,2025-04-30,0
C1071,2024-07-04,2025-05-31,0
C1071,2024-07-04,2025-06-30,0
C1071,2024-07-04,2025-07-31,0
C1071,2024-07-04,2025-08-31,0
C1071,2024-07-04,2025-09-30,0
C1071,2024-07-04,2025-10-31,0
C1071,2024-07-04,2025-11-30,0
C1071,2024-07-04,2025-12-31,0
C1072,2024-10-14,2024-10-31,13
C1072,2024-10-14,2024-11-30,0
C1072,2024-10-14,2024-12-31,0
C1072,2024-10-14,2025-01-31,0
C1072,2024-10-14,2025-02-28,0
C1072,2024-10-14,2025-03-31,0
C1072,2024-10-14,2025-04-30,0
C1072,2024-10-14,2025-05-31,0
C1072,2024-10-14,2025-06-30,0
C1072,2024-10-14,2025-07-31,28
C1072,2024-10-14,2025-08-31,56
C1072,2024-10-14,2025-09-30,88
C1072,2024-10-14,2025-10-31,102
C1073,2024-09-12,2024-09-30,0
C1073,2024-09-12,2024-10-31,0
C1073,2024-09-12,2024-11-30,56
C1073,2024-09-12,2024-12-31,0
C1073,2024-09-12,2025-01-31,17
C1073,2024-09-12,2025-02-28,47
C1073,2024-09-12,2025-03-31,68
C1073,2024-09-12,2025-04-30,101
C1074,2023-02-11,2023-02-28,0
C1074,2023-02-11,2023-03-31,52
C1074,2023-02-11,2023-04-30,0
C1074,2023-02-11,2023-05-31,0
C1074,2023-02-11,2023-06-30,0
C1074,2023-02-11,2023-07-31,0
C1074,2023-02-11,2023-08-31,0
C1074,2023-02-11,2023-09-30,2
C1074,2023-02-11,2023-10-31,0
C1074,2023-02-11,2023-11-30,0
C1074,2023-02-11,2023-12-31,0
C1074,2023-02-11,2024-01-31,0
C1074,2023-02-11,2024-02-29,0
C1074,2023-02-11,2024-03-31,0
C1074,2023-02-11,2024-04-30,0
C1074,2023-02-11,2024-05-31,0
C1074,2023-02-11,2024-06-30,0
C1074,2023-02-11,2024-07-31,0
C1074,2023-02-11,2024-08-31,0
C1074,2023-02-11,2024-09-30,0
C1074,2023-02-11,2024-10-31,56
C1074,2023-02-11,2024-11-30,48
C1074,2023-02-11,2024-12-31,56
C1074,2023-02-11,2025-01-31,88
C1074,2023-02-11,2025-02-28,110
C1075,2024-12-07,2024-12-31,0
C1075,2024-12-07,2025-01-31,0
C1075,2024-12-07,2025-02-28,0
C1075,2024-12-07,2025-03-31,0
C1075,2024-12-07,2025-04-30,0
C1075,2024-12-07,2025-05-31,0
C1075,2024-12-07,2025-06-30,0
C1075,2024-12-07,2025-07-31,57
C1075,2024-12-07,2025-08-31,4
C1075,2024-12-07,2025-09-30,6
C1075,2024-12-07,2025-10-31,0
C1075,2024-12-07,2025-11-30,0
C1075,2024-12-07,2025-12-31,0
C1076,2023-08-22,2023-08-31,0
C1076,2023-08-22,2023-09-30,0
C1076,2023-08-22,2023-10-31,0
C1076,2023-08-22,2023-11-30,51
C1076,2023-08-22,2023-12-31,0
C1076,2023-08-22,2024-01-31,0
C1076,2023-08-22,2024-02-29,0
C1076,2023-08-22,2024-03-31,0
C1076,2023-08-22,2024-04-30,0
C1076,2023-08-22,2024-05-31,0
C1076,2023-08-22,2024-06-30,0
C1076,2023-08-22,2024-07-31,0
C1076,2023-08-22,2024-08-31,0
C1076,2023-08-22,2024-09-30,0
C1076,2023-08-22,2024-10-31,0
C1076,2023-08-22,2024-11-30,0
C1076,2023-08-22,2024-12-31,0
C1076,2023-08-22,2025-01-31,56
C1076,2023-08-22,2025-02-28,0
C1076,2023-08-22,2025-03-31,0
C1076,2023-08-22,2025-04-30,0
C1076,2023-08-22,2025-05-31,0
C1076,2023-08-22,2025-06-30,0
C1076,2023-08-22,2025-07-31,0
C1076,2023-08-22,2025-08-31,86
C1076,2023-08-22,2025-09-30,24
C1076,2023-08-22,2025-10-31,58
C1076,2023-08-22,2025-11-30,74
C1076,2023-08-22,2025-12-31,95
C1077,2023-11-28,2023-11-30,86
C1077,2023-11-28,2023-12-31,42
C1077,2023-11-28,2024-01-31,0
C1077,2023-11-28,2024-02-29,0
C1077,2023-11-28,2024-03-31,0
C1077,2023-11-28,2024-04-30,0
C1077,2023-11-28,2024-05-31,0
C1077,2023-11-28,2024-06-30,0
C1077,2023-11-28,2024-07-31,0
C1077,2023-11-28,2024-08-31,0
C1077,2023-11-28,2024-09-30,0
C1077,2023-11-28,2024-10-31,0
C1077,2023-11-28,2024-11-30,0
C1077,2023-11-28,2024-12-31,0
C1077,2023-11-28,2025-01-31,0
C1077,2023-11-28,2025-02-28,0
C1077,2023-11-28,2025-03-31,0
C1077,2023-11-28,2025-04-30,13
C1077,2023-11-28,2025-05-31,0
C1077,2023-11-28,2025-06-30,0
C1077,2023-11-28,2025-07-31,0
C1077,2023-11-28,2025-08-31,0
C1077,2023-11-28,2025-09-30,16
C1077,2023-11-28,2025-10-31,0
C1077,2023-11-28,2025-11-30,86
C1077,2023-11-28,2025-12-31,0
C1078,2023-05-13,2023-05-31,0
C1078,2023-05-13,2023-06-30,0
C1078,2023-05-13,2023-07-31,21
C1078,2023-05-13,2023-08-31,30
C1078,2023-05-13,2023-09-30,62
C1078,2023-05-13,2023-10-31,113
C1079,2024-08-03,2024-08-31,0
C1079,2024-08-03,2024-09-30,29
C1079,2024-08-03,2024-10-31,0
C1079,2024-08-03,2024-11-30,0
C1079,2024-08-03,2024-12-31,0
C1079,2024-08-03,2025-01-31,0
C1079,2024-08-03,2025-02-28,0
C1079,2024-08-03,2025-03-31,0
C1079,2024-08-03,2025-04-30,0
C1079,2024-08-03,2025-05-31,0
C1079,2024-08-03,2025-06-30,0
C1079,2024-08-03,2025-07-31,0
C1079,2024-08-03,2025-08-31,0
C1079,2024-08-03,2025-09-30,0
C1079,2024-08-03,2025-10-31,0
C1079,2024-08-03,2025-11-30,0
C1079,2024-08-03,2025-12-31,26
C1080,2025-02-08,2025-02-28,0
C1080,2025-02-08,2025-03-31,0
C1080,2025-02-08,2025-04-30,0
C1080,2025-02-08,2025-05-31,0
C1080,2025-02-08,2025-06-30,0
C1080,2025-02-08,2025-07-31,0
C1080,2025-02-08,2025-08-31,6
C1080,2025-02-08,2025-09-30,3
C1080,2025-02-08,2025-10-31,24
C1080,2025-02-08,2025-11-30,0
C1080,2025-02-08,2025-12-31,0
C1081,2024-04-21,2024-04-30,0
C1081,2024-04-21,2024-05-31,7
C1081,2024-04-21,2024-06-30,0
C1081,2024-04-21,2024-07-31,10
C1081,2024-04-21,2024-08-31,0
C1081,2024-04-21,2024-09-30,0
C1081,2024-04-21,2024-10-31,0
C1081,2024-04-21,2024-11-30,0
C1081,2024-04-21,2024-12-31,0
C1081,2024-04-21,2025-01-31,0
C1081,2024-04-21,2025-02-28,17
C1081,2024-04-21,2025-03-31,22
C1081,2024-04-21,2025-04-30,0
C1081,2024-04-21,2025-05-31,59
C1081,2024-04-21,2025-06-30,0
C1081,2024-04-21,2025-07-31,23
C1081,2024-04-21,2025-08-31,5
C1081,2024-04-21,2025-09-30,0
C1081,2024-04-21,2025-10-31,0
C1081,2024-04-21,2025-11-30,0
C1081,2024-04-21,2025-12-31,0
C1082,2024-11-15,2024-11-30,0
C1082,2024-11-15,2024-12-31,0
C1082,2024-11-15,2025-01-31,0
C1082,2024-11-15,2025-02-28,0
C1082,2024-11-15,2025-03-31,0
C1082,2024-11-15,2025-04-30,0
C1082,2024-11-15,2025-05-31,0
C1082,2024-11-15,2025-06-30,87
C1082,2024-11-15,2025-07-31,0
C1082,2024-11-15,2025-08-31,0
C1082,2024-11-15,2025-09-30,0
C1082,2024-11-15,2025-10-31,0
C1082,2024-11-15,2025-11-30,0
C1082,2024-11-15,2025-12-31,0
C1083,2023-07-10,2023-07-31,72
C1083,2023-07-10,2023-08-31,0
C1083,2023-07-10,2023-09-30,0
C1083,2023-07-10,2023-10-31,0
C1083,2023-07-10,2023-11-30,0
C1083,2023-07-10,2023-12-31,0
C1083,2023-07-10,2024-01-31,0
C1083,2023-07-10,2024-02-29,0
C1083,2023-07-10,2024-03-31,0
C1083,2023-07-10,2024-04-30,0
C1083,2023-07-10,2024-05-31,0
C1083,2023-07-10,2024-06-30,0
C1083,2023-07-10,2024-07-31,0
C1083,2023-07-10,2024-08-31,0
C1083,2023-07-10,2024-09-30,0
C1083,2023-07-10,2024-10-31,0
C1083,2023-07-10,2024-11-30,10
C1083,2023-07-10,2024-12-31,0
C1083,2023-07-10,2025-01-31,0
C1083,2023-07-10,2025-02-28,17
C1083,2023-07-10,2025-03-31,0
C1083,2023-07-10,2025-04-30,0
C1083,2023-07-10,2025-05-31,0
C1083,2023-07-10,2025-06-30,29
C1083,2023-07-10,2025-07-31,0
C1083,2023-07-10,2025-08-31,36
C1083,2023-07-10,2025-09-30,31
C1083,2023-07-10,2025-10-31,0
C1083,2023-07-10,2025-11-30,0
C1083,2023-07-10,2025-12-31,36
C1084,2025-05-12,2025-05-31,0
C1084,2025-05-12,2025-06-30,0
C1084,2025-05-12,2025-07-31,0
C1084,2025-05-12,2025-08-31,0
C1084,2025-05-12,2025-09-30,0
C1084,2025-05-12,2025-10-31,0
C1084,2025-05-12,2025-11-30,19
C1084,2025-05-12,2025-12-31,0
C1085,2024-09-18,2024-09-30,0
C1085,2024-09-18,2024-10-31,0
C1085,2024-09-18,2024-11-30,0
C1085,2024-09-18,2024-12-31,0
C1085,2024-09-18,2025-01-31,0
C1085,2024-09-18,2025-02-28,35
C1085,2024-09-18,2025-03-31,0
C1085,2024-09-18,2025-04-30,0
C1085,2024-09-18,2025-05-31,58
C1085,2024-09-18,2025-06-30,0
C1085,2024-09-18,2025-07-31,0
C1085,2024-09-18,2025-08-31,0
C1085,2024-09-18,2025-09-30,11
C1085,2024-09-18,2025-10-31,48
C1085,2024-09-18,2025-11-30,73
C1085,2024-09-18,2025-12-31,101
C1086,2023-04-21,2023-04-30,0
C1086,2023-04-21,2023-05-31,0
C1086,2023-04-21,2023-06-30,0
C1086,2023-04-21,2023-07-31,0
C1086,2023-04-21,2023-08-31,82
C1086,2023-04-21,2023-09-30,0
C1086,2023-04-21,2023-10-31,0
C1086,2023-04-21,2023-11-30,0
C1086,2023-04-21,2023-12-31,0
C1086,2023-04-21,2024-01-31,14
C1086,2023-04-21,2024-02-29,13
C1086,2023-04-21,2024-03-31,0
C1086,2023-04-21,2024-04-30,43
C1086,2023-04-21,2024-05-31,0
C1086,2023-04-21,2024-06-30,19
C1086,2023-04-21,2024-07-31,0
C1086,2023-04-21,2024-08-31,0
C1086,2023-04-21,2024-09-30,15
C1086,2023-04-21,2024-10-31,0
C1086,2023-04-21,2024-11-30,0
C1086,2023-04-21,2024-12-31,0
C1086,2023-04-21,2025-01-31,0
C1086,2023-04-21,2025-02-28,0
C1086,2023-04-21,2025-03-31,0
C1086,2023-04-21,2025-04-30,75
C1086,2023-04-21,2025-05-31,0
C1086,2023-04-21,2025-06-30,0
C1086,2023-04-21,2025-07-31,0
C1086,2023-04-21,2025-08-31,0
C1086,2023-04-21,2025-09-30,0
C1086,2023-04-21,2025-10-31,0
C1086,2023-04-21,2025-11-30,0
C1086,2023-04-21,2025-12-31,0
C1087,2024-04-22,2024-04-30,0
C1087,2024-04-22,2024-05-31,21
C1087,2024-04-22,2024-06-30,0
C1087,2024-04-22,2024-07-31,0
C1087,2024-04-22,2024-08-31,12
C1087,2024-04-22,2024-09-30,0
C1087,2024-04-22,2024-10-31,0
C1087,2024-04-22,2024-11-30,0
C1087,2024-04-22,2024-12-31,0
C1087,2024-04-22,2025-01-31,0
C1087,2024-04-22,2025-02-28,0
C1087,2024-04-22,2025-03-31,0
C1087,2024-04-22,2025-04-30,0
C1087,2024-04-22,2025-05-31,0
C1087,2024-04-22,2025-06-30,0
C1087,2024-04-22,2025-07-31,45
C1087,2024-04-22,2025-08-31,0
C1087,2024-04-22,2025-09-30,0
C1087,2024-04-22,2025-10-31,0
C1087,2024-04-22,2025-11-30,15
C1087,2024-04-22,2025-12-31,0
C1088,2025-01-28,2025-01-31,0
C1088,2025-01-28,2025-02-28,0
C1088,2025-01-28,2025-03-31,0
C1088,2025-01-28,2025-04-30,0
C1088,2025-01-28,2025-05-31,0
C1088,2025-01-28,2025-06-30,0
C1088,2025-01-28,2025-07-31,0
C1088,2025-01-28,2025-08-31,23
C1088,2025-01-28,2025-09-30,0
C1088,2025-01-28,2025-10-31,0
C1088,2025-01-28,2025-11-30,0
C1088,2025-01-28,2025-12-31,0
C1089,2024-01-20,2024-01-31,0
C1089,2024-01-20,2024-02-29,5
C1089,2024-01-20,2024-03-31,0
C1089,2024-01-20,2024-04-30,31
C1089,2024-01-20,2024-05-31,16
C1089,2024-01-20,2024-06-30,0
C1089,2024-01-20,2024-07-31,0
C1089,2024-01-20,2024-08-31,0
C1089,2024-01-20,2024-09-30,64
C1089,2024-01-20,2024-10-31,0
C1089,2024-01-20,2024-11-30,23
C1089,2024-01-20,2024-12-31,0
C1089,2024-01-20,2025-01-31,0
C1089,2024-01-20,2025-02-28,0
C1089,2024-01-20,2025-03-31,0
C1089,2024-01-20,2025-04-30,0
C1089,2024-01-20,2025-05-31,24
C1089,2024-01-20,2025-06-30,0
C1089,2024-01-20,2025-07-31,0
C1089,2024-01-20,2025-08-31,64
C1089,2024-01-20,2025-09-30,0
C1089,2024-01-20,2025-10-31,0
C1089,2024-01-20,2025-11-30,0
C1089,2024-01-20,2025-12-31,0
C1090,2025-03-27,2025-03-31,0
C1090,2025-03-27,2025-04-30,0
C1090,2025-03-27,2025-05-31,0
C1090,2025-03-27,2025-06-30,0
C1090,2025-03-27,2025-07-31,0
C1090,2025-03-27,2025-08-31,47
C1090,2025-03-27,2025-09-30,0
C1090,2025-03-27,2025-10-31,0
C1090,2025-03-27,2025-11-30,0
C1090,2025-03-27,2025-12-31,0
C1091,2023-08-23,2023-08-31,0
C1091,2023-08-23,2023-09-30,0
C1091,2023-08-23,2023-10-31,0
C1091,2023-08-23,2023-11-30,1
C1091,2023-08-23,2023-12-31,0
C1091,2023-08-23,2024-01-31,0
C1091,2023-08-23,2024-02-29,51
C1091,2023-08-23,2024-03-31,0
C1091,2023-08-23,2024-04-30,5
C1091,2023-08-23,2024-05-31,23
C1091,2023-08-23,2024-06-30,0
C1091,2023-08-23,2024-07-31,0
C1091,2023-08-23,2024-08-31,0
C1091,2023-08-23,2024-09-30,0
C1091,2023-08-23,2024-10-31,0
C1091,2023-08-23,2024-11-30,0
C1091,2023-08-23,2024-12-31,0
C1091,2023-08-23,2025-01-31,0
C1091,2023-08-23,2025-02-28,0
C1091,2023-08-23,2025-03-31,11
C1091,2023-08-23,2025-04-30,0
C1091,2023-08-23,2025-05-31,0
C1091,2023-08-23,2025-06-30,0
C1091,2023-08-23,2025-07-31,0
C1091,2023-08-23,2025-08-31,15
C1091,2023-08-23,2025-09-30,0
C1091,2023-08-23,2025-10-31,0
C1091,2023-08-23,2025-11-30,0
C1091,2023-08-23,2025-12-31,0
C1092,2023-08-12,2023-08-31,0
C1092,2023-08-12,2023-09-30,0
C1092,2023-08-12,2023-10-31,0
C1092,2023-08-12,2023-11-30,0
C1092,2023-08-12,2023-12-31,0
C1092,2023-08-12,2024-01-31,0
C1092,2023-08-12,2024-02-29,0
C1092,2023-08-12,2024-03-31,0
C1092,2023-08-12,2024-04-30,0
C1092,2023-08-12,2024-05-31,0
C1092,2023-08-12,2024-06-30,0
C1092,2023-08-12,2024-07-31,0
C1092,2023-08-12,2024-08-31,0
C1092,2023-08-12,2024-09-30,17
C1092,2023-08-12,2024-10-31,34
C1092,2023-08-12,2024-11-30,89
C1092,2023-08-12,2024-12-31,118
C1093,2025-02-24,2025-02-28,0
C1093,2025-02-24,2025-03-31,0
C1093,2025-02-24,2025-04-30,0
C1093,2025-02-24,2025-05-31,0
C1093,2025-02-24,2025-06-30,0
C1093,2025-02-24,2025-07-31,0
C1093,2025-02-24,2025-08-31,0
C1093,2025-02-24,2025-09-30,0
C1093,2025-02-24,2025-10-31,0
C1093,2025-02-24,2025-11-30,0
C1093,2025-02-24,2025-12-31,26
C1094,2025-03-06,2025-03-31,0
C1094,2025-03-06,2025-04-30,0
C1094,2025-03-06,2025-05-31,29
C1094,2025-03-06,2025-06-30,0
C1094,2025-03-06,2025-07-31,6
C1094,2025-03-06,2025-08-31,22
C1094,2025-03-06,2025-09-30,0
C1094,2025-03-06,2025-10-31,0
C1094,2025-03-06,2025-11-30,30
C1094,2025-03-06,2025-12-31,0
C1095,2024-03-27,2024-03-31,0
C1095,2024-03-27,2024-04-30,0
C1095,2024-03-27,2024-05-31,0
C1095,2024-03-27,2024-06-30,0
C1095,2024-03-27,2024-07-31,0
C1095,2024-03-27,2024-08-31,0
C1095,2024-03-27,2024-09-30,0
C1095,2024-03-27,2024-10-31,0
C1095,2024-03-27,2024-11-30,0
C1095,2024-03-27,2024-12-31,0
C1095,2024-03-27,2025-01-31,0
C1095,2024-03-27,2025-02-28,0
C1095,2024-03-27,2025-03-31,0
C1095,2024-03-27,2025-04-30,0
C1095,2024-03-27,2025-05-31,0
C1095,2024-03-27,2025-06-30,0
C1095,2024-03-27,2025-07-31,0
C1095,2024-03-27,2025-08-31,0
C1095,2024-03-27,2025-09-30,34
C1095,2024-03-27,2025-10-31,19
C1095,2024-03-27,2025-11-30,11
C1095,2024-03-27,2025-12-31,0
C1096,2025-04-27,2025-04-30,0
C1096,2025-04-27,2025-05-31,0
C1096,2025-04-27,2025-06-30,0
C1096,2025-04-27,2025-07-31,0
C1096,2025-04-27,2025-08-31,0
C1096,2025-04-27,2025-09-30,0
C1096,2025-04-27,2025-10-31,0
C1096,2025-04-27,2025-11-30,0
C1096,2025-04-27,2025-12-31,0
C1097,2024-05-23,2024-05-31,0
C1097,2024-05-23,2024-06-30,0
C1097,2024-05-23,2024-07-31,0
C1097,2024-05-23,2024-08-31,0
C1097,2024-05-23,2024-09-30,0
C1097,2024-05-23,2024-10-31,18
C1097,2024-05-23,2024-11-30,40
C1097,2024-05-23,2024-12-31,81
C1097,2024-05-23,2025-01-31,116
C1098,2025-01-14,2025-01-31,0
C1098,2025-01-14,2025-02-28,0
C1098,2025-01-14,2025-03-31,18
C1098,2025-01-14,2025-04-30,15
C1098,2025-01-14,2025-05-31,0
C1098,2025-01-14,2025-06-30,0
C1098,2025-01-14,2025-07-31,0
C1098,2025-01-14,2025-08-31,0
C1098,2025-01-14,2025-09-30,57
C1098,2025-01-14,2025-10-31,0
C1098,2025-01-14,2025-11-30,0
C1098,2025-01-14,2025-12-31,0
C1099,2025-06-20,2025-06-30,23
C1099,2025-06-20,2025-07-31,67
C1099,2025-06-20,2025-08-31,3
C1099,2025-06-20,2025-09-30,0
C1099,2025-06-20,2025-10-31,0
C1099,2025-06-20,2025-11-30,0
C1099,2025-06-20,2025-12-31,0
C1100,2024-06-05,2024-06-30,0
C1100,2024-06-05,2024-07-31,0
C1100,2024-06-05,2024-08-31,0
C1100,2024-06-05,2024-09-30,0
C1100,2024-06-05,2024-10-31,36
C1100,2024-06-05,2024-11-30,0
C1100,2024-06-05,2024-12-31,0
C1100,2024-06-05,2025-01-31,0
C1100,2024-06-05,2025-02-28,0
C1100,2024-06-05,2025-03-31,0
C1100,2024-06-05,2025-04-30,0
C1100,2024-06-05,2025-05-31,0
C1100,2024-06-05,2025-06-30,0
C1100,2024-06-05,2025-07-31,0
C1100,2024-06-05,2025-08-31,0
C1100,2024-06-05,2025-09-30,0
C1100,2024-06-05,2025-10-31,0
C1100,2024-06-05,2025-11-30,0
C1100,2024-06-05,2025-12-31,0
C1101,2025-05-12,2025-05-31,0
C1101,2025-05-12,2025-06-30,0
C1101,2025-05-12,2025-07-31,0
C1101,2025-05-12,2025-08-31,25
C1101,2025-05-12,2025-09-30,0
C1101,2025-05-12,2025-10-31,0
C1101,2025-05-12,2025-11-30,0
C1101,2025-05-12,2025-12-31,0
C1102,2025-03-12,2025-03-31,0
C1102,2025-03-12,2025-04-30,0
C1102,2025-03-12,2025-05-31,2
C1102,2025-03-12,2025-06-30,0
C1102,2025-03-12,2025-07-31,0
C1102,2025-03-12,2025-08-31,0
C1102,2025-03-12,2025-09-30,0
C1102,2025-03-12,2025-10-31,20
C1102,2025-03-12,2025-11-30,0
C1102,2025-03-12,2025-12-31,15
C1103,2023-10-19,2023-10-31,0
C1103,2023-10-19,2023-11-30,0
C1103,2023-10-19,2023-12-31,0
C1103,2023-10-19,2024-01-31,0
C1103,2023-10-19,2024-02-29,0
C1103,2023-10-19,2024-03-31,0
C1103,2023-10-19,2024-04-30,0
C1103,2023-10-19,2024-05-31,0
C1103,2023-10-19,2024-06-30,0
C1103,2023-10-19,2024-07-31,0
C1103,2023-10-19,2024-08-31,0
C1103,2023-10-19,2024-09-30,0
C1103,2023-10-19,2024-10-31,0
C1103,2023-10-19,2024-11-30,3
C1103,2023-10-19,2024-12-31,0
C1103,2023-10-19,2025-01-31,0
C1103,2023-10-19,2025-02-28,0
C1103,2023-10-19,2025-03-31,0
C1103,2023-10-19,2025-04-30,0
C1103,2023-10-19,2025-05-31,0
C1103,2023-10-19,2025-06-30,20
C1103,2023-10-19,2025-07-31,6
C1103,2023-10-19,2025-08-31,0
C1103,2023-10-19,2025-09-30,0
C1103,2023-10-19,2025-10-31,0
C1103,2023-10-19,2025-11-30,0
C1103,2023-10-19,2025-12-31,27
C1104,2023-08-19,2023-08-31,16
C1104,2023-08-19,2023-09-30,0
C1104,2023-08-19,2023-10-31,0
C1104,2023-08-19,2023-11-30,0
C1104,2023-08-19,2023-12-31,0
C1104,2023-08-19,2024-01-31,0
C1104,2023-08-19,2024-02-29,0
C1104,2023-08-19,2024-03-31,47
C1104,2023-08-19,2024-04-30,29
C1104,2023-08-19,2024-05-31,0
C1104,2023-08-19,2024-06-30,37
C1104,2023-08-19,2024-07-31,0
C1104,2023-08-19,2024-08-31,14
C1104,2023-08-19,2024-09-30,52
C1104,2023-08-19,2024-10-31,63
C1104,2023-08-19,2024-11-30,114
C1105,2025-03-15,2025-03-31,0
C1105,2025-03-15,2025-04-30,0
C1105,2025-03-15,2025-05-31,0
C1105,2025-03-15,2025-06-30,0
C1105,2025-03-15,2025-07-31,0
C1105,2025-03-15,2025-08-31,0
C1105,2025-03-15,2025-09-30,0
C1105,2025-03-15,2025-10-31,0
C1105,2025-03-15,2025-11-30,0
C1105,2025-03-15,2025-12-31,34
C1106,2023-02-04,2023-02-28,0
C1106,2023-02-04,2023-03-31,0
C1106,2023-02-04,2023-04-30,0
C1106,2023-02-04,2023-05-31,0
C1106,2023-02-04,2023-06-30,0
C1106,2023-02-04,2023-07-31,0
C1106,2023-02-04,2023-08-31,0
C1106,2023-02-04,2023-09-30,0
C1106,2023-02-04,2023-10-31,0
C1106,2023-02-04,2023-11-30,0
C1106,2023-02-04,2023-12-31,0
C1106,2023-02-04,2024-01-31,0
C1106,2023-02-04,2024-02-29,0
C1106,2023-02-04,2024-03-31,0
C1106,2023-02-04,2024-04-30,0
C1106,2023-02-04,2024-05-31,0
C1106,2023-02-04,2024-06-30,0
C1106,2023-02-04,2024-07-31,0
C1106,2023-02-04,2024-08-31,0
C1106,2023-02-04,2024-09-30,0
C1106,2023-02-04,2024-10-31,0
C1106,2023-02-04,2024-11-30,0
C1106,2023-02-04,2024-12-31,0
C1106,2023-02-04,2025-01-31,27
C1106,2023-02-04,2025-02-28,0
C1106,2023-02-04,2025-03-31,79
C1106,2023-02-04,2025-04-30,0
C1106,2023-02-04,2025-05-31,0
C1106,2023-02-04,2025-06-30,0
C1106,2023-02-04,2025-07-31,0
C1106,2023-02-04,2025-08-31,5
C1106,2023-02-04,2025-09-30,18
C1106,2023-02-04,2025-10-31,0
C1106,2023-02-04,2025-11-30,0
C1106,2023-02-04,2025-12-31,0
C1107,2023-06-28,2023-06-30,0
C1107,2023-06-28,2023-07-31,0
C1107,2023-06-28,2023-08-31,0
C1107,2023-06-28,2023-09-30,0
C1107,2023-06-28,2023-10-31,7
C1107,2023-06-28,2023-11-30,0
C1107,2023-06-28,2023-12-31,0
C1107,2023-06-28,2024-01-31,0
C1107,2023-06-28,2024-02-29,0
C1107,2023-06-28,2024-03-31,0
C1107,2023-06-28,2024-04-30,0
C1107,2023-06-28,2024-05-31,0
C1107,2023-06-28,2024-06-30,0
C1107,2023-06-28,2024-07-31,0
C1107,2023-06-28,2024-08-31,0
C1107,2023-06-28,2024-09-30,22
C1107,2023-06-28,2024-10-31,0
C1107,2023-06-28,2024-11-30,0
C1107,2023-06-28,2024-12-31,0
C1107,2023-06-28,2025-01-31,0
C1107,2023-06-28,2025-02-28,0
C1107,2023-06-28,2025-03-31,0
C1107,2023-06-28,2025-04-30,17
C1107,2023-06-28,2025-05-31,0
C1107,2023-06-28,2025-06-30,0
C1107,2023-06-28,2025-07-31,11
C1107,2023-06-28,2025-08-31,0
C1107,2023-06-28,2025-09-30,0
C1107,2023-06-28,2025-10-31,0
C1107,2023-06-28,2025-11-30,0
C1107,2023-06-28,2025-12-31,0
C1108,2025-04-03,2025-04-30,0
C1108,2025-04-03,2025-05-31,0
C1108,2025-04-03,2025-06-30,0
C1108,2025-04-03,2025-07-31,52
C1108,2025-04-03,2025-08-31,0
C1108,2025-04-03,2025-09-30,0
C1108,2025-04-03,2025-10-31,0
C1108,2025-04-03,2025-11-30,0
C1108,2025-04-03,2025-12-31,0
C1109,2023-06-15,2023-06-30,0
C1109,2023-06-15,2023-07-31,0
C1109,2023-06-15,2023-08-31,0
C1109,2023-06-15,2023-09-30,0
C1109,2023-06-15,2023-10-31,0
C1109,2023-06-15,2023-11-30,0
C1109,2023-06-15,2023-12-31,0
C1109,2023-06-15,2024-01-31,0
C1109,2023-06-15,2024-02-29,0
C1109,2023-06-15,2024-03-31,0
C1109,2023-06-15,2024-04-30,0
C1109,2023-06-15,2024-05-31,0
C1109,2023-06-15,2024-06-30,0
C1109,2023-06-15,2024-07-31,0
C1109,2023-06-15,2024-08-31,0
C1109,2023-06-15,2024-09-30,0
C1109,2023-06-15,2024-10-31,0
C1109,2023-06-15,2024-11-30,0
C1109,2023-06-15,2024-12-31,0
C1109,2023-06-15,2025-01-31,0
C1109,2023-06-15,2025-02-28,0
C1109,2023-06-15,2025-03-31,0
C1109,2023-06-15,2025-04-30,0
C1109,2023-06-15,2025-05-31,0
C1109,2023-06-15,2025-06-30,0
C1109,2023-06-15,2025-07-31,0
C1109,2023-06-15,2025-08-31,0
C1109,2023-06-15,2025-09-30,0
C1109,2023-06-15,2025-10-31,0
C1109,2023-06-15,2025-11-30,0
C1109,2023-06-15,2025-12-31,0
C1110,2025-03-14,2025-03-31,0
C1110,2025-03-14,2025-04-30,0
C1110,2025-03-14,2025-05-31,0
C1110,2025-03-14,2025-06-30,0
C1110,2025-03-14,2025-07-31,0
C1110,2025-03-14,2025-08-31,0
C1110,2025-03-14,2025-09-30,0
C1110,2025-03-14,2025-10-31,0
C1110,2025-03-14,2025-11-30,0
C1110,2025-03-14,2025-12-31,41
C1111,2024-01-13,2024-01-31,0
C1111,2024-01-13,2024-02-29,0
C1111,2024-01-13,2024-03-31,0
C1111,2024-01-13,2024-04-30,0
C1111,2024-01-13,2024-05-31,0
C1111,2024-01-13,2024-06-30,0
C1111,2024-01-13,2024-07-31,0
C1111,2024-01-13,2024-08-31,0
C1111,2024-01-13,2024-09-30,0
C1111,2024-01-13,2024-10-31,0
C1111,2024-01-13,2024-11-30,0
C1111,2024-01-13,2024-12-31,0
C1111,2024-01-13,2025-01-31,0
C1111,2024-01-13,2025-02-28,0
C1111,2024-01-13,2025-03-31,56
C1111,2024-01-13,2025-04-30,0
C1111,2024-01-13,2025-05-31,0
C1111,2024-01-13,2025-06-30,0
C1111,2024-01-13,2025-07-31,3
C1111,2024-01-13,2025-08-31,0
C1111,2024-01-13,2025-09-30,0
C1111,2024-01-13,2025-10-31,0
C1111,2024-01-13,2025-11-30,0
C1111,2024-01-13,2025-12-31,0
C1112,2023-12-09,2023-12-31,0
C1112,2023-12-09,2024-01-31,0
C1112,2023-12-09,2024-02-29,0
C1112,2023-12-09,2024-03-31,0
C1112,2023-12-09,2024-04-30,0
C1112,2023-12-09,2024-05-31,29
C1112,2023-12-09,2024-06-30,38
C1112,2023-12-09,2024-07-31,0
C1112,2023-12-09,2024-08-31,0
C1112,2023-12-09,2024-09-30,0
C1112,2023-12-09,2024-10-31,0
C1112,2023-12-09,2024-11-30,0
C1112,2023-12-09,2024-12-31,44
C1112,2023-12-09,2025-01-31,0
C1112,2023-12-09,2025-02-28,0
C1112,2023-12-09,2025-03-31,0
C1112,2023-12-09,2025-04-30,0
C1112,2023-12-09,2025-05-31,0
C1112,2023-12-09,2025-06-30,37
C1112,2023-12-09,2025-07-31,0
C1112,2023-12-09,2025-08-31,43
C1112,2023-12-09,2025-09-30,0
C1112,2023-12-09,2025-10-31,0
C1112,2023-12-09,2025-11-30,0
C1112,2023-12-09,2025-12-31,0
C1113,2024-11-12,2024-11-30,9
C1113,2024-11-12,2024-12-31,0
C1113,2024-11-12,2025-01-31,0
C1113,2024-11-12,2025-02-28,0
C1113,2024-11-12,2025-03-31,0
C1113,2024-11-12,2025-04-30,0
C1113,2024-11-12,2025-05-31,41
C1113,2024-11-12,2025-06-30,0
C1113,2024-11-12,2025-07-31,0
C1113,2024-11-12,2025-08-31,0
C1113,2024-11-12,2025-09-30,0
C1113,2024-11-12,2025-10-31,0
C1113,2024-11-12,2025-11-30,37
C1113,2024-11-12,2025-12-31,0
C1114,2025-06-09,2025-06-30,17
C1114,2025-06-09,2025-07-31,0
C1114,2025-06-09,2025-08-31,0
C1114,2025-06-09,2025-09-30,12
C1114,2025-06-09,2025-10-31,0
C1114,2025-06-09,2025-11-30,0
C1114,2025-06-09,2025-12-31,0
C1115,2024-06-07,2024-06-30,0
C1115,2024-06-07,2024-07-31,0
C1115,2024-06-07,2024-08-31,0
C1115,2024-06-07,2024-09-30,13
C1115,2024-06-07,2024-10-31,0
C1115,2024-06-07,2024-11-30,0
C1115,2024-06-07,2024-12-31,0
C1115,2024-06-07,2025-01-31,33
C1115,2024-06-07,2025-02-28,0
C1115,2024-06-07,2025-03-31,0
C1115,2024-06-07,2025-04-30,0
C1115,2024-06-07,2025-05-31,0
C1115,2024-06-07,2025-06-30,0
C1115,2024-06-07,2025-07-31,0
C1115,2024-06-07,2025-08-31,0
C1115,2024-06-07,2025-09-30,30
C1115,2024-06-07,2025-10-31,0
C1115,2024-06-07,2025-11-30,0
C1115,2024-06-07,2025-12-31,0
C1116,2024-10-11,2024-10-31,0
C1116,2024-10-11,2024-11-30,0
C1116,2024-10-11,2024-12-31,0
C1116,2024-10-11,2025-01-31,0
C1116,2024-10-11,2025-02-28,0
C1116,2024-10-11,2025-03-31,23
C1116,2024-10-11,2025-04-30,0
C1116,2024-10-11,2025-05-31,0
C1116,2024-10-11,2025-06-30,0
C1116,2024-10-11,2025-07-31,0
C1116,2024-10-11,2025-08-31,0
C1116,2024-10-11,2025-09-30,0
C1116,2024-10-11,2025-10-31,0
C1116,2024-10-11,2025-11-30,1
C1116,2024-10-11,2025-12-31,0
C1117,2025-05-15,2025-05-31,0
C1117,2025-05-15,2025-06-30,0
C1117,2025-05-15,2025-07-31,20
C1117,2025-05-15,2025-08-31,0
C1117,2025-05-15,2025-09-30,18
C1117,2025-05-15,2025-10-31,0
C1117,2025-05-15,2025-11-30,0
C1117,2025-05-15,2025-12-31,0
C1118,2025-02-24,2025-02-28,50
C1118,2025-02-24,2025-03-31,0
C1118,2025-02-24,2025-04-30,0
C1118,2025-02-24,2025-05-31,8
C1118,2025-02-24,2025-06-30,0
C1118,2025-02-24,2025-07-31,11
C1118,2025-02-24,2025-08-31,0
C1118,2025-02-24,2025-09-30,0
C1118,2025-02-24,2025-10-31,0
C1118,2025-02-24,2025-11-30,10
C1118,2025-02-24,2025-12-31,0
C1119,2024-07-16,2024-07-31,0
C1119,2024-07-16,2024-08-31,0
C1119,2024-07-16,2024-09-30,0
C1119,2024-07-16,2024-10-31,0
C1119,2024-07-16,2024-11-30,0
C1119,2024-07-16,2024-12-31,15
C1119,2024-07-16,2025-01-31,36
C1119,2024-07-16,2025-02-28,0
C1119,2024-07-16,2025-03-31,0
C1119,2024-07-16,2025-04-30,0
C1119,2024-07-16,2025-05-31,0
C1119,2024-07-16,2025-06-30,0
C1119,2024-07-16,2025-07-31,0
C1119,2024-07-16,2025-08-31,0
C1119,2024-07-16,2025-09-30,0
C1119,2024-07-16,2025-10-31,0
C1119,2024-07-16,2025-11-30,0
C1119,2024-07-16,2025-12-31,0
C1120,2024-06-20,2024-06-30,0
C1120,2024-06-20,2024-07-31,11
C1120,2024-06-20,2024-08-31,0
C1120,2024-06-20,2024-09-30,0
C1120,2024-06-20,2024-10-31,0
C1120,2024-06-20,2024-11-30,0
C1120,2024-06-20,2024-12-31,0
C1120,2024-06-20,2025-01-31,0
C1120,2024-06-20,2025-02-28,0
C1120,2024-06-20,2025-03-31,0
C1120,2024-06-20,2025-04-30,0
C1120,2024-06-20,2025-05-31,0
C1120,2024-06-20,2025-06-30,0
C1120,2024-06-20,2025-07-31,0
C1120,2024-06-20,2025-08-31,0
C1120,2024-06-20,2025-09-30,0
C1120,2024-06-20,2025-10-31,0
C1120,2024-06-20,2025-11-30,0
C1120,2024-06-20,2025-12-31,0
C1121,2024-08-04,2024-08-31,0
C1121,2024-08-04,2024-09-30,0
C1121,2024-08-04,2024-10-31,0
C1121,2024-08-04,2024-11-30,9
C1121,2024-08-04,2024-12-31,0
C1121,2024-08-04,2025-01-31,38
C1121,2024-08-04,2025-02-28,0
C1121,2024-08-04,2025-03-31,29
C1121,2024-08-04,2025-04-30,33
C1121,2024-08-04,2025-05-31,80
C1121,2024-08-04,2025-06-30,100
C1122,2024-04-07,2024-04-30,0
C1122,2024-04-07,2024-05-31,0
C1122,2024-04-07,2024-06-30,0
C1122,2024-04-07,2024-07-31,0
C1122,2024-04-07,2024-08-31,0
C1122,2024-04-07,2024-09-30,1
C1122,2024-04-07,2024-10-31,41
C1122,2024-04-07,2024-11-30,0
C1122,2024-04-07,2024-12-31,0
C1122,2024-04-07,2025-01-31,0
C1122,2024-04-07,2025-02-28,0
C1122,2024-04-07,2025-03-31,0
C1122,2024-04-07,2025-04-30,0
C1122,2024-04-07,2025-05-31,0
C1122,2024-04-07,2025-06-30,0
C1122,2024-04-07,2025-07-31,37
C1122,2024-04-07,2025-08-31,0
C1122,2024-04-07,2025-09-30,29
C1122,2024-04-07,2025-10-31,0
C1122,2024-04-07,2025-11-30,47
C1122,2024-04-07,2025-12-31,0
C1123,2023-12-15,2023-12-31,6
C1123,2023-12-15,2024-01-31,11
C1123,2023-12-15,2024-02-29,0
C1123,2023-12-15,2024-03-31,0
C1123,2023-12-15,2024-04-30,29
C1123,2023-12-15,2024-05-31,0
C1123,2023-12-15,2024-06-30,0
C1123,2023-12-15,2024-07-31,0
C1123,2023-12-15,2024-08-31,0
C1123,2023-12-15,2024-09-30,0
C1123,2023-12-15,2024-10-31,0
C1123,2023-12-15,2024-11-30,61
C1123,2023-12-15,2024-12-31,0
C1123,2023-12-15,2025-01-31,0
C1123,2023-12-15,2025-02-28,0
C1123,2023-12-15,2025-03-31,0
C1123,2023-12-15,2025-04-30,0
C1123,2023-12-15,2025-05-31,44
C1123,2023-12-15,2025-06-30,0
C1123,2023-12-15,2025-07-31,25
C1123,2023-12-15,2025-08-31,57
C1123,2023-12-15,2025-09-30,76
C1123,2023-12-15,2025-10-31,93
C1124,2024-03-26,2024-03-31,0
C1124,2024-03-26,2024-04-30,23
C1124,2024-03-26,2024-05-31,0
C1124,2024-03-26,2024-06-30,64
C1124,2024-03-26,2024-07-31,0
C1124,2024-03-26,2024-08-31,0
C1124,2024-03-26,2024-09-30,0
C1124,2024-03-26,2024-10-31,0
C1124,2024-03-26,2024-11-30,0
C1124,2024-03-26,2024-12-31,0
C1124,2024-03-26,2025-01-31,0
C1124,2024-03-26,2025-02-28,0
C1124,2024-03-26,2025-03-31,0
C1124,2024-03-26,2025-04-30,0
C1124,2024-03-26,2025-05-31,0
C1124,2024-03-26,2025-06-30,0
C1124,2024-03-26,2025-07-31,0
C1124,2024-03-26,2025-08-31,0
C1124,2024-03-26,2025-09-30,0
C1124,2024-03-26,2025-10-31,0
C1124,2024-03-26,2025-11-30,18
C1124,2024-03-26,2025-12-31,0
C1125,2024-11-12,2024-11-30,0
C1125,2024-11-12,2024-12-31,0
C1125,2024-11-12,2025-01-31,0
C1125,2024-11-12,2025-02-28,15
C1125,2024-11-12,2025-03-31,0
C1125,2024-11-12,2025-04-30,0
C1125,2024-11-12,2025-05-31,0
C1125,2024-11-12,2025-06-30,0
C1125,2024-11-12,2025-07-31,11
C1125,2024-11-12,2025-08-31,0
C1125,2024-11-12,2025-09-30,0
C1125,2024-11-12,2025-10-31,9
C1125,2024-11-12,2025-11-30,0
C1125,2024-11-12,2025-12-31,0
C1126,2024-12-08,2024-12-31,0
C1126,2024-12-08,2025-01-31,0
C1126,2024-12-08,2025-02-28,0
C1126,2024-12-08,2025-03-31,0
C1126,2024-12-08,2025-04-30,23
C1126,2024-12-08,2025-05-31,0
C1126,2024-12-08,2025-06-30,0
C1126,2024-12-08,2025-07-31,0
C1126,2024-12-08,2025-08-31,0
C1126,2024-12-08,2025-09-30,49
C1126,2024-12-08,2025-10-31,3
C1126,2024-12-08,2025-11-30,0
C1126,2024-12-08,2025-12-31,0
C1127,2024-08-03,2024-08-31,0
C1127,2024-08-03,2024-09-30,0
C1127,2024-08-03,2024-10-31,0
C1127,2024-08-03,2024-11-30,0
C1127,2024-08-03,2024-12-31,38
C1127,2024-08-03,2025-01-31,0
C1127,2024-08-03,2025-02-28,0
C1127,2024-08-03,2025-03-31,31
C1127,2024-08-03,2025-04-30,0
C1127,2024-08-03,2025-05-31,0
C1127,2024-08-03,2025-06-30,0
C1127,2024-08-03,2025-07-31,0
C1127,2024-08-03,2025-08-31,0
C1127,2024-08-03,2025-09-30,0
C1127,2024-08-03,2025-10-31,0
C1127,2024-08-03,2025-11-30,0
C1127,2024-08-03,2025-12-31,0
C1128,2023-02-25,2023-02-28,0
C1128,2023-02-25,2023-03-31,0
C1128,2023-02-25,2023-04-30,21
C1128,2023-02-25,2023-05-31,0
C1128,2023-02-25,2023-06-30,0
C1128,2023-02-25,2023-07-31,0
C1128,2023-02-25,2023-08-31,0
C1128,2023-02-25,2023-09-30,0
C1128,2023-02-25,2023-10-31,1
C1128,2023-02-25,2023-11-30,0
C1128,2023-02-25,2023-12-31,19
C1128,2023-02-25,2024-01-31,0
C1128,2023-02-25,2024-02-29,13
C1128,2023-02-25,2024-03-31,0
C1128,2023-02-25,2024-04-30,3
C1128,2023-02-25,2024-05-31,0
C1128,2023-02-25,2024-06-30,0
C1128,2023-02-25,2024-07-31,0
C1128,2023-02-25,2024-08-31,0
C1128,2023-02-25,2024-09-30,0
C1128,2023-02-25,2024-10-31,0
C1128,2023-02-25,2024-11-30,0
C1128,2023-02-25,2024-12-31,0
C1128,2023-02-25,2025-01-31,0
C1128,2023-02-25,2025-02-28,0
C1128,2023-02-25,2025-03-31,0
C1128,2023-02-25,2025-04-30,0
C1128,2023-02-25,2025-05-31,0
C1128,2023-02-25,2025-06-30,0
C1128,2023-02-25,2025-07-31,0
C1128,2023-02-25,2025-08-31,0
C1128,2023-02-25,2025-09-30,0
C1128,2023-02-25,2025-10-31,83
C1128,2023-02-25,2025-11-30,0
C1128,2023-02-25,2025-12-31,22
C1129,2024-06-26,2024-06-30,9
C1129,2024-06-26,2024-07-31,50
C1129,2024-06-26,2024-08-31,0
C1129,2024-06-26,2024-09-30,0
C1129,2024-06-26,2024-10-31,0
C1129,2024-06-26,2024-11-30,0
C1129,2024-06-26,2024-12-31,0
C1129,2024-06-26,2025-01-31,0
C1129,2024-06-26,2025-02-28,0
C1129,2024-06-26,2025-03-31,0
C1129,2024-06-26,2025-04-30,0
C1129,2024-06-26,2025-05-31,0
C1129,2024-06-26,2025-06-30,0
C1129,2024-06-26,2025-07-31,0
C1129,2024-06-26,2025-08-31,0
C1129,2024-06-26,2025-09-30,0
C1129,2024-06-26,2025-10-31,0
C1129,2024-06-26,2025-11-30,3
C1129,2024-06-26,2025-12-31,0
C1130,2023-08-04,2023-08-31,6
C1130,2023-08-04,2023-09-30,64
C1130,2023-08-04,2023-10-31,0
C1130,2023-08-04,2023-11-30,0
C1130,2023-08-04,2023-12-31,0
C1130,2023-08-04,2024-01-31,1
C1130,2023-08-04,2024-02-29,35
C1130,2023-08-04,2024-03-31,0
C1130,2023-08-04,2024-04-30,0
C1130,2023-08-04,2024-05-31,0
C1130,2023-08-04,2024-06-30,0
C1130,2023-08-04,2024-07-31,0
C1130,2023-08-04,2024-08-31,0
C1130,2023-08-04,2024-09-30,29
C1130,2023-08-04,2024-10-31,11
C1130,2023-08-04,2024-11-30,0
C1130,2023-08-04,2024-12-31,20
C1130,2023-08-04,2025-01-31,0
C1130,2023-08-04,2025-02-28,0
C1130,2023-08-04,2025-03-31,0
C1130,2023-08-04,2025-04-30,0
C1130,2023-08-04,2025-05-31,0
C1130,2023-08-04,2025-06-30,0
C1130,2023-08-04,2025-07-31,0
C1130,2023-08-04,2025-08-31,0
C1130,2023-08-04,2025-09-30,0
C1130,2023-08-04,2025-10-31,0
C1130,2023-08-04,2025-11-30,0
C1130,2023-08-04,2025-12-31,0
C1131,2023-03-16,2023-03-31,0
C1131,2023-03-16,2023-04-30,0
C1131,2023-03-16,2023-05-31,0
C1131,2023-03-16,2023-06-30,9
C1131,2023-03-16,2023-07-31,0
C1131,2023-03-16,2023-08-31,0
C1131,2023-03-16,2023-09-30,0
C1131,2023-03-16,2023-10-31,0
C1131,2023-03-16,2023-11-30,0
C1131,2023-03-16,2023-12-31,0
C1131,2023-03-16,2024-01-31,0
C1131,2023-03-16,2024-02-29,0
C1131,2023-03-16,2024-03-31,26
C1131,2023-03-16,2024-04-30,0
C1131,2023-03-16,2024-05-31,0
C1131,2023-03-16,2024-06-30,0
C1131,2023-03-16,2024-07-31,0
C1131,2023-03-16,2024-08-31,0
C1131,2023-03-16,2024-09-30,0
C1131,2023-03-16,2024-10-31,0
C1131,2023-03-16,2024-11-30,0
C1131,2023-03-16,2024-12-31,0
C1131,2023-03-16,2025-01-31,0
C1131,2023-03-16,2025-02-28,0
C1131,2023-03-16,2025-03-31,0
C1131,2023-03-16,2025-04-30,0
C1131,2023-03-16,2025-05-31,0
C1131,2023-03-16,2025-06-30,0
C1131,2023-03-16,2025-07-31,14
C1131,2023-03-16,2025-08-31,47
C1131,2023-03-16,2025-09-30,0
C1131,2023-03-16,2025-10-31,0
C1131,2023-03-16,2025-11-30,0
C1131,2023-03-16,2025-12-31,0
C1132,2023-02-16,2023-02-28,0
C1132,2023-02-16,2023-03-31,0
C1132,2023-02-16,2023-04-30,0
C1132,2023-02-16,2023-05-31,0
C1132,2023-02-16,2023-06-30,0
C1132,2023-02-16,2023-07-31,0
C1132,2023-02-16,2023-08-31,0
C1132,2023-02-16,2023-09-30,0
C1132,2023-02-16,2023-10-31,0
C1132,2023-02-16,2023-11-30,0
C1132,2023-02-16,2023-12-31,0
C1132,2023-02-16,2024-01-31,7
C1132,2023-02-16,2024-02-29,0
C1132,2023-02-16,2024-03-31,0
C1132,2023-02-16,2024-04-30,0
C1132,2023-02-16,2024-05-31,0
C1132,2023-02-16,2024-06-30,0
C1132,2023-02-16,2024-07-31,0
C1132,2023-02-16,2024-08-31,0
C1132,2023-02-16,2024-09-30,16
C1132,2023-02-16,2024-10-31,23
C1132,2023-02-16,2024-11-30,0
C1132,2023-02-16,2024-12-31,0
C1132,2023-02-16,2025-01-31,0
C1132,2023-02-16,2025-02-28,0
C1132,2023-02-16,2025-03-31,0
C1132,2023-02-16,2025-04-30,0
C1132,2023-02-16,2025-05-31,0
C1132,2023-02-16,2025-06-30,27
C1132,2023-02-16,2025-07-31,0
C1132,2023-02-16,2025-08-31,0
C1132,2023-02-16,2025-09-30,0
C1132,2023-02-16,2025-10-31,45
C1132,2023-02-16,2025-11-30,0
C1132,2023-02-16,2025-12-31,0
C1133,2023-01-04,2023-01-31,0
C1133,2023-01-04,2023-02-28,0
C1133,2023-01-04,2023-03-31,0
C1133,2023-01-04,2023-04-30,0
C1133,2023-01-04,2023-05-31,0
C1133,2023-01-04,2023-06-30,0
C1133,2023-01-04,2023-07-31,0
C1133,2023-01-04,2023-08-31,0
C1133,2023-01-04,2023-09-30,0
C1133,2023-01-04,2023-10-31,0
C1133,2023-01-04,2023-11-30,0
C1133,2023-01-04,2023-12-31,0
C1133,2023-01-04,2024-01-31,0
C1133,2023-01-04,2024-02-29,0
C1133,2023-01-04,2024-03-31,0
C1133,2023-01-04,2024-04-30,0
C1133,2023-01-04,2024-05-31,0
C1133,2023-01-04,2024-06-30,0
C1133,2023-01-04,2024-07-31,0
C1133,2023-01-04,2024-08-31,0
C1133,2023-01-04,2024-09-30,32
C1133,2023-01-04,2024-10-31,0
C1133,2023-01-04,2024-11-30,0
C1133,2023-01-04,2024-12-31,15
C1133,2023-01-04,2025-01-31,0
C1133,2023-01-04,2025-02-28,20
C1133,2023-01-04,2025-03-31,0
C1133,2023-01-04,2025-04-30,0
C1133,2023-01-04,2025-05-31,0
C1133,2023-01-04,2025-06-30,4
C1133,2023-01-04,2025-07-31,0
C1133,2023-01-04,2025-08-31,0
C1133,2023-01-04,2025-09-30,0
C1133,2023-01-04,2025-10-31,0
C1133,2023-01-04,2025-11-30,0
C1133,2023-01-04,2025-12-31,38
C1134,2024-10-23,2024-10-31,0
C1134,2024-10-23,2024-11-30,50
C1134,2024-10-23,2024-12-31,0
C1134,2024-10-23,2025-01-31,0
C1134,2024-10-23,2025-02-28,28
C1134,2024-10-23,2025-03-31,0
C1134,2024-10-23,2025-04-30,0
C1134,2024-10-23,2025-05-31,10
C1134,2024-10-23,2025-06-30,0
C1134,2024-10-23,2025-07-31,5
C1134,2024-10-23,2025-08-31,0
C1134,2024-10-23,2025-09-30,0
C1134,2024-10-23,2025-10-31,0
C1134,2024-10-23,2025-11-30,0
C1134,2024-10-23,2025-12-31,3
C1135,2023-12-15,2023-12-31,0
C1135,2023-12-15,2024-01-31,0
C1135,2023-12-15,2024-02-29,0
C1135,2023-12-15,2024-03-31,0
C1135,2023-12-15,2024-04-30,0
C1135,2023-12-15,2024-05-31,0
C1135,2023-12-15,2024-06-30,0
C1135,2023-12-15,2024-07-31,0
C1135,2023-12-15,2024-08-31,0
C1135,2023-12-15,2024-09-30,34
C1135,2023-12-15,2024-10-31,0
C1135,2023-12-15,2024-11-30,0
C1135,2023-12-15,2024-12-31,0
C1135,2023-12-15,2025-01-31,24
C1135,2023-12-15,2025-02-28,0
C1135,2023-12-15,2025-03-31,0
C1135,2023-12-15,2025-04-30,0
C1135,2023-12-15,2025-05-31,0
C1135,2023-12-15,2025-06-30,9
C1135,2023-12-15,2025-07-31,0
C1135,2023-12-15,2025-08-31,0
C1135,2023-12-15,2025-09-30,0
C1135,2023-12-15,2025-10-31,0
C1135,2023-12-15,2025-11-30,30
C1135,2023-12-15,2025-12-31,0
C1136,2024-04-10,2024-04-30,19
C1136,2024-04-10,2024-05-31,0
C1136,2024-04-10,2024-06-30,0
C1136,2024-04-10,2024-07-31,0
C1136,2024-04-10,2024-08-31,0
C1136,2024-04-10,2024-09-30,0
C1136,2024-04-10,2024-10-31,0
C1136,2024-04-10,2024-11-30,0
C1136,2024-04-10,2024-12-31,0
C1136,2024-04-10,2025-01-31,36
C1136,2024-04-10,2025-02-28,43
C1136,2024-04-10,2025-03-31,0
C1136,2024-04-10,2025-04-30,0
C1136,2024-04-10,2025-05-31,0
C1136,2024-04-10,2025-06-30,0
C1136,2024-04-10,2025-07-31,0
C1136,2024-04-10,2025-08-31,0
C1136,2024-04-10,2025-09-30,0
C1136,2024-04-10,2025-10-31,6
C1136,2024-04-10,2025-11-30,0
C1136,2024-04-10,2025-12-31,0
C1137,2024-01-28,2024-01-31,0
C1137,2024-01-28,2024-02-29,0
C1137,2024-01-28,2024-03-31,0
C1137,2024-01-28,2024-04-30,0
C1137,2024-01-28,2024-05-31,0
C1137,2024-01-28,2024-06-30,0
C1137,2024-01-28,2024-07-31,0
C1137,2024-01-28,2024-08-31,0
C1137,2024-01-28,2024-09-30,0
C1137,2024-01-28,2024-10-31,0
C1137,2024-01-28,2024-11-30,0
C1137,2024-01-28,2024-12-31,55
C1137,2024-01-28,2025-01-31,0
C1137,2024-01-28,2025-02-28,0
C1137,2024-01-28,2025-03-31,0
C1137,2024-01-28,2025-04-30,0
C1137,2024-01-28,2025-05-31,0
C1137,2024-01-28,2025-06-30,0
C1137,2024-01-28,2025-07-31,0
C1137,2024-01-28,2025-08-31,0
C1137,2024-01-28,2025-09-30,0
C1137,2024-01-28,2025-10-31,0
C1137,2024-01-28,2025-11-30,0
C1137,2024-01-28,2025-12-31,0
C1138,2025-06-13,2025-06-30,10
C1138,2025-06-13,2025-07-31,0
C1138,2025-06-13,2025-08-31,0
C1138,2025-06-13,2025-09-30,21
C1138,2025-06-13,2025-10-31,0
C1138,2025-06-13,2025-11-30,0
C1138,2025-06-13,2025-12-31,0
C1139,2024-10-10,2024-10-31,0
C1139,2024-10-10,2024-11-30,11
C1139,2024-10-10,2024-12-31,0
C1139,2024-10-10,2025-01-31,0
C1139,2024-10-10,2025-02-28,0
C1139,2024-10-10,2025-03-31,0
C1139,2024-10-10,2025-04-30,7
C1139,2024-10-10,2025-05-31,0
C1139,2024-10-10,2025-06-30,0
C1139,2024-10-10,2025-07-31,18
C1139,2024-10-10,2025-08-31,18
C1139,2024-10-10,2025-09-30,8
C1139,2024-10-10,2025-10-31,0
C1139,2024-10-10,2025-11-30,0
C1139,2024-10-10,2025-12-31,0
C1140,2024-07-11,2024-07-31,48
C1140,2024-07-11,2024-08-31,0
C1140,2024-07-11,2024-09-30,21
C1140,2024-07-11,2024-10-31,0
C1140,2024-07-11,2024-11-30,16
C1140,2024-07-11,2024-12-31,0
C1140,2024-07-11,2025-01-31,75
C1140,2024-07-11,2025-02-28,0
C1140,2024-07-11,2025-03-31,0
C1140,2024-07-11,2025-04-30,0
C1140,2024-07-11,2025-05-31,0
C1140,2024-07-11,2025-06-30,0
C1140,2024-07-11,2025-07-31,0
C1140,2024-07-11,2025-08-31,0
C1140,2024-07-11,2025-09-30,0
C1140,2024-07-11,2025-10-31,16
C1140,2024-07-11,2025-11-30,0
C1140,2024-07-11,2025-12-31,0
C1141,2024-02-17,2024-02-29,0
C1141,2024-02-17,2024-03-31,25
C1141,2024-02-17,2024-04-30,0
C1141,2024-02-17,2024-05-31,0
C1141,2024-02-17,2024-06-30,0
C1141,2024-02-17,2024-07-31,0
C1141,2024-02-17,2024-08-31,0
C1141,2024-02-17,2024-09-30,0
C1141,2024-02-17,2024-10-31,19
C1141,2024-02-17,2024-11-30,0
C1141,2024-02-17,2024-12-31,0
C1141,2024-02-17,2025-01-31,0
C1141,2024-02-17,2025-02-28,0
C1141,2024-02-17,2025-03-31,0
C1141,2024-02-17,2025-04-30,0
C1141,2024-02-17,2025-05-31,0
C1141,2024-02-17,2025-06-30,0
C1141,2024-02-17,2025-07-31,0
C1141,2024-02-17,2025-08-31,0
C1141,2024-02-17,2025-09-30,0
C1141,2024-02-17,2025-10-31,0
C1141,2024-02-17,2025-11-30,0
C1141,2024-02-17,2025-12-31,0
C1142,2024-02-26,2024-02-29,0
C1142,2024-02-26,2024-03-31,0
C1142,2024-02-26,2024-04-30,0
C1142,2024-02-26,2024-05-31,0
C1142,2024-02-26,2024-06-30,0
C1142,2024-02-26,2024-07-31,0
C1142,2024-02-26,2024-08-31,0
C1142,2024-02-26,2024-09-30,0
C1142,2024-02-26,2024-10-31,0
C1142,2024-02-26,2024-11-30,41
C1142,2024-02-26,2024-12-31,0
C1142,2024-02-26,2025-01-31,21
C1142,2024-02-26,2025-02-28,52
C1142,2024-02-26,2025-03-31,76
C1142,2024-02-26,2025-04-30,120
C1143,2025-04-01,2025-04-30,76
C1143,2025-04-01,2025-05-31,104
C1144,2025-05-17,2025-05-31,0
C1144,2025-05-17,2025-06-30,0
C1144,2025-05-17,2025-07-31,0
C1144,2025-05-17,2025-08-31,0
C1144,2025-05-17,2025-09-30,0
C1144,2025-05-17,2025-10-31,0
C1144,2025-05-17,2025-11-30,27
C1144,2025-05-17,2025-12-31,0
C1145,2024-12-15,2024-12-31,0
C1145,2024-12-15,2025-01-31,0
C1145,2024-12-15,2025-02-28,0
C1145,2024-12-15,2025-03-31,0
C1145,2024-12-15,2025-04-30,0
C1145,2024-12-15,2025-05-31,0
C1145,2024-12-15,2025-06-30,0
C1145,2024-12-15,2025-07-31,0
C1145,2024-12-15,2025-08-31,0
C1145,2024-12-15,2025-09-30,0
C1145,2024-12-15,2025-10-31,13
C1145,2024-12-15,2025-11-30,0
C1145,2024-12-15,2025-12-31,0
C1146,2024-02-05,2024-02-29,0
C1146,2024-02-05,2024-03-31,0
C1146,2024-02-05,2024-04-30,0
C1146,2024-02-05,2024-05-31,0
C1146,2024-02-05,2024-06-30,16
C1146,2024-02-05,2024-07-31,0
C1146,2024-02-05,2024-08-31,0
C1146,2024-02-05,2024-09-30,55
C1146,2024-02-05,2024-10-31,0
C1146,2024-02-05,2024-11-30,0
C1146,2024-02-05,2024-12-31,0
C1146,2024-02-05,2025-01-31,0
C1146,2024-02-05,2025-02-28,20
C1146,2024-02-05,2025-03-31,0
C1146,2024-02-05,2025-04-30,0
C1146,2024-02-05,2025-05-31,0
C1146,2024-02-05,2025-06-30,60
C1146,2024-02-05,2025-07-31,0
C1146,2024-02-05,2025-08-31,0
C1146,2024-02-05,2025-09-30,0
C1146,2024-02-05,2025-10-31,4
C1146,2024-02-05,2025-11-30,0
C1146,2024-02-05,2025-12-31,5
C1147,2024-03-16,2024-03-31,0
C1147,2024-03-16,2024-04-30,25
C1147,2024-03-16,2024-05-31,36
C1147,2024-03-16,2024-06-30,0
C1147,2024-03-16,2024-07-31,0
C1147,2024-03-16,2024-08-31,0
C1147,2024-03-16,2024-09-30,0
C1147,2024-03-16,2024-10-31,0
C1147,2024-03-16,2024-11-30,0
C1147,2024-03-16,2024-12-31,0
C1147,2024-03-16,2025-01-31,0
C1147,2024-03-16,2025-02-28,0
C1147,2024-03-16,2025-03-31,0
C1147,2024-03-16,2025-04-30,23
C1147,2024-03-16,2025-05-31,0
C1147,2024-03-16,2025-06-30,0
C1147,2024-03-16,2025-07-31,0
C1147,2024-03-16,2025-08-31,0
C1147,2024-03-16,2025-09-30,0
C1147,2024-03-16,2025-10-31,0
C1147,2024-03-16,2025-11-30,0
C1147,2024-03-16,2025-12-31,0
C1148,2024-03-19,2024-03-31,0
C1148,2024-03-19,2024-04-30,0
C1148,2024-03-19,2024-05-31,0
C1148,2024-03-19,2024-06-30,0
C1148,2024-03-19,2024-07-31,0
C1148,2024-03-19,2024-08-31,0
C1148,2024-03-19,2024-09-30,86
C1148,2024-03-19,2024-10-31,0
C1148,2024-03-19,2024-11-30,0
C1148,2024-03-19,2024-12-31,0
C1148,2024-03-19,2025-01-31,0
C1148,2024-03-19,2025-02-28,23
C1148,2024-03-19,2025-03-31,0
C1148,2024-03-19,2025-04-30,0
C1148,2024-03-19,2025-05-31,0
C1148,2024-03-19,2025-06-30,0
C1148,2024-03-19,2025-07-31,21
C1148,2024-03-19,2025-08-31,59
C1148,2024-03-19,2025-09-30,73
C1148,2024-03-19,2025-10-31,95
C1149,2023-09-19,2023-09-30,21
C1149,2023-09-19,2023-10-31,0
C1149,2023-09-19,2023-11-30,0
C1149,2023-09-19,2023-12-31,0
C1149,2023-09-19,2024-01-31,0
C1149,2023-09-19,2024-02-29,0
C1149,2023-09-19,2024-03-31,15
C1149,2023-09-19,2024-04-30,0
C1149,2023-09-19,2024-05-31,0
C1149,2023-09-19,2024-06-30,2
C1149,2023-09-19,2024-07-31,0
C1149,2023-09-19,2024-08-31,52
C1149,2023-09-19,2024-09-30,0
C1149,2023-09-19,2024-10-31,0
C1149,2023-09-19,2024-11-30,0
C1149,2023-09-19,2024-12-31,0
C1149,2023-09-19,2025-01-31,0
C1149,2023-09-19,2025-02-28,17
C1149,2023-09-19,2025-03-31,0
C1149,2023-09-19,2025-04-30,0
C1149,2023-09-19,2025-05-31,0
C1149,2023-09-19,2025-06-30,0
C1149,2023-09-19,2025-07-31,11
C1149,2023-09-19,2025-08-31,0
C1149,2023-09-19,2025-09-30,0
C1149,2023-09-19,2025-10-31,0
C1149,2023-09-19,2025-11-30,56
C1149,2023-09-19,2025-12-31,7
C1150,2024-10-20,2024-10-31,80
C1150,2024-10-20,2024-11-30,0
C1150,2024-10-20,2024-12-31,0
C1150,2024-10-20,2025-01-31,42
C1150,2024-10-20,2025-02-28,0
C1150,2024-10-20,2025-03-31,0
C1150,2024-10-20,2025-04-30,88
C1150,2024-10-20,2025-05-31,0
C1150,2024-10-20,2025-06-30,0
C1150,2024-10-20,2025-07-31,0
C1150,2024-10-20,2025-08-31,0
C1150,2024-10-20,2025-09-30,23
C1150,2024-10-20,2025-10-31,38
C1150,2024-10-20,2025-11-30,80
C1150,2024-10-20,2025-12-31,105
C1151,2023-05-24,2023-05-31,0
C1151,2023-05-24,2023-06-30,0
C1151,2023-05-24,2023-07-31,0
C1151,2023-05-24,2023-08-31,0
C1151,2023-05-24,2023-09-30,0
C1151,2023-05-24,2023-10-31,0
C1151,2023-05-24,2023-11-30,0
C1151,2023-05-24,2023-12-31,0
C1151,2023-05-24,2024-01-31,0
C1151,2023-05-24,2024-02-29,0
C1151,2023-05-24,2024-03-31,0
C1151,2023-05-24,2024-04-30,0
C1151,2023-05-24,2024-05-31,0
C1151,2023-05-24,2024-06-30,0
C1151,2023-05-24,2024-07-31,0
C1151,2023-05-24,2024-08-31,0
C1151,2023-05-24,2024-09-30,0
C1151,2023-05-24,2024-10-31,52
C1151,2023-05-24,2024-11-30,0
C1151,2023-05-24,2024-12-31,0
C1151,2023-05-24,2025-01-31,0
C1151,2023-05-24,2025-02-28,0
C1151,2023-05-24,2025-03-31,0
C1151,2023-05-24,2025-04-30,28
C1151,2023-05-24,2025-05-31,0
C1151,2023-05-24,2025-06-30,0
C1151,2023-05-24,2025-07-31,0
C1151,2023-05-24,2025-08-31,0
C1151,2023-05-24,2025-09-30,0
C1151,2023-05-24,2025-10-31,0
C1151,2023-05-24,2025-11-30,25
C1151,2023-05-24,2025-12-31,22
C1152,2023-08-09,2023-08-31,1
C1152,2023-08-09,2023-09-30,0
C1152,2023-08-09,2023-10-31,0
C1152,2023-08-09,2023-11-30,0
C1152,2023-08-09,2023-12-31,0
C1152,2023-08-09,2024-01-31,0
C1152,2023-08-09,2024-02-29,0
C1152,2023-08-09,2024-03-31,17
C1152,2023-08-09,2024-04-30,0
C1152,2023-08-09,2024-05-31,0
C1152,2023-08-09,2024-06-30,2
C1152,2023-08-09,2024-07-31,0
C1152,2023-08-09,2024-08-31,50
C1152,2023-08-09,2024-09-30,0
C1152,2023-08-09,2024-10-31,5
C1152,2023-08-09,2024-11-30,0
C1152,2023-08-09,2024-12-31,0
C1152,2023-08-09,2025-01-31,0
C1152,2023-08-09,2025-02-28,0
C1152,2023-08-09,2025-03-31,13
C1152,2023-08-09,2025-04-30,0
C1152,2023-08-09,2025-05-31,8
C1152,2023-08-09,2025-06-30,0
C1152,2023-08-09,2025-07-31,0
C1152,2023-08-09,2025-08-31,0
C1152,2023-08-09,2025-09-30,0
C1152,2023-08-09,2025-10-31,0
C1152,2023-08-09,2025-11-30,0
C1152,2023-08-09,2025-12-31,0
C1153,2024-08-03,2024-08-31,0
C1153,2024-08-03,2024-09-30,34
C1153,2024-08-03,2024-10-31,7
C1153,2024-08-03,2024-11-30,0
C1153,2024-08-03,2024-12-31,0
C1153,2024-08-03,2025-01-31,0
C1153,2024-08-03,2025-02-28,0
C1153,2024-08-03,2025-03-31,0
C1153,2024-08-03,2025-04-30,0
C1153,2024-08-03,2025-05-31,0
C1153,2024-08-03,2025-06-30,0
C1153,2024-08-03,2025-07-31,0
C1153,2024-08-03,2025-08-31,0
C1153,2024-08-03,2025-09-30,0
C1153,2024-08-03,2025-10-31,0
C1153,2024-08-03,2025-11-30,0
C1153,2024-08-03,2025-12-31,0
C1154,2025-01-18,2025-01-31,0
C1154,2025-01-18,2025-02-28,10
C1154,2025-01-18,2025-03-31,0
C1154,2025-01-18,2025-04-30,0
C1154,2025-01-18,2025-05-31,45
C1154,2025-01-18,2025-06-30,0
C1154,2025-01-18,2025-07-31,0
C1154,2025-01-18,2025-08-31,2
C1154,2025-01-18,2025-09-30,34
C1154,2025-01-18,2025-10-31,0
C1154,2025-01-18,2025-11-30,0
C1154,2025-01-18,2025-12-31,0
C1155,2023-05-05,2023-05-31,0
C1155,2023-05-05,2023-06-30,0
C1155,2023-05-05,2023-07-31,15
C1155,2023-05-05,2023-08-31,0
C1155,2023-05-05,2023-09-30,24
C1155,2023-05-05,2023-10-31,0
C1155,2023-05-05,2023-11-30,0
C1155,2023-05-05,2023-12-31,0
C1155,2023-05-05,2024-01-31,0
C1155,2023-05-05,2024-02-29,22
C1155,2023-05-05,2024-03-31,47
C1155,2023-05-05,2024-04-30,70
C1155,2023-05-05,2024-05-31,91
C1156,2025-03-16,2025-03-31,0
C1156,2025-03-16,2025-04-30,0
C1156,2025-03-16,2025-05-31,0
C1156,2025-03-16,2025-06-30,0
C1156,2025-03-16,2025-07-31,0
C1156,2025-03-16,2025-08-31,0
C1156,2025-03-16,2025-09-30,0
C1156,2025-03-16,2025-10-31,0
C1156,2025-03-16,2025-11-30,0
C1156,2025-03-16,2025-12-31,0
C1157,2024-04-28,2024-04-30,0
C1157,2024-04-28,2024-05-31,0
C1157,2024-04-28,2024-06-30,0
C1157,2024-04-28,2024-07-31,0
C1157,2024-04-28,2024-08-31,0
C1157,2024-04-28,2024-09-30,7
C1157,2024-04-28,2024-10-31,0
C1157,2024-04-28,2024-11-30,0
C1157,2024-04-28,2024-12-31,0
C1157,2024-04-28,2025-01-31,0
C1157,2024-04-28,2025-02-28,0
C1157,2024-04-28,2025-03-31,0
C1157,2024-04-28,2025-04-30,0
C1157,2024-04-28,2025-05-31,0
C1157,2024-04-28,2025-06-30,0
C1157,2024-04-28,2025-07-31,0
C1157,2024-04-28,2025-08-31,0
C1157,2024-04-28,2025-09-30,0
C1157,2024-04-28,2025-10-31,54
C1157,2024-04-28,2025-11-30,0
C1157,2024-04-28,2025-12-31,0
C1158,2024-05-01,2024-05-31,0
C1158,2024-05-01,2024-06-30,0
C1158,2024-05-01,2024-07-31,0
C1158,2024-05-01,2024-08-31,23
C1158,2024-05-01,2024-09-30,0
C1158,2024-05-01,2024-10-31,0
C1158,2024-05-01,2024-11-30,0
C1158,2024-05-01,2024-12-31,0
C1158,2024-05-01,2025-01-31,0
C1158,2024-05-01,2025-02-28,0
C1158,2024-05-01,2025-03-31,0
C1158,2024-05-01,2025-04-30,0
C1158,2024-05-01,2025-05-31,0
C1158,2024-05-01,2025-06-30,0
C1158,2024-05-01,2025-07-31,42
C1158,2024-05-01,2025-08-31,0
C1158,2024-05-01,2025-09-30,0
C1158,2024-05-01,2025-10-31,0
C1158,2024-05-01,2025-11-30,0
C1158,2024-05-01,2025-12-31,0
C1159,2025-06-05,2025-06-30,0
C1159,2025-06-05,2025-07-31,19
C1159,2025-06-05,2025-08-31,0
C1159,2025-06-05,2025-09-30,0
C1159,2025-06-05,2025-10-31,0
C1159,2025-06-05,2025-11-30,0
C1159,2025-06-05,2025-12-31,0
C1160,2024-11-25,2024-11-30,0
C1160,2024-11-25,2024-12-31,0
C1160,2024-11-25,2025-01-31,0
C1160,2024-11-25,2025-02-28,0
C1160,2024-11-25,2025-03-31,0
C1160,2024-11-25,2025-04-30,0
C1160,2024-11-25,2025-05-31,0
C1160,2024-11-25,2025-06-30,0
C1160,2024-11-25,2025-07-31,0
C1160,2024-11-25,2025-08-31,0
C1160,2024-11-25,2025-09-30,0
C1160,2024-11-25,2025-10-31,0
C1160,2024-11-25,2025-11-30,0
C1160,2024-11-25,2025-12-31,0
C1161,2024-03-04,2024-03-31,0
C1161,2024-03-04,2024-04-30,0
C1161,2024-03-04,2024-05-31,0
C1161,2024-03-04,2024-06-30,0
C1161,2024-03-04,2024-07-31,21
C1161,2024-03-04,2024-08-31,0
C1161,2024-03-04,2024-09-30,54
C1161,2024-03-04,2024-10-31,0
C1161,2024-03-04,2024-11-30,0
C1161,2024-03-04,2024-12-31,8
C1161,2024-03-04,2025-01-31,0
C1161,2024-03-04,2025-02-28,0
C1161,2024-03-04,2025-03-31,0
C1161,2024-03-04,2025-04-30,0
C1161,2024-03-04,2025-05-31,17
C1161,2024-03-04,2025-06-30,54
C1161,2024-03-04,2025-07-31,0
C1161,2024-03-04,2025-08-31,0
C1161,2024-03-04,2025-09-30,0
C1161,2024-03-04,2025-10-31,0
C1161,2024-03-04,2025-11-30,54
C1161,2024-03-04,2025-12-31,9
C1162,2025-04-04,2025-04-30,0
C1162,2025-04-04,2025-05-31,4
C1162,2025-04-04,2025-06-30,0
C1162,2025-04-04,2025-07-31,0
C1162,2025-04-04,2025-08-31,11
C1162,2025-04-04,2025-09-30,0
C1162,2025-04-04,2025-10-31,0
C1162,2025-04-04,2025-11-30,0
C1162,2025-04-04,2025-12-31,0
C1163,2024-07-12,2024-07-31,0
C1163,2024-07-12,2024-08-31,0
C1163,2024-07-12,2024-09-30,0
C1163,2024-07-12,2024-10-31,0
C1163,2024-07-12,2024-11-30,6
C1163,2024-07-12,2024-12-31,0
C1163,2024-07-12,2025-01-31,0
C1163,2024-07-12,2025-02-28,12
C1163,2024-07-12,2025-03-31,0
C1163,2024-07-12,2025-04-30,0
C1163,2024-07-12,2025-05-31,10
C1163,2024-07-12,2025-06-30,13
C1163,2024-07-12,2025-07-31,0
C1163,2024-07-12,2025-08-31,0
C1163,2024-07-12,2025-09-30,0
C1163,2024-07-12,2025-10-31,0
C1163,2024-07-12,2025-11-30,0
C1163,2024-07-12,2025-12-31,0
C1164,2023-07-10,2023-07-31,0
C1164,2023-07-10,2023-08-31,0
C1164,2023-07-10,2023-09-30,0
C1164,2023-07-10,2023-10-31,0
C1164,2023-07-10,2023-11-30,0
C1164,2023-07-10,2023-12-31,0
C1164,2023-07-10,2024-01-31,0
C1164,2023-07-10,2024-02-29,0
C1164,2023-07-10,2024-03-31,0
C1164,2023-07-10,2024-04-30,0
C1164,2023-07-10,2024-05-31,49
C1164,2023-07-10,2024-06-30,0
C1164,2023-07-10,2024-07-31,0
C1164,2023-07-10,2024-08-31,0
C1164,2023-07-10,2024-09-30,0
C1164,2023-07-10,2024-10-31,19
C1164,2023-07-10,2024-11-30,0
C1164,2023-07-10,2024-12-31,0
C1164,2023-07-10,2025-01-31,0
C1164,2023-07-10,2025-02-28,0
C1164,2023-07-10,2025-03-31,0
C1164,2023-07-10,2025-04-30,0
C1164,2023-07-10,2025-05-31,0
C1164,2023-07-10,2025-06-30,11
C1164,2023-07-10,2025-07-31,0
C1164,2023-07-10,2025-08-31,0
C1164,2023-07-10,2025-09-30,0
C1164,2023-07-10,2025-10-31,0
C1164,2023-07-10,2025-11-30,0
C1164,2023-07-10,2025-12-31,0
C1165,2023-03-18,2023-03-31,0
C1165,2023-03-18,2023-04-30,0
C1165,2023-03-18,2023-05-31,11
C1165,2023-03-18,2023-06-30,0
C1165,2023-03-18,2023-07-31,0
C1165,2023-03-18,2023-08-31,21
C1165,2023-03-18,2023-09-30,44
C1165,2023-03-18,2023-10-31,64
C1165,2023-03-18,2023-11-30,114
C1166,2023-09-22,2023-09-30,0
C1166,2023-09-22,2023-10-31,0
C1166,2023-09-22,2023-11-30,0
C1166,2023-09-22,2023-12-31,0
C1166,2023-09-22,2024-01-31,0
C1166,2023-09-22,2024-02-29,0
C1166,2023-09-22,2024-03-31,0
C1166,2023-09-22,2024-04-30,0
C1166,2023-09-22,2024-05-31,0
C1166,2023-09-22,2024-06-30,0
C1166,2023-09-22,2024-07-31,0
C1166,2023-09-22,2024-08-31,0
C1166,2023-09-22,2024-09-30,0
C1166,2023-09-22,2024-10-31,0
C1166,2023-09-22,2024-11-30,0
C1166,2023-09-22,2024-12-31,4
C1166,2023-09-22,2025-01-31,0
C1166,2023-09-22,2025-02-28,0
C1166,2023-09-22,2025-03-31,0
C1166,2023-09-22,2025-04-30,0
C1166,2023-09-22,2025-05-31,0
C1166,2023-09-22,2025-06-30,0
C1166,2023-09-22,2025-07-31,0
C1166,2023-09-22,2025-08-31,0
C1166,2023-09-22,2025-09-30,0
C1166,2023-09-22,2025-10-31,9
C1166,2023-09-22,2025-11-30,0
C1166,2023-09-22,2025-12-31,0
C1167,2023-02-10,2023-02-28,0
C1167,2023-02-10,2023-03-31,0
C1167,2023-02-10,2023-04-30,0
C1167,2023-02-10,2023-05-31,0
C1167,2023-02-10,2023-06-30,0
C1167,2023-02-10,2023-07-31,0
C1167,2023-02-10,2023-08-31,0
C1167,2023-02-10,2023-09-30,0
C1167,2023-02-10,2023-10-31,0
C1167,2023-02-10,2023-11-30,0
C1167,2023-02-10,2023-12-31,0
C1167,2023-02-10,2024-01-31,0
C1167,2023-02-10,2024-02-29,0
C1167,2023-02-10,2024-03-31,12
C1167,2023-02-10,2024-04-30,0
C1167,2023-02-10,2024-05-31,0
C1167,2023-02-10,2024-06-30,70
C1167,2023-02-10,2024-07-31,0
C1167,2023-02-10,2024-08-31,0
C1167,2023-02-10,2024-09-30,0
C1167,2023-02-10,2024-10-31,0
C1167,2023-02-10,2024-11-30,0
C1167,2023-02-10,2024-12-31,0
C1167,2023-02-10,2025-01-31,0
C1167,2023-02-10,2025-02-28,0
C1167,2023-02-10,2025-03-31,0
C1167,2023-02-10,2025-04-30,0
C1167,2023-02-10,2025-05-31,0
C1167,2023-02-10,2025-06-30,26
C1167,2023-02-10,2025-07-31,0
C1167,2023-02-10,2025-08-31,29
C1167,2023-02-10,2025-09-30,0
C1167,2023-02-10,2025-10-31,0
C1167,2023-02-10,2025-11-30,0
C1167,2023-02-10,2025-12-31,0
C1168,2025-01-12,2025-01-31,26
C1168,2025-01-12,2025-02-28,0
C1168,2025-01-12,2025-03-31,7
C1168,2025-01-12,2025-04-30,20
C1168,2025-01-12,2025-05-31,0
C1168,2025-01-12,2025-06-30,0
C1168,2025-01-12,2025-07-31,0
C1168,2025-01-12,2025-08-31,0
C1168,2025-01-12,2025-09-30,0
C1168,2025-01-12,2025-10-31,0
C1168,2025-01-12,2025-11-30,0
C1168,2025-01-12,2025-12-31,0
C1169,2024-09-28,2024-09-30,0
C1169,2024-09-28,2024-10-31,0
C1169,2024-09-28,2024-11-30,0
C1169,2024-09-28,2024-12-31,0
C1169,2024-09-28,2025-01-31,0
C1169,2024-09-28,2025-02-28,0
C1169,2024-09-28,2025-03-31,0
C1169,2024-09-28,2025-04-30,0
C1169,2024-09-28,2025-05-31,0
C1169,2024-09-28,2025-06-30,0
C1169,2024-09-28,2025-07-31,0
C1169,2024-09-28,2025-08-31,0
C1169,2024-09-28,2025-09-30,0
C1169,2024-09-28,2025-10-31,0
C1169,2024-09-28,2025-11-30,25
C1169,2024-09-28,2025-12-31,0
C1170,2024-01-27,2024-01-31,0
C1170,2024-01-27,2024-02-29,0
C1170,2024-01-27,2024-03-31,0
C1170,2024-01-27,2024-04-30,0
C1170,2024-01-27,2024-05-31,0
C1170,2024-01-27,2024-06-30,1
C1170,2024-01-27,2024-07-31,0
C1170,2024-01-27,2024-08-31,0
C1170,2024-01-27,2024-09-30,63
C1170,2024-01-27,2024-10-31,0
C1170,2024-01-27,2024-11-30,0
C1170,2024-01-27,2024-12-31,0
C1170,2024-01-27,2025-01-31,13
C1170,2024-01-27,2025-02-28,0
C1170,2024-01-27,2025-03-31,0
C1170,2024-01-27,2025-04-30,0
C1170,2024-01-27,2025-05-31,0
C1170,2024-01-27,2025-06-30,0
C1170,2024-01-27,2025-07-31,0
C1170,2024-01-27,2025-08-31,2
C1170,2024-01-27,2025-09-30,0
C1170,2024-01-27,2025-10-31,0
C1170,2024-01-27,2025-11-30,0
C1170,2024-01-27,2025-12-31,0
C1171,2024-04-12,2024-04-30,0
C1171,2024-04-12,2024-05-31,0
C1171,2024-04-12,2024-06-30,0
C1171,2024-04-12,2024-07-31,0
C1171,2024-04-12,2024-08-31,0
C1171,2024-04-12,2024-09-30,0
C1171,2024-04-12,2024-10-31,5
C1171,2024-04-12,2024-11-30,0
C1171,2024-04-12,2024-12-31,0
C1171,2024-04-12,2025-01-31,0
C1171,2024-04-12,2025-02-28,0
C1171,2024-04-12,2025-03-31,0
C1171,2024-04-12,2025-04-30,0
C1171,2024-04-12,2025-05-31,0
C1171,2024-04-12,2025-06-30,0
C1171,2024-04-12,2025-07-31,0
C1171,2024-04-12,2025-08-31,15
C1171,2024-04-12,2025-09-30,0
C1171,2024-04-12,2025-10-31,6
C1171,2024-04-12,2025-11-30,0
C1171,2024-04-12,2025-12-31,0
C1172,2023-01-03,2023-01-31,0
C1172,2023-01-03,2023-02-28,0
C1172,2023-01-03,2023-03-31,3
C1172,2023-01-03,2023-04-30,0
C1172,2023-01-03,2023-05-31,0
C1172,2023-01-03,2023-06-30,0
C1172,2023-01-03,2023-07-31,38
C1172,2023-01-03,2023-08-31,0
C1172,2023-01-03,2023-09-30,0
C1172,2023-01-03,2023-10-31,27
C1172,2023-01-03,2023-11-30,51
C1172,2023-01-03,2023-12-31,65
C1172,2023-01-03,2024-01-31,116
C1173,2025-02-26,2025-02-28,0
C1173,2025-02-26,2025-03-31,0
C1173,2025-02-26,2025-04-30,0
C1173,2025-02-26,2025-05-31,0
C1173,2025-02-26,2025-06-30,0
C1173,2025-02-26,2025-07-31,0
C1173,2025-02-26,2025-08-31,0
C1173,2025-02-26,2025-09-30,0
C1173,2025-02-26,2025-10-31,24
C1173,2025-02-26,2025-11-30,0
C1173,2025-02-26,2025-12-31,4
C1174,2023-10-16,2023-10-31,0
C1174,2023-10-16,2023-11-30,0
C1174,2023-10-16,2023-12-31,0
C1174,2023-10-16,2024-01-31,0
C1174,2023-10-16,2024-02-29,8
C1174,2023-10-16,2024-03-31,0
C1174,2023-10-16,2024-04-30,0
C1174,2023-10-16,2024-05-31,0
C1174,2023-10-16,2024-06-30,0
C1174,2023-10-16,2024-07-31,0
C1174,2023-10-16,2024-08-31,0
C1174,2023-10-16,2024-09-30,0
C1174,2023-10-16,2024-10-31,64
C1174,2023-10-16,2024-11-30,0
C1174,2023-10-16,2024-12-31,0
C1174,2023-10-16,2025-01-31,0
C1174,2023-10-16,2025-02-28,29
C1174,2023-10-16,2025-03-31,0
C1174,2023-10-16,2025-04-30,17
C1174,2023-10-16,2025-05-31,0
C1174,2023-10-16,2025-06-30,0
C1174,2023-10-16,2025-07-31,0
C1174,2023-10-16,2025-08-31,0
C1174,2023-10-16,2025-09-30,0
C1174,2023-10-16,2025-10-31,0
C1174,2023-10-16,2025-11-30,0
C1174,2023-10-16,2025-12-31,0
C1175,2023-01-07,2023-01-31,0
C1175,2023-01-07,2023-02-28,0
C1175,2023-01-07,2023-03-31,0
C1175,2023-01-07,2023-04-30,2
C1175,2023-01-07,2023-05-31,0
C1175,2023-01-07,2023-06-30,0
C1175,2023-01-07,2023-07-31,0
C1175,2023-01-07,2023-08-31,37
C1175,2023-01-07,2023-09-30,0
C1175,2023-01-07,2023-10-31,0
C1175,2023-01-07,2023-11-30,21
C1175,2023-01-07,2023-12-31,69
C1175,2023-01-07,2024-01-31,61
C1175,2023-01-07,2024-02-29,110
C1176,2024-11-18,2024-11-30,0
C1176,2024-11-18,2024-12-31,0
C1176,2024-11-18,2025-01-31,0
C1176,2024-11-18,2025-02-28,0
C1176,2024-11-18,2025-03-31,0
C1176,2024-11-18,2025-04-30,0
C1176,2024-11-18,2025-05-31,26
C1176,2024-11-18,2025-06-30,0
C1176,2024-11-18,2025-07-31,0
C1176,2024-11-18,2025-08-31,0
C1176,2024-11-18,2025-09-30,11
C1176,2024-11-18,2025-10-31,14
C1176,2024-11-18,2025-11-30,0
C1176,2024-11-18,2025-12-31,0
C1177,2024-11-14,2024-11-30,0
C1177,2024-11-14,2024-12-31,0
C1177,2024-11-14,2025-01-31,0
C1177,2024-11-14,2025-02-28,0
C1177,2024-11-14,2025-03-31,0
C1177,2024-11-14,2025-04-30,0
C1177,2024-11-14,2025-05-31,20
C1177,2024-11-14,2025-06-30,0
C1177,2024-11-14,2025-07-31,0
C1177,2024-11-14,2025-08-31,0
C1177,2024-11-14,2025-09-30,0
C1177,2024-11-14,2025-10-31,1
C1177,2024-11-14,2025-11-30,21
C1177,2024-11-14,2025-12-31,0
C1178,2023-07-10,2023-07-31,0
C1178,2023-07-10,2023-08-31,0
C1178,2023-07-10,2023-09-30,0
C1178,2023-07-10,2023-10-31,0
C1178,2023-07-10,2023-11-30,0
C1178,2023-07-10,2023-12-31,0
C1178,2023-07-10,2024-01-31,0
C1178,2023-07-10,2024-02-29,0
C1178,2023-07-10,2024-03-31,0
C1178,2023-07-10,2024-04-30,0
C1178,2023-07-10,2024-05-31,0
C1178,2023-07-10,2024-06-30,0
C1178,2023-07-10,2024-07-31,0
C1178,2023-07-10,2024-08-31,0
C1178,2023-07-10,2024-09-30,0
C1178,2023-07-10,2024-10-31,0
C1178,2023-07-10,2024-11-30,0
C1178,2023-07-10,2024-12-31,0
C1178,2023-07-10,2025-01-31,57
C1178,2023-07-10,2025-02-28,0
C1178,2023-07-10,2025-03-31,0
C1178,2023-07-10,2025-04-30,0
C1178,2023-07-10,2025-05-31,0
C1178,2023-07-10,2025-06-30,15
C1178,2023-07-10,2025-07-31,22
C1178,2023-07-10,2025-08-31,40
C1178,2023-07-10,2025-09-30,43
C1178,2023-07-10,2025-10-31,0
C1178,2023-07-10,2025-11-30,46
C1178,2023-07-10,2025-12-31,0
C1179,2023-10-21,2023-10-31,0
C1179,2023-10-21,2023-11-30,7
C1179,2023-10-21,2023-12-31,0
C1179,2023-10-21,2024-01-31,0
C1179,2023-10-21,2024-02-29,0
C1179,2023-10-21,2024-03-31,8
C1179,2023-10-21,2024-04-30,0
C1179,2023-10-21,2024-05-31,2
C1179,2023-10-21,2024-06-30,0
C1179,2023-10-21,2024-07-31,19
C1179,2023-10-21,2024-08-31,0
C1179,2023-10-21,2024-09-30,0
C1179,2023-10-21,2024-10-31,0
C1179,2023-10-21,2024-11-30,0
C1179,2023-10-21,2024-12-31,0
C1179,2023-10-21,2025-01-31,0
C1179,2023-10-21,2025-02-28,0
C1179,2023-10-21,2025-03-31,0
C1179,2023-10-21,2025-04-30,0
C1179,2023-10-21,2025-05-31,48
C1179,2023-10-21,2025-06-30,0
C1179,2023-10-21,2025-07-31,0
C1179,2023-10-21,2025-08-31,0
C1179,2023-10-21,2025-09-30,0
C1179,2023-10-21,2025-10-31,15
C1179,2023-10-21,2025-11-30,0
C1179,2023-10-21,2025-12-31,0
C1180,2024-01-28,2024-01-31,0
C1180,2024-01-28,2024-02-29,76
C1180,2024-01-28,2024-03-31,3
C1180,2024-01-28,2024-04-30,35
C1180,2024-01-28,2024-05-31,12
C1180,2024-01-28,2024-06-30,0
C1180,2024-01-28,2024-07-31,0
C1180,2024-01-28,2024-08-31,0
C1180,2024-01-28,2024-09-30,16
C1180,2024-01-28,2024-10-31,0
C1180,2024-01-28,2024-11-30,14
C1180,2024-01-28,2024-12-31,0
C1180,2024-01-28,2025-01-31,0
C1180,2024-01-28,2025-02-28,0
C1180,2024-01-28,2025-03-31,0
C1180,2024-01-28,2025-04-30,0
C1180,2024-01-28,2025-05-31,0
C1180,2024-01-28,2025-06-30,54
C1180,2024-01-28,2025-07-31,18
C1180,2024-01-28,2025-08-31,0
C1180,2024-01-28,2025-09-30,0
C1180,2024-01-28,2025-10-31,0
C1180,2024-01-28,2025-11-30,0
C1180,2024-01-28,2025-12-31,0
C1181,2024-02-21,2024-02-29,0
C1181,2024-02-21,2024-03-31,0
C1181,2024-02-21,2024-04-30,0
C1181,2024-02-21,2024-05-31,0
C1181,2024-02-21,2024-06-30,0
C1181,2024-02-21,2024-07-31,0
C1181,2024-02-21,2024-08-31,0
C1181,2024-02-21,2024-09-30,0
C1181,2024-02-21,2024-10-31,27
C1181,2024-02-21,2024-11-30,0
C1181,2024-02-21,2024-12-31,0
C1181,2024-02-21,2025-01-31,0
C1181,2024-02-21,2025-02-28,0
C1181,2024-02-21,2025-03-31,0
C1181,2024-02-21,2025-04-30,0
C1181,2024-02-21,2025-05-31,0
C1181,2024-02-21,2025-06-30,21
C1181,2024-02-21,2025-07-31,56
C1181,2024-02-21,2025-08-31,82
C1181,2024-02-21,2025-09-30,111
C1182,2025-06-04,2025-06-30,0
C1182,2025-06-04,2025-07-31,0
C1182,2025-06-04,2025-08-31,0
C1182,2025-06-04,2025-09-30,0
C1182,2025-06-04,2025-10-31,0
C1182,2025-06-04,2025-11-30,63
C1182,2025-06-04,2025-12-31,0
C1183,2025-01-11,2025-01-31,4
C1183,2025-01-11,2025-02-28,0
C1183,2025-01-11,2025-03-31,0
C1183,2025-01-11,2025-04-30,4
C1183,2025-01-11,2025-05-31,0
C1183,2025-01-11,2025-06-30,0
C1183,2025-01-11,2025-07-31,0
C1183,2025-01-11,2025-08-31,0
C1183,2025-01-11,2025-09-30,1
C1183,2025-01-11,2025-10-31,0
C1183,2025-01-11,2025-11-30,0
C1183,2025-01-11,2025-12-31,0
C1184,2024-05-27,2024-05-31,0
C1184,2024-05-27,2024-06-30,0
C1184,2024-05-27,2024-07-31,0
C1184,2024-05-27,2024-08-31,0
C1184,2024-05-27,2024-09-30,0
C1184,2024-05-27,2024-10-31,0
C1184,2024-05-27,2024-11-30,0
C1184,2024-05-27,2024-12-31,0
C1184,2024-05-27,2025-01-31,0
C1184,2024-05-27,2025-02-28,0
C1184,2024-05-27,2025-03-31,0
C1184,2024-05-27,2025-04-30,2
C1184,2024-05-27,2025-05-31,0
C1184,2024-05-27,2025-06-30,12
C1184,2024-05-27,2025-07-31,0
C1184,2024-05-27,2025-08-31,0
C1184,2024-05-27,2025-09-30,0
C1184,2024-05-27,2025-10-31,10
C1184,2024-05-27,2025-11-30,10
C1184,2024-05-27,2025-12-31,0
C1185,2023-10-24,2023-10-31,0
C1185,2023-10-24,2023-11-30,0
C1185,2023-10-24,2023-12-31,0
C1185,2023-10-24,2024-01-31,0
C1185,2023-10-24,2024-02-29,0
C1185,2023-10-24,2024-03-31,0
C1185,2023-10-24,2024-04-30,0
C1185,2023-10-24,2024-05-31,0
C1185,2023-10-24,2024-06-30,0
C1185,2023-10-24,2024-07-31,0
C1185,2023-10-24,2024-08-31,64
C1185,2023-10-24,2024-09-30,20
C1185,2023-10-24,2024-10-31,0
C1185,2023-10-24,2024-11-30,0
C1185,2023-10-24,2024-12-31,0
C1185,2023-10-24,2025-01-31,0
C1185,2023-10-24,2025-02-28,0
C1185,2023-10-24,2025-03-31,0
C1185,2023-10-24,2025-04-30,0
C1185,2023-10-24,2025-05-31,0
C1185,2023-10-24,2025-06-30,0
C1185,2023-10-24,2025-07-31,0
C1185,2023-10-24,2025-08-31,8
C1185,2023-10-24,2025-09-30,0
C1185,2023-10-24,2025-10-31,0
C1185,2023-10-24,2025-11-30,37
C1185,2023-10-24,2025-12-31,0
C1186,2023-09-17,2023-09-30,0
C1186,2023-09-17,2023-10-31,0
C1186,2023-09-17,2023-11-30,0
C1186,2023-09-17,2023-12-31,0
C1186,2023-09-17,2024-01-31,0
C1186,2023-09-17,2024-02-29,0
C1186,2023-09-17,2024-03-31,0
C1186,2023-09-17,2024-04-30,0
C1186,2023-09-17,2024-05-31,0
C1186,2023-09-17,2024-06-30,0
C1186,2023-09-17,2024-07-31,1
C1186,2023-09-17,2024-08-31,0
C1186,2023-09-17,2024-09-30,0
C1186,2023-09-17,2024-10-31,29
C1186,2023-09-17,2024-11-30,0
C1186,2023-09-17,2024-12-31,0
C1186,2023-09-17,2025-01-31,0
C1186,2023-09-17,2025-02-28,46
C1186,2023-09-17,2025-03-31,0
C1186,2023-09-17,2025-04-30,0
C1186,2023-09-17,2025-05-31,13
C1186,2023-09-17,2025-06-30,8
C1186,2023-09-17,2025-07-31,0
C1186,2023-09-17,2025-08-31,0
C1186,2023-09-17,2025-09-30,18
C1186,2023-09-17,2025-10-31,29
C1186,2023-09-17,2025-11-30,0
C1186,2023-09-17,2025-12-31,0
C1187,2024-09-17,2024-09-30,0
C1187,2024-09-17,2024-10-31,0
C1187,2024-09-17,2024-11-30,0
C1187,2024-09-17,2024-12-31,0
C1187,2024-09-17,2025-01-31,63
C1187,2024-09-17,2025-02-28,10
C1187,2024-09-17,2025-03-31,0
C1187,2024-09-17,2025-04-30,0
C1187,2024-09-17,2025-05-31,0
C1187,2024-09-17,2025-06-30,0
C1187,2024-09-17,2025-07-31,25
C1187,2024-09-17,2025-08-31,0
C1187,2024-09-17,2025-09-30,0
C1187,2024-09-17,2025-10-31,25
C1187,2024-09-17,2025-11-30,0
C1187,2024-09-17,2025-12-31,0
C1188,2023-10-06,2023-10-31,0
C1188,2023-10-06,2023-11-30,0
C1188,2023-10-06,2023-12-31,0
C1188,2023-10-06,2024-01-31,22
C1188,2023-10-06,2024-02-29,0
C1188,2023-10-06,2024-03-31,0
C1188,2023-10-06,2024-04-30,0
C1188,2023-10-06,2024-05-31,0
C1188,2023-10-06,2024-06-30,0
C1188,2023-10-06,2024-07-31,0
C1188,2023-10-06,2024-08-31,0
C1188,2023-10-06,2024-09-30,0
C1188,2023-10-06,2024-10-31,0
C1188,2023-10-06,2024-11-30,0
C1188,2023-10-06,2024-12-31,0
C1188,2023-10-06,2025-01-31,0
C1188,2023-10-06,2025-02-28,0
C1188,2023-10-06,2025-03-31,0
C1188,2023-10-06,2025-04-30,0
C1188,2023-10-06,2025-05-31,0
C1188,2023-10-06,2025-06-30,0
C1188,2023-10-06,2025-07-31,0
C1188,2023-10-06,2025-08-31,0
C1188,2023-10-06,2025-09-30,0
C1188,2023-10-06,2025-10-31,0
C1188,2023-10-06,2025-11-30,0
C1188,2023-10-06,2025-12-31,0
C1189,2024-07-10,2024-07-31,0
C1189,2024-07-10,2024-08-31,0
C1189,2024-07-10,2024-09-30,3
C1189,2024-07-10,2024-10-31,0
C1189,2024-07-10,2024-11-30,0
C1189,2024-07-10,2024-12-31,28
C1189,2024-07-10,2025-01-31,71
C1189,2024-07-10,2025-02-28,0
C1189,2024-07-10,2025-03-31,27
C1189,2024-07-10,2025-04-30,0
C1189,2024-07-10,2025-05-31,0
C1189,2024-07-10,2025-06-30,88
C1189,2024-07-10,2025-07-31,59
C1189,2024-07-10,2025-08-31,88
C1189,2024-07-10,2025-09-30,99
C1190,2023-11-03,2023-11-30,0
C1190,2023-11-03,2023-12-31,0
C1190,2023-11-03,2024-01-31,26
C1190,2023-11-03,2024-02-29,10
C1190,2023-11-03,2024-03-31,0
C1190,2023-11-03,2024-04-30,0
C1190,2023-11-03,2024-05-31,0
C1190,2023-11-03,2024-06-30,0
C1190,2023-11-03,2024-07-31,5
C1190,2023-11-03,2024-08-31,0
C1190,2023-11-03,2024-09-30,0
C1190,2023-11-03,2024-10-31,0
C1190,2023-11-03,2024-11-30,0
C1190,2023-11-03,2024-12-31,0
C1190,2023-11-03,2025-01-31,0
C1190,2023-11-03,2025-02-28,0
C1190,2023-11-03,2025-03-31,18
C1190,2023-11-03,2025-04-30,54
C1190,2023-11-03,2025-05-31,75
C1190,2023-11-03,2025-06-30,93
C1191,2023-02-17,2023-02-28,0
C1191,2023-02-17,2023-03-31,0
C1191,2023-02-17,2023-04-30,11
C1191,2023-02-17,2023-05-31,67
C1191,2023-02-17,2023-06-30,0
C1191,2023-02-17,2023-07-31,0
C1191,2023-02-17,2023-08-31,0
C1191,2023-02-17,2023-09-30,0
C1191,2023-02-17,2023-10-31,0
C1191,2023-02-17,2023-11-30,0
C1191,2023-02-17,2023-12-31,0
C1191,2023-02-17,2024-01-31,0
C1191,2023-02-17,2024-02-29,0
C1191,2023-02-17,2024-03-31,0
C1191,2023-02-17,2024-04-30,16
C1191,2023-02-17,2024-05-31,0
C1191,2023-02-17,2024-06-30,0
C1191,2023-02-17,2024-07-31,0
C1191,2023-02-17,2024-08-31,27
C1191,2023-02-17,2024-09-30,0
C1191,2023-02-17,2024-10-31,0
C1191,2023-02-17,2024-11-30,0
C1191,2023-02-17,2024-12-31,0
C1191,2023-02-17,2025-01-31,0
C1191,2023-02-17,2025-02-28,0
C1191,2023-02-17,2025-03-31,0
C1191,2023-02-17,2025-04-30,0
C1191,2023-02-17,2025-05-31,0
C1191,2023-02-17,2025-06-30,0
C1191,2023-02-17,2025-07-31,0
C1191,2023-02-17,2025-08-31,0
C1191,2023-02-17,2025-09-30,0
C1191,2023-02-17,2025-10-31,0
C1191,2023-02-17,2025-11-30,36
C1191,2023-02-17,2025-12-31,0
C1192,2023-11-21,2023-11-30,0
C1192,2023-11-21,2023-12-31,0
C1192,2023-11-21,2024-01-31,0
C1192,2023-11-21,2024-02-29,27
C1192,2023-11-21,2024-03-31,16
C1192,2023-11-21,2024-04-30,0
C1192,2023-11-21,2024-05-31,0
C1192,2023-11-21,2024-06-30,0
C1192,2023-11-21,2024-07-31,0
C1192,2023-11-21,2024-08-31,0
C1192,2023-11-21,2024-09-30,0
C1192,2023-11-21,2024-10-31,0
C1192,2023-11-21,2024-11-30,0
C1192,2023-11-21,2024-12-31,0
C1192,2023-11-21,2025-01-31,0
C1192,2023-11-21,2025-02-28,0
C1192,2023-11-21,2025-03-31,0
C1192,2023-11-21,2025-04-30,0
C1192,2023-11-21,2025-05-31,0
C1192,2023-11-21,2025-06-30,0
C1192,2023-11-21,2025-07-31,58
C1192,2023-11-21,2025-08-31,0
C1192,2023-11-21,2025-09-30,0
C1192,2023-11-21,2025-10-31,43
C1192,2023-11-21,2025-11-30,0
C1192,2023-11-21,2025-12-31,0
C1193,2023-04-27,2023-04-30,0
C1193,2023-04-27,2023-05-31,38
C1193,2023-04-27,2023-06-30,0
C1193,2023-04-27,2023-07-31,33
C1193,2023-04-27,2023-08-31,0
C1193,2023-04-27,2023-09-30,0
C1193,2023-04-27,2023-10-31,0
C1193,2023-04-27,2023-11-30,0
C1193,2023-04-27,2023-12-31,0
C1193,2023-04-27,2024-01-31,0
C1193,2023-04-27,2024-02-29,0
C1193,2023-04-27,2024-03-31,0
C1193,2023-04-27,2024-04-30,0
C1193,2023-04-27,2024-05-31,0
C1193,2023-04-27,2024-06-30,0
C1193,2023-04-27,2024-07-31,0
C1193,2023-04-27,2024-08-31,0
C1193,2023-04-27,2024-09-30,54
C1193,2023-04-27,2024-10-31,0
C1193,2023-04-27,2024-11-30,46
C1193,2023-04-27,2024-12-31,0
C1193,2023-04-27,2025-01-31,0
C1193,2023-04-27,2025-02-28,0
C1193,2023-04-27,2025-03-31,44
C1193,2023-04-27,2025-04-30,0
C1193,2023-04-27,2025-05-31,49
C1193,2023-04-27,2025-06-30,0
C1193,2023-04-27,2025-07-31,0
C1193,2023-04-27,2025-08-31,0
C1193,2023-04-27,2025-09-30,0
C1193,2023-04-27,2025-10-31,0
C1193,2023-04-27,2025-11-30,0
C1193,2023-04-27,2025-12-31,81
C1194,2025-02-06,2025-02-28,32
C1194,2025-02-06,2025-03-31,0
C1194,2025-02-06,2025-04-30,78
C1194,2025-02-06,2025-05-31,0
C1194,2025-02-06,2025-06-30,0
C1194,2025-02-06,2025-07-31,0
C1194,2025-02-06,2025-08-31,0
C1194,2025-02-06,2025-09-30,16
C1194,2025-02-06,2025-10-31,0
C1194,2025-02-06,2025-11-30,0
C1194,2025-02-06,2025-12-31,9
C1195,2023-09-24,2023-09-30,20
C1195,2023-09-24,2023-10-31,0
C1195,2023-09-24,2023-11-30,1
C1195,2023-09-24,2023-12-31,0
C1195,2023-09-24,2024-01-31,0
C1195,2023-09-24,2024-02-29,0
C1195,2023-09-24,2024-03-31,0
C1195,2023-09-24,2024-04-30,0
C1195,2023-09-24,2024-05-31,0
C1195,2023-09-24,2024-06-30,21
C1195,2023-09-24,2024-07-31,0
C1195,2023-09-24,2024-08-31,0
C1195,2023-09-24,2024-09-30,0
C1195,2023-09-24,2024-10-31,0
C1195,2023-09-24,2024-11-30,0
C1195,2023-09-24,2024-12-31,0
C1195,2023-09-24,2025-01-31,0
C1195,2023-09-24,2025-02-28,0
C1195,2023-09-24,2025-03-31,0
C1195,2023-09-24,2025-04-30,0
C1195,2023-09-24,2025-05-31,0
C1195,2023-09-24,2025-06-30,0
C1195,2023-09-24,2025-07-31,0
C1195,2023-09-24,2025-08-31,6
C1195,2023-09-24,2025-09-30,0
C1195,2023-09-24,2025-10-31,0
C1195,2023-09-24,2025-11-30,0
C1195,2023-09-24,2025-12-31,0
C1196,2024-11-13,2024-11-30,0
C1196,2024-11-13,2024-12-31,0
C1196,2024-11-13,2025-01-31,33
C1196,2024-11-13,2025-02-28,0
C1196,2024-11-13,2025-03-31,0
C1196,2024-11-13,2025-04-30,0
C1196,2024-11-13,2025-05-31,0
C1196,2024-11-13,2025-06-30,0
C1196,2024-11-13,2025-07-31,0
C1196,2024-11-13,2025-08-31,0
C1196,2024-11-13,2025-09-30,0
C1196,2024-11-13,2025-10-31,0
C1196,2024-11-13,2025-11-30,0
C1196,2024-11-13,2025-12-31,0
C1197,2024-07-19,2024-07-31,0
C1197,2024-07-19,2024-08-31,0
C1197,2024-07-19,2024-09-30,0
C1197,2024-07-19,2024-10-31,0
C1197,2024-07-19,2024-11-30,0
C1197,2024-07-19,2024-12-31,12
C1197,2024-07-19,2025-01-31,0
C1197,2024-07-19,2025-02-28,0
C1197,2024-07-19,2025-03-31,0
C1197,2024-07-19,2025-04-30,0
C1197,2024-07-19,2025-05-31,0
C1197,2024-07-19,2025-06-30,0
C1197,2024-07-19,2025-07-31,0
C1197,2024-07-19,2025-08-31,1
C1197,2024-07-19,2025-09-30,0
C1197,2024-07-19,2025-10-31,0
C1197,2024-07-19,2025-11-30,0
C1197,2024-07-19,2025-12-31,0
C1198,2024-10-04,2024-10-31,0
C1198,2024-10-04,2024-11-30,33
C1198,2024-10-04,2024-12-31,0
C1198,2024-10-04,2025-01-31,26
C1198,2024-10-04,2025-02-28,0
C1198,2024-10-04,2025-03-31,0
C1198,2024-10-04,2025-04-30,14
C1198,2024-10-04,2025-05-31,59
C1198,2024-10-04,2025-06-30,79
C1198,2024-10-04,2025-07-31,117
C1199,2024-01-24,2024-01-31,0
C1199,2024-01-24,2024-02-29,59
C1199,2024-01-24,2024-03-31,0
C1199,2024-01-24,2024-04-30,0
C1199,2024-01-24,2024-05-31,0
C1199,2024-01-24,2024-06-30,0
C1199,2024-01-24,2024-07-31,0
C1199,2024-01-24,2024-08-31,27
C1199,2024-01-24,2024-09-30,0
C1199,2024-01-24,2024-10-31,0
C1199,2024-01-24,2024-11-30,55
C1199,2024-01-24,2024-12-31,0
C1199,2024-01-24,2025-01-31,0
C1199,2024-01-24,2025-02-28,0
C1199,2024-01-24,2025-03-31,0
C1199,2024-01-24,2025-04-30,44
C1199,2024-01-24,2025-05-31,0
C1199,2024-01-24,2025-06-30,24
C1199,2024-01-24,2025-07-31,0
C1199,2024-01-24,2025-08-31,0
C1199,2024-01-24,2025-09-30,0
C1199,2024-01-24,2025-10-31,0
C1199,2024-01-24,2025-11-30,0
C1199,2024-01-24,2025-12-31,0
C1200,2023-12-10,2023-12-31,0
C1200,2023-12-10,2024-01-31,0
C1200,2023-12-10,2024-02-29,0
C1200,2023-12-10,2024-03-31,0
C1200,2023-12-10,2024-04-30,0
C1200,2023-12-10,2024-05-31,0
C1200,2023-12-10,2024-06-30,0
C1200,2023-12-10,2024-07-31,54
C1200,2023-12-10,2024-08-31,0
C1200,2023-12-10,2024-09-30,0
C1200,2023-12-10,2024-10-31,0
C1200,2023-12-10,2024-11-30,14
C1200,2023-12-10,2024-12-31,56
C1200,2023-12-10,2025-01-31,82
C1200,2023-12-10,2025-02-28,96
