client,state,date
A1,active,2026-01-01
A1,active,2026-02-01
A1,active,2026-03-01
A1,inactive,2026-04-01
A1,active,2026-05-01
A1,inactive,2026-06-01
A1,active,2026-07-01
A1,inactive,2026-08-01
A2,active,2026-01-01
A2,active,2026-02-01
A2,active,2026-03-01
A2,active,2026-04-01
A2,active,2026-05-01
A2,active,2026-06-01
A2,active,2026-07-01
A2,active,2026-08-01
A2,active,2026-09-01
A2,inactive,2026-10-01
A2,active,2026-11-01
A2,active,2026-12-01
A3,active,2026-01-01
A3,active,2026-02-01
A3,active,2026-03-01
A3,active,2026-04-01
A3,inactive,2026-05-01
A4,active,2026-01-01
A4,active,2026-02-01
A4,active,2026-03-01
A4,active,2026-04-01
A4,active,2026-05-01
A4,active,2026-06-01
A4,active,2026-07-01
A4,active,2026-08-01
A4,inactive,2026-09-01
A4,inactive,2026-10-01
A4,inactive,2026-11-01
A5,active,2026-01-01
A5,active,2026-02-01
A5,active,2026-03-01
A5,active,2026-04-01
A5,active,2026-05-01
A5,active,2026-06-01
A5,active,2026-07-01
A5,active,2026-08-01
A5,active,2026-09-01
A5,inactive,2026-10-01
A5,active,2026-11-01
A5,inactive,2026-12-01
A6,inactive,2026-01-01
A6,inactive,2026-02-01
A6,active,2026-03-01
A6,inactive,2026-04-01
A6,inactive,2026-05-01
A6,inactive,2026-06-01
A7,active,2026-01-01
A7,active,2026-02-01
A7,active,2026-03-01
A7,active,2026-04-01
A7,active,2026-05-01
A7,active,2026-06-01
A7,active,2026-07-01
A7,inactive,2026-08-01
A7,active,2026-09-01
A7,inactive,2026-10-01
A7,inactive,2026-11-01
A8,active,2026-01-01
A8,active,2026-02-01
A8,active,2026-03-01
A8,active,2026-04-01
A8,inactive,2026-05-01
A8,inactive,2026-06-01
A8,inactive,2026-07-01
A8,active,2026-08-01
A9,active,2026-01-01
A9,inactive,2026-02-01
A9,active,2026-03-01
A9,inactive,2026-04-01
A9,inactive,2026-05-01
A9,inactive,2026-06-01
A10,active,2026-01-01
A10,active,2026-02-01
A10,active,2026-03-01
A10,active,2026-04-01
A10,active,2026-05-01
A10,active,2026-06-01
A10,inactive,2026-07-01
A10,inactive,2026-08-01
A10,inactive,2026-09-01
A10,active,2026-10-01
A10,inactive,2026-11-01
A11,active,2026-01-01
A11,inactive,2026-02-01
A11,active,2026-03-01
A11,active,2026-04-01
A11,active,2026-05-01
A11,active,2026-06-01
A11,inactive,2026-07-01
A12,active,2026-01-01
A12,inactive,2026-02-01
A12,active,2026-03-01
A12,inactive,2026-04-01
A12,default,2026-05-01
A12,default,2026-06-01
A12,default,2026-07-01
A12,default,2026-08-01
A12,default,2026-09-01
A12,default,2026-10-01
A12,default,2026-11-01
A12,default,2026-12-01
A13,active,2026-01-01
A13,active,2026-02-01
A13,active,2026-03-01
A13,active,2026-04-01
A13,active,2026-05-01
A13,active,2026-06-01
A13,active,2026-07-01
A13,inactive,2026-08-01
A13,inactive,2026-09-01
A14,active,2026-01-01
A14,active,2026-02-01
A14,active,2026-03-01
A14,active,2026-04-01
A14,active,2026-05-01
A14,active,2026-06-01
A14,active,2026-07-01
A14,inactive,2026-08-01
A14,active,2026-09-01
A14,inactive,2026-10-01
A15,active,2026-01-01
A15,active,2026-02-01
A15,active,2026-03-01
A15,active,2026-04-01
A15,active,2026-05-01
A15,active,2026-06-01
A15,active,2026-07-01
A15,active,2026-08-01
A15,inactive,2026-09-01
A15,default,2026-10-01
A16,active,2026-01-01
A16,active,2026-02-01
A16,active,2026-03-01
A16,active,2026-04-01
A16,active,2026-05-01
A16,active,2026-06-01
A16,active,2026-07-01
A16,active,2026-08-01
A16,active,2026-09-01
A17,active,2026-01-01
A17,inactive,2026-02-01
A17,inactive,2026-03-01
A17,inactive,2026-04-01
A17,active,2026-05-01
A17,inactive,2026-06-01
A17,inactive,2026-07-01
A17,active,2026-08-01
A17,inactive,2026-09-01
A17,active,2026-10-01
A17,inactive,2026-11-01
A17,active,2026-12-01
A18,active,2026-01-01
A18,active,2026-02-01
A18,active,2026-03-01
A18,active,2026-04-01
A18,active,2026-05-01
A18,active,2026-06-01
A18,active,2026-07-01
A18,active,2026-08-01
A18,active,2026-09-01
A18,inactive,2026-10-01
A18,inactive,2026-11-01
A19,active,2026-01-01
A19,active,2026-02-01
A19,active,2026-03-01
A19,active,2026-04-01
A19,active,2026-05-01
A19,active,2026-06-01
A19,active,2026-07-01
A19,active,2026-08-01
A19,active,2026-09-01
A19,active,2026-10-01
A19,active,2026-11-01
A19,inactive,2026-12-01
A20,active,2026-01-01
A20,active,2026-02-01
A20,inactive,2026-03-01
A20,active,2026-04-01
A20,active,2026-05-01
A21,active,2026-01-01
A21,inactive,2026-02-01
A21,active,2026-03-01
A21,inactive,2026-04-01
A21,active,2026-05-01
A21,inactive,2026-06-01
A21,active,2026-07-01
A21,inactive,2026-08-01
A21,active,2026-09-01
A22,active,2026-01-01
A22,active,2026-02-01
A22,active,2026-03-01
A22,inactive,2026-04-01
A22,active,2026-05-01
A22,inactive,2026-06-01
A22,inactive,2026-07-01
A22,active,2026-08-01
A22,active,2026-09-01
A22,inactive,2026-10-01
A22,active,2026-11-01
A22,inactive,2026-12-01
A23,active,2026-01-01
A23,active,2026-02-01
A23,active,2026-03-01
A23,active,2026-04-01
A23,inactive,2026-05-01
A23,active,2026-06-01
A24,active,2026-01-01
A24,inactive,2026-02-01
A24,active,2026-03-01
A24,inactive,2026-04-01
A24,active,2026-05-01
A24,active,2026-06-01
A24,inactive,2026-07-01
A24,active,2026-08-01
A24,inactive,2026-09-01
A25,active,2026-01-01
A25,active,2026-02-01
A25,active,2026-03-01
A25,active,2026-04-01
A25,active,2026-05-01
A25,active,2026-06-01
A25,active,2026-07-01
A25,inactive,2026-08-01
A26,active,2026-01-01
A26,active,2026-02-01
A26,active,2026-03-01
A26,active,2026-04-01
A26,active,2026-05-01
A26,active,2026-06-01
A26,inactive,2026-07-01
A26,inactive,2026-08-01
A26,active,2026-09-01
A26,inactive,2026-10-01
A26,inactive,2026-11-01
A26,active,2026-12-01
A27,active,2026-01-01
A27,active,2026-02-01
A27,active,2026-03-01
A27,active,2026-04-01
A27,active,2026-05-01
A27,active,2026-06-01
A27,active,2026-07-01
A27,active,2026-08-01
A27,inactive,2026-09-01
A27,inactive,2026-10-01
A27,inactive,2026-11-01
A27,inactive,2026-12-01
A28,active,2026-01-01
A28,active,2026-02-01
A28,inactive,2026-03-01
A28,active,2026-04-01
A28,inactive,2026-05-01
A28,active,2026-06-01
A28,inactive,2026-07-01
A28,inactive,2026-08-01
A29,active,2026-01-01
A29,active,2026-02-01
A29,active,2026-03-01
A29,active,2026-04-01
A29,active,2026-05-01
A29,active,2026-06-01
A29,active,2026-07-01
A29,active,2026-08-01
A29,inactive,2026-09-01
A29,inactive,2026-10-01
A29,inactive,2026-11-01
A30,active,2026-01-01
A30,active,2026-02-01
A30,inactive,2026-03-01
A30,inactive,2026-04-01
A30,active,2026-05-01
A30,active,2026-06-01
A31,active,2026-01-01
A31,active,2026-02-01
A31,active,2026-03-01
A31,active,2026-04-01
A31,active,2026-05-01
A31,active,2026-06-01
A31,active,2026-07-01
A31,inactive,2026-08-01
A32,active,2026-01-01
A32,active,2026-02-01
A32,active,2026-03-01
A32,inactive,2026-04-01
A32,active,2026-05-01
A32,inactive,2026-06-01
A32,active,2026-07-01
A32,inactive,2026-08-01
A32,inactive,2026-09-01
A32,inactive,2026-10-01
A32,active,2026-11-01
A32,inactive,2026-12-01
A33,active,2026-01-01
A33,active,2026-02-01
A33,active,2026-03-01
A33,active,2026-04-01
A33,active,2026-05-01
A33,active,2026-06-01
A33,active,2026-07-01
A33,inactive,2026-08-01
A33,inactive,2026-09-01
A33,inactive,2026-10-01
A34,active,2026-01-01
A34,active,2026-02-01
A34,active,2026-03-01
A34,inactive,2026-04-01
A34,active,2026-05-01
A34,inactive,2026-06-01
A34,inactive,2026-07-01
A34,inactive,2026-08-01
A34,default,2026-09-01
A35,active,2026-01-01
A35,active,2026-02-01
A35,active,2026-03-01
A35,active,2026-04-01
A35,active,2026-05-01
A35,active,2026-06-01
A35,active,2026-07-01
A35,active,2026-08-01
A35,inactive,2026-09-01
A36,active,2026-01-01
A36,active,2026-02-01
A36,active,2026-03-01
A36,active,2026-04-01
A36,inactive,2026-05-01
A36,inactive,2026-06-01
A36,active,2026-07-01
A36,active,2026-08-01
A36,inactive,2026-09-01
A36,default,2026-10-01
A36,default,2026-11-01
A36,default,2026-12-01
A37,active,2026-01-01
A37,active,2026-02-01
A37,active,2026-03-01
A37,active,2026-04-01
A37,active,2026-05-01
A37,active,2026-06-01
A37,active,2026-07-01
A37,active,2026-08-01
A37,inactive,2026-09-01
A37,inactive,2026-10-01
A37,inactive,2026-11-01
A38,active,2026-01-01
A38,active,2026-02-01
A38,active,2026-03-01
A38,inactive,2026-04-01
A38,inactive,2026-05-01
A38,active,2026-06-01
A39,active,2026-01-01
A39,inactive,2026-02-01
A39,active,2026-03-01
A39,inactive,2026-04-01
A39,active,2026-05-01
A39,active,2026-06-01
A39,active,2026-07-01
A39,inactive,2026-08-01
A40,active,2026-01-01
A40,active,2026-02-01
A40,inactive,2026-03-01
A40,active,2026-04-01
A40,inactive,2026-05-01
A40,inactive,2026-06-01
A41,active,2026-01-01
A41,active,2026-02-01
A41,active,2026-03-01
A41,active,2026-04-01
A41,active,2026-05-01
A41,inactive,2026-06-01
A41,active,2026-07-01
A41,active,2026-08-01
A41,active,2026-09-01
A41,inactive,2026-10-01
A41,active,2026-11-01
A41,inactive,2026-12-01
A42,active,2026-01-01
A42,inactive,2026-02-01
A42,active,2026-03-01
A42,inactive,2026-04-01
A42,active,2026-05-01
A42,inactive,2026-06-01
A42,active,2026-07-01
A43,active,2026-01-01
A43,inactive,2026-02-01
A43,active,2026-03-01
A43,inactive,2026-04-01
A43,inactive,2026-05-01
A43,inactive,2026-06-01
A43,active,2026-07-01
A43,inactive,2026-08-01
A43,inactive,2026-09-01
A43,inactive,2026-10-01
A44,active,2026-01-01
A44,active,2026-02-01
A44,active,2026-03-01
A44,active,2026-04-01
A44,active,2026-05-01
A44,active,2026-06-01
A44,active,2026-07-01
A44,active,2026-08-01
A44,active,2026-09-01
A44,active,2026-10-01
A44,inactive,2026-11-01
A45,active,2026-01-01
A45,active,2026-02-01
A45,active,2026-03-01
A45,active,2026-04-01
A45,active,2026-05-01
A45,active,2026-06-01
A45,active,2026-07-01
A45,inactive,2026-08-01
A45,inactive,2026-09-01
A46,inactive,2026-01-01
A46,inactive,2026-02-01
A46,active,2026-03-01
A46,inactive,2026-04-01
A46,inactive,2026-05-01
A47,active,2026-01-01
A47,active,2026-02-01
A47,active,2026-03-01
A47,active,2026-04-01
A47,active,2026-05-01
A47,active,2026-06-01
A47,inactive,2026-07-01
A47,active,2026-08-01
A47,inactive,2026-09-01
A48,active,2026-01-01
A48,active,2026-02-01
A48,active,2026-03-01
A48,active,2026-04-01
A48,active,2026-05-01
A48,active,2026-06-01
A48,active,2026-07-01
A48,active,2026-08-01
A48,active,2026-09-01
A48,inactive,2026-10-01
A48,active,2026-11-01
A48,inactive,2026-12-01
A49,active,2026-01-01
A49,active,2026-02-01
A49,active,2026-03-01
A49,active,2026-04-01
A49,active,2026-05-01
A49,active,2026-06-01
A49,inactive,2026-07-01
A49,inactive,2026-08-01
A49,active,2026-09-01
A50,active,2026-01-01
A50,active,2026-02-01
A50,active,2026-03-01
A50,active,2026-04-01
A50,active,2026-05-01
A50,active,2026-06-01
A50,active,2026-07-01
A51,active,2026-01-01
A51,active,2026-02-01
A51,active,2026-03-01
A51,active,2026-04-01
A51,active,2026-05-01
A51,active,2026-06-01
A51,active,2026-07-01
A51,active,2026-08-01
A51,inactive,2026-09-01
A52,active,2026-01-01
A52,active,2026-02-01
A52,active,2026-03-01
A52,inactive,2026-04-01
A52,inactive,2026-05-01
A52,inactive,2026-06-01
A52,active,2026-07-01
A52,inactive,2026-08-01
A53,active,2026-01-01
A53,active,2026-02-01
A53,active,2026-03-01
A53,active,2026-04-01
A53,active,2026-05-01
A53,active,2026-06-01
A53,active,2026-07-01
A53,active,2026-08-01
A53,inactive,2026-09-01
A53,active,2026-10-01
A53,active,2026-11-01
A54,active,2026-01-01
A54,active,2026-02-01
A54,active,2026-03-01
A54,active,2026-04-01
A54,active,2026-05-01
A54,inactive,2026-06-01
A54,active,2026-07-01
A54,inactive,2026-08-01
A54,default,2026-09-01
A54,default,2026-10-01
A54,default,2026-11-01
A54,default,2026-12-01
A55,active,2026-01-01
A55,active,2026-02-01
A55,active,2026-03-01
A55,inactive,2026-04-01
A55,default,2026-05-01
A55,default,2026-06-01
A56,active,2026-01-01
A56,active,2026-02-01
A56,active,2026-03-01
A56,active,2026-04-01
A56,inactive,2026-05-01
A57,active,2026-01-01
A57,active,2026-02-01
A57,active,2026-03-01
A57,inactive,2026-04-01
A57,inactive,2026-05-01
A57,default,2026-06-01
A57,default,2026-07-01
A58,active,2026-01-01
A58,active,2026-02-01
A58,active,2026-03-01
A58,inactive,2026-04-01
A58,inactive,2026-05-01
A58,active,2026-06-01
A58,inactive,2026-07-01
A58,active,2026-08-01
A58,active,2026-09-01
A58,inactive,2026-10-01
A58,inactive,2026-11-01
A58,inactive,2026-12-01
A59,active,2026-01-01
A59,active,2026-02-01
A59,active,2026-03-01
A59,active,2026-04-01
A59,active,2026-05-01
A59,active,2026-06-01
A59,active,2026-07-01
A59,active,2026-08-01
A59,inactive,2026-09-01
A59,inactive,2026-10-01
A60,active,2026-01-01
A60,inactive,2026-02-01
A60,inactive,2026-03-01
A60,inactive,2026-04-01
A60,default,2026-05-01
A60,default,2026-06-01
A61,active,2026-01-01
A61,active,2026-02-01
A61,active,2026-03-01
A61,inactive,2026-04-01
A61,active,2026-05-01
A61,active,2026-06-01
A61,active,2026-07-01
A61,inactive,2026-08-01
A61,inactive,2026-09-01
A62,active,2026-01-01
A62,active,2026-02-01
A62,inactive,2026-03-01
A62,inactive,2026-04-01
A62,inactive,2026-05-01
A62,inactive,2026-06-01
A62,inactive,2026-07-01
A62,active,2026-08-01
A62,inactive,2026-09-01
A62,active,2026-10-01
A62,inactive,2026-11-01
A62,inactive,2026-12-01
A63,active,2026-01-01
A63,active,2026-02-01
A63,active,2026-03-01
A63,active,2026-04-01
A63,active,2026-05-01
A63,inactive,2026-06-01
A64,active,2026-01-01
A64,active,2026-02-01
A64,active,2026-03-01
A64,active,2026-04-01
A64,active,2026-05-01
A64,active,2026-06-01
A64,active,2026-07-01
A64,active,2026-08-01
A64,active,2026-09-01
A64,active,2026-10-01
A64,inactive,2026-11-01
A65,active,2026-01-01
A65,active,2026-02-01
A65,active,2026-03-01
A65,active,2026-04-01
A65,active,2026-05-01
A65,active,2026-06-01
A65,inactive,2026-07-01
A65,inactive,2026-08-01
A65,active,2026-09-01
A65,inactive,2026-10-01
A65,inactive,2026-11-01
A65,active,2026-12-01
A66,active,2026-01-01
A66,active,2026-02-01
A66,inactive,2026-03-01
A66,active,2026-04-01
A66,active,2026-05-01
A66,inactive,2026-06-01
A66,active,2026-07-01
A66,inactive,2026-08-01
A66,inactive,2026-09-01
A66,inactive,2026-10-01
A66,active,2026-11-01
A67,active,2026-01-01
A67,active,2026-02-01
A67,active,2026-03-01
A67,active,2026-04-01
A67,active,2026-05-01
A67,active,2026-06-01
A67,active,2026-07-01
A67,active,2026-08-01
A67,active,2026-09-01
A67,active,2026-10-01
A67,active,2026-11-01
A67,active,2026-12-01
A68,active,2026-01-01
A68,active,2026-02-01
A68,active,2026-03-01
A68,active,2026-04-01
A68,active,2026-05-01
A69,active,2026-01-01
A69,active,2026-02-01
A69,active,2026-03-01
A69,inactive,2026-04-01
A69,inactive,2026-05-01
A69,active,2026-06-01
A69,inactive,2026-07-01
A69,inactive,2026-08-01
A69,active,2026-09-01
A70,active,2026-01-01
A70,active,2026-02-01
A70,active,2026-03-01
A70,active,2026-04-01
A70,active,2026-05-01
A70,active,2026-06-01
A70,inactive,2026-07-01
A71,active,2026-01-01
A71,active,2026-02-01
A71,inactive,2026-03-01
A71,active,2026-04-01
A71,inactive,2026-05-01
A71,active,2026-06-01
A71,inactive,2026-07-01
A71,active,2026-08-01
A72,active,2026-01-01
A72,active,2026-02-01
A72,active,2026-03-01
A72,active,2026-04-01
A72,inactive,2026-05-01
A73,active,2026-01-01
A73,active,2026-02-01
A73,active,2026-03-01
A73,active,2026-04-01
A73,active,2026-05-01
A73,active,2026-06-01
A73,active,2026-07-01
A73,active,2026-08-01
A73,active,2026-09-01
A73,active,2026-10-01
A73,inactive,2026-11-01
A73,active,2026-12-01
A74,active,2026-01-01
A74,active,2026-02-01
A74,inactive,2026-03-01
A74,active,2026-04-01
A74,inactive,2026-05-01
A74,inactive,2026-06-01
A74,inactive,2026-07-01
A74,active,2026-08-01
A74,inactive,2026-09-01
A74,active,2026-10-01
A74,inactive,2026-11-01
A74,default,2026-12-01
A75,active,2026-01-01
A75,active,2026-02-01
A75,active,2026-03-01
A75,active,2026-04-01
A75,active,2026-05-01
A75,inactive,2026-06-01
A75,inactive,2026-07-01
A75,active,2026-08-01
A75,inactive,2026-09-01
A75,default,2026-10-01
A75,default,2026-11-01
A75,default,2026-12-01
A76,active,2026-01-01
A76,active,2026-02-01
A76,active,2026-03-01
A76,inactive,2026-04-01
A76,active,2026-05-01
A76,active,2026-06-01
A76,inactive,2026-07-01
A76,active,2026-08-01
A76,inactive,2026-09-01
A76,inactive,2026-10-01
A77,active,2026-01-01
A77,active,2026-02-01
A77,active,2026-03-01
A77,active,2026-04-01
A77,active,2026-05-01
A77,active,2026-06-01
A77,active,2026-07-01
A77,active,2026-08-01
A77,inactive,2026-09-01
A77,default,2026-10-01
A77,default,2026-11-01
A78,active,2026-01-01
A78,active,2026-02-01
A78,active,2026-03-01
A78,active,2026-04-01
A78,active,2026-05-01
A78,active,2026-06-01
A78,inactive,2026-07-01
A78,active,2026-08-01
A78,inactive,2026-09-01
A79,active,2026-01-01
A79,active,2026-02-01
A79,active,2026-03-01
A79,active,2026-04-01
A79,active,2026-05-01
A79,active,2026-06-01
A79,active,2026-07-01
A79,active,2026-08-01
A79,active,2026-09-01
A79,inactive,2026-10-01
A79,inactive,2026-11-01
A79,inactive,2026-12-01
A80,active,2026-01-01
A80,active,2026-02-01
A80,inactive,2026-03-01
A80,inactive,2026-04-01
A80,active,2026-05-01
A81,active,2026-01-01
A81,active,2026-02-01
A81,active,2026-03-01
A81,active,2026-04-01
A81,active,2026-05-01
A81,active,2026-06-01
A81,active,2026-07-01
A81,active,2026-08-01
A81,active,2026-09-01
A81,inactive,2026-10-01
A81,inactive,2026-11-01
A81,inactive,2026-12-01
A82,active,2026-01-01
A82,inactive,2026-02-01
A82,active,2026-03-01
A82,inactive,2026-04-01
A82,active,2026-05-01
A82,inactive,2026-06-01
A82,active,2026-07-01
A82,inactive,2026-08-01
A82,inactive,2026-09-01
A82,active,2026-10-01
A82,active,2026-11-01
A82,inactive,2026-12-01
A83,active,2026-01-01
A83,active,2026-02-01
A83,inactive,2026-03-01
A83,active,2026-04-01
A83,active,2026-05-01
A83,inactive,2026-06-01
A83,inactive,2026-07-01
A83,active,2026-08-01
A84,active,2026-01-01
A84,active,2026-02-01
A84,active,2026-03-01
A84,active,2026-04-01
A84,inactive,2026-05-01
A84,inactive,2026-06-01
A84,active,2026-07-01
A84,active,2026-08-01
A84,inactive,2026-09-01
A84,default,2026-10-01
A84,default,2026-11-01
A84,default,2026-12-01
A85,active,2026-01-01
A85,active,2026-02-01
A85,active,2026-03-01
A85,active,2026-04-01
A85,active,2026-05-01
A85,inactive,2026-06-01
A85,inactive,2026-07-01
A86,active,2026-01-01
A86,active,2026-02-01
A86,active,2026-03-01
A86,active,2026-04-01
A86,active,2026-05-01
A86,inactive,2026-06-01
A86,active,2026-07-01
A86,inactive,2026-08-01
A86,inactive,2026-09-01
A86,inactive,2026-10-01
A86,inactive,2026-11-01
A86,active,2026-12-01
A87,active,2026-01-01
A87,active,2026-02-01
A87,active,2026-03-01
A87,active,2026-04-01
A87,active,2026-05-01
A87,active,2026-06-01
A87,active,2026-07-01
A87,active,2026-08-01
A87,active,2026-09-01
A87,active,2026-10-01
A87,inactive,2026-11-01
A87,inactive,2026-12-01
A88,active,2026-01-01
A88,active,2026-02-01
A88,active,2026-03-01
A88,inactive,2026-04-01
A88,active,2026-05-01
A88,inactive,2026-06-01
A88,inactive,2026-07-01
A88,inactive,2026-08-01
A88,active,2026-09-01
A88,inactive,2026-10-01
A89,active,2026-01-01
A89,active,2026-02-01
A89,active,2026-03-01
A89,inactive,2026-04-01
A89,active,2026-05-01
A89,inactive,2026-06-01
A89,inactive,2026-07-01
A89,inactive,2026-08-01
A89,inactive,2026-09-01
A89,inactive,2026-10-01
A89,inactive,2026-11-01
A90,active,2026-01-01
A90,active,2026-02-01
A90,inactive,2026-03-01
A90,active,2026-04-01
A90,inactive,2026-05-01
A90,active,2026-06-01
A91,active,2026-01-01
A91,active,2026-02-01
A91,active,2026-03-01
A91,active,2026-04-01
A91,inactive,2026-05-01
A91,inactive,2026-06-01
A91,inactive,2026-07-01
A91,inactive,2026-08-01
A91,inactive,2026-09-01
A91,default,2026-10-01
A91,default,2026-11-01
A91,default,2026-12-01
A92,active,2026-01-01
A92,active,2026-02-01
A92,active,2026-03-01
A92,active,2026-04-01
A92,active,2026-05-01
A92,active,2026-06-01
A92,active,2026-07-01
A92,active,2026-08-01
A92,active,2026-09-01
A92,inactive,2026-10-01
A92,inactive,2026-11-01
A92,inactive,2026-12-01
A93,active,2026-01-01
A93,active,2026-02-01
A93,active,2026-03-01
A93,active,2026-04-01
A93,inactive,2026-05-01
A94,active,2026-01-01
A94,active,2026-02-01
A94,active,2026-03-01
A94,inactive,2026-04-01
A94,active,2026-05-01
A95,active,2026-01-01
A95,active,2026-02-01
A95,active,2026-03-01
A95,active,2026-04-01
A95,active,2026-05-01
A95,active,2026-06-01
A96,active,2026-01-01
A96,active,2026-02-01
A96,active,2026-03-01
A96,active,2026-04-01
A96,active,2026-05-01
A96,active,2026-06-01
A96,active,2026-07-01
A96,active,2026-08-01
A96,active,2026-09-01
A96,active,2026-10-01
A96,inactive,2026-11-01
A97,active,2026-01-01
A97,active,2026-02-01
A97,active,2026-03-01
A97,active,2026-04-01
A97,active,2026-05-01
A97,active,2026-06-01
A97,active,2026-07-01
A97,active,2026-08-01
A97,active,2026-09-01
A98,active,2026-01-01
A98,active,2026-02-01
A98,active,2026-03-01
A98,active,2026-04-01
A98,active,2026-05-01
A98,active,2026-06-01
A98,active,2026-07-01
A98,active,2026-08-01
A98,inactive,2026-09-01
A98,active,2026-10-01
A99,active,2026-01-01
A99,active,2026-02-01
A99,inactive,2026-03-01
A99,inactive,2026-04-01
A99,inactive,2026-05-01
A99,default,2026-06-01
A99,default,2026-07-01
A99,default,2026-08-01
A99,default,2026-09-01
A99,default,2026-10-01
A99,default,2026-11-01
B1,active,2026-01-01
B1,active,2026-02-01
B1,active,2026-03-01
B1,active,2026-04-01
B1,active,2026-05-01
B1,active,2026-06-01
B1,active,2026-07-01
B1,active,2026-08-01
B1,active,2026-09-01
B1,active,2026-10-01
B1,active,2026-11-01
B2,active,2026-01-01
B2,active,2026-02-01
B2,active,2026-03-01
B2,active,2026-04-01
B2,active,2026-05-01
B2,active,2026-06-01
B2,active,2026-07-01
B2,active,2026-08-01
B3,active,2026-01-01
B3,inactive,2026-02-01
B3,inactive,2026-03-01
B3,inactive,2026-04-01
B3,active,2026-05-01
B4,active,2026-01-01
B4,active,2026-02-01
B4,active,2026-03-01
B4,active,2026-04-01
B4,active,2026-05-01
B4,active,2026-06-01
B4,active,2026-07-01
B4,active,2026-08-01
B4,active,2026-09-01
B4,inactive,2026-10-01
B4,active,2026-11-01
B4,inactive,2026-12-01
B5,active,2026-01-01
B5,active,2026-02-01
B5,active,2026-03-01
B5,active,2026-04-01
B5,active,2026-05-01
B6,active,2026-01-01
B6,active,2026-02-01
B6,active,2026-03-01
B6,active,2026-04-01
B6,active,2026-05-01
B6,inactive,2026-06-01
B6,inactive,2026-07-01
B6,inactive,2026-08-01
B6,inactive,2026-09-01
B6,active,2026-10-01
B7,active,2026-01-01
B7,active,2026-02-01
B7,active,2026-03-01
B7,active,2026-04-01
B7,active,2026-05-01
B7,active,2026-06-01
B7,active,2026-07-01
B7,active,2026-08-01
B7,active,2026-09-01
B7,active,2026-10-01
B7,active,2026-11-01
B7,inactive,2026-12-01
B8,active,2026-01-01
B8,active,2026-02-01
B8,active,2026-03-01
B8,inactive,2026-04-01
B8,inactive,2026-05-01
B8,active,2026-06-01
B8,inactive,2026-07-01
B8,inactive,2026-08-01
B8,inactive,2026-09-01
B8,inactive,2026-10-01
B8,active,2026-11-01
B9,active,2026-01-01
B9,active,2026-02-01
B9,active,2026-03-01
B9,active,2026-04-01
B9,active,2026-05-01
B9,active,2026-06-01
B9,active,2026-07-01
B9,active,2026-08-01
B9,active,2026-09-01
B9,inactive,2026-10-01
B9,active,2026-11-01
B9,active,2026-12-01
B10,active,2026-01-01
B10,active,2026-02-01
B10,inactive,2026-03-01
B10,active,2026-04-01
B10,inactive,2026-05-01
B10,inactive,2026-06-01
B10,inactive,2026-07-01
B10,inactive,2026-08-01
B10,inactive,2026-09-01
B10,active,2026-10-01
B11,active,2026-01-01
B11,active,2026-02-01
B11,active,2026-03-01
B11,active,2026-04-01
B11,active,2026-05-01
B11,active,2026-06-01
B11,inactive,2026-07-01
B11,active,2026-08-01
B12,active,2026-01-01
B12,inactive,2026-02-01
B12,active,2026-03-01
B12,active,2026-04-01
B12,inactive,2026-05-01
B12,inactive,2026-06-01
B12,inactive,2026-07-01
B12,inactive,2026-08-01
B12,inactive,2026-09-01
B12,default,2026-10-01
B12,default,2026-11-01
B12,default,2026-12-01
B13,active,2026-01-01
B13,active,2026-02-01
B13,active,2026-03-01
B13,active,2026-04-01
B13,active,2026-05-01
B13,active,2026-06-01
B13,active,2026-07-01
B13,active,2026-08-01
B13,active,2026-09-01
B13,active,2026-10-01
B13,active,2026-11-01
B13,inactive,2026-12-01
B14,inactive,2026-01-01
B14,active,2026-02-01
B14,inactive,2026-03-01
B14,active,2026-04-01
B14,inactive,2026-05-01
B14,inactive,2026-06-01
B14,active,2026-07-01
B14,active,2026-08-01
B14,inactive,2026-09-01
B15,active,2026-01-01
B15,active,2026-02-01
B15,inactive,2026-03-01
B15,active,2026-04-01
B15,inactive,2026-05-01
B15,inactive,2026-06-01
B15,inactive,2026-07-01
B15,active,2026-08-01
B15,inactive,2026-09-01
B15,inactive,2026-10-01
B15,inactive,2026-11-01
B16,active,2026-01-01
B16,active,2026-02-01
B16,active,2026-03-01
B16,active,2026-04-01
B16,active,2026-05-01
B16,inactive,2026-06-01
B16,inactive,2026-07-01
B16,inactive,2026-08-01
B16,active,2026-09-01
B17,active,2026-01-01
B17,active,2026-02-01
B17,active,2026-03-01
B17,active,2026-04-01
B17,active,2026-05-01
B17,inactive,2026-06-01
B18,active,2026-01-01
B18,active,2026-02-01
B18,active,2026-03-01
B18,active,2026-04-01
B18,active,2026-05-01
B18,active,2026-06-01
B18,active,2026-07-01
B18,inactive,2026-08-01
B18,active,2026-09-01
B18,inactive,2026-10-01
B18,active,2026-11-01
B18,inactive,2026-12-01
B19,active,2026-01-01
B19,active,2026-02-01
B19,active,2026-03-01
B19,active,2026-04-01
B19,active,2026-05-01
B19,active,2026-06-01
B19,active,2026-07-01
B19,active,2026-08-01
B19,active,2026-09-01
B19,active,2026-10-01
B19,inactive,2026-11-01
B20,active,2026-01-01
B20,active,2026-02-01
B20,active,2026-03-01
B20,active,2026-04-01
B20,active,2026-05-01
B20,active,2026-06-01
B20,active,2026-07-01
B20,active,2026-08-01
B20,inactive,2026-09-01
B20,active,2026-10-01
B21,active,2026-01-01
B21,active,2026-02-01
B21,active,2026-03-01
B21,active,2026-04-01
B21,active,2026-05-01
B21,active,2026-06-01
B21,active,2026-07-01
B21,active,2026-08-01
B21,inactive,2026-09-01
B21,active,2026-10-01
B22,active,2026-01-01
B22,active,2026-02-01
B22,active,2026-03-01
B22,active,2026-04-01
B22,active,2026-05-01
B22,active,2026-06-01
B22,active,2026-07-01
B22,inactive,2026-08-01
B22,active,2026-09-01
B22,inactive,2026-10-01
B22,inactive,2026-11-01
B22,inactive,2026-12-01
B23,active,2026-01-01
B23,active,2026-02-01
B23,active,2026-03-01
B23,active,2026-04-01
B23,active,2026-05-01
B23,inactive,2026-06-01
B23,inactive,2026-07-01
B23,active,2026-08-01
B23,inactive,2026-09-01
B23,active,2026-10-01
B23,inactive,2026-11-01
B24,active,2026-01-01
B24,active,2026-02-01
B24,active,2026-03-01
B24,active,2026-04-01
B24,active,2026-05-01
B25,inactive,2026-01-01
B25,active,2026-02-01
B25,inactive,2026-03-01
B25,inactive,2026-04-01
B25,active,2026-05-01
B25,inactive,2026-06-01
B25,inactive,2026-07-01
B25,inactive,2026-08-01
B25,inactive,2026-09-01
B25,active,2026-10-01
B25,inactive,2026-11-01
B25,active,2026-12-01
B26,active,2026-01-01
B26,active,2026-02-01
B26,active,2026-03-01
B26,active,2026-04-01
B26,active,2026-05-01
B26,active,2026-06-01
B26,active,2026-07-01
B26,active,2026-08-01
B26,active,2026-09-01
B26,active,2026-10-01
B26,inactive,2026-11-01
B26,active,2026-12-01
B27,inactive,2026-01-01
B27,active,2026-02-01
B27,inactive,2026-03-01
B27,active,2026-04-01
B27,active,2026-05-01
B27,inactive,2026-06-01
B27,inactive,2026-07-01
B27,active,2026-08-01
B27,inactive,2026-09-01
B28,active,2026-01-01
B28,inactive,2026-02-01
B28,inactive,2026-03-01
B28,active,2026-04-01
B28,inactive,2026-05-01
B28,active,2026-06-01
B28,inactive,2026-07-01
B28,active,2026-08-01
B28,inactive,2026-09-01
B29,active,2026-01-01
B29,active,2026-02-01
B29,active,2026-03-01
B29,inactive,2026-04-01
B29,active,2026-05-01
B29,inactive,2026-06-01
B29,active,2026-07-01
B30,active,2026-01-01
B30,inactive,2026-02-01
B30,inactive,2026-03-01
B30,active,2026-04-01
B30,inactive,2026-05-01
B30,active,2026-06-01
B30,inactive,2026-07-01
B30,active,2026-08-01
B30,inactive,2026-09-01
B31,inactive,2026-01-01
B31,active,2026-02-01
B31,inactive,2026-03-01
B31,active,2026-04-01
B31,inactive,2026-05-01
B31,inactive,2026-06-01
B31,inactive,2026-07-01
B31,active,2026-08-01
B32,active,2026-01-01
B32,active,2026-02-01
B32,active,2026-03-01
B32,inactive,2026-04-01
B32,active,2026-05-01
B32,inactive,2026-06-01
B32,active,2026-07-01
B32,active,2026-08-01
B32,inactive,2026-09-01
B33,active,2026-01-01
B33,active,2026-02-01
B33,active,2026-03-01
B33,active,2026-04-01
B33,active,2026-05-01
B33,active,2026-06-01
B33,active,2026-07-01
B33,inactive,2026-08-01
B33,inactive,2026-09-01
B33,active,2026-10-01
B33,inactive,2026-11-01
B33,active,2026-12-01
B34,active,2026-01-01
B34,active,2026-02-01
B34,active,2026-03-01
B34,active,2026-04-01
B34,active,2026-05-01
B34,inactive,2026-06-01
B34,inactive,2026-07-01
B34,inactive,2026-08-01
B34,active,2026-09-01
B35,active,2026-01-01
B35,active,2026-02-01
B35,active,2026-03-01
B35,active,2026-04-01
B35,active,2026-05-01
B35,active,2026-06-01
B35,inactive,2026-07-01
B35,active,2026-08-01
B35,inactive,2026-09-01
B35,inactive,2026-10-01
B35,inactive,2026-11-01
B35,inactive,2026-12-01
B36,active,2026-01-01
B36,active,2026-02-01
B36,active,2026-03-01
B36,active,2026-04-01
B36,active,2026-05-01
B36,active,2026-06-01
B36,active,2026-07-01
B36,active,2026-08-01
B36,active,2026-09-01
B36,active,2026-10-01
B37,active,2026-01-01
B37,active,2026-02-01
B37,active,2026-03-01
B37,active,2026-04-01
B37,active,2026-05-01
B37,active,2026-06-01
B37,active,2026-07-01
B37,inactive,2026-08-01
B37,default,2026-09-01
B37,default,2026-10-01
B38,active,2026-01-01
B38,active,2026-02-01
B38,active,2026-03-01
B38,active,2026-04-01
B38,inactive,2026-05-01
B38,inactive,2026-06-01
B39,active,2026-01-01
B39,active,2026-02-01
B39,active,2026-03-01
B39,active,2026-04-01
B39,active,2026-05-01
B39,inactive,2026-06-01
B39,active,2026-07-01
B39,inactive,2026-08-01
B39,active,2026-09-01
B39,active,2026-10-01
B39,inactive,2026-11-01
B40,active,2026-01-01
B40,active,2026-02-01
B40,active,2026-03-01
B40,active,2026-04-01
B40,active,2026-05-01
B40,active,2026-06-01
B40,active,2026-07-01
B40,active,2026-08-01
B40,active,2026-09-01
B40,active,2026-10-01
B40,active,2026-11-01
B40,inactive,2026-12-01
B41,active,2026-01-01
B41,active,2026-02-01
B41,active,2026-03-01
B41,active,2026-04-01
B41,active,2026-05-01
B41,active,2026-06-01
B41,inactive,2026-07-01
B41,inactive,2026-08-01
B42,active,2026-01-01
B42,active,2026-02-01
B42,active,2026-03-01
B42,active,2026-04-01
B42,active,2026-05-01
B42,active,2026-06-01
B43,active,2026-01-01
B43,active,2026-02-01
B43,active,2026-03-01
B43,active,2026-04-01
B43,active,2026-05-01
B43,active,2026-06-01
B43,active,2026-07-01
B43,active,2026-08-01
B43,active,2026-09-01
B43,active,2026-10-01
B43,active,2026-11-01
B43,active,2026-12-01
B44,active,2026-01-01
B44,active,2026-02-01
B44,active,2026-03-01
B44,inactive,2026-04-01
B44,inactive,2026-05-01
B44,inactive,2026-06-01
B44,active,2026-07-01
B44,inactive,2026-08-01
B44,inactive,2026-09-01
B44,inactive,2026-10-01
B45,active,2026-01-01
B45,inactive,2026-02-01
B45,inactive,2026-03-01
B45,inactive,2026-04-01
B45,default,2026-05-01
B46,active,2026-01-01
B46,active,2026-02-01
B46,active,2026-03-01
B46,inactive,2026-04-01
B46,active,2026-05-01
B46,inactive,2026-06-01
B46,active,2026-07-01
B46,inactive,2026-08-01
B46,active,2026-09-01
B47,active,2026-01-01
B47,active,2026-02-01
B47,active,2026-03-01
B47,active,2026-04-01
B47,active,2026-05-01
B47,inactive,2026-06-01
B47,default,2026-07-01
B47,default,2026-08-01
B47,default,2026-09-01
B47,default,2026-10-01
B47,default,2026-11-01
B47,default,2026-12-01
B48,active,2026-01-01
B48,active,2026-02-01
B48,inactive,2026-03-01
B48,active,2026-04-01
B48,inactive,2026-05-01
B48,active,2026-06-01
B48,inactive,2026-07-01
B48,active,2026-08-01
B48,inactive,2026-09-01
B49,active,2026-01-01
B49,inactive,2026-02-01
B49,inactive,2026-03-01
B49,inactive,2026-04-01
B49,inactive,2026-05-01
B50,active,2026-01-01
B50,active,2026-02-01
B50,active,2026-03-01
B50,inactive,2026-04-01
B50,inactive,2026-05-01
B50,inactive,2026-06-01
B50,inactive,2026-07-01
B50,inactive,2026-08-01
B50,active,2026-09-01
B50,inactive,2026-10-01
B50,inactive,2026-11-01
B51,active,2026-01-01
B51,active,2026-02-01
B51,active,2026-03-01
B51,active,2026-04-01
B51,active,2026-05-01
B51,active,2026-06-01
B51,active,2026-07-01
B51,active,2026-08-01
B51,inactive,2026-09-01
B51,default,2026-10-01
B51,default,2026-11-01
B51,default,2026-12-01
B52,active,2026-01-01
B52,active,2026-02-01
B52,active,2026-03-01
B52,inactive,2026-04-01
B52,active,2026-05-01
B52,inactive,2026-06-01
B52,active,2026-07-01
B52,active,2026-08-01
B52,inactive,2026-09-01
B52,active,2026-10-01
B53,active,2026-01-01
B53,inactive,2026-02-01
B53,inactive,2026-03-01
B53,default,2026-04-01
B53,default,2026-05-01
B53,default,2026-06-01
B53,default,2026-07-01
B53,default,2026-08-01
B53,default,2026-09-01
B53,default,2026-10-01
B53,default,2026-11-01
B54,active,2026-01-01
B54,active,2026-02-01
B54,active,2026-03-01
B54,active,2026-04-01
B54,active,2026-05-01
B54,active,2026-06-01
B54,active,2026-07-01
B54,active,2026-08-01
B54,inactive,2026-09-01
B54,active,2026-10-01
B54,inactive,2026-11-01
B54,active,2026-12-01
B55,active,2026-01-01
B55,active,2026-02-01
B55,active,2026-03-01
B55,active,2026-04-01
B55,inactive,2026-05-01
B55,active,2026-06-01
B56,active,2026-01-01
B56,active,2026-02-01
B56,active,2026-03-01
B56,active,2026-04-01
B56,active,2026-05-01
B56,active,2026-06-01
B56,active,2026-07-01
B56,inactive,2026-08-01
B56,active,2026-09-01
B56,inactive,2026-10-01
B57,active,2026-01-01
B57,active,2026-02-01
B57,active,2026-03-01
B57,active,2026-04-01
B57,active,2026-05-01
B58,active,2026-01-01
B58,active,2026-02-01
B58,active,2026-03-01
B58,inactive,2026-04-01
B58,inactive,2026-05-01
B58,inactive,2026-06-01
B58,inactive,2026-07-01
B58,default,2026-08-01
B58,default,2026-09-01
B58,default,2026-10-01
B58,default,2026-11-01
B59,active,2026-01-01
B59,active,2026-02-01
B59,active,2026-03-01
B59,inactive,2026-04-01
B59,inactive,2026-05-01
B60,active,2026-01-01
B60,inactive,2026-02-01
B60,inactive,2026-03-01
B60,active,2026-04-01
B60,inactive,2026-05-01
B60,active,2026-06-01
B60,inactive,2026-07-01
B60,active,2026-08-01
B61,active,2026-01-01
B61,active,2026-02-01
B61,active,2026-03-01
B61,active,2026-04-01
B61,active,2026-05-01
B61,active,2026-06-01
B61,active,2026-07-01
B61,active,2026-08-01
B61,active,2026-09-01
B61,inactive,2026-10-01
B62,active,2026-01-01
B62,active,2026-02-01
B62,active,2026-03-01
B62,active,2026-04-01
B62,active,2026-05-01
B62,active,2026-06-01
B62,active,2026-07-01
B62,active,2026-08-01
B62,inactive,2026-09-01
B62,inactive,2026-10-01
B62,active,2026-11-01
B62,inactive,2026-12-01
B63,active,2026-01-01
B63,active,2026-02-01
B63,active,2026-03-01
B63,active,2026-04-01
B63,active,2026-05-01
B63,active,2026-06-01
B63,active,2026-07-01
B63,active,2026-08-01
B63,active,2026-09-01
B64,active,2026-01-01
B64,active,2026-02-01
B64,active,2026-03-01
B64,active,2026-04-01
B64,inactive,2026-05-01
B64,active,2026-06-01
B64,inactive,2026-07-01
B64,inactive,2026-08-01
B64,active,2026-09-01
B64,inactive,2026-10-01
B65,active,2026-01-01
B65,active,2026-02-01
B65,active,2026-03-01
B65,active,2026-04-01
B65,active,2026-05-01
B65,active,2026-06-01
B65,active,2026-07-01
B65,active,2026-08-01
B65,active,2026-09-01
B65,active,2026-10-01
B66,active,2026-01-01
B66,active,2026-02-01
B66,active,2026-03-01
B66,active,2026-04-01
B66,active,2026-05-01
B66,active,2026-06-01
B66,active,2026-07-01
B66,active,2026-08-01
B66,active,2026-09-01
B66,active,2026-10-01
B66,inactive,2026-11-01
B66,active,2026-12-01
B67,active,2026-01-01
B67,active,2026-02-01
B67,active,2026-03-01
B67,active,2026-04-01
B67,active,2026-05-01
B67,active,2026-06-01
B67,active,2026-07-01
B67,inactive,2026-08-01
B67,active,2026-09-01
B67,inactive,2026-10-01
B67,inactive,2026-11-01
B68,active,2026-01-01
B68,active,2026-02-01
B68,active,2026-03-01
B68,active,2026-04-01
B68,inactive,2026-05-01
B68,active,2026-06-01
B68,active,2026-07-01
B68,active,2026-08-01
B68,inactive,2026-09-01
B68,inactive,2026-10-01
B68,active,2026-11-01
B69,active,2026-01-01
B69,active,2026-02-01
B69,active,2026-03-01
B69,active,2026-04-01
B69,active,2026-05-01
B69,active,2026-06-01
B69,inactive,2026-07-01
B70,active,2026-01-01
B70,active,2026-02-01
B70,active,2026-03-01
B70,active,2026-04-01
B70,active,2026-05-01
B70,active,2026-06-01
B70,active,2026-07-01
B70,active,2026-08-01
B70,inactive,2026-09-01
B71,active,2026-01-01
B71,active,2026-02-01
B71,active,2026-03-01
B71,active,2026-04-01
B71,active,2026-05-01
B71,active,2026-06-01
B71,inactive,2026-07-01
B71,inactive,2026-08-01
B71,inactive,2026-09-01
B72,active,2026-01-01
B72,active,2026-02-01
B72,active,2026-03-01
B72,inactive,2026-04-01
B72,active,2026-05-01
B72,inactive,2026-06-01
B73,active,2026-01-01
B73,active,2026-02-01
B73,active,2026-03-01
B73,active,2026-04-01
B73,active,2026-05-01
B73,active,2026-06-01
B73,active,2026-07-01
B73,active,2026-08-01
B74,active,2026-01-01
B74,active,2026-02-01
B74,active,2026-03-01
B74,active,2026-04-01
B74,active,2026-05-01
B74,active,2026-06-01
B74,active,2026-07-01
B74,inactive,2026-08-01
B74,active,2026-09-01
B74,active,2026-10-01
B74,inactive,2026-11-01
B75,active,2026-01-01
B75,active,2026-02-01
B75,inactive,2026-03-01
B75,active,2026-04-01
B75,inactive,2026-05-01
B75,active,2026-06-01
B75,inactive,2026-07-01
B75,inactive,2026-08-01
B75,active,2026-09-01
B75,inactive,2026-10-01
B75,inactive,2026-11-01
B76,active,2026-01-01
B76,active,2026-02-01
B76,active,2026-03-01
B76,inactive,2026-04-01
B76,active,2026-05-01
B76,active,2026-06-01
B76,inactive,2026-07-01
B76,active,2026-08-01
B77,inactive,2026-01-01
B77,inactive,2026-02-01
B77,active,2026-03-01
B77,inactive,2026-04-01
B77,active,2026-05-01
B77,active,2026-06-01
B77,active,2026-07-01
B77,active,2026-08-01
B77,active,2026-09-01
B78,active,2026-01-01
B78,active,2026-02-01
B78,active,2026-03-01
B78,active,2026-04-01
B78,active,2026-05-01
B78,active,2026-06-01
B78,active,2026-07-01
B78,active,2026-08-01
B78,active,2026-09-01
B79,active,2026-01-01
B79,active,2026-02-01
B79,active,2026-03-01
B79,active,2026-04-01
B79,active,2026-05-01
B79,active,2026-06-01
B79,inactive,2026-07-01
B79,active,2026-08-01
B79,active,2026-09-01
B79,inactive,2026-10-01
B79,active,2026-11-01
B80,active,2026-01-01
B80,active,2026-02-01
B80,active,2026-03-01
B80,active,2026-04-01
B80,active,2026-05-01
B80,inactive,2026-06-01
B80,inactive,2026-07-01
B80,active,2026-08-01
B80,inactive,2026-09-01
B80,default,2026-10-01
B80,default,2026-11-01
B80,default,2026-12-01
B81,active,2026-01-01
B81,active,2026-02-01
B81,active,2026-03-01
B81,inactive,2026-04-01
B81,inactive,2026-05-01
B82,active,2026-01-01
B82,active,2026-02-01
B82,inactive,2026-03-01
B82,inactive,2026-04-01
B82,inactive,2026-05-01
B82,inactive,2026-06-01
B82,inactive,2026-07-01
B82,inactive,2026-08-01
B82,active,2026-09-01
B82,inactive,2026-10-01
B82,active,2026-11-01
B82,inactive,2026-12-01
B83,active,2026-01-01
B83,active,2026-02-01
B83,active,2026-03-01
B83,inactive,2026-04-01
B83,active,2026-05-01
B84,active,2026-01-01
B84,active,2026-02-01
B84,active,2026-03-01
B84,active,2026-04-01
B84,inactive,2026-05-01
B84,inactive,2026-06-01
B84,inactive,2026-07-01
B85,active,2026-01-01
B85,active,2026-02-01
B85,active,2026-03-01
B85,inactive,2026-04-01
B85,inactive,2026-05-01
B85,active,2026-06-01
B85,inactive,2026-07-01
B85,default,2026-08-01
B85,default,2026-09-01
B85,default,2026-10-01
B85,default,2026-11-01
B86,active,2026-01-01
B86,active,2026-02-01
B86,active,2026-03-01
B86,inactive,2026-04-01
B86,inactive,2026-05-01
B86,active,2026-06-01
B86,active,2026-07-01
B86,inactive,2026-08-01
B87,active,2026-01-01
B87,active,2026-02-01
B87,active,2026-03-01
B87,active,2026-04-01
B87,active,2026-05-01
B87,active,2026-06-01
B87,active,2026-07-01
B87,active,2026-08-01
B87,active,2026-09-01
B87,active,2026-10-01
B87,active,2026-11-01
B87,active,2026-12-01
B88,active,2026-01-01
B88,active,2026-02-01
B88,active,2026-03-01
B88,active,2026-04-01
B88,active,2026-05-01
B88,active,2026-06-01
B88,active,2026-07-01
B88,active,2026-08-01
B88,active,2026-09-01
B88,inactive,2026-10-01
B89,active,2026-01-01
B89,active,2026-02-01
B89,active,2026-03-01
B89,active,2026-04-01
B89,inactive,2026-05-01
B90,active,2026-01-01
B90,active,2026-02-01
B90,active,2026-03-01
B90,active,2026-04-01
B90,active,2026-05-01
B90,inactive,2026-06-01
B90,inactive,2026-07-01
B91,active,2026-01-01
B91,active,2026-02-01
B91,active,2026-03-01
B91,active,2026-04-01
B91,active,2026-05-01
B91,active,2026-06-01
B91,active,2026-07-01
B91,active,2026-08-01
B91,inactive,2026-09-01
B91,active,2026-10-01
B91,active,2026-11-01
B91,inactive,2026-12-01
B92,active,2026-01-01
B92,active,2026-02-01
B92,active,2026-03-01
B92,active,2026-04-01
B92,active,2026-05-01
B92,active,2026-06-01
B92,active,2026-07-01
B93,active,2026-01-01
B93,active,2026-02-01
B93,active,2026-03-01
B93,active,2026-04-01
B93,inactive,2026-05-01
B93,active,2026-06-01
B93,active,2026-07-01
B94,active,2026-01-01
B94,inactive,2026-02-01
B94,inactive,2026-03-01
B94,inactive,2026-04-01
B94,inactive,2026-05-01
B94,inactive,2026-06-01
B94,inactive,2026-07-01
B94,active,2026-08-01
B94,inactive,2026-09-01
B95,active,2026-01-01
B95,active,2026-02-01
B95,active,2026-03-01
B95,active,2026-04-01
B95,active,2026-05-01
B95,active,2026-06-01
B95,active,2026-07-01
B95,active,2026-08-01
B95,active,2026-09-01
B95,active,2026-10-01
B95,active,2026-11-01
B95,inactive,2026-12-01
B96,active,2026-01-01
B96,active,2026-02-01
B96,active,2026-03-01
B96,active,2026-04-01
B96,active,2026-05-01
B96,active,2026-06-01
B96,active,2026-07-01
B96,inactive,2026-08-01
B96,active,2026-09-01
B97,active,2026-01-01
B97,active,2026-02-01
B97,active,2026-03-01
B97,active,2026-04-01
B97,active,2026-05-01
B97,inactive,2026-06-01
B98,active,2026-01-01
B98,active,2026-02-01
B98,active,2026-03-01
B98,active,2026-04-01
B98,active,2026-05-01
B98,active,2026-06-01
B98,active,2026-07-01
B98,active,2026-08-01
B98,active,2026-09-01
B98,inactive,2026-10-01
B98,inactive,2026-11-01
B98,inactive,2026-12-01
B99,active,2026-01-01
B99,active,2026-02-01
B99,active,2026-03-01
B99,active,2026-04-01
B99,active,2026-05-01
B99,inactive,2026-06-01
B99,active,2026-07-01
B99,inactive,2026-08-01
B99,active,2026-09-01
B99,active,2026-10-01
B99,inactive,2026-11-01
B99,inactive,2026-12-01
C1,active,2026-01-01
C1,active,2026-02-01
C1,active,2026-03-01
C1,active,2026-04-01
C1,active,2026-05-01
C1,inactive,2026-06-01
C1,inactive,2026-07-01
C1,inactive,2026-08-01
C2,active,2026-01-01
C2,active,2026-02-01
C2,active,2026-03-01
C2,active,2026-04-01
C2,active,2026-05-01
C2,active,2026-06-01
C2,active,2026-07-01
C2,inactive,2026-08-01
C2,inactive,2026-09-01
C2,active,2026-10-01
C2,inactive,2026-11-01
C2,inactive,2026-12-01
C3,active,2026-01-01
C3,active,2026-02-01
C3,active,2026-03-01
C3,active,2026-04-01
C3,active,2026-05-01
C3,inactive,2026-06-01
C4,active,2026-01-01
C4,inactive,2026-02-01
C4,active,2026-03-01
C4,active,2026-04-01
C4,inactive,2026-05-01
C4,inactive,2026-06-01
C4,active,2026-07-01
C4,inactive,2026-08-01
C4,active,2026-09-01
C4,inactive,2026-10-01
C4,inactive,2026-11-01
C4,active,2026-12-01
C5,active,2026-01-01
C5,active,2026-02-01
C5,active,2026-03-01
C5,active,2026-04-01
C5,active,2026-05-01
C5,active,2026-06-01
C5,active,2026-07-01
C5,active,2026-08-01
C5,active,2026-09-01
C5,active,2026-10-01
C5,active,2026-11-01
C5,active,2026-12-01
C6,active,2026-01-01
C6,active,2026-02-01
C6,active,2026-03-01
C6,inactive,2026-04-01
C6,active,2026-05-01
C7,active,2026-01-01
C7,active,2026-02-01
C7,active,2026-03-01
C7,active,2026-04-01
C7,inactive,2026-05-01
C7,inactive,2026-06-01
C8,active,2026-01-01
C8,active,2026-02-01
C8,inactive,2026-03-01
C8,inactive,2026-04-01
C8,inactive,2026-05-01
C8,active,2026-06-01
C8,inactive,2026-07-01
C8,inactive,2026-08-01
C8,inactive,2026-09-01
C8,inactive,2026-10-01
C8,inactive,2026-11-01
C8,active,2026-12-01
C9,active,2026-01-01
C9,active,2026-02-01
C9,active,2026-03-01
C9,active,2026-04-01
C9,active,2026-05-01
C9,active,2026-06-01
C9,active,2026-07-01
C9,inactive,2026-08-01
C9,inactive,2026-09-01
C9,active,2026-10-01
C10,active,2026-01-01
C10,active,2026-02-01
C10,inactive,2026-03-01
C10,inactive,2026-04-01
C10,active,2026-05-01
C10,active,2026-06-01
C10,inactive,2026-07-01
C10,inactive,2026-08-01
C10,active,2026-09-01
C10,inactive,2026-10-01
C10,inactive,2026-11-01
C10,inactive,2026-12-01
C11,active,2026-01-01
C11,active,2026-02-01
C11,active,2026-03-01
C11,active,2026-04-01
C11,active,2026-05-01
C11,inactive,2026-06-01
C11,inactive,2026-07-01
C11,active,2026-08-01
C11,active,2026-09-01
C11,inactive,2026-10-01
C11,inactive,2026-11-01
C11,inactive,2026-12-01
C12,inactive,2026-01-01
C12,inactive,2026-02-01
C12,active,2026-03-01
C12,inactive,2026-04-01
C12,active,2026-05-01
C12,inactive,2026-06-01
C12,active,2026-07-01
C12,inactive,2026-08-01
C12,active,2026-09-01
C12,active,2026-10-01
C13,inactive,2026-01-01
C13,active,2026-02-01
C13,inactive,2026-03-01
C13,default,2026-04-01
C13,default,2026-05-01
C13,default,2026-06-01
C13,default,2026-07-01
C14,active,2026-01-01
C14,active,2026-02-01
C14,inactive,2026-03-01
C14,active,2026-04-01
C14,inactive,2026-05-01
C14,inactive,2026-06-01
C15,inactive,2026-01-01
C15,inactive,2026-02-01
C15,inactive,2026-03-01
C15,inactive,2026-04-01
C15,inactive,2026-05-01
C15,active,2026-06-01
C15,inactive,2026-07-01
C16,active,2026-01-01
C16,active,2026-02-01
C16,active,2026-03-01
C16,active,2026-04-01
C16,active,2026-05-01
C16,active,2026-06-01
C16,inactive,2026-07-01
C16,inactive,2026-08-01
C16,active,2026-09-01
C17,active,2026-01-01
C17,active,2026-02-01
C17,inactive,2026-03-01
C17,active,2026-04-01
C17,active,2026-05-01
C17,inactive,2026-06-01
C17,inactive,2026-07-01
C17,inactive,2026-08-01
C17,inactive,2026-09-01
C17,active,2026-10-01
C17,inactive,2026-11-01
C17,active,2026-12-01
C18,active,2026-01-01
C18,active,2026-02-01
C18,active,2026-03-01
C18,active,2026-04-01
C18,active,2026-05-01
C18,active,2026-06-01
C18,active,2026-07-01
C18,inactive,2026-08-01
C19,active,2026-01-01
C19,active,2026-02-01
C19,active,2026-03-01
C19,active,2026-04-01
C19,active,2026-05-01
C19,inactive,2026-06-01
C19,active,2026-07-01
C19,inactive,2026-08-01
C19,inactive,2026-09-01
C19,inactive,2026-10-01
C19,active,2026-11-01
C19,inactive,2026-12-01
C20,active,2026-01-01
C20,active,2026-02-01
C20,active,2026-03-01
C20,active,2026-04-01
C20,active,2026-05-01
C20,active,2026-06-01
C20,active,2026-07-01
C20,active,2026-08-01
C20,active,2026-09-01
C20,active,2026-10-01
C20,active,2026-11-01
C20,inactive,2026-12-01
C21,inactive,2026-01-01
C21,active,2026-02-01
C21,active,2026-03-01
C21,inactive,2026-04-01
C21,inactive,2026-05-01
C21,inactive,2026-06-01
C21,inactive,2026-07-01
C21,active,2026-08-01
C21,active,2026-09-01
C21,active,2026-10-01
C22,active,2026-01-01
C22,active,2026-02-01
C22,active,2026-03-01
C22,active,2026-04-01
C22,active,2026-05-01
C22,active,2026-06-01
C22,active,2026-07-01
C22,active,2026-08-01
C22,active,2026-09-01
C22,inactive,2026-10-01
C23,active,2026-01-01
C23,active,2026-02-01
C23,active,2026-03-01
C23,active,2026-04-01
C23,active,2026-05-01
C23,active,2026-06-01
C23,active,2026-07-01
C23,active,2026-08-01
C23,active,2026-09-01
C23,inactive,2026-10-01
C23,active,2026-11-01
C23,inactive,2026-12-01
C24,inactive,2026-01-01
C24,inactive,2026-02-01
C24,inactive,2026-03-01
C24,active,2026-04-01
C24,inactive,2026-05-01
C25,active,2026-01-01
C25,active,2026-02-01
C25,active,2026-03-01
C25,inactive,2026-04-01
C25,active,2026-05-01
C25,inactive,2026-06-01
C25,inactive,2026-07-01
C25,inactive,2026-08-01
C25,active,2026-09-01
C25,active,2026-10-01
C26,active,2026-01-01
C26,active,2026-02-01
C26,active,2026-03-01
C26,active,2026-04-01
C26,inactive,2026-05-01
C26,active,2026-06-01
C26,active,2026-07-01
C26,active,2026-08-01
C27,active,2026-01-01
C27,active,2026-02-01
C27,active,2026-03-01
C27,active,2026-04-01
C27,active,2026-05-01
C27,inactive,2026-06-01
C27,inactive,2026-07-01
C27,inactive,2026-08-01
C27,inactive,2026-09-01
C28,active,2026-01-01
C28,inactive,2026-02-01
C28,inactive,2026-03-01
C28,active,2026-04-01
C28,active,2026-05-01
C28,inactive,2026-06-01
C29,active,2026-01-01
C29,active,2026-02-01
C29,active,2026-03-01
C29,active,2026-04-01
C29,active,2026-05-01
C29,active,2026-06-01
C29,inactive,2026-07-01
C29,active,2026-08-01
C29,inactive,2026-09-01
C29,active,2026-10-01
C29,inactive,2026-11-01
C29,inactive,2026-12-01
C30,active,2026-01-01
C30,active,2026-02-01
C30,active,2026-03-01
C30,active,2026-04-01
C30,active,2026-05-01
C30,active,2026-06-01
C30,active,2026-07-01
C30,inactive,2026-08-01
C30,active,2026-09-01
C30,active,2026-10-01
C30,active,2026-11-01
C31,active,2026-01-01
C31,active,2026-02-01
C31,active,2026-03-01
C31,active,2026-04-01
C31,active,2026-05-01
C31,active,2026-06-01
C31,active,2026-07-01
C31,active,2026-08-01
C31,active,2026-09-01
C31,active,2026-10-01
C31,active,2026-11-01
C32,active,2026-01-01
C32,active,2026-02-01
C32,inactive,2026-03-01
C32,inactive,2026-04-01
C32,active,2026-05-01
C32,inactive,2026-06-01
C32,inactive,2026-07-01
C32,active,2026-08-01
C33,active,2026-01-01
C33,active,2026-02-01
C33,active,2026-03-01
C33,active,2026-04-01
C33,active,2026-05-01
C33,active,2026-06-01
C33,active,2026-07-01
C33,inactive,2026-08-01
C33,active,2026-09-01
C33,active,2026-10-01
C33,active,2026-11-01
C33,active,2026-12-01
C34,active,2026-01-01
C34,active,2026-02-01
C34,active,2026-03-01
C34,active,2026-04-01
C34,active,2026-05-01
C34,active,2026-06-01
C34,active,2026-07-01
C34,active,2026-08-01
C34,active,2026-09-01
C34,active,2026-10-01
C34,active,2026-11-01
C34,active,2026-12-01
C35,active,2026-01-01
C35,active,2026-02-01
C35,active,2026-03-01
C35,inactive,2026-04-01
C35,inactive,2026-05-01
C35,active,2026-06-01
C35,active,2026-07-01
C35,inactive,2026-08-01
C35,active,2026-09-01
C36,active,2026-01-01
C36,active,2026-02-01
C36,active,2026-03-01
C36,active,2026-04-01
C36,inactive,2026-05-01
C36,inactive,2026-06-01
C36,active,2026-07-01
C36,inactive,2026-08-01
C37,active,2026-01-01
C37,active,2026-02-01
C37,active,2026-03-01
C37,active,2026-04-01
C37,active,2026-05-01
C37,active,2026-06-01
C37,active,2026-07-01
C37,active,2026-08-01
C37,active,2026-09-01
C37,active,2026-10-01
C37,active,2026-11-01
C37,active,2026-12-01
C38,active,2026-01-01
C38,active,2026-02-01
C38,active,2026-03-01
C38,inactive,2026-04-01
C38,inactive,2026-05-01
C38,active,2026-06-01
C38,inactive,2026-07-01
C38,active,2026-08-01
C38,inactive,2026-09-01
C38,active,2026-10-01
C39,active,2026-01-01
C39,active,2026-02-01
C39,active,2026-03-01
C39,active,2026-04-01
C39,active,2026-05-01
C39,active,2026-06-01
C39,active,2026-07-01
C39,active,2026-08-01
C39,active,2026-09-01
C39,active,2026-10-01
C39,inactive,2026-11-01
C39,active,2026-12-01
C40,active,2026-01-01
C40,active,2026-02-01
C40,active,2026-03-01
C40,active,2026-04-01
C40,active,2026-05-01
C40,active,2026-06-01
C40,active,2026-07-01
C40,active,2026-08-01
C40,inactive,2026-09-01
C40,active,2026-10-01
C40,inactive,2026-11-01
C40,default,2026-12-01
C41,active,2026-01-01
C41,active,2026-02-01
C41,active,2026-03-01
C41,active,2026-04-01
C41,active,2026-05-01
C41,inactive,2026-06-01
C41,active,2026-07-01
C41,inactive,2026-08-01
C41,active,2026-09-01
C41,active,2026-10-01
C41,inactive,2026-11-01
C41,active,2026-12-01
C42,active,2026-01-01
C42,active,2026-02-01
C42,inactive,2026-03-01
C42,inactive,2026-04-01
C42,active,2026-05-01
C42,active,2026-06-01
C42,inactive,2026-07-01
C42,inactive,2026-08-01
C42,inactive,2026-09-01
C43,active,2026-01-01
C43,active,2026-02-01
C43,active,2026-03-01
C43,active,2026-04-01
C43,active,2026-05-01
C43,active,2026-06-01
C43,active,2026-07-01
C43,active,2026-08-01
C43,inactive,2026-09-01
C44,active,2026-01-01
C44,active,2026-02-01
C44,active,2026-03-01
C44,active,2026-04-01
C44,active,2026-05-01
C44,active,2026-06-01
C44,active,2026-07-01
C44,active,2026-08-01
C44,active,2026-09-01
C44,active,2026-10-01
C44,inactive,2026-11-01
C45,active,2026-01-01
C45,inactive,2026-02-01
C45,active,2026-03-01
C45,inactive,2026-04-01
C45,active,2026-05-01
C45,inactive,2026-06-01
C46,active,2026-01-01
C46,active,2026-02-01
C46,active,2026-03-01
C46,active,2026-04-01
C46,active,2026-05-01
C46,active,2026-06-01
C46,active,2026-07-01
C46,active,2026-08-01
C46,active,2026-09-01
C46,inactive,2026-10-01
C46,inactive,2026-11-01
C46,inactive,2026-12-01
C47,active,2026-01-01
C47,active,2026-02-01
C47,inactive,2026-03-01
C47,default,2026-04-01
C47,default,2026-05-01
C48,active,2026-01-01
C48,active,2026-02-01
C48,active,2026-03-01
C48,active,2026-04-01
C48,active,2026-05-01
C48,active,2026-06-01
C48,inactive,2026-07-01
C48,active,2026-08-01
C48,active,2026-09-01
C48,inactive,2026-10-01
C48,inactive,2026-11-01
C49,active,2026-01-01
C49,active,2026-02-01
C49,active,2026-03-01
C49,active,2026-04-01
C49,active,2026-05-01
C49,active,2026-06-01
C49,active,2026-07-01
C49,inactive,2026-08-01
C49,inactive,2026-09-01
C49,active,2026-10-01
C49,inactive,2026-11-01
C50,active,2026-01-01
C50,active,2026-02-01
C50,active,2026-03-01
C50,active,2026-04-01
C50,active,2026-05-01
C50,active,2026-06-01
C50,active,2026-07-01
C50,active,2026-08-01
C50,inactive,2026-09-01
C50,inactive,2026-10-01
C51,active,2026-01-01
C51,active,2026-02-01
C51,active,2026-03-01
C51,active,2026-04-01
C51,inactive,2026-05-01
C52,active,2026-01-01
C52,active,2026-02-01
C52,active,2026-03-01
C52,active,2026-04-01
C52,active,2026-05-01
C52,active,2026-06-01
C52,active,2026-07-01
C52,active,2026-08-01
C52,active,2026-09-01
C52,active,2026-10-01
C52,active,2026-11-01
C52,active,2026-12-01
C53,active,2026-01-01
C53,inactive,2026-02-01
C53,inactive,2026-03-01
C53,inactive,2026-04-01
C53,active,2026-05-01
C54,active,2026-01-01
C54,active,2026-02-01
C54,active,2026-03-01
C54,inactive,2026-04-01
C54,active,2026-05-01
C54,inactive,2026-06-01
C54,active,2026-07-01
C55,active,2026-01-01
C55,inactive,2026-02-01
C55,inactive,2026-03-01
C55,active,2026-04-01
C55,active,2026-05-01
C55,inactive,2026-06-01
C55,active,2026-07-01
C55,inactive,2026-08-01
C55,inactive,2026-09-01
C55,inactive,2026-10-01
C56,active,2026-01-01
C56,active,2026-02-01
C56,active,2026-03-01
C56,active,2026-04-01
C56,active,2026-05-01
C56,active,2026-06-01
C56,active,2026-07-01
C56,active,2026-08-01
C56,active,2026-09-01
C56,inactive,2026-10-01
C56,active,2026-11-01
C56,inactive,2026-12-01
C57,active,2026-01-01
C57,inactive,2026-02-01
C57,active,2026-03-01
C57,inactive,2026-04-01
C57,default,2026-05-01
C57,default,2026-06-01
C58,active,2026-01-01
C58,inactive,2026-02-01
C58,inactive,2026-03-01
C58,active,2026-04-01
C58,inactive,2026-05-01
C58,inactive,2026-06-01
C58,inactive,2026-07-01
C58,inactive,2026-08-01
C59,active,2026-01-01
C59,active,2026-02-01
C59,active,2026-03-01
C59,active,2026-04-01
C59,active,2026-05-01
C59,active,2026-06-01
C59,inactive,2026-07-01
C59,inactive,2026-08-01
C59,inactive,2026-09-01
C59,active,2026-10-01
C59,inactive,2026-11-01
C59,inactive,2026-12-01
C60,inactive,2026-01-01
C60,inactive,2026-02-01
C60,active,2026-03-01
C60,inactive,2026-04-01
C60,active,2026-05-01
C60,active,2026-06-01
C60,inactive,2026-07-01
C60,default,2026-08-01
C60,default,2026-09-01
C60,default,2026-10-01
C60,default,2026-11-01
C60,default,2026-12-01
C61,active,2026-01-01
C61,active,2026-02-01
C61,active,2026-03-01
C61,active,2026-04-01
C61,active,2026-05-01
C61,active,2026-06-01
C61,active,2026-07-01
C61,inactive,2026-08-01
C62,active,2026-01-01
C62,active,2026-02-01
C62,inactive,2026-03-01
C62,inactive,2026-04-01
C62,active,2026-05-01
C62,inactive,2026-06-01
C62,inactive,2026-07-01
C62,default,2026-08-01
C62,default,2026-09-01
C62,default,2026-10-01
C62,default,2026-11-01
C62,default,2026-12-01
C63,active,2026-01-01
C63,active,2026-02-01
C63,active,2026-03-01
C63,active,2026-04-01
C63,active,2026-05-01
C63,active,2026-06-01
C63,active,2026-07-01
C63,active,2026-08-01
C63,active,2026-09-01
C63,active,2026-10-01
C63,inactive,2026-11-01
C63,active,2026-12-01
C64,active,2026-01-01
C64,active,2026-02-01
C64,active,2026-03-01
C64,active,2026-04-01
C64,active,2026-05-01
C64,active,2026-06-01
C64,active,2026-07-01
C64,active,2026-08-01
C64,active,2026-09-01
C65,active,2026-01-01
C65,active,2026-02-01
C65,active,2026-03-01
C65,active,2026-04-01
C65,active,2026-05-01
C65,active,2026-06-01
C65,active,2026-07-01
C65,active,2026-08-01
C65,active,2026-09-01
C65,active,2026-10-01
C65,active,2026-11-01
C65,inactive,2026-12-01
C66,active,2026-01-01
C66,inactive,2026-02-01
C66,inactive,2026-03-01
C66,inactive,2026-04-01
C66,inactive,2026-05-01
C66,active,2026-06-01
C66,inactive,2026-07-01
C66,inactive,2026-08-01
C66,active,2026-09-01
C66,inactive,2026-10-01
C66,inactive,2026-11-01
C66,active,2026-12-01
C67,active,2026-01-01
C67,active,2026-02-01
C67,inactive,2026-03-01
C67,inactive,2026-04-01
C67,inactive,2026-05-01
C67,inactive,2026-06-01
C67,active,2026-07-01
C68,active,2026-01-01
C68,active,2026-02-01
C68,active,2026-03-01
C68,inactive,2026-04-01
C68,inactive,2026-05-01
C68,inactive,2026-06-01
C68,active,2026-07-01
C68,inactive,2026-08-01
C68,inactive,2026-09-01
C68,inactive,2026-10-01
C68,active,2026-11-01
C68,inactive,2026-12-01
C69,active,2026-01-01
C69,active,2026-02-01
C69,inactive,2026-03-01
C69,active,2026-04-01
C69,active,2026-05-01
C69,active,2026-06-01
C69,inactive,2026-07-01
C70,active,2026-01-01
C70,active,2026-02-01
C70,inactive,2026-03-01
C70,inactive,2026-04-01
C70,active,2026-05-01
C71,active,2026-01-01
C71,active,2026-02-01
C71,active,2026-03-01
C71,active,2026-04-01
C71,active,2026-05-01
C71,active,2026-06-01
C71,inactive,2026-07-01
C71,active,2026-08-01
C72,active,2026-01-01
C72,active,2026-02-01
C72,active,2026-03-01
C72,active,2026-04-01
C72,active,2026-05-01
C72,active,2026-06-01
C72,active,2026-07-01
C72,inactive,2026-08-01
C73,active,2026-01-01
C73,active,2026-02-01
C73,active,2026-03-01
C73,active,2026-04-01
C73,active,2026-05-01
C73,active,2026-06-01
C73,active,2026-07-01
C73,inactive,2026-08-01
C73,inactive,2026-09-01
C73,inactive,2026-10-01
C74,active,2026-01-01
C74,active,2026-02-01
C74,active,2026-03-01
C74,inactive,2026-04-01
C74,default,2026-05-01
C75,active,2026-01-01
C75,active,2026-02-01
C75,active,2026-03-01
C75,active,2026-04-01
C75,active,2026-05-01
C75,active,2026-06-01
C75,active,2026-07-01
C75,inactive,2026-08-01
C75,active,2026-09-01
C75,inactive,2026-10-01
C76,active,2026-01-01
C76,active,2026-02-01
C76,active,2026-03-01
C76,active,2026-04-01
C76,active,2026-05-01
C76,active,2026-06-01
C76,active,2026-07-01
C76,active,2026-08-01
C76,inactive,2026-09-01
C77,active,2026-01-01
C77,active,2026-02-01
C77,active,2026-03-01
C77,active,2026-04-01
C77,active,2026-05-01
C77,inactive,2026-06-01
C77,active,2026-07-01
C77,inactive,2026-08-01
C78,active,2026-01-01
C78,active,2026-02-01
C78,active,2026-03-01
C78,active,2026-04-01
C78,active,2026-05-01
C78,active,2026-06-01
C78,active,2026-07-01
C78,active,2026-08-01
C78,active,2026-09-01
C78,inactive,2026-10-01
C78,inactive,2026-11-01
C78,inactive,2026-12-01
C79,active,2026-01-01
C79,active,2026-02-01
C79,active,2026-03-01
C79,inactive,2026-04-01
C79,inactive,2026-05-01
C80,active,2026-01-01
C80,active,2026-02-01
C80,active,2026-03-01
C80,inactive,2026-04-01
C80,default,2026-05-01
C80,default,2026-06-01
C80,default,2026-07-01
C80,default,2026-08-01
C80,default,2026-09-01
C80,default,2026-10-01
C80,default,2026-11-01
C80,default,2026-12-01
C81,active,2026-01-01
C81,active,2026-02-01
C81,active,2026-03-01
C81,active,2026-04-01
C81,active,2026-05-01
C81,active,2026-06-01
C81,active,2026-07-01
C81,active,2026-08-01
C81,active,2026-09-01
C81,active,2026-10-01
C81,inactive,2026-11-01
C81,active,2026-12-01
C82,active,2026-01-01
C82,active,2026-02-01
C82,active,2026-03-01
C82,active,2026-04-01
C82,active,2026-05-01
C82,active,2026-06-01
C82,inactive,2026-07-01
C82,inactive,2026-08-01
C82,inactive,2026-09-01
C82,active,2026-10-01
C82,active,2026-11-01
C82,active,2026-12-01
C83,active,2026-01-01
C83,active,2026-02-01
C83,active,2026-03-01
C83,active,2026-04-01
C83,active,2026-05-01
C83,active,2026-06-01
C83,inactive,2026-07-01
C83,active,2026-08-01
C83,inactive,2026-09-01
C83,inactive,2026-10-01
C83,active,2026-11-01
C83,inactive,2026-12-01
C84,active,2026-01-01
C84,active,2026-02-01
C84,active,2026-03-01
C84,active,2026-04-01
C84,active,2026-05-01
C84,active,2026-06-01
C84,inactive,2026-07-01
C84,inactive,2026-08-01
C84,active,2026-09-01
C84,active,2026-10-01
C85,active,2026-01-01
C85,active,2026-02-01
C85,active,2026-03-01
C85,active,2026-04-01
C85,active,2026-05-01
C85,active,2026-06-01
C85,active,2026-07-01
C85,active,2026-08-01
C85,inactive,2026-09-01
C85,inactive,2026-10-01
C85,inactive,2026-11-01
C85,inactive,2026-12-01
C86,active,2026-01-01
C86,active,2026-02-01
C86,active,2026-03-01
C86,active,2026-04-01
C86,active,2026-05-01
C86,active,2026-06-01
C86,active,2026-07-01
C86,active,2026-08-01
C86,active,2026-09-01
C86,active,2026-10-01
C86,active,2026-11-01
C86,inactive,2026-12-01
C87,active,2026-01-01
C87,active,2026-02-01
C87,active,2026-03-01
C87,inactive,2026-04-01
C87,active,2026-05-01
C88,active,2026-01-01
C88,active,2026-02-01
C88,active,2026-03-01
C88,active,2026-04-01
C88,active,2026-05-01
C88,inactive,2026-06-01
C88,active,2026-07-01
C88,inactive,2026-08-01
C88,inactive,2026-09-01
C88,inactive,2026-10-01
C88,active,2026-11-01
C89,active,2026-01-01
C89,active,2026-02-01
C89,active,2026-03-01
C89,active,2026-04-01
C89,active,2026-05-01
C89,active,2026-06-01
C89,active,2026-07-01
C89,inactive,2026-08-01
C89,inactive,2026-09-01
C89,active,2026-10-01
C89,inactive,2026-11-01
C89,inactive,2026-12-01
C90,active,2026-01-01
C90,active,2026-02-01
C90,active,2026-03-01
C90,active,2026-04-01
C90,active,2026-05-01
C90,inactive,2026-06-01
C90,active,2026-07-01
C90,active,2026-08-01
C91,active,2026-01-01
C91,active,2026-02-01
C91,active,2026-03-01
C91,active,2026-04-01
C91,active,2026-05-01
C91,active,2026-06-01
C91,active,2026-07-01
C91,inactive,2026-08-01
C91,inactive,2026-09-01
C92,active,2026-01-01
C92,active,2026-02-01
C92,active,2026-03-01
C92,active,2026-04-01
C92,inactive,2026-05-01
C92,inactive,2026-06-01
C92,inactive,2026-07-01
C92,inactive,2026-08-01
C92,inactive,2026-09-01
C93,active,2026-01-01
C93,active,2026-02-01
C93,inactive,2026-03-01
C93,active,2026-04-01
C93,active,2026-05-01
C93,inactive,2026-06-01
C93,inactive,2026-07-01
C93,active,2026-08-01
C93,active,2026-09-01
C93,inactive,2026-10-01
C93,active,2026-11-01
C93,active,2026-12-01
C94,active,2026-01-01
C94,active,2026-02-01
C94,active,2026-03-01
C94,inactive,2026-04-01
C94,active,2026-05-01
C94,inactive,2026-06-01
C95,active,2026-01-01
C95,active,2026-02-01
C95,inactive,2026-03-01
C95,active,2026-04-01
C95,inactive,2026-05-01
C95,active,2026-06-01
C95,inactive,2026-07-01
C95,active,2026-08-01
C95,inactive,2026-09-01
C95,inactive,2026-10-01
C95,active,2026-11-01
C96,active,2026-01-01
C96,active,2026-02-01
C96,active,2026-03-01
C96,active,2026-04-01
C96,active,2026-05-01
C96,active,2026-06-01
C96,active,2026-07-01
C96,active,2026-08-01
C96,inactive,2026-09-01
C96,active,2026-10-01
C96,active,2026-11-01
C96,inactive,2026-12-01
C97,active,2026-01-01
C97,active,2026-02-01
C97,active,2026-03-01
C97,inactive,2026-04-01
C97,active,2026-05-01
C98,active,2026-01-01
C98,active,2026-02-01
C98,active,2026-03-01
C98,active,2026-04-01
C98,inactive,2026-05-01
C98,default,2026-06-01
C98,default,2026-07-01
C98,default,2026-08-01
C98,default,2026-09-01
C98,default,2026-10-01
C98,default,2026-11-01
C98,default,2026-12-01
C99,inactive,2026-01-01
C99,inactive,2026-02-01
C99,active,2026-03-01
C99,active,2026-04-01
C99,active,2026-05-01
C99,active,2026-06-01
D1,active,2026-01-01
D1,active,2026-02-01
D1,active,2026-03-01
D1,inactive,2026-04-01
D1,active,2026-05-01
D1,active,2026-06-01
D1,active,2026-07-01
D1,inactive,2026-08-01
D1,inactive,2026-09-01
D1,active,2026-10-01
D1,inactive,2026-11-01
D1,inactive,2026-12-01
D2,active,2026-01-01
D2,inactive,2026-02-01
D2,active,2026-03-01
D2,inactive,2026-04-01
D2,active,2026-05-01
D2,inactive,2026-06-01
D2,active,2026-07-01
D3,active,2026-01-01
D3,active,2026-02-01
D3,active,2026-03-01
D3,active,2026-04-01
D3,active,2026-05-01
D3,active,2026-06-01
D3,inactive,2026-07-01
D3,active,2026-08-01
D3,active,2026-09-01
D3,active,2026-10-01
D3,active,2026-11-01
D4,active,2026-01-01
D4,active,2026-02-01
D4,active,2026-03-01
D4,inactive,2026-04-01
D4,inactive,2026-05-01
D5,active,2026-01-01
D5,active,2026-02-01
D5,inactive,2026-03-01
D5,active,2026-04-01
D5,inactive,2026-05-01
D6,active,2026-01-01
D6,active,2026-02-01
D6,active,2026-03-01
D6,active,2026-04-01
D6,active,2026-05-01
D6,active,2026-06-01
D6,active,2026-07-01
D6,active,2026-08-01
D6,active,2026-09-01
D6,inactive,2026-10-01
D6,inactive,2026-11-01
D6,inactive,2026-12-01
D7,active,2026-01-01
D7,active,2026-02-01
D7,active,2026-03-01
D7,active,2026-04-01
D7,active,2026-05-01
D7,inactive,2026-06-01
D7,active,2026-07-01
D7,active,2026-08-01
D7,active,2026-09-01
D8,active,2026-01-01
D8,active,2026-02-01
D8,active,2026-03-01
D8,inactive,2026-04-01
D8,default,2026-05-01
D8,default,2026-06-01
D8,default,2026-07-01
D8,default,2026-08-01
D8,default,2026-09-01
D8,default,2026-10-01
D8,default,2026-11-01
D8,default,2026-12-01
D9,active,2026-01-01
D9,active,2026-02-01
D9,active,2026-03-01
D9,inactive,2026-04-01
D9,active,2026-05-01
D9,inactive,2026-06-01
D9,active,2026-07-01
D9,active,2026-08-01
D10,active,2026-01-01
D10,active,2026-02-01
D10,active,2026-03-01
D10,inactive,2026-04-01
D10,inactive,2026-05-01
D10,active,2026-06-01
D10,active,2026-07-01
D10,inactive,2026-08-01
D11,active,2026-01-01
D11,active,2026-02-01
D11,active,2026-03-01
D11,active,2026-04-01
D11,active,2026-05-01
D11,inactive,2026-06-01
D11,active,2026-07-01
D12,active,2026-01-01
D12,active,2026-02-01
D12,active,2026-03-01
D12,active,2026-04-01
D12,active,2026-05-01
D12,inactive,2026-06-01
D12,inactive,2026-07-01
D12,inactive,2026-08-01
D13,active,2026-01-01
D13,active,2026-02-01
D13,active,2026-03-01
D13,active,2026-04-01
D13,inactive,2026-05-01
D14,active,2026-01-01
D14,inactive,2026-02-01
D14,active,2026-03-01
D14,active,2026-04-01
D14,active,2026-05-01
D14,inactive,2026-06-01
D14,inactive,2026-07-01
D14,active,2026-08-01
D15,inactive,2026-01-01
D15,active,2026-02-01
D15,active,2026-03-01
D15,inactive,2026-04-01
D15,inactive,2026-05-01
D16,active,2026-01-01
D16,active,2026-02-01
D16,active,2026-03-01
D16,active,2026-04-01
D16,active,2026-05-01
D16,inactive,2026-06-01
D16,inactive,2026-07-01
D16,active,2026-08-01
D16,inactive,2026-09-01
D17,active,2026-01-01
D17,active,2026-02-01
D17,active,2026-03-01
D17,active,2026-04-01
D17,inactive,2026-05-01
D17,active,2026-06-01
D17,active,2026-07-01
D17,active,2026-08-01
D18,active,2026-01-01
D18,active,2026-02-01
D18,inactive,2026-03-01
D18,active,2026-04-01
D18,inactive,2026-05-01
D18,active,2026-06-01
D18,inactive,2026-07-01
D18,active,2026-08-01
D19,active,2026-01-01
D19,active,2026-02-01
D19,active,2026-03-01
D19,active,2026-04-01
D19,active,2026-05-01
D19,active,2026-06-01
D19,active,2026-07-01
D19,active,2026-08-01
D19,active,2026-09-01
D19,active,2026-10-01
D19,inactive,2026-11-01
D19,inactive,2026-12-01
D20,inactive,2026-01-01
D20,active,2026-02-01
D20,active,2026-03-01
D20,inactive,2026-04-01
D20,active,2026-05-01
D20,inactive,2026-06-01
D20,active,2026-07-01
D20,active,2026-08-01
D20,inactive,2026-09-01
D20,active,2026-10-01
D20,inactive,2026-11-01
D21,active,2026-01-01
D21,inactive,2026-02-01
D21,active,2026-03-01
D21,active,2026-04-01
D21,inactive,2026-05-01
D21,active,2026-06-01
D21,inactive,2026-07-01
D21,inactive,2026-08-01
D22,active,2026-01-01
D22,active,2026-02-01
D22,active,2026-03-01
D22,inactive,2026-04-01
D22,inactive,2026-05-01
D22,inactive,2026-06-01
D22,active,2026-07-01
D22,inactive,2026-08-01
D22,active,2026-09-01
D22,active,2026-10-01
D22,inactive,2026-11-01
D23,active,2026-01-01
D23,active,2026-02-01
D23,active,2026-03-01
D23,active,2026-04-01
D23,active,2026-05-01
D23,active,2026-06-01
D24,active,2026-01-01
D24,active,2026-02-01
D24,active,2026-03-01
D24,inactive,2026-04-01
D24,inactive,2026-05-01
D24,inactive,2026-06-01
D24,active,2026-07-01
D24,inactive,2026-08-01
D25,active,2026-01-01
D25,active,2026-02-01
D25,inactive,2026-03-01
D25,active,2026-04-01
D25,inactive,2026-05-01
D26,active,2026-01-01
D26,active,2026-02-01
D26,active,2026-03-01
D26,inactive,2026-04-01
D26,inactive,2026-05-01
D27,active,2026-01-01
D27,inactive,2026-02-01
D27,inactive,2026-03-01
D27,active,2026-04-01
D27,inactive,2026-05-01
D27,inactive,2026-06-01
D27,active,2026-07-01
D27,inactive,2026-08-01
D27,active,2026-09-01
D27,active,2026-10-01
D27,inactive,2026-11-01
D27,inactive,2026-12-01
D28,inactive,2026-01-01
D28,inactive,2026-02-01
D28,active,2026-03-01
D28,inactive,2026-04-01
D28,inactive,2026-05-01
D28,active,2026-06-01
D28,active,2026-07-01
D28,inactive,2026-08-01
D29,active,2026-01-01
D29,inactive,2026-02-01
D29,active,2026-03-01
D29,active,2026-04-01
D29,inactive,2026-05-01
D29,active,2026-06-01
D29,active,2026-07-01
D29,inactive,2026-08-01
D29,default,2026-09-01
D29,default,2026-10-01
D29,default,2026-11-01
D30,active,2026-01-01
D30,inactive,2026-02-01
D30,inactive,2026-03-01
D30,default,2026-04-01
D30,default,2026-05-01
D30,default,2026-06-01
D31,active,2026-01-01
D31,active,2026-02-01
D31,active,2026-03-01
D31,active,2026-04-01
D31,active,2026-05-01
D31,active,2026-06-01
D31,active,2026-07-01
D31,inactive,2026-08-01
D32,active,2026-01-01
D32,active,2026-02-01
D32,inactive,2026-03-01
D32,active,2026-04-01
D32,inactive,2026-05-01
D32,active,2026-06-01
D33,active,2026-01-01
D33,active,2026-02-01
D33,active,2026-03-01
D33,active,2026-04-01
D33,active,2026-05-01
D33,inactive,2026-06-01
D33,active,2026-07-01
D34,active,2026-01-01
D34,active,2026-02-01
D34,active,2026-03-01
D34,active,2026-04-01
D34,active,2026-05-01
D34,active,2026-06-01
D34,active,2026-07-01
D34,active,2026-08-01
D34,active,2026-09-01
D34,inactive,2026-10-01
D35,active,2026-01-01
D35,active,2026-02-01
D35,active,2026-03-01
D35,active,2026-04-01
D35,active,2026-05-01
D35,inactive,2026-06-01
D35,inactive,2026-07-01
D36,active,2026-01-01
D36,inactive,2026-02-01
D36,active,2026-03-01
D36,inactive,2026-04-01
D36,active,2026-05-01
D37,active,2026-01-01
D37,active,2026-02-01
D37,active,2026-03-01
D37,active,2026-04-01
D37,active,2026-05-01
D37,inactive,2026-06-01
D38,active,2026-01-01
D38,active,2026-02-01
D38,active,2026-03-01
D38,inactive,2026-04-01
D38,active,2026-05-01
D38,inactive,2026-06-01
D39,inactive,2026-01-01
D39,inactive,2026-02-01
D39,inactive,2026-03-01
D39,active,2026-04-01
D39,active,2026-05-01
D39,inactive,2026-06-01
D39,inactive,2026-07-01
D39,inactive,2026-08-01
D39,inactive,2026-09-01
D39,inactive,2026-10-01
D40,active,2026-01-01
D40,active,2026-02-01
D40,active,2026-03-01
D40,inactive,2026-04-01
D40,inactive,2026-05-01
D40,active,2026-06-01
D40,active,2026-07-01
D40,inactive,2026-08-01
D41,active,2026-01-01
D41,active,2026-02-01
D41,active,2026-03-01
D41,inactive,2026-04-01
D41,active,2026-05-01
D41,inactive,2026-06-01
D41,active,2026-07-01
D41,active,2026-08-01
D41,inactive,2026-09-01
D41,inactive,2026-10-01
D41,active,2026-11-01
D41,inactive,2026-12-01
D42,inactive,2026-01-01
D42,inactive,2026-02-01
D42,active,2026-03-01
D42,active,2026-04-01
D42,active,2026-05-01
D42,active,2026-06-01
D42,active,2026-07-01
D42,active,2026-08-01
D42,active,2026-09-01
D42,inactive,2026-10-01
D42,inactive,2026-11-01
D42,inactive,2026-12-01
D43,active,2026-01-01
D43,active,2026-02-01
D43,inactive,2026-03-01
D43,inactive,2026-04-01
D43,inactive,2026-05-01
D43,active,2026-06-01
D43,inactive,2026-07-01
D43,active,2026-08-01
D44,active,2026-01-01
D44,active,2026-02-01
D44,active,2026-03-01
D44,active,2026-04-01
D44,active,2026-05-01
D44,inactive,2026-06-01
D44,active,2026-07-01
D44,active,2026-08-01
D44,inactive,2026-09-01
D44,active,2026-10-01
D45,active,2026-01-01
D45,active,2026-02-01
D45,active,2026-03-01
D45,active,2026-04-01
D45,active,2026-05-01
D45,active,2026-06-01
D45,active,2026-07-01
D45,inactive,2026-08-01
D45,default,2026-09-01
D45,default,2026-10-01
D45,default,2026-11-01
D45,default,2026-12-01
D46,active,2026-01-01
D46,active,2026-02-01
D46,active,2026-03-01
D46,active,2026-04-01
D46,inactive,2026-05-01
D46,active,2026-06-01
D47,active,2026-01-01
D47,active,2026-02-01
D47,inactive,2026-03-01
D47,inactive,2026-04-01
D47,inactive,2026-05-01
D47,inactive,2026-06-01
D48,active,2026-01-01
D48,active,2026-02-01
D48,active,2026-03-01
D48,active,2026-04-01
D48,active,2026-05-01
D48,active,2026-06-01
D48,active,2026-07-01
D48,active,2026-08-01
D48,active,2026-09-01
D48,inactive,2026-10-01
D48,inactive,2026-11-01
D48,inactive,2026-12-01
D49,inactive,2026-01-01
D49,active,2026-02-01
D49,inactive,2026-03-01
D49,inactive,2026-04-01
D49,inactive,2026-05-01
D49,active,2026-06-01
D49,inactive,2026-07-01
D49,active,2026-08-01
D49,active,2026-09-01
D50,active,2026-01-01
D50,active,2026-02-01
D50,active,2026-03-01
D50,active,2026-04-01
D50,active,2026-05-01
D50,active,2026-06-01
D50,active,2026-07-01
D50,active,2026-08-01
D50,active,2026-09-01
D51,active,2026-01-01
D51,active,2026-02-01
D51,active,2026-03-01
D51,active,2026-04-01
D51,inactive,2026-05-01
D51,active,2026-06-01
D51,inactive,2026-07-01
D51,inactive,2026-08-01
D51,active,2026-09-01
D51,inactive,2026-10-01
D51,inactive,2026-11-01
D51,active,2026-12-01
D52,active,2026-01-01
D52,active,2026-02-01
D52,active,2026-03-01
D52,active,2026-04-01
D52,inactive,2026-05-01
D52,active,2026-06-01
D52,inactive,2026-07-01
D52,active,2026-08-01
D53,active,2026-01-01
D53,active,2026-02-01
D53,active,2026-03-01
D53,active,2026-04-01
D53,active,2026-05-01
D53,active,2026-06-01
D53,active,2026-07-01
D53,inactive,2026-08-01
D54,active,2026-01-01
D54,inactive,2026-02-01
D54,active,2026-03-01
D54,inactive,2026-04-01
D54,inactive,2026-05-01
D54,inactive,2026-06-01
D54,active,2026-07-01
D54,inactive,2026-08-01
D54,active,2026-09-01
D54,inactive,2026-10-01
D54,active,2026-11-01
D54,inactive,2026-12-01
D55,inactive,2026-01-01
D55,inactive,2026-02-01
D55,inactive,2026-03-01
D55,active,2026-04-01
D55,inactive,2026-05-01
D55,active,2026-06-01
D55,inactive,2026-07-01
D56,active,2026-01-01
D56,inactive,2026-02-01
D56,active,2026-03-01
D56,inactive,2026-04-01
D56,active,2026-05-01
D56,inactive,2026-06-01
D56,inactive,2026-07-01
D56,default,2026-08-01
D56,default,2026-09-01
D56,default,2026-10-01
D56,default,2026-11-01
D57,active,2026-01-01
D57,active,2026-02-01
D57,active,2026-03-01
D57,active,2026-04-01
D57,active,2026-05-01
D58,active,2026-01-01
D58,inactive,2026-02-01
D58,inactive,2026-03-01
D58,active,2026-04-01
D58,inactive,2026-05-01
D58,active,2026-06-01
D58,inactive,2026-07-01
D58,active,2026-08-01
D58,inactive,2026-09-01
D58,inactive,2026-10-01
D58,inactive,2026-11-01
D58,active,2026-12-01
D59,active,2026-01-01
D59,active,2026-02-01
D59,active,2026-03-01
D59,active,2026-04-01
D59,active,2026-05-01
D59,active,2026-06-01
D59,active,2026-07-01
D59,inactive,2026-08-01
D59,inactive,2026-09-01
D59,active,2026-10-01
D59,inactive,2026-11-01
D59,inactive,2026-12-01
D60,active,2026-01-01
D60,active,2026-02-01
D60,active,2026-03-01
D60,active,2026-04-01
D60,inactive,2026-05-01
D60,inactive,2026-06-01
D60,inactive,2026-07-01
D60,inactive,2026-08-01
D61,active,2026-01-01
D61,active,2026-02-01
D61,active,2026-03-01
D61,active,2026-04-01
D61,active,2026-05-01
D61,active,2026-06-01
D61,active,2026-07-01
D61,active,2026-08-01
D61,active,2026-09-01
D61,inactive,2026-10-01
D61,active,2026-11-01
D61,inactive,2026-12-01
D62,active,2026-01-01
D62,active,2026-02-01
D62,active,2026-03-01
D62,inactive,2026-04-01
D62,active,2026-05-01
D62,inactive,2026-06-01
D62,active,2026-07-01
D62,inactive,2026-08-01
D62,inactive,2026-09-01
D62,inactive,2026-10-01
D62,inactive,2026-11-01
D62,inactive,2026-12-01
D63,active,2026-01-01
D63,inactive,2026-02-01
D63,active,2026-03-01
D63,inactive,2026-04-01
D63,inactive,2026-05-01
D64,active,2026-01-01
D64,active,2026-02-01
D64,active,2026-03-01
D64,active,2026-04-01
D64,active,2026-05-01
D64,inactive,2026-06-01
D64,inactive,2026-07-01
D64,inactive,2026-08-01
D64,inactive,2026-09-01
D64,default,2026-10-01
D64,default,2026-11-01
D64,default,2026-12-01
D65,active,2026-01-01
D65,inactive,2026-02-01
D65,active,2026-03-01
D65,inactive,2026-04-01
D65,inactive,2026-05-01
D65,inactive,2026-06-01
D65,active,2026-07-01
D65,inactive,2026-08-01
D65,inactive,2026-09-01
D65,inactive,2026-10-01
D65,inactive,2026-11-01
D65,active,2026-12-01
D66,active,2026-01-01
D66,active,2026-02-01
D66,active,2026-03-01
D66,active,2026-04-01
D66,active,2026-05-01
D66,inactive,2026-06-01
D67,active,2026-01-01
D67,active,2026-02-01
D67,active,2026-03-01
D67,active,2026-04-01
D67,inactive,2026-05-01
D67,active,2026-06-01
D68,active,2026-01-01
D68,active,2026-02-01
D68,active,2026-03-01
D68,active,2026-04-01
D68,active,2026-05-01
D68,active,2026-06-01
D68,active,2026-07-01
D68,inactive,2026-08-01
D68,active,2026-09-01
D68,inactive,2026-10-01
D68,active,2026-11-01
D69,active,2026-01-01
D69,inactive,2026-02-01
D69,inactive,2026-03-01
D69,inactive,2026-04-01
D69,inactive,2026-05-01
D69,inactive,2026-06-01
D69,inactive,2026-07-01
D70,active,2026-01-01
D70,active,2026-02-01
D70,active,2026-03-01
D70,active,2026-04-01
D70,active,2026-05-01
D70,active,2026-06-01
D70,active,2026-07-01
D70,active,2026-08-01
D70,active,2026-09-01
D71,active,2026-01-01
D71,active,2026-02-01
D71,active,2026-03-01
D71,active,2026-04-01
D71,active,2026-05-01
D71,inactive,2026-06-01
D71,active,2026-07-01
D71,active,2026-08-01
D71,inactive,2026-09-01
D71,active,2026-10-01
D71,active,2026-11-01
D71,inactive,2026-12-01
D72,active,2026-01-01
D72,active,2026-02-01
D72,active,2026-03-01
D72,active,2026-04-01
D72,inactive,2026-05-01
D73,active,2026-01-01
D73,active,2026-02-01
D73,active,2026-03-01
D73,inactive,2026-04-01
D73,inactive,2026-05-01
D73,active,2026-06-01
D73,inactive,2026-07-01
D73,inactive,2026-08-01
D73,active,2026-09-01
D73,active,2026-10-01
D73,inactive,2026-11-01
D73,inactive,2026-12-01
D74,active,2026-01-01
D74,active,2026-02-01
D74,active,2026-03-01
D74,inactive,2026-04-01
D74,default,2026-05-01
D75,active,2026-01-01
D75,active,2026-02-01
D75,active,2026-03-01
D75,active,2026-04-01
D75,active,2026-05-01
D75,active,2026-06-01
D75,active,2026-07-01
D75,active,2026-08-01
D75,inactive,2026-09-01
D75,active,2026-10-01
D75,inactive,2026-11-01
D76,active,2026-01-01
D76,active,2026-02-01
D76,active,2026-03-01
D76,active,2026-04-01
D76,active,2026-05-01
D76,active,2026-06-01
D76,active,2026-07-01
D76,inactive,2026-08-01
D76,active,2026-09-01
D76,inactive,2026-10-01
D76,active,2026-11-01
D76,inactive,2026-12-01
D77,active,2026-01-01
D77,active,2026-02-01
D77,active,2026-03-01
D77,active,2026-04-01
D77,active,2026-05-01
D77,active,2026-06-01
D77,active,2026-07-01
D77,active,2026-08-01
D78,active,2026-01-01
D78,active,2026-02-01
D78,active,2026-03-01
D78,inactive,2026-04-01
D78,default,2026-05-01
D78,default,2026-06-01
D78,default,2026-07-01
D78,default,2026-08-01
D78,default,2026-09-01
D78,default,2026-10-01
D78,default,2026-11-01
D79,active,2026-01-01
D79,active,2026-02-01
D79,active,2026-03-01
D79,active,2026-04-01
D79,active,2026-05-01
D79,active,2026-06-01
D79,active,2026-07-01
D79,active,2026-08-01
D79,active,2026-09-01
D79,inactive,2026-10-01
D79,inactive,2026-11-01
D79,active,2026-12-01
D80,inactive,2026-01-01
D80,active,2026-02-01
D80,inactive,2026-03-01
D80,inactive,2026-04-01
D80,active,2026-05-01
D80,active,2026-06-01
D80,active,2026-07-01
D80,inactive,2026-08-01
D80,inactive,2026-09-01
D80,active,2026-10-01
D80,active,2026-11-01
D80,inactive,2026-12-01
D81,active,2026-01-01
D81,active,2026-02-01
D81,active,2026-03-01
D81,active,2026-04-01
D81,active,2026-05-01
D81,inactive,2026-06-01
D82,active,2026-01-01
D82,active,2026-02-01
D82,active,2026-03-01
D82,active,2026-04-01
D82,active,2026-05-01
D82,active,2026-06-01
D82,active,2026-07-01
D82,active,2026-08-01
D82,active,2026-09-01
D82,active,2026-10-01
D82,active,2026-11-01
D82,active,2026-12-01
D83,active,2026-01-01
D83,active,2026-02-01
D83,active,2026-03-01
D83,inactive,2026-04-01
D83,inactive,2026-05-01
D83,active,2026-06-01
D83,inactive,2026-07-01
D83,active,2026-08-01
D83,inactive,2026-09-01
D83,active,2026-10-01
D84,active,2026-01-01
D84,active,2026-02-01
D84,active,2026-03-01
D84,active,2026-04-01
D84,active,2026-05-01
D84,active,2026-06-01
D84,active,2026-07-01
D84,active,2026-08-01
D84,inactive,2026-09-01
D84,inactive,2026-10-01
D84,inactive,2026-11-01
D84,active,2026-12-01
D85,active,2026-01-01
D85,active,2026-02-01
D85,active,2026-03-01
D85,active,2026-04-01
D85,inactive,2026-05-01
D85,active,2026-06-01
D86,active,2026-01-01
D86,active,2026-02-01
D86,active,2026-03-01
D86,active,2026-04-01
D86,active,2026-05-01
D86,active,2026-06-01
D86,active,2026-07-01
D86,active,2026-08-01
D86,active,2026-09-01
D86,inactive,2026-10-01
D86,inactive,2026-11-01
D86,active,2026-12-01
D87,active,2026-01-01
D87,active,2026-02-01
D87,active,2026-03-01
D87,active,2026-04-01
D87,inactive,2026-05-01
D87,inactive,2026-06-01
D88,active,2026-01-01
D88,active,2026-02-01
D88,active,2026-03-01
D88,active,2026-04-01
D88,inactive,2026-05-01
D88,inactive,2026-06-01
D88,inactive,2026-07-01
D88,inactive,2026-08-01
D88,active,2026-09-01
D88,active,2026-10-01
D89,active,2026-01-01
D89,active,2026-02-01
D89,inactive,2026-03-01
D89,inactive,2026-04-01
D89,active,2026-05-01
D89,active,2026-06-01
D90,active,2026-01-01
D90,inactive,2026-02-01
D90,active,2026-03-01
D90,inactive,2026-04-01
D90,active,2026-05-01
D90,inactive,2026-06-01
D91,active,2026-01-01
D91,active,2026-02-01
D91,active,2026-03-01
D91,active,2026-04-01
D91,active,2026-05-01
D91,active,2026-06-01
D91,active,2026-07-01
D91,active,2026-08-01
D91,active,2026-09-01
D91,active,2026-10-01
D91,active,2026-11-01
D91,active,2026-12-01
D92,active,2026-01-01
D92,active,2026-02-01
D92,active,2026-03-01
D92,active,2026-04-01
D92,active,2026-05-01
D92,active,2026-06-01
D92,active,2026-07-01
D92,inactive,2026-08-01
D93,active,2026-01-01
D93,active,2026-02-01
D93,active,2026-03-01
D93,active,2026-04-01
D93,active,2026-05-01
D93,inactive,2026-06-01
D93,inactive,2026-07-01
D93,active,2026-08-01
D93,inactive,2026-09-01
D93,active,2026-10-01
D93,inactive,2026-11-01
D94,active,2026-01-01
D94,inactive,2026-02-01
D94,active,2026-03-01
D94,inactive,2026-04-01
D94,active,2026-05-01
D94,inactive,2026-06-01
D94,active,2026-07-01
D94,inactive,2026-08-01
D94,default,2026-09-01
D94,default,2026-10-01
D94,default,2026-11-01
D94,default,2026-12-01
D95,active,2026-01-01
D95,active,2026-02-01
D95,active,2026-03-01
D95,active,2026-04-01
D95,active,2026-05-01
D95,active,2026-06-01
D95,inactive,2026-07-01
D95,active,2026-08-01
D96,active,2026-01-01
D96,active,2026-02-01
D96,active,2026-03-01
D96,active,2026-04-01
D96,inactive,2026-05-01
D96,inactive,2026-06-01
D96,inactive,2026-07-01
D96,inactive,2026-08-01
D96,inactive,2026-09-01
D96,inactive,2026-10-01
D96,active,2026-11-01
D97,active,2026-01-01
D97,active,2026-02-01
D97,active,2026-03-01
D97,active,2026-04-01
D97,active,2026-05-01
D97,active,2026-06-01
D97,active,2026-07-01
D97,inactive,2026-08-01
D97,default,2026-09-01
D97,default,2026-10-01
D98,active,2026-01-01
D98,active,2026-02-01
D98,active,2026-03-01
D98,active,2026-04-01
D98,inactive,2026-05-01
D98,active,2026-06-01
D98,active,2026-07-01
D98,inactive,2026-08-01
D98,active,2026-09-01
D99,active,2026-01-01
D99,active,2026-02-01
D99,active,2026-03-01
D99,active,2026-04-01
D99,active,2026-05-01
D99,inactive,2026-06-01
D99,inactive,2026-07-01
D99,inactive,2026-08-01
D99,active,2026-09-01
D99,inactive,2026-10-01
D99,active,2026-11-01
D99,inactive,2026-12-01
E1,active,2026-01-01
E1,active,2026-02-01
E1,active,2026-03-01
E1,inactive,2026-04-01
E1,inactive,2026-05-01
E1,active,2026-06-01
E1,inactive,2026-07-01
E2,active,2026-01-01
E2,active,2026-02-01
E2,inactive,2026-03-01
E2,active,2026-04-01
E2,inactive,2026-05-01
E2,default,2026-06-01
E2,default,2026-07-01
E3,active,2026-01-01
E3,active,2026-02-01
E3,active,2026-03-01
E3,active,2026-04-01
E3,active,2026-05-01
E3,active,2026-06-01
E3,active,2026-07-01
E3,inactive,2026-08-01
E3,inactive,2026-09-01
E4,active,2026-01-01
E4,active,2026-02-01
E4,active,2026-03-01
E4,active,2026-04-01
E4,active,2026-05-01
E4,active,2026-06-01
E4,active,2026-07-01
E4,active,2026-08-01
E4,active,2026-09-01
E4,active,2026-10-01
E4,inactive,2026-11-01
E4,inactive,2026-12-01
E5,active,2026-01-01
E5,active,2026-02-01
E5,active,2026-03-01
E5,inactive,2026-04-01
E5,inactive,2026-05-01
E5,inactive,2026-06-01
E5,inactive,2026-07-01
E5,active,2026-08-01
E5,inactive,2026-09-01
E6,active,2026-01-01
E6,active,2026-02-01
E6,active,2026-03-01
E6,inactive,2026-04-01
E6,inactive,2026-05-01
E6,active,2026-06-01
E6,active,2026-07-01
E6,active,2026-08-01
E6,inactive,2026-09-01
E6,inactive,2026-10-01
E6,active,2026-11-01
E6,inactive,2026-12-01
E7,active,2026-01-01
E7,active,2026-02-01
E7,active,2026-03-01
E7,active,2026-04-01
E7,active,2026-05-01
E7,active,2026-06-01
E7,inactive,2026-07-01
E8,inactive,2026-01-01
E8,inactive,2026-02-01
E8,inactive,2026-03-01
E8,active,2026-04-01
E8,inactive,2026-05-01
E8,active,2026-06-01
E8,inactive,2026-07-01
E8,inactive,2026-08-01
E8,active,2026-09-01
E8,active,2026-10-01
E9,active,2026-01-01
E9,active,2026-02-01
E9,inactive,2026-03-01
E9,inactive,2026-04-01
E9,active,2026-05-01
E9,inactive,2026-06-01
E9,inactive,2026-07-01
E9,active,2026-08-01
E9,active,2026-09-01
E10,active,2026-01-01
E10,active,2026-02-01
E10,active,2026-03-01
E10,active,2026-04-01
E10,inactive,2026-05-01
E10,inactive,2026-06-01
E11,active,2026-01-01
E11,active,2026-02-01
E11,inactive,2026-03-01
E11,active,2026-04-01
E11,inactive,2026-05-01
E11,inactive,2026-06-01
E11,active,2026-07-01
E11,inactive,2026-08-01
E11,inactive,2026-09-01
E12,active,2026-01-01
E12,active,2026-02-01
E12,active,2026-03-01
E12,active,2026-04-01
E12,active,2026-05-01
E12,active,2026-06-01
E12,active,2026-07-01
E12,active,2026-08-01
E12,inactive,2026-09-01
E12,inactive,2026-10-01
E12,inactive,2026-11-01
E12,active,2026-12-01
E13,active,2026-01-01
E13,active,2026-02-01
E13,active,2026-03-01
E13,active,2026-04-01
E13,active,2026-05-01
E13,active,2026-06-01
E13,active,2026-07-01
E13,inactive,2026-08-01
E13,inactive,2026-09-01
E14,active,2026-01-01
E14,active,2026-02-01
E14,active,2026-03-01
E14,active,2026-04-01
E14,inactive,2026-05-01
E14,inactive,2026-06-01
E14,inactive,2026-07-01
E14,inactive,2026-08-01
E14,active,2026-09-01
E14,inactive,2026-10-01
E14,active,2026-11-01
E15,active,2026-01-01
E15,active,2026-02-01
E15,active,2026-03-01
E15,active,2026-04-01
E15,active,2026-05-01
E15,active,2026-06-01
E15,active,2026-07-01
E15,active,2026-08-01
E15,active,2026-09-01
E15,inactive,2026-10-01
E15,active,2026-11-01
E16,active,2026-01-01
E16,active,2026-02-01
E16,active,2026-03-01
E16,inactive,2026-04-01
E16,active,2026-05-01
E16,active,2026-06-01
E16,inactive,2026-07-01
E16,active,2026-08-01
E16,inactive,2026-09-01
E16,active,2026-10-01
E16,active,2026-11-01
E16,active,2026-12-01
E17,active,2026-01-01
E17,active,2026-02-01
E17,active,2026-03-01
E17,active,2026-04-01
E17,inactive,2026-05-01
E17,default,2026-06-01
E17,default,2026-07-01
E17,default,2026-08-01
E18,active,2026-01-01
E18,active,2026-02-01
E18,active,2026-03-01
E18,active,2026-04-01
E18,active,2026-05-01
E18,active,2026-06-01
E18,active,2026-07-01
E18,active,2026-08-01
E18,active,2026-09-01
E18,active,2026-10-01
E18,active,2026-11-01
E18,active,2026-12-01
E19,active,2026-01-01
E19,active,2026-02-01
E19,active,2026-03-01
E19,active,2026-04-01
E19,active,2026-05-01
E19,active,2026-06-01
E19,active,2026-07-01
E19,active,2026-08-01
E19,active,2026-09-01
E19,active,2026-10-01
E19,inactive,2026-11-01
E19,inactive,2026-12-01
E20,active,2026-01-01
E20,active,2026-02-01
E20,active,2026-03-01
E20,active,2026-04-01
E20,inactive,2026-05-01
E20,inactive,2026-06-01
E20,active,2026-07-01
E20,inactive,2026-08-01
E20,active,2026-09-01
E20,active,2026-10-01
E20,inactive,2026-11-01
E20,default,2026-12-01
E21,active,2026-01-01
E21,inactive,2026-02-01
E21,active,2026-03-01
E21,inactive,2026-04-01
E21,inactive,2026-05-01
E22,active,2026-01-01
E22,active,2026-02-01
E22,active,2026-03-01
E22,active,2026-04-01
E22,active,2026-05-01
E22,active,2026-06-01
E22,active,2026-07-01
E22,active,2026-08-01
E22,active,2026-09-01
E22,active,2026-10-01
E22,inactive,2026-11-01
E22,active,2026-12-01
E23,active,2026-01-01
E23,active,2026-02-01
E23,active,2026-03-01
E23,inactive,2026-04-01
E23,active,2026-05-01
E23,inactive,2026-06-01
E23,inactive,2026-07-01
E23,active,2026-08-01
E24,active,2026-01-01
E24,active,2026-02-01
E24,active,2026-03-01
E24,active,2026-04-01
E24,active,2026-05-01
E24,active,2026-06-01
E24,active,2026-07-01
E24,active,2026-08-01
E24,inactive,2026-09-01
E24,inactive,2026-10-01
E24,inactive,2026-11-01
E24,active,2026-12-01
E25,active,2026-01-01
E25,active,2026-02-01
E25,active,2026-03-01
E25,active,2026-04-01
E25,active,2026-05-01
E25,active,2026-06-01
E25,active,2026-07-01
E25,active,2026-08-01
E25,inactive,2026-09-01
E26,active,2026-01-01
E26,active,2026-02-01
E26,active,2026-03-01
E26,active,2026-04-01
E26,active,2026-05-01
E26,active,2026-06-01
E26,inactive,2026-07-01
E26,active,2026-08-01
E27,active,2026-01-01
E27,active,2026-02-01
E27,active,2026-03-01
E27,active,2026-04-01
E27,active,2026-05-01
E28,inactive,2026-01-01
E28,active,2026-02-01
E28,inactive,2026-03-01
E28,active,2026-04-01
E28,inactive,2026-05-01
E28,inactive,2026-06-01
E28,active,2026-07-01
E28,inactive,2026-08-01
E28,active,2026-09-01
E28,active,2026-10-01
E28,inactive,2026-11-01
E28,active,2026-12-01
E29,active,2026-01-01
E29,active,2026-02-01
E29,active,2026-03-01
E29,active,2026-04-01
E29,inactive,2026-05-01
E30,active,2026-01-01
E30,active,2026-02-01
E30,inactive,2026-03-01
E30,inactive,2026-04-01
E30,active,2026-05-01
E31,active,2026-01-01
E31,inactive,2026-02-01
E31,inactive,2026-03-01
E31,inactive,2026-04-01
E31,inactive,2026-05-01
E31,active,2026-06-01
E31,inactive,2026-07-01
E31,active,2026-08-01
E31,inactive,2026-09-01
E31,inactive,2026-10-01
E31,inactive,2026-11-01
E31,active,2026-12-01
E32,active,2026-01-01
E32,active,2026-02-01
E32,active,2026-03-01
E32,active,2026-04-01
E32,active,2026-05-01
E32,active,2026-06-01
E32,active,2026-07-01
E32,active,2026-08-01
E32,active,2026-09-01
E32,active,2026-10-01
E32,inactive,2026-11-01
E32,active,2026-12-01
E33,active,2026-01-01
E33,active,2026-02-01
E33,active,2026-03-01
E33,active,2026-04-01
E33,active,2026-05-01
E33,active,2026-06-01
E33,active,2026-07-01
E33,inactive,2026-08-01
E33,active,2026-09-01
E33,inactive,2026-10-01
E33,inactive,2026-11-01
E33,active,2026-12-01
E34,active,2026-01-01
E34,active,2026-02-01
E34,active,2026-03-01
E34,inactive,2026-04-01
E34,active,2026-05-01
E34,inactive,2026-06-01
E34,active,2026-07-01
E34,active,2026-08-01
E35,active,2026-01-01
E35,active,2026-02-01
E35,active,2026-03-01
E35,active,2026-04-01
E35,inactive,2026-05-01
E36,active,2026-01-01
E36,active,2026-02-01
E36,active,2026-03-01
E36,active,2026-04-01
E36,active,2026-05-01
E36,inactive,2026-06-01
E36,active,2026-07-01
E36,inactive,2026-08-01
E36,active,2026-09-01
E36,inactive,2026-10-01
E36,active,2026-11-01
E36,active,2026-12-01
E37,active,2026-01-01
E37,inactive,2026-02-01
E37,active,2026-03-01
E37,inactive,2026-04-01
E37,active,2026-05-01
E37,inactive,2026-06-01
E37,active,2026-07-01
E38,active,2026-01-01
E38,active,2026-02-01
E38,active,2026-03-01
E38,active,2026-04-01
E38,active,2026-05-01
E38,active,2026-06-01
E38,inactive,2026-07-01
E38,inactive,2026-08-01
E38,active,2026-09-01
E38,active,2026-10-01
E38,inactive,2026-11-01
E38,inactive,2026-12-01
E39,active,2026-01-01
E39,active,2026-02-01
E39,active,2026-03-01
E39,active,2026-04-01
E39,inactive,2026-05-01
E39,inactive,2026-06-01
E39,active,2026-07-01
E39,inactive,2026-08-01
E40,active,2026-01-01
E40,active,2026-02-01
E40,active,2026-03-01
E40,active,2026-04-01
E40,active,2026-05-01
E40,active,2026-06-01
E40,active,2026-07-01
E40,active,2026-08-01
E40,active,2026-09-01
E40,active,2026-10-01
E40,active,2026-11-01
E40,inactive,2026-12-01
E41,active,2026-01-01
E41,active,2026-02-01
E41,active,2026-03-01
E41,active,2026-04-01
E41,inactive,2026-05-01
E41,active,2026-06-01
E41,inactive,2026-07-01
E41,inactive,2026-08-01
E41,inactive,2026-09-01
E42,active,2026-01-01
E42,active,2026-02-01
E42,active,2026-03-01
E42,active,2026-04-01
E42,active,2026-05-01
E42,active,2026-06-01
E42,inactive,2026-07-01
E42,inactive,2026-08-01
E42,active,2026-09-01
E42,inactive,2026-10-01
E42,active,2026-11-01
E42,active,2026-12-01
E43,inactive,2026-01-01
E43,active,2026-02-01
E43,active,2026-03-01
E43,inactive,2026-04-01
E43,default,2026-05-01
E44,active,2026-01-01
E44,active,2026-02-01
E44,inactive,2026-03-01
E44,active,2026-04-01
E44,inactive,2026-05-01
E44,inactive,2026-06-01
E44,inactive,2026-07-01
E45,active,2026-01-01
E45,active,2026-02-01
E45,active,2026-03-01
E45,active,2026-04-01
E45,active,2026-05-01
E45,active,2026-06-01
E45,active,2026-07-01
E45,active,2026-08-01
E45,active,2026-09-01
E45,active,2026-10-01
E45,active,2026-11-01
E45,active,2026-12-01
E46,active,2026-01-01
E46,active,2026-02-01
E46,active,2026-03-01
E46,active,2026-04-01
E46,active,2026-05-01
E46,active,2026-06-01
E46,inactive,2026-07-01
E46,active,2026-08-01
E46,active,2026-09-01
E46,inactive,2026-10-01
E47,active,2026-01-01
E47,active,2026-02-01
E47,active,2026-03-01
E47,active,2026-04-01
E47,active,2026-05-01
E47,inactive,2026-06-01
E47,inactive,2026-07-01
E48,active,2026-01-01
E48,inactive,2026-02-01
E48,active,2026-03-01
E48,inactive,2026-04-01
E48,active,2026-05-01
E48,inactive,2026-06-01
E48,inactive,2026-07-01
E49,active,2026-01-01
E49,active,2026-02-01
E49,active,2026-03-01
E49,active,2026-04-01
E49,active,2026-05-01
E49,active,2026-06-01
E49,active,2026-07-01
E49,active,2026-08-01
E49,inactive,2026-09-01
E49,active,2026-10-01
E49,inactive,2026-11-01
E49,inactive,2026-12-01
E50,active,2026-01-01
E50,active,2026-02-01
E50,active,2026-03-01
E50,active,2026-04-01
E50,active,2026-05-01
E50,active,2026-06-01
E50,active,2026-07-01
E50,active,2026-08-01
E50,active,2026-09-01
E50,active,2026-10-01
E50,active,2026-11-01
E50,inactive,2026-12-01
E51,active,2026-01-01
E51,inactive,2026-02-01
E51,inactive,2026-03-01
E51,inactive,2026-04-01
E51,inactive,2026-05-01
E52,active,2026-01-01
E52,active,2026-02-01
E52,active,2026-03-01
E52,active,2026-04-01
E52,active,2026-05-01
E52,inactive,2026-06-01
E52,inactive,2026-07-01
E52,inactive,2026-08-01
E52,inactive,2026-09-01
E52,active,2026-10-01
E52,inactive,2026-11-01
E53,active,2026-01-01
E53,active,2026-02-01
E53,active,2026-03-01
E53,inactive,2026-04-01
E53,active,2026-05-01
E53,inactive,2026-06-01
E53,inactive,2026-07-01
E53,active,2026-08-01
E53,active,2026-09-01
E53,inactive,2026-10-01
E53,active,2026-11-01
E54,active,2026-01-01
E54,active,2026-02-01
E54,inactive,2026-03-01
E54,default,2026-04-01
E54,default,2026-05-01
E55,active,2026-01-01
E55,active,2026-02-01
E55,active,2026-03-01
E55,active,2026-04-01
E55,active,2026-05-01
E55,active,2026-06-01
E55,inactive,2026-07-01
E55,inactive,2026-08-01
E55,inactive,2026-09-01
E56,active,2026-01-01
E56,active,2026-02-01
E56,active,2026-03-01
E56,active,2026-04-01
E56,active,2026-05-01
E56,active,2026-06-01
E56,active,2026-07-01
E56,inactive,2026-08-01
E56,active,2026-09-01
E56,inactive,2026-10-01
E56,inactive,2026-11-01
E56,active,2026-12-01
E57,active,2026-01-01
E57,active,2026-02-01
E57,active,2026-03-01
E57,active,2026-04-01
E57,active,2026-05-01
E57,active,2026-06-01
E57,inactive,2026-07-01
E57,active,2026-08-01
E57,active,2026-09-01
E57,inactive,2026-10-01
E58,active,2026-01-01
E58,inactive,2026-02-01
E58,inactive,2026-03-01
E58,inactive,2026-04-01
E58,inactive,2026-05-01
E58,inactive,2026-06-01
E58,inactive,2026-07-01
E58,inactive,2026-08-01
E58,inactive,2026-09-01
E58,inactive,2026-10-01
E58,active,2026-11-01
E58,active,2026-12-01
E59,active,2026-01-01
E59,active,2026-02-01
E59,active,2026-03-01
E59,active,2026-04-01
E59,active,2026-05-01
E59,inactive,2026-06-01
E59,inactive,2026-07-01
E59,active,2026-08-01
E59,active,2026-09-01
E59,inactive,2026-10-01
E60,active,2026-01-01
E60,active,2026-02-01
E60,inactive,2026-03-01
E60,active,2026-04-01
E60,inactive,2026-05-01
E60,active,2026-06-01
E60,active,2026-07-01
E60,inactive,2026-08-01
E60,active,2026-09-01
E60,inactive,2026-10-01
E60,active,2026-11-01
E60,inactive,2026-12-01
E61,active,2026-01-01
E61,active,2026-02-01
E61,inactive,2026-03-01
E61,inactive,2026-04-01
E61,inactive,2026-05-01
E61,inactive,2026-06-01
E61,inactive,2026-07-01
E62,active,2026-01-01
E62,active,2026-02-01
E62,active,2026-03-01
E62,active,2026-04-01
E62,active,2026-05-01
E62,active,2026-06-01
E62,active,2026-07-01
E62,active,2026-08-01
E62,inactive,2026-09-01
E62,active,2026-10-01
E62,inactive,2026-11-01
E62,inactive,2026-12-01
E63,active,2026-01-01
E63,active,2026-02-01
E63,active,2026-03-01
E63,active,2026-04-01
E63,active,2026-05-01
E63,inactive,2026-06-01
E64,active,2026-01-01
E64,active,2026-02-01
E64,active,2026-03-01
E64,inactive,2026-04-01
E64,active,2026-05-01
E64,active,2026-06-01
E65,active,2026-01-01
E65,active,2026-02-01
E65,active,2026-03-01
E65,active,2026-04-01
E65,active,2026-05-01
E65,inactive,2026-06-01
E65,inactive,2026-07-01
E65,active,2026-08-01
E66,active,2026-01-01
E66,inactive,2026-02-01
E66,inactive,2026-03-01
E66,inactive,2026-04-01
E66,inactive,2026-05-01
E66,active,2026-06-01
E66,inactive,2026-07-01
E66,inactive,2026-08-01
E67,active,2026-01-01
E67,active,2026-02-01
E67,active,2026-03-01
E67,inactive,2026-04-01
E67,inactive,2026-05-01
E67,inactive,2026-06-01
E67,inactive,2026-07-01
E67,inactive,2026-08-01
E68,active,2026-01-01
E68,active,2026-02-01
E68,inactive,2026-03-01
E68,default,2026-04-01
E68,default,2026-05-01
E68,default,2026-06-01
E68,default,2026-07-01
E68,default,2026-08-01
E68,default,2026-09-01
E68,default,2026-10-01
E68,default,2026-11-01
E68,default,2026-12-01
E69,active,2026-01-01
E69,inactive,2026-02-01
E69,inactive,2026-03-01
E69,inactive,2026-04-01
E69,active,2026-05-01
E69,active,2026-06-01
E70,active,2026-01-01
E70,inactive,2026-02-01
E70,active,2026-03-01
E70,inactive,2026-04-01
E70,active,2026-05-01
E71,active,2026-01-01
E71,active,2026-02-01
E71,active,2026-03-01
E71,inactive,2026-04-01
E71,active,2026-05-01
E71,inactive,2026-06-01
E71,inactive,2026-07-01
E71,inactive,2026-08-01
E72,active,2026-01-01
E72,active,2026-02-01
E72,active,2026-03-01
E72,active,2026-04-01
E72,active,2026-05-01
E72,active,2026-06-01
E72,inactive,2026-07-01
E72,inactive,2026-08-01
E72,active,2026-09-01
E72,inactive,2026-10-01
E73,active,2026-01-01
E73,active,2026-02-01
E73,active,2026-03-01
E73,active,2026-04-01
E73,active,2026-05-01
E74,active,2026-01-01
E74,active,2026-02-01
E74,active,2026-03-01
E74,active,2026-04-01
E74,active,2026-05-01
E74,active,2026-06-01
E74,active,2026-07-01
E74,active,2026-08-01
E74,active,2026-09-01
E74,active,2026-10-01
E74,active,2026-11-01
E74,inactive,2026-12-01
E75,active,2026-01-01
E75,inactive,2026-02-01
E75,active,2026-03-01
E75,active,2026-04-01
E75,inactive,2026-05-01
E75,active,2026-06-01
E75,active,2026-07-01
E75,inactive,2026-08-01
E75,inactive,2026-09-01
E75,inactive,2026-10-01
E76,active,2026-01-01
E76,active,2026-02-01
E76,active,2026-03-01
E76,active,2026-04-01
E76,active,2026-05-01
E76,active,2026-06-01
E76,active,2026-07-01
E76,active,2026-08-01
E76,active,2026-09-01
E76,active,2026-10-01
E76,active,2026-11-01
E76,inactive,2026-12-01
E77,active,2026-01-01
E77,active,2026-02-01
E77,active,2026-03-01
E77,active,2026-04-01
E77,active,2026-05-01
E77,active,2026-06-01
E77,active,2026-07-01
E77,active,2026-08-01
E77,active,2026-09-01
E77,active,2026-10-01
E77,active,2026-11-01
E77,inactive,2026-12-01
E78,active,2026-01-01
E78,active,2026-02-01
E78,active,2026-03-01
E78,active,2026-04-01
E78,active,2026-05-01
E78,active,2026-06-01
E78,active,2026-07-01
E78,active,2026-08-01
E78,active,2026-09-01
E78,inactive,2026-10-01
E78,inactive,2026-11-01
E78,active,2026-12-01
E79,active,2026-01-01
E79,inactive,2026-02-01
E79,inactive,2026-03-01
E79,inactive,2026-04-01
E79,inactive,2026-05-01
E79,inactive,2026-06-01
E79,inactive,2026-07-01
E79,inactive,2026-08-01
E79,inactive,2026-09-01
E79,inactive,2026-10-01
E79,inactive,2026-11-01
E80,active,2026-01-01
E80,inactive,2026-02-01
E80,inactive,2026-03-01
E80,inactive,2026-04-01
E80,inactive,2026-05-01
E80,active,2026-06-01
E80,inactive,2026-07-01
E81,active,2026-01-01
E81,active,2026-02-01
E81,active,2026-03-01
E81,active,2026-04-01
E81,active,2026-05-01
E81,inactive,2026-06-01
E81,inactive,2026-07-01
E82,active,2026-01-01
E82,active,2026-02-01
E82,active,2026-03-01
E82,active,2026-04-01
E82,inactive,2026-05-01
E83,active,2026-01-01
E83,active,2026-02-01
E83,inactive,2026-03-01
E83,inactive,2026-04-01
E83,inactive,2026-05-01
E83,inactive,2026-06-01
E83,active,2026-07-01
E83,active,2026-08-01
E83,active,2026-09-01
E83,inactive,2026-10-01
E83,inactive,2026-11-01
E84,active,2026-01-01
E84,active,2026-02-01
E84,active,2026-03-01
E84,active,2026-04-01
E84,active,2026-05-01
E84,active,2026-06-01
E84,active,2026-07-01
E84,active,2026-08-01
E84,active,2026-09-01
E84,active,2026-10-01
E84,active,2026-11-01
E84,active,2026-12-01
E85,active,2026-01-01
E85,active,2026-02-01
E85,active,2026-03-01
E85,active,2026-04-01
E85,active,2026-05-01
E85,inactive,2026-06-01
E85,active,2026-07-01
E85,inactive,2026-08-01
E86,active,2026-01-01
E86,active,2026-02-01
E86,active,2026-03-01
E86,active,2026-04-01
E86,inactive,2026-05-01
E86,inactive,2026-06-01
E87,active,2026-01-01
E87,active,2026-02-01
E87,active,2026-03-01
E87,active,2026-04-01
E87,active,2026-05-01
E87,active,2026-06-01
E87,active,2026-07-01
E88,active,2026-01-01
E88,active,2026-02-01
E88,active,2026-03-01
E88,active,2026-04-01
E88,active,2026-05-01
E88,active,2026-06-01
E88,active,2026-07-01
E88,active,2026-08-01
E88,inactive,2026-09-01
E88,inactive,2026-10-01
E88,inactive,2026-11-01
E88,active,2026-12-01
E89,active,2026-01-01
E89,active,2026-02-01
E89,inactive,2026-03-01
E89,active,2026-04-01
E89,inactive,2026-05-01
E89,inactive,2026-06-01
E90,active,2026-01-01
E90,active,2026-02-01
E90,active,2026-03-01
E90,active,2026-04-01
E90,active,2026-05-01
E90,active,2026-06-01
E90,active,2026-07-01
E90,active,2026-08-01
E90,active,2026-09-01
E90,active,2026-10-01
E90,inactive,2026-11-01
E90,active,2026-12-01
E91,active,2026-01-01
E91,active,2026-02-01
E91,active,2026-03-01
E91,active,2026-04-01
E91,active,2026-05-01
E91,active,2026-06-01
E91,active,2026-07-01
E91,active,2026-08-01
E92,active,2026-01-01
E92,active,2026-02-01
E92,active,2026-03-01
E92,active,2026-04-01
E92,active,2026-05-01
E92,active,2026-06-01
E92,active,2026-07-01
E92,active,2026-08-01
E92,active,2026-09-01
E92,active,2026-10-01
E92,inactive,2026-11-01
E92,inactive,2026-12-01
E93,active,2026-01-01
E93,active,2026-02-01
E93,active,2026-03-01
E93,active,2026-04-01
E93,active,2026-05-01
E93,inactive,2026-06-01
E93,inactive,2026-07-01
E94,active,2026-01-01
E94,active,2026-02-01
E94,active,2026-03-01
E94,inactive,2026-04-01
E94,active,2026-05-01
E94,inactive,2026-06-01
E94,active,2026-07-01
E94,inactive,2026-08-01
E94,active,2026-09-01
E95,active,2026-01-01
E95,active,2026-02-01
E95,inactive,2026-03-01
E95,inactive,2026-04-01
E95,active,2026-05-01
E95,active,2026-06-01
E95,inactive,2026-07-01
E96,active,2026-01-01
E96,inactive,2026-02-01
E96,active,2026-03-01
E96,inactive,2026-04-01
E96,inactive,2026-05-01
E96,active,2026-06-01
E96,inactive,2026-07-01
E97,active,2026-01-01
E97,active,2026-02-01
E97,active,2026-03-01
E97,active,2026-04-01
E97,active,2026-05-01
E97,inactive,2026-06-01
E97,active,2026-07-01
E97,active,2026-08-01
E97,inactive,2026-09-01
E97,default,2026-10-01
E98,active,2026-01-01
E98,active,2026-02-01
E98,active,2026-03-01
E98,active,2026-04-01
E98,inactive,2026-05-01
E98,active,2026-06-01
E98,inactive,2026-07-01
E98,active,2026-08-01
E98,inactive,2026-09-01
E98,inactive,2026-10-01
E99,active,2026-01-01
E99,active,2026-02-01
E99,active,2026-03-01
E99,active,2026-04-01
E99,active,2026-05-01
E99,active,2026-06-01
E99,active,2026-07-01
E99,active,2026-08-01
E99,inactive,2026-09-01
E99,active,2026-10-01
E99,inactive,2026-11-01
E99,active,2026-12-01
F1,active,2026-01-01
F1,active,2026-02-01
F1,active,2026-03-01
F1,active,2026-04-01
F1,active,2026-05-01
F1,active,2026-06-01
F1,active,2026-07-01
F2,active,2026-01-01
F2,active,2026-02-01
F2,active,2026-03-01
F2,active,2026-04-01
F2,active,2026-05-01
F2,active,2026-06-01
F2,active,2026-07-01
F2,active,2026-08-01
F2,active,2026-09-01
F2,inactive,2026-10-01
F2,active,2026-11-01
F2,inactive,2026-12-01
F3,active,2026-01-01
F3,active,2026-02-01
F3,active,2026-03-01
F3,active,2026-04-01
F3,inactive,2026-05-01
F3,active,2026-06-01
F3,inactive,2026-07-01
F3,active,2026-08-01
F3,inactive,2026-09-01
F3,active,2026-10-01
F3,inactive,2026-11-01
F3,active,2026-12-01
F4,active,2026-01-01
F4,active,2026-02-01
F4,inactive,2026-03-01
F4,active,2026-04-01
F4,inactive,2026-05-01
F4,active,2026-06-01
F4,inactive,2026-07-01
F4,active,2026-08-01
F4,inactive,2026-09-01
F4,active,2026-10-01
F5,active,2026-01-01
F5,active,2026-02-01
F5,active,2026-03-01
F5,active,2026-04-01
F5,active,2026-05-01
F5,active,2026-06-01
F5,inactive,2026-07-01
F5,inactive,2026-08-01
F5,inactive,2026-09-01
F5,inactive,2026-10-01
F5,inactive,2026-11-01
F5,active,2026-12-01
F6,active,2026-01-01
F6,active,2026-02-01
F6,active,2026-03-01
F6,active,2026-04-01
F6,active,2026-05-01
F6,active,2026-06-01
F6,active,2026-07-01
F6,active,2026-08-01
F6,active,2026-09-01
F6,inactive,2026-10-01
F6,active,2026-11-01
F7,active,2026-01-01
F7,active,2026-02-01
F7,active,2026-03-01
F7,active,2026-04-01
F7,active,2026-05-01
F7,active,2026-06-01
F7,active,2026-07-01
F7,inactive,2026-08-01
F7,active,2026-09-01
F8,active,2026-01-01
F8,active,2026-02-01
F8,active,2026-03-01
F8,active,2026-04-01
F8,inactive,2026-05-01
F8,inactive,2026-06-01
F8,active,2026-07-01
F8,inactive,2026-08-01
F9,active,2026-01-01
F9,active,2026-02-01
F9,active,2026-03-01
F9,active,2026-04-01
F9,active,2026-05-01
F9,active,2026-06-01
F9,inactive,2026-07-01
F9,inactive,2026-08-01
F10,active,2026-01-01
F10,active,2026-02-01
F10,active,2026-03-01
F10,inactive,2026-04-01
F10,inactive,2026-05-01
F11,active,2026-01-01
F11,active,2026-02-01
F11,inactive,2026-03-01
F11,inactive,2026-04-01
F11,active,2026-05-01
F11,inactive,2026-06-01
F11,active,2026-07-01
F11,active,2026-08-01
F12,active,2026-01-01
F12,active,2026-02-01
F12,inactive,2026-03-01
F12,active,2026-04-01
F12,active,2026-05-01
F12,inactive,2026-06-01
F12,inactive,2026-07-01
F12,inactive,2026-08-01
F12,inactive,2026-09-01
F12,inactive,2026-10-01
F12,active,2026-11-01
F12,inactive,2026-12-01
F13,active,2026-01-01
F13,active,2026-02-01
F13,active,2026-03-01
F13,active,2026-04-01
F13,inactive,2026-05-01
F13,inactive,2026-06-01
F13,inactive,2026-07-01
F13,inactive,2026-08-01
F14,active,2026-01-01
F14,active,2026-02-01
F14,active,2026-03-01
F14,active,2026-04-01
F14,inactive,2026-05-01
F14,inactive,2026-06-01
F14,inactive,2026-07-01
F14,active,2026-08-01
F14,active,2026-09-01
F14,active,2026-10-01
F14,active,2026-11-01
F15,inactive,2026-01-01
F15,default,2026-02-01
F15,default,2026-03-01
F15,default,2026-04-01
F15,default,2026-05-01
F15,default,2026-06-01
F15,default,2026-07-01
F15,default,2026-08-01
F15,default,2026-09-01
F15,default,2026-10-01
F15,default,2026-11-01
F16,active,2026-01-01
F16,active,2026-02-01
F16,active,2026-03-01
F16,active,2026-04-01
F16,active,2026-05-01
F16,active,2026-06-01
F16,active,2026-07-01
F16,active,2026-08-01
F16,active,2026-09-01
F17,active,2026-01-01
F17,active,2026-02-01
F17,active,2026-03-01
F17,active,2026-04-01
F17,active,2026-05-01
F17,active,2026-06-01
F17,active,2026-07-01
F17,active,2026-08-01
F17,inactive,2026-09-01
F17,inactive,2026-10-01
F17,active,2026-11-01
F18,active,2026-01-01
F18,active,2026-02-01
F18,active,2026-03-01
F18,active,2026-04-01
F18,active,2026-05-01
F18,active,2026-06-01
F18,active,2026-07-01
F18,inactive,2026-08-01
F18,active,2026-09-01
F18,active,2026-10-01
F18,inactive,2026-11-01
F18,inactive,2026-12-01
F19,active,2026-01-01
F19,active,2026-02-01
F19,active,2026-03-01
F19,active,2026-04-01
F19,active,2026-05-01
F19,active,2026-06-01
F19,active,2026-07-01
F19,inactive,2026-08-01
F20,active,2026-01-01
F20,active,2026-02-01
F20,active,2026-03-01
F20,active,2026-04-01
F20,inactive,2026-05-01
F20,inactive,2026-06-01
F20,active,2026-07-01
F21,active,2026-01-01
F21,active,2026-02-01
F21,active,2026-03-01
F21,active,2026-04-01
F21,active,2026-05-01
F21,active,2026-06-01
F21,active,2026-07-01
F21,active,2026-08-01
F21,inactive,2026-09-01
F21,active,2026-10-01
F22,active,2026-01-01
F22,inactive,2026-02-01
F22,active,2026-03-01
F22,inactive,2026-04-01
F22,active,2026-05-01
F22,active,2026-06-01
F22,inactive,2026-07-01
F22,inactive,2026-08-01
F22,active,2026-09-01
F22,inactive,2026-10-01
F23,active,2026-01-01
F23,active,2026-02-01
F23,active,2026-03-01
F23,active,2026-04-01
F23,active,2026-05-01
F23,active,2026-06-01
F23,inactive,2026-07-01
F24,active,2026-01-01
F24,active,2026-02-01
F24,active,2026-03-01
F24,active,2026-04-01
F24,active,2026-05-01
F24,active,2026-06-01
F24,active,2026-07-01
F24,inactive,2026-08-01
F25,active,2026-01-01
F25,active,2026-02-01
F25,inactive,2026-03-01
F25,active,2026-04-01
F25,active,2026-05-01
F26,active,2026-01-01
F26,active,2026-02-01
F26,active,2026-03-01
F26,active,2026-04-01
F26,active,2026-05-01
F26,inactive,2026-06-01
F26,inactive,2026-07-01
F26,inactive,2026-08-01
F26,active,2026-09-01
F26,active,2026-10-01
F26,active,2026-11-01
F26,inactive,2026-12-01
F27,active,2026-01-01
F27,active,2026-02-01
F27,active,2026-03-01
F27,active,2026-04-01
F27,inactive,2026-05-01
F27,inactive,2026-06-01
F27,active,2026-07-01
F28,active,2026-01-01
F28,inactive,2026-02-01
F28,inactive,2026-03-01
F28,inactive,2026-04-01
F28,active,2026-05-01
F28,inactive,2026-06-01
F29,active,2026-01-01
F29,active,2026-02-01
F29,inactive,2026-03-01
F29,active,2026-04-01
F29,inactive,2026-05-01
F29,active,2026-06-01
F29,inactive,2026-07-01
F30,active,2026-01-01
F30,active,2026-02-01
F30,inactive,2026-03-01
F30,inactive,2026-04-01
F30,active,2026-05-01
F30,inactive,2026-06-01
F31,active,2026-01-01
F31,active,2026-02-01
F31,active,2026-03-01
F31,inactive,2026-04-01
F31,active,2026-05-01
F32,active,2026-01-01
F32,active,2026-02-01
F32,active,2026-03-01
F32,active,2026-04-01
F32,active,2026-05-01
F32,inactive,2026-06-01
F32,active,2026-07-01
F33,active,2026-01-01
F33,active,2026-02-01
F33,active,2026-03-01
F33,active,2026-04-01
F33,active,2026-05-01
F33,active,2026-06-01
F33,active,2026-07-01
F33,inactive,2026-08-01
F33,inactive,2026-09-01
F33,active,2026-10-01
F33,inactive,2026-11-01
F34,active,2026-01-01
F34,inactive,2026-02-01
F34,inactive,2026-03-01
F34,inactive,2026-04-01
F34,inactive,2026-05-01
F34,active,2026-06-01
F34,active,2026-07-01
F34,inactive,2026-08-01
F34,active,2026-09-01
F34,inactive,2026-10-01
F34,inactive,2026-11-01
F34,inactive,2026-12-01
F35,active,2026-01-01
F35,active,2026-02-01
F35,active,2026-03-01
F35,active,2026-04-01
F35,active,2026-05-01
F35,active,2026-06-01
F35,active,2026-07-01
F35,active,2026-08-01
F35,active,2026-09-01
F35,inactive,2026-10-01
F35,inactive,2026-11-01
F35,active,2026-12-01
F36,active,2026-01-01
F36,active,2026-02-01
F36,active,2026-03-01
F36,inactive,2026-04-01
F36,inactive,2026-05-01
F36,active,2026-06-01
F37,active,2026-01-01
F37,active,2026-02-01
F37,active,2026-03-01
F37,active,2026-04-01
F37,active,2026-05-01
F37,active,2026-06-01
F37,active,2026-07-01
F37,active,2026-08-01
F37,active,2026-09-01
F37,inactive,2026-10-01
F37,inactive,2026-11-01
F37,active,2026-12-01
F38,active,2026-01-01
F38,active,2026-02-01
F38,active,2026-03-01
F38,active,2026-04-01
F38,active,2026-05-01
F38,active,2026-06-01
F38,active,2026-07-01
F38,inactive,2026-08-01
F38,active,2026-09-01
F38,active,2026-10-01
F38,inactive,2026-11-01
F38,inactive,2026-12-01
F39,active,2026-01-01
F39,active,2026-02-01
F39,active,2026-03-01
F39,active,2026-04-01
F39,active,2026-05-01
F39,inactive,2026-06-01
F39,inactive,2026-07-01
F39,active,2026-08-01
F40,active,2026-01-01
F40,active,2026-02-01
F40,active,2026-03-01
F40,active,2026-04-01
F40,active,2026-05-01
F40,active,2026-06-01
F40,active,2026-07-01
F40,inactive,2026-08-01
F40,active,2026-09-01
F40,active,2026-10-01
F41,active,2026-01-01
F41,active,2026-02-01
F41,inactive,2026-03-01
F41,inactive,2026-04-01
F41,inactive,2026-05-01
F42,active,2026-01-01
F42,active,2026-02-01
F42,active,2026-03-01
F42,active,2026-04-01
F42,inactive,2026-05-01
F42,active,2026-06-01
F42,inactive,2026-07-01
F42,inactive,2026-08-01
F42,inactive,2026-09-01
F42,active,2026-10-01
F42,inactive,2026-11-01
F42,active,2026-12-01
F43,active,2026-01-01
F43,active,2026-02-01
F43,active,2026-03-01
F43,active,2026-04-01
F43,active,2026-05-01
F43,active,2026-06-01
F43,active,2026-07-01
F43,active,2026-08-01
F43,inactive,2026-09-01
F44,active,2026-01-01
F44,active,2026-02-01
F44,inactive,2026-03-01
F44,active,2026-04-01
F44,inactive,2026-05-01
F44,inactive,2026-06-01
F44,active,2026-07-01
F45,active,2026-01-01
F45,active,2026-02-01
F45,active,2026-03-01
F45,active,2026-04-01
F45,inactive,2026-05-01
F45,active,2026-06-01
F45,active,2026-07-01
F45,inactive,2026-08-01
F45,inactive,2026-09-01
F45,inactive,2026-10-01
F46,active,2026-01-01
F46,active,2026-02-01
F46,active,2026-03-01
F46,active,2026-04-01
F46,active,2026-05-01
F47,active,2026-01-01
F47,active,2026-02-01
F47,active,2026-03-01
F47,active,2026-04-01
F47,inactive,2026-05-01
F47,active,2026-06-01
F48,active,2026-01-01
F48,active,2026-02-01
F48,active,2026-03-01
F48,active,2026-04-01
F48,active,2026-05-01
F48,active,2026-06-01
F48,active,2026-07-01
F48,active,2026-08-01
F48,active,2026-09-01
F48,inactive,2026-10-01
F48,active,2026-11-01
F48,inactive,2026-12-01
F49,active,2026-01-01
F49,active,2026-02-01
F49,active,2026-03-01
F49,active,2026-04-01
F49,active,2026-05-01
F49,active,2026-06-01
F49,active,2026-07-01
F49,active,2026-08-01
F49,active,2026-09-01
F49,inactive,2026-10-01
F49,active,2026-11-01
F50,active,2026-01-01
F50,inactive,2026-02-01
F50,active,2026-03-01
F50,active,2026-04-01
F50,active,2026-05-01
F50,active,2026-06-01
F50,inactive,2026-07-01
F50,inactive,2026-08-01
F50,inactive,2026-09-01
F50,inactive,2026-10-01
F50,active,2026-11-01
F51,active,2026-01-01
F51,active,2026-02-01
F51,active,2026-03-01
F51,inactive,2026-04-01
F51,active,2026-05-01
F51,inactive,2026-06-01
F51,active,2026-07-01
F51,inactive,2026-08-01
F51,inactive,2026-09-01
F51,inactive,2026-10-01
F51,active,2026-11-01
F52,active,2026-01-01
F52,active,2026-02-01
F52,active,2026-03-01
F52,active,2026-04-01
F52,active,2026-05-01
F52,active,2026-06-01
F52,active,2026-07-01
F52,active,2026-08-01
F53,active,2026-01-01
F53,inactive,2026-02-01
F53,active,2026-03-01
F53,inactive,2026-04-01
F53,active,2026-05-01
F53,inactive,2026-06-01
F53,inactive,2026-07-01
F53,inactive,2026-08-01
F53,active,2026-09-01
F53,inactive,2026-10-01
F54,active,2026-01-01
F54,active,2026-02-01
F54,active,2026-03-01
F54,active,2026-04-01
F54,active,2026-05-01
F54,active,2026-06-01
F54,active,2026-07-01
F54,active,2026-08-01
F54,inactive,2026-09-01
F54,default,2026-10-01
F55,active,2026-01-01
F55,active,2026-02-01
F55,active,2026-03-01
F55,active,2026-04-01
F55,active,2026-05-01
F55,active,2026-06-01
F55,inactive,2026-07-01
F55,active,2026-08-01
F55,active,2026-09-01
F55,active,2026-10-01
F55,active,2026-11-01
F56,active,2026-01-01
F56,active,2026-02-01
F56,inactive,2026-03-01
F56,inactive,2026-04-01
F56,active,2026-05-01
F56,inactive,2026-06-01
F56,active,2026-07-01
F56,inactive,2026-08-01
F57,active,2026-01-01
F57,active,2026-02-01
F57,inactive,2026-03-01
F57,active,2026-04-01
F57,inactive,2026-05-01
F57,inactive,2026-06-01
F58,active,2026-01-01
F58,active,2026-02-01
F58,active,2026-03-01
F58,active,2026-04-01
F58,active,2026-05-01
F58,active,2026-06-01
F58,active,2026-07-01
F58,inactive,2026-08-01
F58,default,2026-09-01
F58,default,2026-10-01
F58,default,2026-11-01
F58,default,2026-12-01
F59,active,2026-01-01
F59,active,2026-02-01
F59,active,2026-03-01
F59,active,2026-04-01
F59,active,2026-05-01
F59,inactive,2026-06-01
F59,inactive,2026-07-01
F59,inactive,2026-08-01
F60,active,2026-01-01
F60,active,2026-02-01
F60,active,2026-03-01
F60,active,2026-04-01
F60,active,2026-05-01
F60,active,2026-06-01
F60,active,2026-07-01
F60,active,2026-08-01
F60,inactive,2026-09-01
F61,active,2026-01-01
F61,active,2026-02-01
F61,active,2026-03-01
F61,active,2026-04-01
F61,active,2026-05-01
F61,active,2026-06-01
F61,active,2026-07-01
F61,inactive,2026-08-01
F62,active,2026-01-01
F62,inactive,2026-02-01
F62,active,2026-03-01
F62,active,2026-04-01
F62,inactive,2026-05-01
F62,active,2026-06-01
F62,inactive,2026-07-01
F62,inactive,2026-08-01
F62,inactive,2026-09-01
F62,inactive,2026-10-01
F62,active,2026-11-01
F62,inactive,2026-12-01
F63,active,2026-01-01
F63,active,2026-02-01
F63,active,2026-03-01
F63,active,2026-04-01
F63,inactive,2026-05-01
F63,active,2026-06-01
F63,active,2026-07-01
F63,inactive,2026-08-01
F64,active,2026-01-01
F64,active,2026-02-01
F64,active,2026-03-01
F64,active,2026-04-01
F64,active,2026-05-01
F64,inactive,2026-06-01
F64,inactive,2026-07-01
F65,active,2026-01-01
F65,active,2026-02-01
F65,active,2026-03-01
F65,active,2026-04-01
F65,inactive,2026-05-01
F65,inactive,2026-06-01
F65,inactive,2026-07-01
F66,active,2026-01-01
F66,active,2026-02-01
F66,active,2026-03-01
F66,active,2026-04-01
F66,inactive,2026-05-01
F66,inactive,2026-06-01
F66,inactive,2026-07-01
F66,active,2026-08-01
F66,inactive,2026-09-01
F66,active,2026-10-01
F67,active,2026-01-01
F67,active,2026-02-01
F67,active,2026-03-01
F67,active,2026-04-01
F67,active,2026-05-01
F67,inactive,2026-06-01
F67,active,2026-07-01
F67,active,2026-08-01
F68,active,2026-01-01
F68,inactive,2026-02-01
F68,active,2026-03-01
F68,inactive,2026-04-01
F68,active,2026-05-01
F68,inactive,2026-06-01
F68,active,2026-07-01
F68,inactive,2026-08-01
F68,inactive,2026-09-01
F68,inactive,2026-10-01
F68,inactive,2026-11-01
F69,active,2026-01-01
F69,active,2026-02-01
F69,active,2026-03-01
F69,active,2026-04-01
F69,active,2026-05-01
F69,active,2026-06-01
F69,active,2026-07-01
F69,inactive,2026-08-01
F69,inactive,2026-09-01
F69,default,2026-10-01
F69,default,2026-11-01
F69,default,2026-12-01
F70,active,2026-01-01
F70,active,2026-02-01
F70,inactive,2026-03-01
F70,default,2026-04-01
F70,default,2026-05-01
F70,default,2026-06-01
F70,default,2026-07-01
F70,default,2026-08-01
F70,default,2026-09-01
F70,default,2026-10-01
F70,default,2026-11-01
F70,default,2026-12-01
F71,active,2026-01-01
F71,active,2026-02-01
F71,active,2026-03-01
F71,active,2026-04-01
F71,inactive,2026-05-01
F71,inactive,2026-06-01
F71,active,2026-07-01
F71,inactive,2026-08-01
F71,inactive,2026-09-01
F71,inactive,2026-10-01
F72,active,2026-01-01
F72,active,2026-02-01
F72,active,2026-03-01
F72,active,2026-04-01
F72,active,2026-05-01
F72,active,2026-06-01
F72,active,2026-07-01
F72,active,2026-08-01
F72,active,2026-09-01
F72,active,2026-10-01
F72,active,2026-11-01
F72,active,2026-12-01
F73,inactive,2026-01-01
F73,inactive,2026-02-01
F73,inactive,2026-03-01
F73,default,2026-04-01
F73,default,2026-05-01
F73,default,2026-06-01
F73,default,2026-07-01
F73,default,2026-08-01
F73,default,2026-09-01
F73,default,2026-10-01
F74,active,2026-01-01
F74,active,2026-02-01
F74,active,2026-03-01
F74,inactive,2026-04-01
F74,inactive,2026-05-01
F74,active,2026-06-01
F75,active,2026-01-01
F75,inactive,2026-02-01
F75,inactive,2026-03-01
F75,active,2026-04-01
F75,inactive,2026-05-01
F75,inactive,2026-06-01
F75,inactive,2026-07-01
F75,inactive,2026-08-01
F75,inactive,2026-09-01
F75,inactive,2026-10-01
F76,active,2026-01-01
F76,active,2026-02-01
F76,active,2026-03-01
F76,active,2026-04-01
F76,active,2026-05-01
F76,active,2026-06-01
F76,active,2026-07-01
F76,active,2026-08-01
F76,inactive,2026-09-01
F76,active,2026-10-01
F76,active,2026-11-01
F76,inactive,2026-12-01
F77,active,2026-01-01
F77,active,2026-02-01
F77,active,2026-03-01
F77,inactive,2026-04-01
F77,inactive,2026-05-01
F77,inactive,2026-06-01
F77,active,2026-07-01
F78,active,2026-01-01
F78,active,2026-02-01
F78,active,2026-03-01
F78,active,2026-04-01
F78,active,2026-05-01
F78,active,2026-06-01
F78,active,2026-07-01
F78,inactive,2026-08-01
F78,inactive,2026-09-01
F78,active,2026-10-01
F78,inactive,2026-11-01
F78,inactive,2026-12-01
F79,active,2026-01-01
F79,active,2026-02-01
F79,inactive,2026-03-01
F79,active,2026-04-01
F79,inactive,2026-05-01
F79,active,2026-06-01
F79,inactive,2026-07-01
F79,inactive,2026-08-01
F79,active,2026-09-01
F79,inactive,2026-10-01
F79,active,2026-11-01
F79,inactive,2026-12-01
F80,active,2026-01-01
F80,active,2026-02-01
F80,active,2026-03-01
F80,active,2026-04-01
F80,active,2026-05-01
F80,active,2026-06-01
F80,active,2026-07-01
F80,active,2026-08-01
F80,inactive,2026-09-01
F80,inactive,2026-10-01
F80,active,2026-11-01
F80,active,2026-12-01
F81,active,2026-01-01
F81,active,2026-02-01
F81,active,2026-03-01
F81,active,2026-04-01
F81,inactive,2026-05-01
F81,default,2026-06-01
F81,default,2026-07-01
F81,default,2026-08-01
F81,default,2026-09-01
F81,default,2026-10-01
F81,default,2026-11-01
F81,default,2026-12-01
F82,active,2026-01-01
F82,active,2026-02-01
F82,active,2026-03-01
F82,active,2026-04-01
F82,active,2026-05-01
F82,inactive,2026-06-01
F82,inactive,2026-07-01
F82,inactive,2026-08-01
F82,active,2026-09-01
F83,active,2026-01-01
F83,active,2026-02-01
F83,active,2026-03-01
F83,active,2026-04-01
F83,active,2026-05-01
F83,active,2026-06-01
F83,active,2026-07-01
F83,inactive,2026-08-01
F83,active,2026-09-01
F83,inactive,2026-10-01
F83,inactive,2026-11-01
F84,active,2026-01-01
F84,active,2026-02-01
F84,active,2026-03-01
F84,active,2026-04-01
F84,active,2026-05-01
F84,active,2026-06-01
F84,active,2026-07-01
F84,active,2026-08-01
F84,active,2026-09-01
F84,inactive,2026-10-01
F85,active,2026-01-01
F85,active,2026-02-01
F85,active,2026-03-01
F85,active,2026-04-01
F85,active,2026-05-01
F85,active,2026-06-01
F85,active,2026-07-01
F85,active,2026-08-01
F85,active,2026-09-01
F85,inactive,2026-10-01
F85,inactive,2026-11-01
F85,inactive,2026-12-01
F86,active,2026-01-01
F86,active,2026-02-01
F86,active,2026-03-01
F86,active,2026-04-01
F86,active,2026-05-01
F86,inactive,2026-06-01
F86,active,2026-07-01
F86,active,2026-08-01
F86,active,2026-09-01
F86,inactive,2026-10-01
F86,inactive,2026-11-01
F86,active,2026-12-01
F87,active,2026-01-01
F87,active,2026-02-01
F87,inactive,2026-03-01
F87,active,2026-04-01
F87,inactive,2026-05-01
F87,inactive,2026-06-01
F87,inactive,2026-07-01
F88,active,2026-01-01
F88,active,2026-02-01
F88,active,2026-03-01
F88,active,2026-04-01
F88,active,2026-05-01
F88,active,2026-06-01
F88,active,2026-07-01
F88,active,2026-08-01
F88,active,2026-09-01
F88,active,2026-10-01
F88,inactive,2026-11-01
F89,active,2026-01-01
F89,active,2026-02-01
F89,active,2026-03-01
F89,active,2026-04-01
F89,active,2026-05-01
F89,active,2026-06-01
F89,active,2026-07-01
F89,inactive,2026-08-01
F90,active,2026-01-01
F90,active,2026-02-01
F90,active,2026-03-01
F90,active,2026-04-01
F90,active,2026-05-01
F90,active,2026-06-01
F90,active,2026-07-01
F90,active,2026-08-01
F90,inactive,2026-09-01
F91,active,2026-01-01
F91,active,2026-02-01
F91,active,2026-03-01
F91,active,2026-04-01
F91,active,2026-05-01
F91,active,2026-06-01
F91,active,2026-07-01
F91,active,2026-08-01
F91,active,2026-09-01
F91,active,2026-10-01
F91,active,2026-11-01
F91,inactive,2026-12-01
F92,active,2026-01-01
F92,active,2026-02-01
F92,active,2026-03-01
F92,active,2026-04-01
F92,active,2026-05-01
F92,inactive,2026-06-01
F92,inactive,2026-07-01
F92,active,2026-08-01
F92,active,2026-09-01
F92,inactive,2026-10-01
F92,inactive,2026-11-01
F92,default,2026-12-01
F93,active,2026-01-01
F93,active,2026-02-01
F93,active,2026-03-01
F93,active,2026-04-01
F93,active,2026-05-01
F93,inactive,2026-06-01
F93,inactive,2026-07-01
F93,inactive,2026-08-01
F93,active,2026-09-01
F93,inactive,2026-10-01
F93,inactive,2026-11-01
F93,active,2026-12-01
F94,active,2026-01-01
F94,active,2026-02-01
F94,active,2026-03-01
F94,active,2026-04-01
F94,active,2026-05-01
F94,active,2026-06-01
F94,active,2026-07-01
F94,active,2026-08-01
F94,active,2026-09-01
F94,active,2026-10-01
F94,active,2026-11-01
F94,inactive,2026-12-01
F95,active,2026-01-01
F95,active,2026-02-01
F95,inactive,2026-03-01
F95,inactive,2026-04-01
F95,inactive,2026-05-01
F96,active,2026-01-01
F96,active,2026-02-01
F96,active,2026-03-01
F96,inactive,2026-04-01
F96,active,2026-05-01
F96,active,2026-06-01
F97,active,2026-01-01
F97,active,2026-02-01
F97,active,2026-03-01
F97,active,2026-04-01
F97,active,2026-05-01
F97,active,2026-06-01
F97,active,2026-07-01
F97,active,2026-08-01
F97,active,2026-09-01
F97,inactive,2026-10-01
F97,inactive,2026-11-01
F98,active,2026-01-01
F98,active,2026-02-01
F98,active,2026-03-01
F98,active,2026-04-01
F98,active,2026-05-01
F98,active,2026-06-01
F98,active,2026-07-01
F98,inactive,2026-08-01
F98,active,2026-09-01
F98,inactive,2026-10-01
F98,active,2026-11-01
F98,inactive,2026-12-01
F99,active,2026-01-01
F99,active,2026-02-01
F99,active,2026-03-01
F99,active,2026-04-01
F99,active,2026-05-01
F99,active,2026-06-01
F99,active,2026-07-01
G1,inactive,2026-01-01
G1,inactive,2026-02-01
G1,inactive,2026-03-01
G1,active,2026-04-01
G1,inactive,2026-05-01
G1,inactive,2026-06-01
G1,active,2026-07-01
G1,inactive,2026-08-01
G1,default,2026-09-01
G2,active,2026-01-01
G2,active,2026-02-01
G2,active,2026-03-01
G2,inactive,2026-04-01
G2,active,2026-05-01
G2,inactive,2026-06-01
G2,active,2026-07-01
G2,inactive,2026-08-01
G2,active,2026-09-01
G2,active,2026-10-01
G2,inactive,2026-11-01
G2,inactive,2026-12-01
G3,active,2026-01-01
G3,active,2026-02-01
G3,active,2026-03-01
G3,active,2026-04-01
G3,inactive,2026-05-01
G3,inactive,2026-06-01
G4,active,2026-01-01
G4,active,2026-02-01
G4,active,2026-03-01
G4,active,2026-04-01
G4,active,2026-05-01
G4,active,2026-06-01
G4,active,2026-07-01
G4,active,2026-08-01
G4,active,2026-09-01
G4,active,2026-10-01
G5,active,2026-01-01
G5,active,2026-02-01
G5,active,2026-03-01
G5,active,2026-04-01
G5,active,2026-05-01
G5,active,2026-06-01
G5,inactive,2026-07-01
G5,inactive,2026-08-01
G5,active,2026-09-01
G5,inactive,2026-10-01
G6,active,2026-01-01
G6,inactive,2026-02-01
G6,inactive,2026-03-01
G6,active,2026-04-01
G6,inactive,2026-05-01
G6,inactive,2026-06-01
G6,inactive,2026-07-01
G6,inactive,2026-08-01
G6,inactive,2026-09-01
G6,active,2026-10-01
G6,active,2026-11-01
G6,inactive,2026-12-01
G7,active,2026-01-01
G7,active,2026-02-01
G7,active,2026-03-01
G7,active,2026-04-01
G7,active,2026-05-01
G7,active,2026-06-01
G7,inactive,2026-07-01
G7,active,2026-08-01
G7,inactive,2026-09-01
G7,inactive,2026-10-01
G7,active,2026-11-01
G7,inactive,2026-12-01
G8,active,2026-01-01
G8,active,2026-02-01
G8,active,2026-03-01
G8,active,2026-04-01
G8,active,2026-05-01
G8,active,2026-06-01
G8,active,2026-07-01
G8,active,2026-08-01
G8,active,2026-09-01
G9,active,2026-01-01
G9,active,2026-02-01
G9,active,2026-03-01
G9,active,2026-04-01
G9,active,2026-05-01
G9,inactive,2026-06-01
G9,active,2026-07-01
G9,inactive,2026-08-01
G9,inactive,2026-09-01
G9,active,2026-10-01
G9,active,2026-11-01
G9,inactive,2026-12-01
G10,active,2026-01-01
G10,active,2026-02-01
G10,active,2026-03-01
G10,active,2026-04-01
G10,inactive,2026-05-01
G10,inactive,2026-06-01
G11,active,2026-01-01
G11,active,2026-02-01
G11,active,2026-03-01
G11,active,2026-04-01
G11,active,2026-05-01
G11,inactive,2026-06-01
G12,active,2026-01-01
G12,active,2026-02-01
G12,active,2026-03-01
G12,active,2026-04-01
G12,active,2026-05-01
G12,active,2026-06-01
G12,active,2026-07-01
G12,inactive,2026-08-01
G12,inactive,2026-09-01
G12,active,2026-10-01
G12,active,2026-11-01
G12,active,2026-12-01
G13,active,2026-01-01
G13,active,2026-02-01
G13,active,2026-03-01
G13,active,2026-04-01
G13,active,2026-05-01
G13,active,2026-06-01
G13,active,2026-07-01
G13,active,2026-08-01
G13,inactive,2026-09-01
G13,active,2026-10-01
G13,inactive,2026-11-01
G13,inactive,2026-12-01
G14,active,2026-01-01
G14,active,2026-02-01
G14,active,2026-03-01
G14,inactive,2026-04-01
G14,inactive,2026-05-01
G14,inactive,2026-06-01
G14,inactive,2026-07-01
G14,active,2026-08-01
G14,inactive,2026-09-01
G14,inactive,2026-10-01
G14,active,2026-11-01
G14,inactive,2026-12-01
G15,active,2026-01-01
G15,inactive,2026-02-01
G15,inactive,2026-03-01
G15,active,2026-04-01
G15,inactive,2026-05-01
G15,inactive,2026-06-01
G15,inactive,2026-07-01
G15,inactive,2026-08-01
G15,active,2026-09-01
G15,inactive,2026-10-01
G16,active,2026-01-01
G16,active,2026-02-01
G16,active,2026-03-01
G16,active,2026-04-01
G16,active,2026-05-01
G16,active,2026-06-01
G16,active,2026-07-01
G16,active,2026-08-01
G16,active,2026-09-01
G16,inactive,2026-10-01
G16,inactive,2026-11-01
G16,active,2026-12-01
G17,active,2026-01-01
G17,active,2026-02-01
G17,active,2026-03-01
G17,inactive,2026-04-01
G17,inactive,2026-05-01
G17,active,2026-06-01
G17,inactive,2026-07-01
G17,active,2026-08-01
G17,inactive,2026-09-01
G17,active,2026-10-01
G17,active,2026-11-01
G17,inactive,2026-12-01
G18,active,2026-01-01
G18,active,2026-02-01
G18,active,2026-03-01
G18,active,2026-04-01
G18,active,2026-05-01
G18,inactive,2026-06-01
G18,active,2026-07-01
G19,active,2026-01-01
G19,active,2026-02-01
G19,active,2026-03-01
G19,active,2026-04-01
G19,inactive,2026-05-01
G20,active,2026-01-01
G20,active,2026-02-01
G20,inactive,2026-03-01
G20,active,2026-04-01
G20,inactive,2026-05-01
G20,active,2026-06-01
G21,active,2026-01-01
G21,active,2026-02-01
G21,inactive,2026-03-01
G21,active,2026-04-01
G21,active,2026-05-01
G21,active,2026-06-01
G21,active,2026-07-01
G21,active,2026-08-01
G21,active,2026-09-01
G22,active,2026-01-01
G22,active,2026-02-01
G22,active,2026-03-01
G22,active,2026-04-01
G22,active,2026-05-01
G22,active,2026-06-01
G22,active,2026-07-01
G22,active,2026-08-01
G22,active,2026-09-01
G22,active,2026-10-01
G22,active,2026-11-01
G23,active,2026-01-01
G23,active,2026-02-01
G23,active,2026-03-01
G23,active,2026-04-01
G23,inactive,2026-05-01
G23,inactive,2026-06-01
G23,inactive,2026-07-01
G23,inactive,2026-08-01
G23,inactive,2026-09-01
G23,inactive,2026-10-01
G24,active,2026-01-01
G24,active,2026-02-01
G24,active,2026-03-01
G24,active,2026-04-01
G24,active,2026-05-01
G24,inactive,2026-06-01
G24,inactive,2026-07-01
G25,active,2026-01-01
G25,active,2026-02-01
G25,active,2026-03-01
G25,inactive,2026-04-01
G25,inactive,2026-05-01
G25,active,2026-06-01
G26,active,2026-01-01
G26,active,2026-02-01
G26,active,2026-03-01
G26,active,2026-04-01
G26,active,2026-05-01
G26,active,2026-06-01
G26,active,2026-07-01
G26,active,2026-08-01
G26,active,2026-09-01
G27,active,2026-01-01
G27,inactive,2026-02-01
G27,active,2026-03-01
G27,inactive,2026-04-01
G27,active,2026-05-01
G27,active,2026-06-01
G27,inactive,2026-07-01
G27,inactive,2026-08-01
G28,active,2026-01-01
G28,active,2026-02-01
G28,active,2026-03-01
G28,active,2026-04-01
G28,active,2026-05-01
G28,active,2026-06-01
G28,inactive,2026-07-01
G28,active,2026-08-01
G28,inactive,2026-09-01
G29,active,2026-01-01
G29,active,2026-02-01
G29,active,2026-03-01
G29,active,2026-04-01
G29,inactive,2026-05-01
G29,active,2026-06-01
G29,inactive,2026-07-01
G29,active,2026-08-01
G29,inactive,2026-09-01
G29,inactive,2026-10-01
G29,active,2026-11-01
G30,active,2026-01-01
G30,active,2026-02-01
G30,active,2026-03-01
G30,active,2026-04-01
G30,active,2026-05-01
G30,active,2026-06-01
G31,active,2026-01-01
G31,active,2026-02-01
G31,active,2026-03-01
G31,active,2026-04-01
G31,active,2026-05-01
G31,active,2026-06-01
G32,active,2026-01-01
G32,active,2026-02-01
G32,active,2026-03-01
G32,inactive,2026-04-01
G32,inactive,2026-05-01
G32,inactive,2026-06-01
G32,inactive,2026-07-01
G32,inactive,2026-08-01
G32,inactive,2026-09-01
G32,active,2026-10-01
G32,inactive,2026-11-01
G32,inactive,2026-12-01
G33,active,2026-01-01
G33,active,2026-02-01
G33,active,2026-03-01
G33,active,2026-04-01
G33,active,2026-05-01
G33,inactive,2026-06-01
G33,inactive,2026-07-01
G34,active,2026-01-01
G34,active,2026-02-01
G34,active,2026-03-01
G34,active,2026-04-01
G34,active,2026-05-01
G34,inactive,2026-06-01
G34,inactive,2026-07-01
G34,active,2026-08-01
G34,inactive,2026-09-01
G34,inactive,2026-10-01
G34,active,2026-11-01
G34,active,2026-12-01
G35,active,2026-01-01
G35,active,2026-02-01
G35,active,2026-03-01
G35,active,2026-04-01
G35,active,2026-05-01
G35,inactive,2026-06-01
G35,inactive,2026-07-01
G35,inactive,2026-08-01
G35,inactive,2026-09-01
G36,active,2026-01-01
G36,active,2026-02-01
G36,active,2026-03-01
G36,active,2026-04-01
G36,active,2026-05-01
G36,active,2026-06-01
G36,inactive,2026-07-01
G36,active,2026-08-01
G36,inactive,2026-09-01
G36,inactive,2026-10-01
G36,inactive,2026-11-01
G36,active,2026-12-01
G37,active,2026-01-01
G37,active,2026-02-01
G37,active,2026-03-01
G37,active,2026-04-01
G37,active,2026-05-01
G37,active,2026-06-01
G37,active,2026-07-01
G37,active,2026-08-01
G37,active,2026-09-01
G37,inactive,2026-10-01
G37,inactive,2026-11-01
G37,inactive,2026-12-01
G38,active,2026-01-01
G38,active,2026-02-01
G38,active,2026-03-01
G38,active,2026-04-01
G38,active,2026-05-01
G38,active,2026-06-01
G38,active,2026-07-01
G38,inactive,2026-08-01
G38,inactive,2026-09-01
G38,inactive,2026-10-01
G38,active,2026-11-01
G39,active,2026-01-01
G39,inactive,2026-02-01
G39,active,2026-03-01
G39,active,2026-04-01
G39,inactive,2026-05-01
G39,active,2026-06-01
G39,active,2026-07-01
G39,active,2026-08-01
G39,inactive,2026-09-01
G40,active,2026-01-01
G40,active,2026-02-01
G40,active,2026-03-01
G40,active,2026-04-01
G40,active,2026-05-01
G40,inactive,2026-06-01
G40,inactive,2026-07-01
G40,active,2026-08-01
G40,inactive,2026-09-01
G40,inactive,2026-10-01
G40,active,2026-11-01
G41,active,2026-01-01
G41,active,2026-02-01
G41,active,2026-03-01
G41,active,2026-04-01
G41,inactive,2026-05-01
G41,inactive,2026-06-01
G41,active,2026-07-01
G41,active,2026-08-01
G41,inactive,2026-09-01
G41,inactive,2026-10-01
G41,inactive,2026-11-01
G41,active,2026-12-01
G42,active,2026-01-01
G42,active,2026-02-01
G42,active,2026-03-01
G42,active,2026-04-01
G42,active,2026-05-01
G42,active,2026-06-01
G42,active,2026-07-01
G42,active,2026-08-01
G42,active,2026-09-01
G42,active,2026-10-01
G42,inactive,2026-11-01
G42,active,2026-12-01
G43,active,2026-01-01
G43,active,2026-02-01
G43,active,2026-03-01
G43,active,2026-04-01
G43,active,2026-05-01
G43,inactive,2026-06-01
G44,active,2026-01-01
G44,active,2026-02-01
G44,active,2026-03-01
G44,active,2026-04-01
G44,active,2026-05-01
G44,active,2026-06-01
G44,active,2026-07-01
G44,active,2026-08-01
G44,inactive,2026-09-01
G45,active,2026-01-01
G45,inactive,2026-02-01
G45,inactive,2026-03-01
G45,inactive,2026-04-01
G45,active,2026-05-01
G45,inactive,2026-06-01
G46,active,2026-01-01
G46,active,2026-02-01
G46,active,2026-03-01
G46,active,2026-04-01
G46,active,2026-05-01
G46,inactive,2026-06-01
G46,active,2026-07-01
G47,active,2026-01-01
G47,active,2026-02-01
G47,active,2026-03-01
G47,active,2026-04-01
G47,active,2026-05-01
G47,inactive,2026-06-01
G47,active,2026-07-01
G47,active,2026-08-01
G47,inactive,2026-09-01
G47,active,2026-10-01
G47,inactive,2026-11-01
G47,inactive,2026-12-01
G48,active,2026-01-01
G48,active,2026-02-01
G48,active,2026-03-01
G48,active,2026-04-01
G48,active,2026-05-01
G48,active,2026-06-01
G48,active,2026-07-01
G48,active,2026-08-01
G48,inactive,2026-09-01
G48,inactive,2026-10-01
G49,active,2026-01-01
G49,active,2026-02-01
G49,active,2026-03-01
G49,active,2026-04-01
G49,active,2026-05-01
G49,active,2026-06-01
G49,active,2026-07-01
G49,active,2026-08-01
G49,active,2026-09-01
G49,inactive,2026-10-01
G49,active,2026-11-01
G49,active,2026-12-01
G50,active,2026-01-01
G50,active,2026-02-01
G50,active,2026-03-01
G50,active,2026-04-01
G50,inactive,2026-05-01
G50,active,2026-06-01
G51,active,2026-01-01
G51,active,2026-02-01
G51,active,2026-03-01
G51,active,2026-04-01
G51,active,2026-05-01
G51,active,2026-06-01
G51,active,2026-07-01
G51,inactive,2026-08-01
G51,inactive,2026-09-01
G51,active,2026-10-01
G52,inactive,2026-01-01
G52,active,2026-02-01
G52,inactive,2026-03-01
G52,inactive,2026-04-01
G52,inactive,2026-05-01
G52,inactive,2026-06-01
G53,active,2026-01-01
G53,active,2026-02-01
G53,inactive,2026-03-01
G53,active,2026-04-01
G53,inactive,2026-05-01
G53,inactive,2026-06-01
G53,active,2026-07-01
G54,active,2026-01-01
G54,active,2026-02-01
G54,active,2026-03-01
G54,active,2026-04-01
G54,active,2026-05-01
G54,inactive,2026-06-01
G54,inactive,2026-07-01
G55,active,2026-01-01
G55,active,2026-02-01
G55,active,2026-03-01
G55,inactive,2026-04-01
G55,active,2026-05-01
G56,active,2026-01-01
G56,inactive,2026-02-01
G56,inactive,2026-03-01
G56,active,2026-04-01
G56,inactive,2026-05-01
G56,inactive,2026-06-01
G56,active,2026-07-01
G57,inactive,2026-01-01
G57,active,2026-02-01
G57,inactive,2026-03-01
G57,inactive,2026-04-01
G57,inactive,2026-05-01
G58,active,2026-01-01
G58,active,2026-02-01
G58,active,2026-03-01
G58,active,2026-04-01
G58,active,2026-05-01
G58,active,2026-06-01
G58,active,2026-07-01
G58,active,2026-08-01
G58,inactive,2026-09-01
G59,active,2026-01-01
G59,active,2026-02-01
G59,active,2026-03-01
G59,active,2026-04-01
G59,active,2026-05-01
G59,active,2026-06-01
G59,active,2026-07-01
G59,inactive,2026-08-01
G59,default,2026-09-01
G59,default,2026-10-01
G59,default,2026-11-01
G60,active,2026-01-01
G60,inactive,2026-02-01
G60,inactive,2026-03-01
G60,default,2026-04-01
G60,default,2026-05-01
G61,active,2026-01-01
G61,active,2026-02-01
G61,active,2026-03-01
G61,active,2026-04-01
G61,active,2026-05-01
G61,active,2026-06-01
G61,active,2026-07-01
G61,active,2026-08-01
G61,active,2026-09-01
G61,active,2026-10-01
G61,active,2026-11-01
G61,inactive,2026-12-01
G62,active,2026-01-01
G62,active,2026-02-01
G62,active,2026-03-01
G62,active,2026-04-01
G62,active,2026-05-01
G62,inactive,2026-06-01
G62,inactive,2026-07-01
G62,inactive,2026-08-01
G62,inactive,2026-09-01
G62,inactive,2026-10-01
G63,active,2026-01-01
G63,active,2026-02-01
G63,active,2026-03-01
G63,active,2026-04-01
G63,active,2026-05-01
G63,inactive,2026-06-01
G63,active,2026-07-01
G63,inactive,2026-08-01
G64,active,2026-01-01
G64,active,2026-02-01
G64,active,2026-03-01
G64,active,2026-04-01
G64,active,2026-05-01
G64,inactive,2026-06-01
G64,active,2026-07-01
G64,inactive,2026-08-01
G64,inactive,2026-09-01
G64,inactive,2026-10-01
G64,active,2026-11-01
G65,active,2026-01-01
G65,active,2026-02-01
G65,active,2026-03-01
G65,active,2026-04-01
G65,active,2026-05-01
G65,inactive,2026-06-01
G65,active,2026-07-01
G65,active,2026-08-01
G65,active,2026-09-01
G66,active,2026-01-01
G66,active,2026-02-01
G66,active,2026-03-01
G66,active,2026-04-01
G66,active,2026-05-01
G66,active,2026-06-01
G66,active,2026-07-01
G66,inactive,2026-08-01
G66,inactive,2026-09-01
G66,inactive,2026-10-01
G67,active,2026-01-01
G67,active,2026-02-01
G67,active,2026-03-01
G67,active,2026-04-01
G67,active,2026-05-01
G67,active,2026-06-01
G67,active,2026-07-01
G67,inactive,2026-08-01
G67,active,2026-09-01
G67,inactive,2026-10-01
G67,active,2026-11-01
G68,active,2026-01-01
G68,active,2026-02-01
G68,active,2026-03-01
G68,active,2026-04-01
G68,active,2026-05-01
G68,inactive,2026-06-01
G68,inactive,2026-07-01
G68,inactive,2026-08-01
G68,inactive,2026-09-01
G68,active,2026-10-01
G68,inactive,2026-11-01
G68,inactive,2026-12-01
G69,active,2026-01-01
G69,active,2026-02-01
G69,active,2026-03-01
G69,active,2026-04-01
G69,active,2026-05-01
G69,active,2026-06-01
G69,inactive,2026-07-01
G69,inactive,2026-08-01
G69,inactive,2026-09-01
G69,inactive,2026-10-01
G69,active,2026-11-01
G69,inactive,2026-12-01
G70,active,2026-01-01
G70,active,2026-02-01
G70,inactive,2026-03-01
G70,active,2026-04-01
G70,inactive,2026-05-01
G71,active,2026-01-01
G71,active,2026-02-01
G71,inactive,2026-03-01
G71,active,2026-04-01
G71,inactive,2026-05-01
G72,active,2026-01-01
G72,active,2026-02-01
G72,active,2026-03-01
G72,active,2026-04-01
G72,inactive,2026-05-01
G72,inactive,2026-06-01
G72,inactive,2026-07-01
G72,inactive,2026-08-01
G72,inactive,2026-09-01
G72,inactive,2026-10-01
G73,active,2026-01-01
G73,active,2026-02-01
G73,active,2026-03-01
G73,active,2026-04-01
G73,inactive,2026-05-01
G73,inactive,2026-06-01
G73,active,2026-07-01
G73,active,2026-08-01
G73,inactive,2026-09-01
G74,active,2026-01-01
G74,active,2026-02-01
G74,active,2026-03-01
G74,active,2026-04-01
G74,inactive,2026-05-01
G74,active,2026-06-01
G75,inactive,2026-01-01
G75,active,2026-02-01
G75,inactive,2026-03-01
G75,active,2026-04-01
G75,active,2026-05-01
G75,inactive,2026-06-01
G76,active,2026-01-01
G76,inactive,2026-02-01
G76,active,2026-03-01
G76,inactive,2026-04-01
G76,inactive,2026-05-01
G76,active,2026-06-01
G76,inactive,2026-07-01
G76,active,2026-08-01
G76,inactive,2026-09-01
G76,inactive,2026-10-01
G76,active,2026-11-01
G76,inactive,2026-12-01
G77,active,2026-01-01
G77,active,2026-02-01
G77,active,2026-03-01
G77,active,2026-04-01
G77,active,2026-05-01
G77,active,2026-06-01
G77,active,2026-07-01
G78,active,2026-01-01
G78,active,2026-02-01
G78,active,2026-03-01
G78,active,2026-04-01
G78,inactive,2026-05-01
G78,active,2026-06-01
G78,inactive,2026-07-01
G78,active,2026-08-01
G78,active,2026-09-01
G79,active,2026-01-01
G79,active,2026-02-01
G79,active,2026-03-01
G79,active,2026-04-01
G79,active,2026-05-01
G79,active,2026-06-01
G79,active,2026-07-01
G79,active,2026-08-01
G79,inactive,2026-09-01
G79,inactive,2026-10-01
G79,active,2026-11-01
G79,active,2026-12-01
G80,active,2026-01-01
G80,active,2026-02-01
G80,active,2026-03-01
G80,active,2026-04-01
G80,inactive,2026-05-01
G80,inactive,2026-06-01
G80,inactive,2026-07-01
G80,inactive,2026-08-01
G81,active,2026-01-01
G81,active,2026-02-01
G81,active,2026-03-01
G81,active,2026-04-01
G81,active,2026-05-01
G81,active,2026-06-01
G81,active,2026-07-01
G81,active,2026-08-01
G81,active,2026-09-01
G81,inactive,2026-10-01
G82,active,2026-01-01
G82,inactive,2026-02-01
G82,inactive,2026-03-01
G82,inactive,2026-04-01
G82,active,2026-05-01
G82,inactive,2026-06-01
G82,inactive,2026-07-01
G82,inactive,2026-08-01
G82,inactive,2026-09-01
G82,active,2026-10-01
G82,inactive,2026-11-01
G82,inactive,2026-12-01
G83,active,2026-01-01
G83,active,2026-02-01
G83,active,2026-03-01
G83,active,2026-04-01
G83,active,2026-05-01
G83,active,2026-06-01
G83,active,2026-07-01
G83,active,2026-08-01
G83,active,2026-09-01
G83,active,2026-10-01
G83,inactive,2026-11-01
G84,active,2026-01-01
G84,active,2026-02-01
G84,active,2026-03-01
G84,active,2026-04-01
G84,active,2026-05-01
G84,inactive,2026-06-01
G84,inactive,2026-07-01
G85,inactive,2026-01-01
G85,inactive,2026-02-01
G85,inactive,2026-03-01
G85,active,2026-04-01
G85,inactive,2026-05-01
G85,inactive,2026-06-01
G85,active,2026-07-01
G85,inactive,2026-08-01
G85,active,2026-09-01
G85,active,2026-10-01
G85,inactive,2026-11-01
G86,active,2026-01-01
G86,active,2026-02-01
G86,active,2026-03-01
G86,inactive,2026-04-01
G86,active,2026-05-01
G86,inactive,2026-06-01
G86,inactive,2026-07-01
G86,inactive,2026-08-01
G86,active,2026-09-01
G87,active,2026-01-01
G87,active,2026-02-01
G87,active,2026-03-01
G87,active,2026-04-01
G87,active,2026-05-01
G87,active,2026-06-01
G87,active,2026-07-01
G87,active,2026-08-01
G87,active,2026-09-01
G87,inactive,2026-10-01
G87,active,2026-11-01
G87,inactive,2026-12-01
G88,inactive,2026-01-01
G88,active,2026-02-01
G88,active,2026-03-01
G88,active,2026-04-01
G88,active,2026-05-01
G88,inactive,2026-06-01
G88,active,2026-07-01
G88,inactive,2026-08-01
G88,active,2026-09-01
G88,active,2026-10-01
G89,active,2026-01-01
G89,active,2026-02-01
G89,active,2026-03-01
G89,active,2026-04-01
G89,active,2026-05-01
G89,inactive,2026-06-01
G90,active,2026-01-01
G90,inactive,2026-02-01
G90,active,2026-03-01
G90,inactive,2026-04-01
G90,active,2026-05-01
G91,inactive,2026-01-01
G91,active,2026-02-01
G91,inactive,2026-03-01
G91,inactive,2026-04-01
G91,inactive,2026-05-01
G92,active,2026-01-01
G92,active,2026-02-01
G92,active,2026-03-01
G92,active,2026-04-01
G92,active,2026-05-01
G92,active,2026-06-01
G92,active,2026-07-01
G92,inactive,2026-08-01
G92,inactive,2026-09-01
G92,inactive,2026-10-01
G92,inactive,2026-11-01
G92,active,2026-12-01
G93,active,2026-01-01
G93,active,2026-02-01
G93,active,2026-03-01
G93,inactive,2026-04-01
G93,inactive,2026-05-01
G93,active,2026-06-01
G93,inactive,2026-07-01
G94,active,2026-01-01
G94,active,2026-02-01
G94,active,2026-03-01
G94,active,2026-04-01
G94,inactive,2026-05-01
G95,active,2026-01-01
G95,active,2026-02-01
G95,active,2026-03-01
G95,active,2026-04-01
G95,active,2026-05-01
G95,active,2026-06-01
G95,active,2026-07-01
G95,active,2026-08-01
G95,active,2026-09-01
G95,active,2026-10-01
G95,inactive,2026-11-01
G95,active,2026-12-01
G96,active,2026-01-01
G96,active,2026-02-01
G96,inactive,2026-03-01
G96,inactive,2026-04-01
G96,active,2026-05-01
G97,active,2026-01-01
G97,active,2026-02-01
G97,active,2026-03-01
G97,active,2026-04-01
G97,active,2026-05-01
G97,active,2026-06-01
G97,active,2026-07-01
G97,inactive,2026-08-01
G97,inactive,2026-09-01
G97,active,2026-10-01
G97,active,2026-11-01
G98,active,2026-01-01
G98,active,2026-02-01
G98,active,2026-03-01
G98,active,2026-04-01
G98,active,2026-05-01
G98,active,2026-06-01
G98,active,2026-07-01
G98,active,2026-08-01
G98,active,2026-09-01
G98,inactive,2026-10-01
G98,active,2026-11-01
G98,active,2026-12-01
G99,active,2026-01-01
G99,active,2026-02-01
G99,inactive,2026-03-01
G99,inactive,2026-04-01
G99,active,2026-05-01
G99,inactive,2026-06-01
G99,inactive,2026-07-01
H1,active,2026-01-01
H1,active,2026-02-01
H1,active,2026-03-01
H1,inactive,2026-04-01
H1,inactive,2026-05-01
H1,inactive,2026-06-01
H1,inactive,2026-07-01
H1,inactive,2026-08-01
H2,active,2026-01-01
H2,active,2026-02-01
H2,active,2026-03-01
H2,active,2026-04-01
H2,active,2026-05-01
H2,active,2026-06-01
H2,active,2026-07-01
H2,inactive,2026-08-01
H3,inactive,2026-01-01
H3,active,2026-02-01
H3,inactive,2026-03-01
H3,inactive,2026-04-01
H3,inactive,2026-05-01
H3,default,2026-06-01
H3,default,2026-07-01
H4,active,2026-01-01
H4,active,2026-02-01
H4,active,2026-03-01
H4,active,2026-04-01
H4,active,2026-05-01
H4,active,2026-06-01
H4,inactive,2026-07-01
H4,active,2026-08-01
H4,inactive,2026-09-01
H5,active,2026-01-01
H5,active,2026-02-01
H5,inactive,2026-03-01
H5,inactive,2026-04-01
H5,inactive,2026-05-01
H5,active,2026-06-01
H5,inactive,2026-07-01
H5,inactive,2026-08-01
H5,inactive,2026-09-01
H5,default,2026-10-01
H5,default,2026-11-01
H5,default,2026-12-01
H6,active,2026-01-01
H6,active,2026-02-01
H6,active,2026-03-01
H6,inactive,2026-04-01
H6,inactive,2026-05-01
H6,active,2026-06-01
H6,active,2026-07-01
H6,inactive,2026-08-01
H6,inactive,2026-09-01
H6,inactive,2026-10-01
H6,active,2026-11-01
H6,active,2026-12-01
H7,active,2026-01-01
H7,active,2026-02-01
H7,active,2026-03-01
H7,inactive,2026-04-01
H7,inactive,2026-05-01
H7,active,2026-06-01
H7,inactive,2026-07-01
H8,active,2026-01-01
H8,active,2026-02-01
H8,inactive,2026-03-01
H8,inactive,2026-04-01
H8,inactive,2026-05-01
H8,default,2026-06-01
H9,active,2026-01-01
H9,active,2026-02-01
H9,active,2026-03-01
H9,active,2026-04-01
H9,active,2026-05-01
H9,active,2026-06-01
H9,active,2026-07-01
H9,inactive,2026-08-01
H9,inactive,2026-09-01
H9,inactive,2026-10-01
H10,active,2026-01-01
H10,active,2026-02-01
H10,active,2026-03-01
H10,active,2026-04-01
H10,active,2026-05-01
H11,active,2026-01-01
H11,active,2026-02-01
H11,active,2026-03-01
H11,active,2026-04-01
H11,active,2026-05-01
H11,active,2026-06-01
H11,active,2026-07-01
H11,active,2026-08-01
H11,active,2026-09-01
H11,active,2026-10-01
H11,active,2026-11-01
H11,active,2026-12-01
H12,active,2026-01-01
H12,active,2026-02-01
H12,active,2026-03-01
H12,inactive,2026-04-01
H12,inactive,2026-05-01
H12,inactive,2026-06-01
H13,active,2026-01-01
H13,active,2026-02-01
H13,active,2026-03-01
H13,active,2026-04-01
H13,active,2026-05-01
H13,active,2026-06-01
H13,active,2026-07-01
H13,active,2026-08-01
H13,active,2026-09-01
H13,inactive,2026-10-01
H13,inactive,2026-11-01
H13,active,2026-12-01
H14,active,2026-01-01
H14,active,2026-02-01
H14,active,2026-03-01
H14,inactive,2026-04-01
H14,inactive,2026-05-01
H14,active,2026-06-01
H14,inactive,2026-07-01
H14,active,2026-08-01
H14,inactive,2026-09-01
H14,active,2026-10-01
H15,active,2026-01-01
H15,active,2026-02-01
H15,active,2026-03-01
H15,active,2026-04-01
H15,active,2026-05-01
H15,active,2026-06-01
H15,active,2026-07-01
H15,active,2026-08-01
H15,inactive,2026-09-01
H15,active,2026-10-01
H15,active,2026-11-01
H16,active,2026-01-01
H16,active,2026-02-01
H16,active,2026-03-01
H16,active,2026-04-01
H16,active,2026-05-01
H16,active,2026-06-01
H16,active,2026-07-01
H16,active,2026-08-01
H16,active,2026-09-01
H16,inactive,2026-10-01
H16,inactive,2026-11-01
H16,default,2026-12-01
H17,inactive,2026-01-01
H17,inactive,2026-02-01
H17,inactive,2026-03-01
H17,default,2026-04-01
H17,default,2026-05-01
H17,default,2026-06-01
H17,default,2026-07-01
H17,default,2026-08-01
H17,default,2026-09-01
H17,default,2026-10-01
H18,active,2026-01-01
H18,inactive,2026-02-01
H18,inactive,2026-03-01
H18,inactive,2026-04-01
H18,active,2026-05-01
H18,active,2026-06-01
H18,inactive,2026-07-01
H18,inactive,2026-08-01
H18,inactive,2026-09-01
H18,inactive,2026-10-01
H18,active,2026-11-01
H19,active,2026-01-01
H19,active,2026-02-01
H19,active,2026-03-01
H19,active,2026-04-01
H19,active,2026-05-01
H19,active,2026-06-01
H19,active,2026-07-01
H19,active,2026-08-01
H19,active,2026-09-01
H19,active,2026-10-01
H19,inactive,2026-11-01
H20,inactive,2026-01-01
H20,active,2026-02-01
H20,active,2026-03-01
H20,active,2026-04-01
H20,active,2026-05-01
H20,active,2026-06-01
H20,inactive,2026-07-01
H20,active,2026-08-01
H20,inactive,2026-09-01
H21,active,2026-01-01
H21,active,2026-02-01
H21,active,2026-03-01
H21,active,2026-04-01
H21,inactive,2026-05-01
H21,active,2026-06-01
H22,active,2026-01-01
H22,inactive,2026-02-01
H22,inactive,2026-03-01
H22,active,2026-04-01
H22,inactive,2026-05-01
H22,inactive,2026-06-01
H22,inactive,2026-07-01
H22,active,2026-08-01
H22,inactive,2026-09-01
H22,active,2026-10-01
H23,active,2026-01-01
H23,active,2026-02-01
H23,active,2026-03-01
H23,active,2026-04-01
H23,active,2026-05-01
H23,inactive,2026-06-01
H23,inactive,2026-07-01
H23,active,2026-08-01
H23,active,2026-09-01
H23,inactive,2026-10-01
H23,inactive,2026-11-01
H23,active,2026-12-01
H24,active,2026-01-01
H24,active,2026-02-01
H24,active,2026-03-01
H24,active,2026-04-01
H24,active,2026-05-01
H24,active,2026-06-01
H24,active,2026-07-01
H24,active,2026-08-01
H24,inactive,2026-09-01
H24,inactive,2026-10-01
H24,inactive,2026-11-01
H24,inactive,2026-12-01
H25,active,2026-01-01
H25,active,2026-02-01
H25,active,2026-03-01
H25,active,2026-04-01
H25,inactive,2026-05-01
H25,inactive,2026-06-01
H25,inactive,2026-07-01
H25,active,2026-08-01
H25,active,2026-09-01
H25,inactive,2026-10-01
H26,active,2026-01-01
H26,active,2026-02-01
H26,active,2026-03-01
H26,inactive,2026-04-01
H26,inactive,2026-05-01
H27,active,2026-01-01
H27,active,2026-02-01
H27,inactive,2026-03-01
H27,inactive,2026-04-01
H27,active,2026-05-01
H27,inactive,2026-06-01
H27,inactive,2026-07-01
H27,inactive,2026-08-01
H27,active,2026-09-01
H27,inactive,2026-10-01
H27,inactive,2026-11-01
H27,active,2026-12-01
H28,active,2026-01-01
H28,active,2026-02-01
H28,active,2026-03-01
H28,inactive,2026-04-01
H28,inactive,2026-05-01
H28,inactive,2026-06-01
H28,inactive,2026-07-01
H28,inactive,2026-08-01
H28,inactive,2026-09-01
H28,inactive,2026-10-01
H28,active,2026-11-01
H28,inactive,2026-12-01
H29,active,2026-01-01
H29,active,2026-02-01
H29,active,2026-03-01
H29,inactive,2026-04-01
H29,inactive,2026-05-01
H29,inactive,2026-06-01
H29,active,2026-07-01
H29,inactive,2026-08-01
H29,active,2026-09-01
H29,active,2026-10-01
H29,inactive,2026-11-01
H29,active,2026-12-01
H30,active,2026-01-01
H30,active,2026-02-01
H30,active,2026-03-01
H30,active,2026-04-01
H30,inactive,2026-05-01
H30,inactive,2026-06-01
H30,active,2026-07-01
H30,inactive,2026-08-01
H30,active,2026-09-01
H30,inactive,2026-10-01
H30,inactive,2026-11-01
H30,active,2026-12-01
H31,active,2026-01-01
H31,active,2026-02-01
H31,inactive,2026-03-01
H31,inactive,2026-04-01
H31,inactive,2026-05-01
H31,inactive,2026-06-01
H31,inactive,2026-07-01
H31,inactive,2026-08-01
H31,inactive,2026-09-01
H31,inactive,2026-10-01
H31,default,2026-11-01
H31,default,2026-12-01
H32,active,2026-01-01
H32,active,2026-02-01
H32,active,2026-03-01
H32,active,2026-04-01
H32,active,2026-05-01
H32,active,2026-06-01
H32,active,2026-07-01
H32,inactive,2026-08-01
H32,active,2026-09-01
H32,inactive,2026-10-01
H33,active,2026-01-01
H33,active,2026-02-01
H33,active,2026-03-01
H33,inactive,2026-04-01
H33,inactive,2026-05-01
H33,active,2026-06-01
H34,active,2026-01-01
H34,active,2026-02-01
H34,active,2026-03-01
H34,active,2026-04-01
H34,inactive,2026-05-01
H34,active,2026-06-01
H34,inactive,2026-07-01
H34,default,2026-08-01
H34,default,2026-09-01
H34,default,2026-10-01
H35,active,2026-01-01
H35,active,2026-02-01
H35,active,2026-03-01
H35,inactive,2026-04-01
H35,inactive,2026-05-01
H35,default,2026-06-01
H35,default,2026-07-01
H35,default,2026-08-01
H35,default,2026-09-01
H36,active,2026-01-01
H36,active,2026-02-01
H36,active,2026-03-01
H36,inactive,2026-04-01
H36,inactive,2026-05-01
H36,active,2026-06-01
H37,active,2026-01-01
H37,active,2026-02-01
H37,active,2026-03-01
H37,active,2026-04-01
H37,active,2026-05-01
H37,active,2026-06-01
H37,active,2026-07-01
H37,inactive,2026-08-01
H37,inactive,2026-09-01
H37,active,2026-10-01
H37,active,2026-11-01
H38,active,2026-01-01
H38,active,2026-02-01
H38,inactive,2026-03-01
H38,inactive,2026-04-01
H38,active,2026-05-01
H38,active,2026-06-01
H39,active,2026-01-01
H39,active,2026-02-01
H39,active,2026-03-01
H39,active,2026-04-01
H39,active,2026-05-01
H39,active,2026-06-01
H39,active,2026-07-01
H39,inactive,2026-08-01
H39,inactive,2026-09-01
H40,active,2026-01-01
H40,active,2026-02-01
H40,active,2026-03-01
H40,inactive,2026-04-01
H40,inactive,2026-05-01
H40,inactive,2026-06-01
H40,active,2026-07-01
H40,inactive,2026-08-01
H40,active,2026-09-01
H40,inactive,2026-10-01
H40,active,2026-11-01
H40,active,2026-12-01
H41,active,2026-01-01
H41,active,2026-02-01
H41,active,2026-03-01
H41,active,2026-04-01
H41,active,2026-05-01
H41,inactive,2026-06-01
H42,active,2026-01-01
H42,active,2026-02-01
H42,active,2026-03-01
H42,active,2026-04-01
H42,active,2026-05-01
H42,active,2026-06-01
H42,active,2026-07-01
H42,inactive,2026-08-01
H42,inactive,2026-09-01
H42,active,2026-10-01
H43,active,2026-01-01
H43,active,2026-02-01
H43,active,2026-03-01
H43,active,2026-04-01
H43,active,2026-05-01
H43,active,2026-06-01
H43,active,2026-07-01
H43,active,2026-08-01
H43,active,2026-09-01
H43,inactive,2026-10-01
H44,active,2026-01-01
H44,active,2026-02-01
H44,active,2026-03-01
H44,inactive,2026-04-01
H44,inactive,2026-05-01
H44,inactive,2026-06-01
H45,active,2026-01-01
H45,active,2026-02-01
H45,active,2026-03-01
H45,inactive,2026-04-01
H45,active,2026-05-01
H45,inactive,2026-06-01
H45,inactive,2026-07-01
H46,active,2026-01-01
H46,active,2026-02-01
H46,active,2026-03-01
H46,active,2026-04-01
H46,inactive,2026-05-01
H46,active,2026-06-01
H46,inactive,2026-07-01
H47,active,2026-01-01
H47,active,2026-02-01
H47,active,2026-03-01
H47,active,2026-04-01
H47,active,2026-05-01
H47,active,2026-06-01
H47,inactive,2026-07-01
H47,active,2026-08-01
H47,inactive,2026-09-01
H48,active,2026-01-01
H48,active,2026-02-01
H48,active,2026-03-01
H48,active,2026-04-01
H48,active,2026-05-01
H49,active,2026-01-01
H49,active,2026-02-01
H49,active,2026-03-01
H49,active,2026-04-01
H49,active,2026-05-01
H49,inactive,2026-06-01
H49,inactive,2026-07-01
H49,active,2026-08-01
H49,inactive,2026-09-01
H49,active,2026-10-01
H50,active,2026-01-01
H50,active,2026-02-01
H50,inactive,2026-03-01
H50,inactive,2026-04-01
H50,active,2026-05-01
H51,active,2026-01-01
H51,inactive,2026-02-01
H51,inactive,2026-03-01
H51,active,2026-04-01
H51,inactive,2026-05-01
H51,inactive,2026-06-01
H51,active,2026-07-01
H51,inactive,2026-08-01
H52,active,2026-01-01
H52,active,2026-02-01
H52,active,2026-03-01
H52,inactive,2026-04-01
H52,active,2026-05-01
H53,active,2026-01-01
H53,active,2026-02-01
H53,active,2026-03-01
H53,active,2026-04-01
H53,active,2026-05-01
H53,active,2026-06-01
H53,active,2026-07-01
H53,active,2026-08-01
H53,inactive,2026-09-01
H54,active,2026-01-01
H54,active,2026-02-01
H54,active,2026-03-01
H54,active,2026-04-01
H54,active,2026-05-01
H54,inactive,2026-06-01
H54,active,2026-07-01
H55,active,2026-01-01
H55,inactive,2026-02-01
H55,active,2026-03-01
H55,inactive,2026-04-01
H55,inactive,2026-05-01
H55,inactive,2026-06-01
H55,inactive,2026-07-01
H56,active,2026-01-01
H56,active,2026-02-01
H56,active,2026-03-01
H56,active,2026-04-01
H56,active,2026-05-01
H56,active,2026-06-01
H56,active,2026-07-01
H56,active,2026-08-01
H56,active,2026-09-01
H56,inactive,2026-10-01
H57,active,2026-01-01
H57,inactive,2026-02-01
H57,active,2026-03-01
H57,active,2026-04-01
H57,active,2026-05-01
H57,inactive,2026-06-01
H57,active,2026-07-01
H57,active,2026-08-01
H57,inactive,2026-09-01
H58,active,2026-01-01
H58,active,2026-02-01
H58,active,2026-03-01
H58,active,2026-04-01
H58,active,2026-05-01
H58,inactive,2026-06-01
H58,active,2026-07-01
H58,inactive,2026-08-01
H59,active,2026-01-01
H59,active,2026-02-01
H59,active,2026-03-01
H59,active,2026-04-01
H59,active,2026-05-01
H59,active,2026-06-01
H59,active,2026-07-01
H59,inactive,2026-08-01
H59,inactive,2026-09-01
H59,inactive,2026-10-01
H59,active,2026-11-01
H60,inactive,2026-01-01
H60,active,2026-02-01
H60,active,2026-03-01
H60,inactive,2026-04-01
H60,inactive,2026-05-01
H60,active,2026-06-01
H61,active,2026-01-01
H61,active,2026-02-01
H61,active,2026-03-01
H61,active,2026-04-01
H61,active,2026-05-01
H61,inactive,2026-06-01
H61,active,2026-07-01
H61,active,2026-08-01
H61,active,2026-09-01
H61,inactive,2026-10-01
H61,active,2026-11-01
H61,active,2026-12-01
H62,active,2026-01-01
H62,active,2026-02-01
H62,inactive,2026-03-01
H62,inactive,2026-04-01
H62,inactive,2026-05-01
H62,inactive,2026-06-01
H62,active,2026-07-01
H62,inactive,2026-08-01
H62,inactive,2026-09-01
H62,active,2026-10-01
H62,inactive,2026-11-01
H63,active,2026-01-01
H63,active,2026-02-01
H63,active,2026-03-01
H63,active,2026-04-01
H63,active,2026-05-01
H63,active,2026-06-01
H63,active,2026-07-01
H63,active,2026-08-01
H63,active,2026-09-01
H63,active,2026-10-01
H63,active,2026-11-01
H63,active,2026-12-01
H64,active,2026-01-01
H64,active,2026-02-01
H64,active,2026-03-01
H64,active,2026-04-01
H64,inactive,2026-05-01
H65,active,2026-01-01
H65,active,2026-02-01
H65,active,2026-03-01
H65,active,2026-04-01
H65,active,2026-05-01
H65,active,2026-06-01
H65,active,2026-07-01
H65,active,2026-08-01
H65,active,2026-09-01
H65,active,2026-10-01
H65,active,2026-11-01
H65,active,2026-12-01
H66,active,2026-01-01
H66,active,2026-02-01
H66,active,2026-03-01
H66,active,2026-04-01
H66,active,2026-05-01
H66,active,2026-06-01
H66,active,2026-07-01
H66,active,2026-08-01
H66,active,2026-09-01
H66,active,2026-10-01
H66,inactive,2026-11-01
H66,active,2026-12-01
H67,active,2026-01-01
H67,active,2026-02-01
H67,active,2026-03-01
H67,active,2026-04-01
H67,active,2026-05-01
H67,active,2026-06-01
H67,active,2026-07-01
H67,active,2026-08-01
H67,active,2026-09-01
H67,inactive,2026-10-01
H67,active,2026-11-01
H68,active,2026-01-01
H68,inactive,2026-02-01
H68,active,2026-03-01
H68,active,2026-04-01
H68,inactive,2026-05-01
H68,inactive,2026-06-01
H69,active,2026-01-01
H69,active,2026-02-01
H69,active,2026-03-01
H69,active,2026-04-01
H69,inactive,2026-05-01
H69,active,2026-06-01
H70,active,2026-01-01
H70,active,2026-02-01
H70,active,2026-03-01
H70,active,2026-04-01
H70,active,2026-05-01
H70,active,2026-06-01
H70,active,2026-07-01
H70,active,2026-08-01
H70,active,2026-09-01
H70,active,2026-10-01
H70,active,2026-11-01
H70,inactive,2026-12-01
H71,active,2026-01-01
H71,inactive,2026-02-01
H71,inactive,2026-03-01
H71,inactive,2026-04-01
H71,active,2026-05-01
H71,inactive,2026-06-01
H71,inactive,2026-07-01
H71,inactive,2026-08-01
H71,active,2026-09-01
H72,active,2026-01-01
H72,active,2026-02-01
H72,active,2026-03-01
H72,active,2026-04-01
H72,active,2026-05-01
H72,active,2026-06-01
H73,active,2026-01-01
H73,active,2026-02-01
H73,active,2026-03-01
H73,active,2026-04-01
H73,inactive,2026-05-01
H73,inactive,2026-06-01
H73,active,2026-07-01
H73,active,2026-08-01
H73,active,2026-09-01
H73,active,2026-10-01
H73,inactive,2026-11-01
H73,active,2026-12-01
H74,active,2026-01-01
H74,inactive,2026-02-01
H74,inactive,2026-03-01
H74,default,2026-04-01
H74,default,2026-05-01
H74,default,2026-06-01
H75,active,2026-01-01
H75,active,2026-02-01
H75,active,2026-03-01
H75,active,2026-04-01
H75,active,2026-05-01
H75,inactive,2026-06-01
H75,active,2026-07-01
H76,active,2026-01-01
H76,active,2026-02-01
H76,active,2026-03-01
H76,active,2026-04-01
H76,inactive,2026-05-01
H76,default,2026-06-01
H76,default,2026-07-01
H77,active,2026-01-01
H77,inactive,2026-02-01
H77,inactive,2026-03-01
H77,active,2026-04-01
H77,inactive,2026-05-01
H77,inactive,2026-06-01
H77,inactive,2026-07-01
H77,active,2026-08-01
H77,inactive,2026-09-01
H77,inactive,2026-10-01
H77,active,2026-11-01
H77,active,2026-12-01
H78,inactive,2026-01-01
H78,inactive,2026-02-01
H78,active,2026-03-01
H78,inactive,2026-04-01
H78,inactive,2026-05-01
H78,active,2026-06-01
H78,active,2026-07-01
H78,inactive,2026-08-01
H78,active,2026-09-01
H79,active,2026-01-01
H79,active,2026-02-01
H79,active,2026-03-01
H79,active,2026-04-01
H79,inactive,2026-05-01
H79,inactive,2026-06-01
H79,inactive,2026-07-01
H80,active,2026-01-01
H80,active,2026-02-01
H80,active,2026-03-01
H80,active,2026-04-01
H80,active,2026-05-01
H80,inactive,2026-06-01
H80,inactive,2026-07-01
H80,inactive,2026-08-01
H80,active,2026-09-01
H80,inactive,2026-10-01
H80,active,2026-11-01
H80,inactive,2026-12-01
H81,active,2026-01-01
H81,active,2026-02-01
H81,active,2026-03-01
H81,active,2026-04-01
H81,active,2026-05-01
H81,active,2026-06-01
H81,active,2026-07-01
H81,active,2026-08-01
H81,active,2026-09-01
H81,active,2026-10-01
H81,inactive,2026-11-01
H82,active,2026-01-01
H82,inactive,2026-02-01
H82,inactive,2026-03-01
H82,inactive,2026-04-01
H82,inactive,2026-05-01
H83,active,2026-01-01
H83,active,2026-02-01
H83,active,2026-03-01
H83,active,2026-04-01
H83,inactive,2026-05-01
H83,inactive,2026-06-01
H83,inactive,2026-07-01
H83,active,2026-08-01
H84,active,2026-01-01
H84,active,2026-02-01
H84,active,2026-03-01
H84,active,2026-04-01
H84,active,2026-05-01
H84,active,2026-06-01
H84,active,2026-07-01
H84,active,2026-08-01
H84,active,2026-09-01
H84,active,2026-10-01
H84,active,2026-11-01
H84,active,2026-12-01
H85,active,2026-01-01
H85,active,2026-02-01
H85,active,2026-03-01
H85,active,2026-04-01
H85,active,2026-05-01
H85,inactive,2026-06-01
H86,active,2026-01-01
H86,active,2026-02-01
H86,active,2026-03-01
H86,active,2026-04-01
H86,active,2026-05-01
H86,active,2026-06-01
H86,inactive,2026-07-01
H87,active,2026-01-01
H87,active,2026-02-01
H87,active,2026-03-01
H87,inactive,2026-04-01
H87,inactive,2026-05-01
H87,inactive,2026-06-01
H87,inactive,2026-07-01
H87,inactive,2026-08-01
H87,inactive,2026-09-01
H87,inactive,2026-10-01
H87,inactive,2026-11-01
H88,active,2026-01-01
H88,active,2026-02-01
H88,active,2026-03-01
H88,active,2026-04-01
H88,active,2026-05-01
H88,active,2026-06-01
H88,active,2026-07-01
H88,active,2026-08-01
H88,active,2026-09-01
H88,active,2026-10-01
H88,active,2026-11-01
H88,inactive,2026-12-01
H89,active,2026-01-01
H89,active,2026-02-01
H89,active,2026-03-01
H89,active,2026-04-01
H89,active,2026-05-01
H89,active,2026-06-01
H89,active,2026-07-01
H89,active,2026-08-01
H90,active,2026-01-01
H90,active,2026-02-01
H90,active,2026-03-01
H90,active,2026-04-01
H90,active,2026-05-01
H90,active,2026-06-01
H90,active,2026-07-01
H90,active,2026-08-01
H90,active,2026-09-01
H90,active,2026-10-01
H90,active,2026-11-01
H90,active,2026-12-01
H91,active,2026-01-01
H91,active,2026-02-01
H91,active,2026-03-01
H91,active,2026-04-01
H91,active,2026-05-01
H91,active,2026-06-01
H91,active,2026-07-01
H91,active,2026-08-01
H91,active,2026-09-01
H91,active,2026-10-01
H91,active,2026-11-01
H91,inactive,2026-12-01
H92,active,2026-01-01
H92,active,2026-02-01
H92,active,2026-03-01
H92,active,2026-04-01
H92,inactive,2026-05-01
H93,active,2026-01-01
H93,active,2026-02-01
H93,active,2026-03-01
H93,inactive,2026-04-01
H93,inactive,2026-05-01
H94,active,2026-01-01
H94,active,2026-02-01
H94,active,2026-03-01
H94,active,2026-04-01
H94,active,2026-05-01
H94,active,2026-06-01
H94,active,2026-07-01
H94,inactive,2026-08-01
H95,active,2026-01-01
H95,active,2026-02-01
H95,active,2026-03-01
H95,active,2026-04-01
H95,active,2026-05-01
H95,active,2026-06-01
H95,inactive,2026-07-01
H95,active,2026-08-01
H95,inactive,2026-09-01
H95,active,2026-10-01
H95,inactive,2026-11-01
H95,inactive,2026-12-01
H96,active,2026-01-01
H96,active,2026-02-01
H96,active,2026-03-01
H96,inactive,2026-04-01
H96,active,2026-05-01
H97,active,2026-01-01
H97,active,2026-02-01
H97,active,2026-03-01
H97,inactive,2026-04-01
H97,inactive,2026-05-01
H97,inactive,2026-06-01
H97,inactive,2026-07-01
H97,inactive,2026-08-01
H97,active,2026-09-01
H97,active,2026-10-01
H97,inactive,2026-11-01
H97,active,2026-12-01
H98,active,2026-01-01
H98,active,2026-02-01
H98,active,2026-03-01
H98,active,2026-04-01
H98,active,2026-05-01
H98,active,2026-06-01
H98,active,2026-07-01
H98,active,2026-08-01
H98,active,2026-09-01
H98,active,2026-10-01
H98,active,2026-11-01
H98,inactive,2026-12-01
H99,active,2026-01-01
H99,active,2026-02-01
H99,active,2026-03-01
H99,inactive,2026-04-01
H99,inactive,2026-05-01
H99,active,2026-06-01
H99,active,2026-07-01
H99,inactive,2026-08-01
H99,inactive,2026-09-01
H99,active,2026-10-01
H99,inactive,2026-11-01
I1,active,2026-01-01
I1,active,2026-02-01
I1,active,2026-03-01
I1,active,2026-04-01
I1,active,2026-05-01
I1,active,2026-06-01
I1,active,2026-07-01
I1,inactive,2026-08-01
I1,active,2026-09-01
I2,active,2026-01-01
I2,active,2026-02-01
I2,active,2026-03-01
I2,active,2026-04-01
I2,active,2026-05-01
I2,active,2026-06-01
I2,active,2026-07-01
I2,inactive,2026-08-01
I2,active,2026-09-01
I2,active,2026-10-01
I3,active,2026-01-01
I3,inactive,2026-02-01
I3,inactive,2026-03-01
I3,inactive,2026-04-01
I3,active,2026-05-01
I4,inactive,2026-01-01
I4,inactive,2026-02-01
I4,active,2026-03-01
I4,inactive,2026-04-01
I4,inactive,2026-05-01
I4,active,2026-06-01
I4,active,2026-07-01
I5,active,2026-01-01
I5,active,2026-02-01
I5,active,2026-03-01
I5,active,2026-04-01
I5,active,2026-05-01
I5,active,2026-06-01
I5,inactive,2026-07-01
I5,inactive,2026-08-01
I6,active,2026-01-01
I6,active,2026-02-01
I6,active,2026-03-01
I6,active,2026-04-01
I6,active,2026-05-01
I6,active,2026-06-01
I6,active,2026-07-01
I6,inactive,2026-08-01
I6,inactive,2026-09-01
I6,inactive,2026-10-01
I6,active,2026-11-01
I6,inactive,2026-12-01
I7,active,2026-01-01
I7,active,2026-02-01
I7,active,2026-03-01
I7,active,2026-04-01
I7,active,2026-05-01
I7,active,2026-06-01
I7,inactive,2026-07-01
I7,inactive,2026-08-01
I8,active,2026-01-01
I8,active,2026-02-01
I8,inactive,2026-03-01
I8,inactive,2026-04-01
I8,inactive,2026-05-01
I8,active,2026-06-01
I8,active,2026-07-01
I8,inactive,2026-08-01
I9,active,2026-01-01
I9,active,2026-02-01
I9,active,2026-03-01
I9,active,2026-04-01
I9,inactive,2026-05-01
I9,active,2026-06-01
I9,inactive,2026-07-01
I9,inactive,2026-08-01
I9,active,2026-09-01
I9,inactive,2026-10-01
I10,active,2026-01-01
I10,active,2026-02-01
I10,active,2026-03-01
I10,active,2026-04-01
I10,active,2026-05-01
I10,active,2026-06-01
I10,inactive,2026-07-01
I10,inactive,2026-08-01
I11,active,2026-01-01
I11,active,2026-02-01
I11,active,2026-03-01
I11,active,2026-04-01
I11,active,2026-05-01
I11,active,2026-06-01
I11,active,2026-07-01
I11,active,2026-08-01
I11,inactive,2026-09-01
I11,active,2026-10-01
I11,inactive,2026-11-01
I11,inactive,2026-12-01
I12,active,2026-01-01
I12,active,2026-02-01
I12,active,2026-03-01
I12,inactive,2026-04-01
I12,inactive,2026-05-01
I12,active,2026-06-01
I12,active,2026-07-01
I12,active,2026-08-01
I12,inactive,2026-09-01
I12,inactive,2026-10-01
I12,inactive,2026-11-01
I12,active,2026-12-01
I13,active,2026-01-01
I13,active,2026-02-01
I13,active,2026-03-01
I13,active,2026-04-01
I13,active,2026-05-01
I13,inactive,2026-06-01
I13,active,2026-07-01
I13,inactive,2026-08-01
I14,active,2026-01-01
I14,active,2026-02-01
I14,inactive,2026-03-01
I14,active,2026-04-01
I14,inactive,2026-05-01
I14,inactive,2026-06-01
I14,active,2026-07-01
I15,active,2026-01-01
I15,active,2026-02-01
I15,inactive,2026-03-01
I15,active,2026-04-01
I15,inactive,2026-05-01
I16,active,2026-01-01
I16,active,2026-02-01
I16,active,2026-03-01
I16,active,2026-04-01
I16,active,2026-05-01
I16,active,2026-06-01
I16,inactive,2026-07-01
I16,active,2026-08-01
I16,inactive,2026-09-01
I16,inactive,2026-10-01
I16,active,2026-11-01
I16,inactive,2026-12-01
I17,active,2026-01-01
I17,active,2026-02-01
I17,inactive,2026-03-01
I17,active,2026-04-01
I17,inactive,2026-05-01
I17,inactive,2026-06-01
I17,active,2026-07-01
I17,inactive,2026-08-01
I17,inactive,2026-09-01
I17,inactive,2026-10-01
I17,inactive,2026-11-01
I17,active,2026-12-01
I18,active,2026-01-01
I18,inactive,2026-02-01
I18,inactive,2026-03-01
I18,inactive,2026-04-01
I18,inactive,2026-05-01
I19,active,2026-01-01
I19,active,2026-02-01
I19,active,2026-03-01
I19,active,2026-04-01
I19,active,2026-05-01
I19,active,2026-06-01
I19,active,2026-07-01
I20,active,2026-01-01
I20,active,2026-02-01
I20,active,2026-03-01
I20,active,2026-04-01
I20,active,2026-05-01
I20,active,2026-06-01
I20,active,2026-07-01
I20,inactive,2026-08-01
I21,active,2026-01-01
I21,active,2026-02-01
I21,active,2026-03-01
I21,active,2026-04-01
I21,active,2026-05-01
I21,active,2026-06-01
I21,active,2026-07-01
I21,active,2026-08-01
I21,active,2026-09-01
I21,active,2026-10-01
I21,active,2026-11-01
I22,active,2026-01-01
I22,active,2026-02-01
I22,active,2026-03-01
I22,active,2026-04-01
I22,active,2026-05-01
I22,active,2026-06-01
I22,inactive,2026-07-01
I22,active,2026-08-01
I22,inactive,2026-09-01
I23,active,2026-01-01
I23,active,2026-02-01
I23,active,2026-03-01
I23,active,2026-04-01
I23,active,2026-05-01
I23,inactive,2026-06-01
I23,active,2026-07-01
I23,inactive,2026-08-01
I23,inactive,2026-09-01
I23,inactive,2026-10-01
I23,active,2026-11-01
I23,inactive,2026-12-01
I24,active,2026-01-01
I24,active,2026-02-01
I24,active,2026-03-01
I24,active,2026-04-01
I24,active,2026-05-01
I24,active,2026-06-01
I24,active,2026-07-01
I24,active,2026-08-01
I24,active,2026-09-01
I24,active,2026-10-01
I24,active,2026-11-01
I24,inactive,2026-12-01
I25,active,2026-01-01
I25,active,2026-02-01
I25,active,2026-03-01
I25,inactive,2026-04-01
I25,inactive,2026-05-01
I26,active,2026-01-01
I26,inactive,2026-02-01
I26,inactive,2026-03-01
I26,active,2026-04-01
I26,inactive,2026-05-01
I26,inactive,2026-06-01
I27,active,2026-01-01
I27,active,2026-02-01
I27,active,2026-03-01
I27,active,2026-04-01
I27,active,2026-05-01
I27,active,2026-06-01
I27,active,2026-07-01
I27,active,2026-08-01
I27,active,2026-09-01
I27,active,2026-10-01
I27,active,2026-11-01
I27,inactive,2026-12-01
I28,active,2026-01-01
I28,active,2026-02-01
I28,active,2026-03-01
I28,active,2026-04-01
I28,active,2026-05-01
I28,active,2026-06-01
I28,inactive,2026-07-01
I28,inactive,2026-08-01
I28,inactive,2026-09-01
I28,inactive,2026-10-01
I28,inactive,2026-11-01
I28,active,2026-12-01
I29,active,2026-01-01
I29,active,2026-02-01
I29,active,2026-03-01
I29,inactive,2026-04-01
I29,active,2026-05-01
I29,active,2026-06-01
I29,active,2026-07-01
I30,active,2026-01-01
I30,active,2026-02-01
I30,active,2026-03-01
I30,inactive,2026-04-01
I30,inactive,2026-05-01
I31,active,2026-01-01
I31,active,2026-02-01
I31,active,2026-03-01
I31,active,2026-04-01
I31,inactive,2026-05-01
I31,inactive,2026-06-01
I31,default,2026-07-01
I31,default,2026-08-01
I31,default,2026-09-01
I32,active,2026-01-01
I32,active,2026-02-01
I32,inactive,2026-03-01
I32,active,2026-04-01
I32,active,2026-05-01
I32,active,2026-06-01
I32,inactive,2026-07-01
I32,default,2026-08-01
I32,default,2026-09-01
I33,active,2026-01-01
I33,active,2026-02-01
I33,active,2026-03-01
I33,active,2026-04-01
I33,active,2026-05-01
I33,active,2026-06-01
I33,active,2026-07-01
I33,inactive,2026-08-01
I33,inactive,2026-09-01
I33,inactive,2026-10-01
I33,active,2026-11-01
I33,active,2026-12-01
I34,active,2026-01-01
I34,active,2026-02-01
I34,active,2026-03-01
I34,active,2026-04-01
I34,active,2026-05-01
I34,active,2026-06-01
I34,active,2026-07-01
I34,active,2026-08-01
I34,active,2026-09-01
I35,active,2026-01-01
I35,active,2026-02-01
I35,active,2026-03-01
I35,inactive,2026-04-01
I35,default,2026-05-01
I36,active,2026-01-01
I36,active,2026-02-01
I36,inactive,2026-03-01
I36,active,2026-04-01
I36,inactive,2026-05-01
I37,inactive,2026-01-01
I37,active,2026-02-01
I37,inactive,2026-03-01
I37,active,2026-04-01
I37,inactive,2026-05-01
I37,default,2026-06-01
I37,default,2026-07-01
I37,default,2026-08-01
I37,default,2026-09-01
I37,default,2026-10-01
I37,default,2026-11-01
I38,active,2026-01-01
I38,active,2026-02-01
I38,inactive,2026-03-01
I38,default,2026-04-01
I38,default,2026-05-01
I38,default,2026-06-01
I39,active,2026-01-01
I39,active,2026-02-01
I39,inactive,2026-03-01
I39,active,2026-04-01
I39,inactive,2026-05-01
I39,inactive,2026-06-01
I39,inactive,2026-07-01
I39,active,2026-08-01
I39,inactive,2026-09-01
I39,active,2026-10-01
I39,inactive,2026-11-01
I39,active,2026-12-01
I40,inactive,2026-01-01
I40,default,2026-02-01
I40,default,2026-03-01
I40,default,2026-04-01
I40,default,2026-05-01
I40,default,2026-06-01
I40,default,2026-07-01
I40,default,2026-08-01
I41,inactive,2026-01-01
I41,inactive,2026-02-01
I41,active,2026-03-01
I41,active,2026-04-01
I41,inactive,2026-05-01
I41,active,2026-06-01
I41,active,2026-07-01
I42,inactive,2026-01-01
I42,inactive,2026-02-01
I42,default,2026-03-01
I42,default,2026-04-01
I42,default,2026-05-01
I42,default,2026-06-01
I43,active,2026-01-01
I43,active,2026-02-01
I43,active,2026-03-01
I43,active,2026-04-01
I43,active,2026-05-01
I43,inactive,2026-06-01
I43,active,2026-07-01
I43,inactive,2026-08-01
I43,inactive,2026-09-01
I43,active,2026-10-01
I43,inactive,2026-11-01
I44,active,2026-01-01
I44,active,2026-02-01
I44,inactive,2026-03-01
I44,default,2026-04-01
I44,default,2026-05-01
I44,default,2026-06-01
I44,default,2026-07-01
I45,active,2026-01-01
I45,active,2026-02-01
I45,active,2026-03-01
I45,active,2026-04-01
I45,inactive,2026-05-01
I45,active,2026-06-01
I46,active,2026-01-01
I46,active,2026-02-01
I46,active,2026-03-01
I46,inactive,2026-04-01
I46,inactive,2026-05-01
I46,inactive,2026-06-01
I46,inactive,2026-07-01
I46,inactive,2026-08-01
I46,inactive,2026-09-01
I46,active,2026-10-01
I47,active,2026-01-01
I47,active,2026-02-01
I47,active,2026-03-01
I47,active,2026-04-01
I47,active,2026-05-01
I47,active,2026-06-01
I47,active,2026-07-01
I47,inactive,2026-08-01
I47,active,2026-09-01
I47,inactive,2026-10-01
I47,active,2026-11-01
I47,inactive,2026-12-01
I48,active,2026-01-01
I48,active,2026-02-01
I48,active,2026-03-01
I48,active,2026-04-01
I48,active,2026-05-01
I48,active,2026-06-01
I48,active,2026-07-01
I48,active,2026-08-01
I48,inactive,2026-09-01
I49,active,2026-01-01
I49,active,2026-02-01
I49,active,2026-03-01
I49,active,2026-04-01
I49,active,2026-05-01
I49,active,2026-06-01
I49,active,2026-07-01
I49,active,2026-08-01
I49,inactive,2026-09-01
I49,inactive,2026-10-01
I49,inactive,2026-11-01
I49,inactive,2026-12-01
I50,active,2026-01-01
I50,active,2026-02-01
I50,active,2026-03-01
I50,active,2026-04-01
I50,active,2026-05-01
I50,active,2026-06-01
I50,active,2026-07-01
I50,active,2026-08-01
I51,active,2026-01-01
I51,active,2026-02-01
I51,active,2026-03-01
I51,active,2026-04-01
I51,active,2026-05-01
I52,active,2026-01-01
I52,active,2026-02-01
I52,inactive,2026-03-01
I52,active,2026-04-01
I52,active,2026-05-01
I52,active,2026-06-01
I52,inactive,2026-07-01
I52,active,2026-08-01
I52,inactive,2026-09-01
I53,active,2026-01-01
I53,active,2026-02-01
I53,active,2026-03-01
I53,active,2026-04-01
I53,active,2026-05-01
I53,active,2026-06-01
I53,inactive,2026-07-01
I53,inactive,2026-08-01
I53,active,2026-09-01
I54,active,2026-01-01
I54,active,2026-02-01
I54,active,2026-03-01
I54,active,2026-04-01
I54,active,2026-05-01
I54,active,2026-06-01
I54,active,2026-07-01
I54,inactive,2026-08-01
I55,active,2026-01-01
I55,active,2026-02-01
I55,active,2026-03-01
I55,active,2026-04-01
I55,active,2026-05-01
I55,active,2026-06-01
I55,active,2026-07-01
I55,active,2026-08-01
I55,active,2026-09-01
I55,active,2026-10-01
I56,inactive,2026-01-01
I56,inactive,2026-02-01
I56,inactive,2026-03-01
I56,inactive,2026-04-01
I56,active,2026-05-01
I57,active,2026-01-01
I57,inactive,2026-02-01
I57,inactive,2026-03-01
I57,active,2026-04-01
I57,active,2026-05-01
I57,inactive,2026-06-01
I57,active,2026-07-01
I57,active,2026-08-01
I58,active,2026-01-01
I58,active,2026-02-01
I58,active,2026-03-01
I58,active,2026-04-01
I58,active,2026-05-01
I59,active,2026-01-01
I59,active,2026-02-01
I59,active,2026-03-01
I59,active,2026-04-01
I59,inactive,2026-05-01
I59,inactive,2026-06-01
I59,active,2026-07-01
I59,inactive,2026-08-01
I60,active,2026-01-01
I60,active,2026-02-01
I60,inactive,2026-03-01
I60,inactive,2026-04-01
I60,active,2026-05-01
I60,inactive,2026-06-01
I60,active,2026-07-01
I61,active,2026-01-01
I61,active,2026-02-01
I61,active,2026-03-01
I61,active,2026-04-01
I61,active,2026-05-01
I61,inactive,2026-06-01
I61,inactive,2026-07-01
I61,active,2026-08-01
I61,active,2026-09-01
I61,inactive,2026-10-01
I61,active,2026-11-01
I61,active,2026-12-01
I62,active,2026-01-01
I62,active,2026-02-01
I62,active,2026-03-01
I62,active,2026-04-01
I62,active,2026-05-01
I62,active,2026-06-01
I62,active,2026-07-01
I62,active,2026-08-01
I62,inactive,2026-09-01
I62,inactive,2026-10-01
I62,inactive,2026-11-01
I62,inactive,2026-12-01
I63,active,2026-01-01
I63,active,2026-02-01
I63,inactive,2026-03-01
I63,inactive,2026-04-01
I63,inactive,2026-05-01
I63,inactive,2026-06-01
I63,inactive,2026-07-01
I63,active,2026-08-01
I63,inactive,2026-09-01
I63,inactive,2026-10-01
I63,inactive,2026-11-01
I63,active,2026-12-01
I64,inactive,2026-01-01
I64,inactive,2026-02-01
I64,active,2026-03-01
I64,inactive,2026-04-01
I64,inactive,2026-05-01
I65,active,2026-01-01
I65,active,2026-02-01
I65,active,2026-03-01
I65,active,2026-04-01
I65,active,2026-05-01
I65,active,2026-06-01
I65,active,2026-07-01
I65,active,2026-08-01
I65,inactive,2026-09-01
I65,default,2026-10-01
I66,active,2026-01-01
I66,active,2026-02-01
I66,active,2026-03-01
I66,active,2026-04-01
I66,inactive,2026-05-01
I67,active,2026-01-01
I67,active,2026-02-01
I67,active,2026-03-01
I67,active,2026-04-01
I67,active,2026-05-01
I67,active,2026-06-01
I67,active,2026-07-01
I67,inactive,2026-08-01
I68,active,2026-01-01
I68,active,2026-02-01
I68,active,2026-03-01
I68,active,2026-04-01
I68,active,2026-05-01
I68,active,2026-06-01
I68,active,2026-07-01
I68,active,2026-08-01
I68,active,2026-09-01
I68,inactive,2026-10-01
I68,active,2026-11-01
I68,inactive,2026-12-01
I69,active,2026-01-01
I69,active,2026-02-01
I69,active,2026-03-01
I69,active,2026-04-01
I69,active,2026-05-01
I69,inactive,2026-06-01
I69,inactive,2026-07-01
I69,active,2026-08-01
I69,inactive,2026-09-01
I69,active,2026-10-01
I69,active,2026-11-01
I69,active,2026-12-01
I70,active,2026-01-01
I70,active,2026-02-01
I70,active,2026-03-01
I70,active,2026-04-01
I70,active,2026-05-01
I70,inactive,2026-06-01
I70,active,2026-07-01
I70,inactive,2026-08-01
I70,inactive,2026-09-01
I70,active,2026-10-01
I71,active,2026-01-01
I71,active,2026-02-01
I71,active,2026-03-01
I71,active,2026-04-01
I71,active,2026-05-01
I71,inactive,2026-06-01
I71,inactive,2026-07-01
I71,default,2026-08-01
I72,active,2026-01-01
I72,active,2026-02-01
I72,active,2026-03-01
I72,active,2026-04-01
I72,active,2026-05-01
I72,active,2026-06-01
I73,active,2026-01-01
I73,active,2026-02-01
I73,active,2026-03-01
I73,active,2026-04-01
I73,active,2026-05-01
I73,active,2026-06-01
I73,active,2026-07-01
I73,active,2026-08-01
I73,active,2026-09-01
I73,active,2026-10-01
I73,active,2026-11-01
I73,inactive,2026-12-01
I74,active,2026-01-01
I74,inactive,2026-02-01
I74,active,2026-03-01
I74,inactive,2026-04-01
I74,inactive,2026-05-01
I74,inactive,2026-06-01
I74,active,2026-07-01
I74,inactive,2026-08-01
I74,active,2026-09-01
I74,inactive,2026-10-01
I74,inactive,2026-11-01
I74,active,2026-12-01
I75,active,2026-01-01
I75,active,2026-02-01
I75,active,2026-03-01
I75,active,2026-04-01
I75,active,2026-05-01
I75,active,2026-06-01
I75,active,2026-07-01
I75,active,2026-08-01
I75,active,2026-09-01
I75,inactive,2026-10-01
I75,inactive,2026-11-01
I76,active,2026-01-01
I76,inactive,2026-02-01
I76,active,2026-03-01
I76,inactive,2026-04-01
I76,active,2026-05-01
I76,inactive,2026-06-01
I76,inactive,2026-07-01
I76,active,2026-08-01
I77,active,2026-01-01
I77,active,2026-02-01
I77,active,2026-03-01
I77,active,2026-04-01
I77,active,2026-05-01
I77,active,2026-06-01
I77,inactive,2026-07-01
I77,inactive,2026-08-01
I77,inactive,2026-09-01
I77,inactive,2026-10-01
I77,active,2026-11-01
I78,active,2026-01-01
I78,active,2026-02-01
I78,inactive,2026-03-01
I78,inactive,2026-04-01
I78,active,2026-05-01
I78,inactive,2026-06-01
I78,active,2026-07-01
I79,active,2026-01-01
I79,active,2026-02-01
I79,active,2026-03-01
I79,active,2026-04-01
I79,active,2026-05-01
I79,active,2026-06-01
I79,active,2026-07-01
I79,active,2026-08-01
I79,active,2026-09-01
I79,active,2026-10-01
I79,inactive,2026-11-01
I79,active,2026-12-01
I80,active,2026-01-01
I80,active,2026-02-01
I80,active,2026-03-01
I80,active,2026-04-01
I80,active,2026-05-01
I80,inactive,2026-06-01
I81,active,2026-01-01
I81,active,2026-02-01
I81,active,2026-03-01
I81,inactive,2026-04-01
I81,inactive,2026-05-01
I82,active,2026-01-01
I82,active,2026-02-01
I82,active,2026-03-01
I82,active,2026-04-01
I82,active,2026-05-01
I82,active,2026-06-01
I82,active,2026-07-01
I83,active,2026-01-01
I83,active,2026-02-01
I83,active,2026-03-01
I83,active,2026-04-01
I83,inactive,2026-05-01
I83,active,2026-06-01
I83,active,2026-07-01
I83,active,2026-08-01
I83,inactive,2026-09-01
I83,active,2026-10-01
I83,inactive,2026-11-01
I84,inactive,2026-01-01
I84,inactive,2026-02-01
I84,inactive,2026-03-01
I84,inactive,2026-04-01
I84,active,2026-05-01
I84,inactive,2026-06-01
I84,inactive,2026-07-01
I84,inactive,2026-08-01
I85,active,2026-01-01
I85,active,2026-02-01
I85,active,2026-03-01
I85,active,2026-04-01
I85,inactive,2026-05-01
I85,active,2026-06-01
I85,active,2026-07-01
I86,active,2026-01-01
I86,active,2026-02-01
I86,active,2026-03-01
I86,active,2026-04-01
I86,active,2026-05-01
I86,active,2026-06-01
I86,inactive,2026-07-01
I86,inactive,2026-08-01
I86,active,2026-09-01
I86,inactive,2026-10-01
I86,active,2026-11-01
I87,active,2026-01-01
I87,active,2026-02-01
I87,inactive,2026-03-01
I87,active,2026-04-01
I87,inactive,2026-05-01
I87,active,2026-06-01
I87,active,2026-07-01
I87,active,2026-08-01
I87,inactive,2026-09-01
I87,inactive,2026-10-01
I87,active,2026-11-01
I87,inactive,2026-12-01
I88,active,2026-01-01
I88,active,2026-02-01
I88,active,2026-03-01
I88,active,2026-04-01
I88,active,2026-05-01
I88,active,2026-06-01
I88,active,2026-07-01
I88,active,2026-08-01
I88,active,2026-09-01
I88,inactive,2026-10-01
I88,active,2026-11-01
I88,inactive,2026-12-01
I89,active,2026-01-01
I89,active,2026-02-01
I89,active,2026-03-01
I89,active,2026-04-01
I89,active,2026-05-01
I89,active,2026-06-01
I89,active,2026-07-01
I89,active,2026-08-01
I89,active,2026-09-01
I89,inactive,2026-10-01
I89,default,2026-11-01
I89,default,2026-12-01
I90,active,2026-01-01
I90,active,2026-02-01
I90,active,2026-03-01
I90,active,2026-04-01
I90,active,2026-05-01
I91,active,2026-01-01
I91,active,2026-02-01
I91,active,2026-03-01
I91,active,2026-04-01
I91,active,2026-05-01
I91,active,2026-06-01
I91,active,2026-07-01
I91,active,2026-08-01
I91,active,2026-09-01
I91,active,2026-10-01
I91,inactive,2026-11-01
I91,inactive,2026-12-01
I92,inactive,2026-01-01
I92,active,2026-02-01
I92,inactive,2026-03-01
I92,inactive,2026-04-01
I92,inactive,2026-05-01
I92,active,2026-06-01
I92,inactive,2026-07-01
I92,active,2026-08-01
I93,active,2026-01-01
I93,active,2026-02-01
I93,active,2026-03-01
I93,active,2026-04-01
I93,active,2026-05-01
I93,inactive,2026-06-01
I94,active,2026-01-01
I94,active,2026-02-01
I94,active,2026-03-01
I94,active,2026-04-01
I94,active,2026-05-01
I94,inactive,2026-06-01
I94,active,2026-07-01
I94,inactive,2026-08-01
I94,active,2026-09-01
I94,inactive,2026-10-01
I95,active,2026-01-01
I95,active,2026-02-01
I95,active,2026-03-01
I95,inactive,2026-04-01
I95,inactive,2026-05-01
I95,inactive,2026-06-01
I95,active,2026-07-01
I95,inactive,2026-08-01
I95,inactive,2026-09-01
I96,active,2026-01-01
I96,inactive,2026-02-01
I96,inactive,2026-03-01
I96,active,2026-04-01
I96,inactive,2026-05-01
I96,inactive,2026-06-01
I96,active,2026-07-01
I96,inactive,2026-08-01
I96,active,2026-09-01
I96,inactive,2026-10-01
I96,active,2026-11-01
I96,inactive,2026-12-01
I97,active,2026-01-01
I97,active,2026-02-01
I97,inactive,2026-03-01
I97,inactive,2026-04-01
I97,active,2026-05-01
I97,inactive,2026-06-01
I97,inactive,2026-07-01
I97,active,2026-08-01
I98,active,2026-01-01
I98,active,2026-02-01
I98,inactive,2026-03-01
I98,inactive,2026-04-01
I98,inactive,2026-05-01
I98,inactive,2026-06-01
I98,inactive,2026-07-01
I98,inactive,2026-08-01
I98,inactive,2026-09-01
I98,active,2026-10-01
I98,inactive,2026-11-01
I99,active,2026-01-01
I99,active,2026-02-01
I99,active,2026-03-01
I99,inactive,2026-04-01
I99,default,2026-05-01
I99,default,2026-06-01
I99,default,2026-07-01
I99,default,2026-08-01
J1,active,2026-01-01
J1,active,2026-02-01
J1,active,2026-03-01
J1,active,2026-04-01
J1,active,2026-05-01
J1,inactive,2026-06-01
J1,active,2026-07-01
J1,inactive,2026-08-01
J1,inactive,2026-09-01
J1,inactive,2026-10-01
J1,inactive,2026-11-01
J1,active,2026-12-01
J2,active,2026-01-01
J2,active,2026-02-01
J2,active,2026-03-01
J2,active,2026-04-01
J2,active,2026-05-01
J2,active,2026-06-01
J2,active,2026-07-01
J2,active,2026-08-01
J2,active,2026-09-01
J3,active,2026-01-01
J3,active,2026-02-01
J3,active,2026-03-01
J3,inactive,2026-04-01
J3,inactive,2026-05-01
J3,active,2026-06-01
J3,inactive,2026-07-01
J3,inactive,2026-08-01
J3,inactive,2026-09-01
J3,inactive,2026-10-01
J3,inactive,2026-11-01
J3,active,2026-12-01
J4,active,2026-01-01
J4,active,2026-02-01
J4,active,2026-03-01
J4,active,2026-04-01
J4,active,2026-05-01
J4,active,2026-06-01
J4,active,2026-07-01
J4,active,2026-08-01
J4,active,2026-09-01
J4,active,2026-10-01
J4,active,2026-11-01
J4,active,2026-12-01
J5,active,2026-01-01
J5,inactive,2026-02-01
J5,inactive,2026-03-01
J5,inactive,2026-04-01
J5,active,2026-05-01
J5,inactive,2026-06-01
J5,inactive,2026-07-01
J5,inactive,2026-08-01
J6,active,2026-01-01
J6,active,2026-02-01
J6,active,2026-03-01
J6,inactive,2026-04-01
J6,inactive,2026-05-01
J6,inactive,2026-06-01
J7,active,2026-01-01
J7,active,2026-02-01
J7,active,2026-03-01
J7,active,2026-04-01
J7,inactive,2026-05-01
J7,inactive,2026-06-01
J7,inactive,2026-07-01
J7,active,2026-08-01
J7,inactive,2026-09-01
J7,inactive,2026-10-01
J7,active,2026-11-01
J8,active,2026-01-01
J8,active,2026-02-01
J8,active,2026-03-01
J8,active,2026-04-01
J8,active,2026-05-01
J8,active,2026-06-01
J8,active,2026-07-01
J8,active,2026-08-01
J8,active,2026-09-01
J8,active,2026-10-01
J8,inactive,2026-11-01
J8,inactive,2026-12-01
J9,active,2026-01-01
J9,active,2026-02-01
J9,active,2026-03-01
J9,active,2026-04-01
J9,active,2026-05-01
J9,inactive,2026-06-01
J9,active,2026-07-01
J9,inactive,2026-08-01
J9,active,2026-09-01
J9,active,2026-10-01
J9,inactive,2026-11-01
J9,active,2026-12-01
J10,active,2026-01-01
J10,active,2026-02-01
J10,inactive,2026-03-01
J10,inactive,2026-04-01
J10,active,2026-05-01
J10,inactive,2026-06-01
J10,inactive,2026-07-01
J10,active,2026-08-01
J10,inactive,2026-09-01
J10,default,2026-10-01
J11,inactive,2026-01-01
J11,active,2026-02-01
J11,inactive,2026-03-01
J11,inactive,2026-04-01
J11,inactive,2026-05-01
J11,active,2026-06-01
J11,active,2026-07-01
J11,inactive,2026-08-01
J11,inactive,2026-09-01
J11,active,2026-10-01
J12,active,2026-01-01
J12,active,2026-02-01
J12,active,2026-03-01
J12,inactive,2026-04-01
J12,inactive,2026-05-01
J12,inactive,2026-06-01
J12,active,2026-07-01
J12,active,2026-08-01
J12,inactive,2026-09-01
J12,inactive,2026-10-01
J12,active,2026-11-01
J12,inactive,2026-12-01
J13,active,2026-01-01
J13,active,2026-02-01
J13,active,2026-03-01
J13,active,2026-04-01
J13,inactive,2026-05-01
J13,active,2026-06-01
J13,inactive,2026-07-01
J13,inactive,2026-08-01
J13,active,2026-09-01
J13,inactive,2026-10-01
J13,inactive,2026-11-01
J13,inactive,2026-12-01
J14,active,2026-01-01
J14,inactive,2026-02-01
J14,inactive,2026-03-01
J14,inactive,2026-04-01
J14,active,2026-05-01
J15,active,2026-01-01
J15,active,2026-02-01
J15,active,2026-03-01
J15,active,2026-04-01
J15,active,2026-05-01
J15,active,2026-06-01
J15,active,2026-07-01
J15,active,2026-08-01
J15,active,2026-09-01
J15,active,2026-10-01
J15,active,2026-11-01
J15,active,2026-12-01
J16,active,2026-01-01
J16,active,2026-02-01
J16,active,2026-03-01
J16,active,2026-04-01
J16,active,2026-05-01
J16,active,2026-06-01
J16,inactive,2026-07-01
J16,active,2026-08-01
J16,active,2026-09-01
J17,active,2026-01-01
J17,active,2026-02-01
J17,active,2026-03-01
J17,active,2026-04-01
J17,active,2026-05-01
J17,active,2026-06-01
J17,active,2026-07-01
J17,inactive,2026-08-01
J17,inactive,2026-09-01
J17,active,2026-10-01
J18,active,2026-01-01
J18,active,2026-02-01
J18,active,2026-03-01
J18,active,2026-04-01
J18,active,2026-05-01
J19,active,2026-01-01
J19,active,2026-02-01
J19,active,2026-03-01
J19,active,2026-04-01
J19,active,2026-05-01
J19,active,2026-06-01
J19,inactive,2026-07-01
J19,inactive,2026-08-01
J19,inactive,2026-09-01
J19,inactive,2026-10-01
J19,active,2026-11-01
J20,active,2026-01-01
J20,active,2026-02-01
J20,active,2026-03-01
J20,active,2026-04-01
J20,active,2026-05-01
J20,active,2026-06-01
J20,active,2026-07-01
J20,active,2026-08-01
J20,active,2026-09-01
J20,active,2026-10-01
J20,active,2026-11-01
J20,inactive,2026-12-01
J21,active,2026-01-01
J21,active,2026-02-01
J21,active,2026-03-01
J21,active,2026-04-01
J21,active,2026-05-01
J21,inactive,2026-06-01
J22,active,2026-01-01
J22,active,2026-02-01
J22,active,2026-03-01
J22,active,2026-04-01
J22,active,2026-05-01
J22,inactive,2026-06-01
J22,inactive,2026-07-01
J22,inactive,2026-08-01
J22,active,2026-09-01
J22,inactive,2026-10-01
J22,active,2026-11-01
J23,active,2026-01-01
J23,active,2026-02-01
J23,active,2026-03-01
J23,active,2026-04-01
J23,active,2026-05-01
J23,active,2026-06-01
J23,inactive,2026-07-01
J23,inactive,2026-08-01
J23,active,2026-09-01
J23,inactive,2026-10-01
J24,active,2026-01-01
J24,active,2026-02-01
J24,active,2026-03-01
J24,active,2026-04-01
J24,active,2026-05-01
J24,active,2026-06-01
J24,inactive,2026-07-01
J25,active,2026-01-01
J25,active,2026-02-01
J25,active,2026-03-01
J25,active,2026-04-01
J25,active,2026-05-01
J25,active,2026-06-01
J25,active,2026-07-01
J25,active,2026-08-01
J26,active,2026-01-01
J26,active,2026-02-01
J26,active,2026-03-01
J26,active,2026-04-01
J26,active,2026-05-01
J26,active,2026-06-01
J26,active,2026-07-01
J26,inactive,2026-08-01
J26,inactive,2026-09-01
J27,active,2026-01-01
J27,active,2026-02-01
J27,active,2026-03-01
J27,active,2026-04-01
J27,active,2026-05-01
J27,active,2026-06-01
J27,active,2026-07-01
J27,inactive,2026-08-01
J28,active,2026-01-01
J28,active,2026-02-01
J28,active,2026-03-01
J28,active,2026-04-01
J28,active,2026-05-01
J28,active,2026-06-01
J28,inactive,2026-07-01
J28,active,2026-08-01
J28,active,2026-09-01
J28,inactive,2026-10-01
J29,active,2026-01-01
J29,active,2026-02-01
J29,active,2026-03-01
J29,active,2026-04-01
J29,inactive,2026-05-01
J30,active,2026-01-01
J30,active,2026-02-01
J30,inactive,2026-03-01
J30,inactive,2026-04-01
J30,active,2026-05-01
J30,active,2026-06-01
J30,inactive,2026-07-01
J30,inactive,2026-08-01
J30,inactive,2026-09-01
J30,inactive,2026-10-01
J31,active,2026-01-01
J31,active,2026-02-01
J31,active,2026-03-01
J31,inactive,2026-04-01
J31,active,2026-05-01
J32,active,2026-01-01
J32,active,2026-02-01
J32,active,2026-03-01
J32,active,2026-04-01
J32,active,2026-05-01
J32,inactive,2026-06-01
J32,default,2026-07-01
J32,default,2026-08-01
J32,default,2026-09-01
J32,default,2026-10-01
J32,default,2026-11-01
J33,active,2026-01-01
J33,active,2026-02-01
J33,active,2026-03-01
J33,active,2026-04-01
J33,inactive,2026-05-01
J33,inactive,2026-06-01
J33,inactive,2026-07-01
J33,inactive,2026-08-01
J33,active,2026-09-01
J34,active,2026-01-01
J34,active,2026-02-01
J34,active,2026-03-01
J34,inactive,2026-04-01
J34,active,2026-05-01
J34,active,2026-06-01
J34,active,2026-07-01
J35,active,2026-01-01
J35,active,2026-02-01
J35,inactive,2026-03-01
J35,inactive,2026-04-01
J35,inactive,2026-05-01
J35,active,2026-06-01
J35,active,2026-07-01
J35,inactive,2026-08-01
J35,active,2026-09-01
J36,active,2026-01-01
J36,active,2026-02-01
J36,active,2026-03-01
J36,active,2026-04-01
J36,active,2026-05-01
J36,active,2026-06-01
J36,active,2026-07-01
J36,active,2026-08-01
J36,active,2026-09-01
J36,inactive,2026-10-01
J36,inactive,2026-11-01
J36,active,2026-12-01
J37,inactive,2026-01-01
J37,active,2026-02-01
J37,active,2026-03-01
J37,inactive,2026-04-01
J37,inactive,2026-05-01
J37,active,2026-06-01
J38,active,2026-01-01
J38,active,2026-02-01
J38,active,2026-03-01
J38,active,2026-04-01
J38,inactive,2026-05-01
J39,active,2026-01-01
J39,active,2026-02-01
J39,active,2026-03-01
J39,active,2026-04-01
J39,active,2026-05-01
J39,inactive,2026-06-01
J39,inactive,2026-07-01
J39,inactive,2026-08-01
J39,active,2026-09-01
J39,inactive,2026-10-01
J39,inactive,2026-11-01
J39,inactive,2026-12-01
J40,active,2026-01-01
J40,active,2026-02-01
J40,active,2026-03-01
J40,active,2026-04-01
J40,inactive,2026-05-01
J40,inactive,2026-06-01
J40,inactive,2026-07-01
J40,inactive,2026-08-01
J41,active,2026-01-01
J41,active,2026-02-01
J41,active,2026-03-01
J41,active,2026-04-01
J41,inactive,2026-05-01
J41,inactive,2026-06-01
J41,inactive,2026-07-01
J41,inactive,2026-08-01
J42,active,2026-01-01
J42,active,2026-02-01
J42,inactive,2026-03-01
J42,inactive,2026-04-01
J42,inactive,2026-05-01
J42,inactive,2026-06-01
J42,inactive,2026-07-01
J43,active,2026-01-01
J43,active,2026-02-01
J43,active,2026-03-01
J43,active,2026-04-01
J43,active,2026-05-01
J43,active,2026-06-01
J43,inactive,2026-07-01
J43,inactive,2026-08-01
J43,active,2026-09-01
J43,inactive,2026-10-01
J44,active,2026-01-01
J44,active,2026-02-01
J44,active,2026-03-01
J44,active,2026-04-01
J44,active,2026-05-01
J44,active,2026-06-01
J44,active,2026-07-01
J44,active,2026-08-01
J44,active,2026-09-01
J44,inactive,2026-10-01
J44,active,2026-11-01
J44,inactive,2026-12-01
J45,active,2026-01-01
J45,active,2026-02-01
J45,active,2026-03-01
J45,active,2026-04-01
J45,active,2026-05-01
J45,active,2026-06-01
J45,active,2026-07-01
J45,active,2026-08-01
J45,active,2026-09-01
J45,active,2026-10-01
J45,inactive,2026-11-01
J45,active,2026-12-01
J46,active,2026-01-01
J46,active,2026-02-01
J46,active,2026-03-01
J46,active,2026-04-01
J46,active,2026-05-01
J46,active,2026-06-01
J46,active,2026-07-01
J46,active,2026-08-01
J46,inactive,2026-09-01
J46,active,2026-10-01
J46,active,2026-11-01
J46,inactive,2026-12-01
J47,active,2026-01-01
J47,active,2026-02-01
J47,active,2026-03-01
J47,active,2026-04-01
J47,active,2026-05-01
J47,active,2026-06-01
J47,active,2026-07-01
J47,active,2026-08-01
J47,inactive,2026-09-01
J48,active,2026-01-01
J48,active,2026-02-01
J48,active,2026-03-01
J48,active,2026-04-01
J48,active,2026-05-01
J48,active,2026-06-01
J48,active,2026-07-01
J48,inactive,2026-08-01
J48,inactive,2026-09-01
J49,active,2026-01-01
J49,active,2026-02-01
J49,active,2026-03-01
J49,inactive,2026-04-01
J49,active,2026-05-01
J49,active,2026-06-01
J49,inactive,2026-07-01
J50,active,2026-01-01
J50,active,2026-02-01
J50,active,2026-03-01
J50,active,2026-04-01
J50,active,2026-05-01
J50,active,2026-06-01
J50,active,2026-07-01
J50,active,2026-08-01
J50,inactive,2026-09-01
J50,active,2026-10-01
J51,active,2026-01-01
J51,inactive,2026-02-01
J51,inactive,2026-03-01
J51,default,2026-04-01
J51,default,2026-05-01
J52,active,2026-01-01
J52,inactive,2026-02-01
J52,active,2026-03-01
J52,inactive,2026-04-01
J52,active,2026-05-01
J52,inactive,2026-06-01
J52,active,2026-07-01
J52,inactive,2026-08-01
J52,inactive,2026-09-01
J52,active,2026-10-01
J52,inactive,2026-11-01
J52,active,2026-12-01
J53,active,2026-01-01
J53,active,2026-02-01
J53,active,2026-03-01
J53,active,2026-04-01
J53,active,2026-05-01
J53,active,2026-06-01
J53,active,2026-07-01
J53,inactive,2026-08-01
J53,inactive,2026-09-01
J53,inactive,2026-10-01
J54,active,2026-01-01
J54,active,2026-02-01
J54,active,2026-03-01
J54,active,2026-04-01
J54,active,2026-05-01
J54,active,2026-06-01
J54,active,2026-07-01
J55,active,2026-01-01
J55,active,2026-02-01
J55,active,2026-03-01
J55,active,2026-04-01
J55,active,2026-05-01
J55,inactive,2026-06-01
J55,active,2026-07-01
J55,inactive,2026-08-01
J55,default,2026-09-01
J56,active,2026-01-01
J56,active,2026-02-01
J56,inactive,2026-03-01
J56,inactive,2026-04-01
J56,inactive,2026-05-01
J56,inactive,2026-06-01
J56,active,2026-07-01
J57,active,2026-01-01
J57,active,2026-02-01
J57,active,2026-03-01
J57,active,2026-04-01
J57,active,2026-05-01
J57,active,2026-06-01
J57,inactive,2026-07-01
J57,active,2026-08-01
J57,inactive,2026-09-01
J57,active,2026-10-01
J57,inactive,2026-11-01
J57,inactive,2026-12-01
J58,active,2026-01-01
J58,inactive,2026-02-01
J58,inactive,2026-03-01
J58,active,2026-04-01
J58,inactive,2026-05-01
J58,inactive,2026-06-01
J58,active,2026-07-01
J58,active,2026-08-01
J58,inactive,2026-09-01
J58,active,2026-10-01
J58,inactive,2026-11-01
J59,active,2026-01-01
J59,active,2026-02-01
J59,active,2026-03-01
J59,active,2026-04-01
J59,active,2026-05-01
J59,active,2026-06-01
J59,active,2026-07-01
J59,active,2026-08-01
J59,active,2026-09-01
J59,inactive,2026-10-01
J59,default,2026-11-01
J59,default,2026-12-01
J60,active,2026-01-01
J60,inactive,2026-02-01
J60,active,2026-03-01
J60,active,2026-04-01
J60,inactive,2026-05-01
J61,active,2026-01-01
J61,active,2026-02-01
J61,inactive,2026-03-01
J61,active,2026-04-01
J61,inactive,2026-05-01
J61,inactive,2026-06-01
J61,inactive,2026-07-01
J61,inactive,2026-08-01
J61,inactive,2026-09-01
J61,active,2026-10-01
J62,inactive,2026-01-01
J62,inactive,2026-02-01
J62,inactive,2026-03-01
J62,active,2026-04-01
J62,inactive,2026-05-01
J63,inactive,2026-01-01
J63,active,2026-02-01
J63,inactive,2026-03-01
J63,active,2026-04-01
J63,inactive,2026-05-01
J63,active,2026-06-01
J63,inactive,2026-07-01
J63,active,2026-08-01
J63,active,2026-09-01
J63,inactive,2026-10-01
J63,default,2026-11-01
J63,default,2026-12-01
J64,active,2026-01-01
J64,active,2026-02-01
J64,active,2026-03-01
J64,active,2026-04-01
J64,active,2026-05-01
J64,inactive,2026-06-01
J65,active,2026-01-01
J65,active,2026-02-01
J65,active,2026-03-01
J65,active,2026-04-01
J65,active,2026-05-01
J65,active,2026-06-01
J65,inactive,2026-07-01
J65,inactive,2026-08-01
J65,inactive,2026-09-01
J65,inactive,2026-10-01
J65,active,2026-11-01
J65,inactive,2026-12-01
J66,active,2026-01-01
J66,active,2026-02-01
J66,active,2026-03-01
J66,active,2026-04-01
J66,inactive,2026-05-01
J66,active,2026-06-01
J66,inactive,2026-07-01
J66,active,2026-08-01
J67,active,2026-01-01
J67,active,2026-02-01
J67,active,2026-03-01
J67,active,2026-04-01
J67,active,2026-05-01
J67,active,2026-06-01
J67,inactive,2026-07-01
J67,inactive,2026-08-01
J67,active,2026-09-01
J67,active,2026-10-01
J67,active,2026-11-01
J67,inactive,2026-12-01
J68,active,2026-01-01
J68,inactive,2026-02-01
J68,inactive,2026-03-01
J68,inactive,2026-04-01
J68,active,2026-05-01
J69,active,2026-01-01
J69,active,2026-02-01
J69,active,2026-03-01
J69,active,2026-04-01
J69,active,2026-05-01
J69,active,2026-06-01
J69,active,2026-07-01
J69,active,2026-08-01
J69,active,2026-09-01
J69,active,2026-10-01
J69,active,2026-11-01
J69,active,2026-12-01
J70,active,2026-01-01
J70,active,2026-02-01
J70,active,2026-03-01
J70,inactive,2026-04-01
J70,active,2026-05-01
J71,active,2026-01-01
J71,active,2026-02-01
J71,active,2026-03-01
J71,inactive,2026-04-01
J71,inactive,2026-05-01
J72,active,2026-01-01
J72,active,2026-02-01
J72,active,2026-03-01
J72,inactive,2026-04-01
J72,inactive,2026-05-01
J72,inactive,2026-06-01
J72,inactive,2026-07-01
J73,active,2026-01-01
J73,active,2026-02-01
J73,active,2026-03-01
J73,active,2026-04-01
J73,active,2026-05-01
J73,inactive,2026-06-01
J74,active,2026-01-01
J74,active,2026-02-01
J74,active,2026-03-01
J74,inactive,2026-04-01
J74,inactive,2026-05-01
J74,active,2026-06-01
J74,inactive,2026-07-01
J74,inactive,2026-08-01
J74,inactive,2026-09-01
J75,active,2026-01-01
J75,active,2026-02-01
J75,active,2026-03-01
J75,active,2026-04-01
J75,inactive,2026-05-01
J75,active,2026-06-01
J75,inactive,2026-07-01
J75,active,2026-08-01
J75,inactive,2026-09-01
J75,active,2026-10-01
J76,active,2026-01-01
J76,active,2026-02-01
J76,active,2026-03-01
J76,active,2026-04-01
J76,active,2026-05-01
J76,active,2026-06-01
J76,active,2026-07-01
J76,active,2026-08-01
J76,inactive,2026-09-01
J76,active,2026-10-01
J76,inactive,2026-11-01
J76,inactive,2026-12-01
J77,inactive,2026-01-01
J77,inactive,2026-02-01
J77,default,2026-03-01
J77,default,2026-04-01
J77,default,2026-05-01
J77,default,2026-06-01
J77,default,2026-07-01
J77,default,2026-08-01
J77,default,2026-09-01
J77,default,2026-10-01
J77,default,2026-11-01
J77,default,2026-12-01
J78,active,2026-01-01
J78,inactive,2026-02-01
J78,inactive,2026-03-01
J78,active,2026-04-01
J78,inactive,2026-05-01
J78,inactive,2026-06-01
J78,inactive,2026-07-01
J78,inactive,2026-08-01
J78,active,2026-09-01
J78,inactive,2026-10-01
J78,default,2026-11-01
J79,active,2026-01-01
J79,active,2026-02-01
J79,active,2026-03-01
J79,inactive,2026-04-01
J79,active,2026-05-01
J80,active,2026-01-01
J80,inactive,2026-02-01
J80,inactive,2026-03-01
J80,active,2026-04-01
J80,inactive,2026-05-01
J80,active,2026-06-01
J80,active,2026-07-01
J81,active,2026-01-01
J81,active,2026-02-01
J81,active,2026-03-01
J81,inactive,2026-04-01
J81,active,2026-05-01
J81,inactive,2026-06-01
J82,active,2026-01-01
J82,active,2026-02-01
J82,inactive,2026-03-01
J82,inactive,2026-04-01
J82,active,2026-05-01
J82,active,2026-06-01
J83,active,2026-01-01
J83,active,2026-02-01
J83,inactive,2026-03-01
J83,inactive,2026-04-01
J83,inactive,2026-05-01
J83,inactive,2026-06-01
J83,active,2026-07-01
J83,inactive,2026-08-01
J83,active,2026-09-01
J83,inactive,2026-10-01
J84,active,2026-01-01
J84,active,2026-02-01
J84,inactive,2026-03-01
J84,active,2026-04-01
J84,inactive,2026-05-01
J84,inactive,2026-06-01
J84,active,2026-07-01
J84,inactive,2026-08-01
J84,inactive,2026-09-01
J84,inactive,2026-10-01
J84,inactive,2026-11-01
J84,active,2026-12-01
J85,active,2026-01-01
J85,active,2026-02-01
J85,inactive,2026-03-01
J85,active,2026-04-01
J85,inactive,2026-05-01
J85,active,2026-06-01
J85,active,2026-07-01
J85,active,2026-08-01
J85,inactive,2026-09-01
J85,active,2026-10-01
J85,active,2026-11-01
J85,inactive,2026-12-01
J86,active,2026-01-01
J86,inactive,2026-02-01
J86,inactive,2026-03-01
J86,active,2026-04-01
J86,active,2026-05-01
J86,active,2026-06-01
J86,inactive,2026-07-01
J86,active,2026-08-01
J86,inactive,2026-09-01
J86,inactive,2026-10-01
J86,default,2026-11-01
J86,default,2026-12-01
J87,active,2026-01-01
J87,active,2026-02-01
J87,inactive,2026-03-01
J87,active,2026-04-01
J87,inactive,2026-05-01
J87,inactive,2026-06-01
J87,inactive,2026-07-01
J87,inactive,2026-08-01
J87,inactive,2026-09-01
J87,active,2026-10-01
J87,inactive,2026-11-01
J87,active,2026-12-01
J88,active,2026-01-01
J88,active,2026-02-01
J88,active,2026-03-01
J88,active,2026-04-01
J88,inactive,2026-05-01
J88,active,2026-06-01
J88,inactive,2026-07-01
J88,active,2026-08-01
J88,inactive,2026-09-01
J88,inactive,2026-10-01
J88,active,2026-11-01
J88,active,2026-12-01
J89,active,2026-01-01
J89,active,2026-02-01
J89,active,2026-03-01
J89,active,2026-04-01
J89,inactive,2026-05-01
J89,inactive,2026-06-01
J90,active,2026-01-01
J90,active,2026-02-01
J90,active,2026-03-01
J90,active,2026-04-01
J90,active,2026-05-01
J90,active,2026-06-01
J90,active,2026-07-01
J90,inactive,2026-08-01
J91,active,2026-01-01
J91,active,2026-02-01
J91,inactive,2026-03-01
J91,active,2026-04-01
J91,active,2026-05-01
J91,inactive,2026-06-01
J91,active,2026-07-01
J91,inactive,2026-08-01
J92,inactive,2026-01-01
J92,inactive,2026-02-01
J92,inactive,2026-03-01
J92,inactive,2026-04-01
J92,inactive,2026-05-01
J92,active,2026-06-01
J92,active,2026-07-01
J93,active,2026-01-01
J93,active,2026-02-01
J93,active,2026-03-01
J93,active,2026-04-01
J93,inactive,2026-05-01
J94,active,2026-01-01
J94,active,2026-02-01
J94,active,2026-03-01
J94,active,2026-04-01
J94,active,2026-05-01
J94,active,2026-06-01
J94,active,2026-07-01
J94,inactive,2026-08-01
J94,default,2026-09-01
J94,default,2026-10-01
J95,active,2026-01-01
J95,active,2026-02-01
J95,active,2026-03-01
J95,active,2026-04-01
J95,inactive,2026-05-01
J96,active,2026-01-01
J96,active,2026-02-01
J96,active,2026-03-01
J96,active,2026-04-01
J96,active,2026-05-01
J96,active,2026-06-01
J96,inactive,2026-07-01
J96,inactive,2026-08-01
J97,inactive,2026-01-01
J97,active,2026-02-01
J97,active,2026-03-01
J97,inactive,2026-04-01
J97,active,2026-05-01
J97,active,2026-06-01
J97,active,2026-07-01
J97,inactive,2026-08-01
J97,inactive,2026-09-01
J97,inactive,2026-10-01
J97,inactive,2026-11-01
J97,active,2026-12-01
J98,active,2026-01-01
J98,active,2026-02-01
J98,active,2026-03-01
J98,active,2026-04-01
J98,active,2026-05-01
J98,active,2026-06-01
J98,active,2026-07-01
J98,active,2026-08-01
J98,active,2026-09-01
J98,inactive,2026-10-01
J98,inactive,2026-11-01
J98,active,2026-12-01
J99,active,2026-01-01
J99,inactive,2026-02-01
J99,active,2026-03-01
J99,inactive,2026-04-01
J99,inactive,2026-05-01
J99,default,2026-06-01
K1,active,2026-01-01
K1,active,2026-02-01
K1,active,2026-03-01
K1,active,2026-04-01
K1,inactive,2026-05-01
K2,active,2026-01-01
K2,inactive,2026-02-01
K2,inactive,2026-03-01
K2,active,2026-04-01
K2,inactive,2026-05-01
K2,active,2026-06-01
K3,active,2026-01-01
K3,active,2026-02-01
K3,active,2026-03-01
K3,active,2026-04-01
K3,inactive,2026-05-01
K3,inactive,2026-06-01
K3,inactive,2026-07-01
K3,active,2026-08-01
K3,inactive,2026-09-01
K3,active,2026-10-01
K3,active,2026-11-01
K3,active,2026-12-01
K4,active,2026-01-01
K4,active,2026-02-01
K4,active,2026-03-01
K4,inactive,2026-04-01
K4,inactive,2026-05-01
K4,active,2026-06-01
K4,inactive,2026-07-01
K4,active,2026-08-01
K5,active,2026-01-01
K5,active,2026-02-01
K5,active,2026-03-01
K5,active,2026-04-01
K5,active,2026-05-01
K5,active,2026-06-01
K5,inactive,2026-07-01
K5,inactive,2026-08-01
K5,active,2026-09-01
K5,inactive,2026-10-01
K5,active,2026-11-01
K5,inactive,2026-12-01
K6,active,2026-01-01
K6,active,2026-02-01
K6,active,2026-03-01
K6,active,2026-04-01
K6,active,2026-05-01
K6,active,2026-06-01
K6,active,2026-07-01
K6,inactive,2026-08-01
K6,inactive,2026-09-01
K6,inactive,2026-10-01
K6,inactive,2026-11-01
K7,active,2026-01-01
K7,active,2026-02-01
K7,active,2026-03-01
K7,active,2026-04-01
K7,inactive,2026-05-01
K7,active,2026-06-01
K7,active,2026-07-01
K7,inactive,2026-08-01
K8,active,2026-01-01
K8,active,2026-02-01
K8,active,2026-03-01
K8,active,2026-04-01
K8,inactive,2026-05-01
K8,inactive,2026-06-01
K8,inactive,2026-07-01
K8,active,2026-08-01
K8,inactive,2026-09-01
K9,active,2026-01-01
K9,active,2026-02-01
K9,active,2026-03-01
K9,active,2026-04-01
K9,active,2026-05-01
K9,active,2026-06-01
K9,active,2026-07-01
K9,active,2026-08-01
K9,active,2026-09-01
K9,active,2026-10-01
K9,active,2026-11-01
K9,active,2026-12-01
K10,active,2026-01-01
K10,active,2026-02-01
K10,active,2026-03-01
K10,active,2026-04-01
K10,active,2026-05-01
K10,active,2026-06-01
K10,active,2026-07-01
K10,active,2026-08-01
K10,inactive,2026-09-01
K11,active,2026-01-01
K11,active,2026-02-01
K11,active,2026-03-01
K11,active,2026-04-01
K11,active,2026-05-01
K11,active,2026-06-01
K11,inactive,2026-07-01
K11,inactive,2026-08-01
K12,active,2026-01-01
K12,active,2026-02-01
K12,active,2026-03-01
K12,active,2026-04-01
K12,active,2026-05-01
K12,active,2026-06-01
K12,active,2026-07-01
K12,active,2026-08-01
K12,inactive,2026-09-01
K12,active,2026-10-01
K13,active,2026-01-01
K13,active,2026-02-01
K13,inactive,2026-03-01
K13,inactive,2026-04-01
K13,active,2026-05-01
K13,active,2026-06-01
K13,inactive,2026-07-01
K13,inactive,2026-08-01
K13,inactive,2026-09-01
K13,inactive,2026-10-01
K14,active,2026-01-01
K14,active,2026-02-01
K14,active,2026-03-01
K14,active,2026-04-01
K14,active,2026-05-01
K14,active,2026-06-01
K14,active,2026-07-01
K14,active,2026-08-01
K14,inactive,2026-09-01
K14,inactive,2026-10-01
K15,active,2026-01-01
K15,active,2026-02-01
K15,active,2026-03-01
K15,active,2026-04-01
K15,active,2026-05-01
K15,active,2026-06-01
K15,active,2026-07-01
K15,active,2026-08-01
K15,inactive,2026-09-01
K15,inactive,2026-10-01
K15,inactive,2026-11-01
K15,inactive,2026-12-01
K16,active,2026-01-01
K16,active,2026-02-01
K16,active,2026-03-01
K16,active,2026-04-01
K16,active,2026-05-01
K16,active,2026-06-01
K16,active,2026-07-01
K16,active,2026-08-01
K16,inactive,2026-09-01
K16,active,2026-10-01
K16,inactive,2026-11-01
K16,inactive,2026-12-01
K17,active,2026-01-01
K17,active,2026-02-01
K17,active,2026-03-01
K17,active,2026-04-01
K17,active,2026-05-01
K17,inactive,2026-06-01
K17,inactive,2026-07-01
K17,active,2026-08-01
K18,inactive,2026-01-01
K18,inactive,2026-02-01
K18,inactive,2026-03-01
K18,inactive,2026-04-01
K18,active,2026-05-01
K19,active,2026-01-01
K19,active,2026-02-01
K19,active,2026-03-01
K19,active,2026-04-01
K19,active,2026-05-01
K19,active,2026-06-01
K19,inactive,2026-07-01
K19,inactive,2026-08-01
K19,active,2026-09-01
K20,active,2026-01-01
K20,inactive,2026-02-01
K20,active,2026-03-01
K20,active,2026-04-01
K20,inactive,2026-05-01
K21,active,2026-01-01
K21,active,2026-02-01
K21,active,2026-03-01
K21,active,2026-04-01
K21,inactive,2026-05-01
K21,active,2026-06-01
K21,active,2026-07-01
K21,inactive,2026-08-01
K21,inactive,2026-09-01
K22,active,2026-01-01
K22,active,2026-02-01
K22,active,2026-03-01
K22,inactive,2026-04-01
K22,active,2026-05-01
K22,inactive,2026-06-01
K22,default,2026-07-01
K22,default,2026-08-01
K22,default,2026-09-01
K22,default,2026-10-01
K23,active,2026-01-01
K23,active,2026-02-01
K23,active,2026-03-01
K23,active,2026-04-01
K23,active,2026-05-01
K23,active,2026-06-01
K23,inactive,2026-07-01
K23,inactive,2026-08-01
K24,active,2026-01-01
K24,active,2026-02-01
K24,active,2026-03-01
K24,inactive,2026-04-01
K24,active,2026-05-01
K24,inactive,2026-06-01
K24,inactive,2026-07-01
K25,active,2026-01-01
K25,active,2026-02-01
K25,active,2026-03-01
K25,inactive,2026-04-01
K25,active,2026-05-01
K26,active,2026-01-01
K26,active,2026-02-01
K26,active,2026-03-01
K26,active,2026-04-01
K26,inactive,2026-05-01
K26,inactive,2026-06-01
K26,active,2026-07-01
K26,active,2026-08-01
K26,active,2026-09-01
K26,inactive,2026-10-01
K26,inactive,2026-11-01
K26,inactive,2026-12-01
K27,active,2026-01-01
K27,active,2026-02-01
K27,active,2026-03-01
K27,active,2026-04-01
K27,active,2026-05-01
K27,active,2026-06-01
K27,active,2026-07-01
K27,active,2026-08-01
K27,active,2026-09-01
K27,active,2026-10-01
K27,active,2026-11-01
K27,active,2026-12-01
K28,active,2026-01-01
K28,active,2026-02-01
K28,active,2026-03-01
K28,active,2026-04-01
K28,active,2026-05-01
K28,active,2026-06-01
K28,active,2026-07-01
K28,active,2026-08-01
K28,active,2026-09-01
K28,active,2026-10-01
K28,active,2026-11-01
K29,active,2026-01-01
K29,active,2026-02-01
K29,active,2026-03-01
K29,active,2026-04-01
K29,active,2026-05-01
K29,inactive,2026-06-01
K29,inactive,2026-07-01
K29,inactive,2026-08-01
K29,inactive,2026-09-01
K29,active,2026-10-01
K29,inactive,2026-11-01
K30,active,2026-01-01
K30,active,2026-02-01
K30,active,2026-03-01
K30,active,2026-04-01
K30,active,2026-05-01
K30,active,2026-06-01
K30,inactive,2026-07-01
K31,active,2026-01-01
K31,active,2026-02-01
K31,active,2026-03-01
K31,active,2026-04-01
K31,active,2026-05-01
K31,active,2026-06-01
K31,inactive,2026-07-01
K31,active,2026-08-01
K31,active,2026-09-01
K32,active,2026-01-01
K32,active,2026-02-01
K32,active,2026-03-01
K32,active,2026-04-01
K32,active,2026-05-01
K32,active,2026-06-01
K32,active,2026-07-01
K32,active,2026-08-01
K32,inactive,2026-09-01
K32,inactive,2026-10-01
K32,active,2026-11-01
K32,inactive,2026-12-01
K33,active,2026-01-01
K33,active,2026-02-01
K33,active,2026-03-01
K33,active,2026-04-01
K33,inactive,2026-05-01
K33,active,2026-06-01
K33,inactive,2026-07-01
K33,active,2026-08-01
K33,inactive,2026-09-01
K33,inactive,2026-10-01
K33,inactive,2026-11-01
K33,active,2026-12-01
K34,active,2026-01-01
K34,inactive,2026-02-01
K34,active,2026-03-01
K34,active,2026-04-01
K34,active,2026-05-01
K35,active,2026-01-01
K35,active,2026-02-01
K35,inactive,2026-03-01
K35,active,2026-04-01
K35,inactive,2026-05-01
K35,active,2026-06-01
K35,inactive,2026-07-01
K35,inactive,2026-08-01
K35,active,2026-09-01
K35,inactive,2026-10-01
K35,active,2026-11-01
K35,inactive,2026-12-01
K36,active,2026-01-01
K36,active,2026-02-01
K36,active,2026-03-01
K36,inactive,2026-04-01
K36,active,2026-05-01
K36,active,2026-06-01
K36,inactive,2026-07-01
K36,inactive,2026-08-01
K36,inactive,2026-09-01
K36,active,2026-10-01
K36,inactive,2026-11-01
K36,active,2026-12-01
K37,active,2026-01-01
K37,active,2026-02-01
K37,active,2026-03-01
K37,inactive,2026-04-01
K37,active,2026-05-01
K37,inactive,2026-06-01
K37,default,2026-07-01
K37,default,2026-08-01
K37,default,2026-09-01
K37,default,2026-10-01
K37,default,2026-11-01
K37,default,2026-12-01
K38,active,2026-01-01
K38,active,2026-02-01
K38,active,2026-03-01
K38,active,2026-04-01
K38,active,2026-05-01
K38,active,2026-06-01
K38,active,2026-07-01
K38,active,2026-08-01
K38,active,2026-09-01
K38,inactive,2026-10-01
K38,inactive,2026-11-01
K39,active,2026-01-01
K39,active,2026-02-01
K39,active,2026-03-01
K39,active,2026-04-01
K39,active,2026-05-01
K39,active,2026-06-01
K39,active,2026-07-01
K39,active,2026-08-01
K39,active,2026-09-01
K39,inactive,2026-10-01
K39,inactive,2026-11-01
K39,active,2026-12-01
K40,active,2026-01-01
K40,active,2026-02-01
K40,inactive,2026-03-01
K40,active,2026-04-01
K40,active,2026-05-01
K40,active,2026-06-01
K40,inactive,2026-07-01
K40,active,2026-08-01
K40,active,2026-09-01
K40,inactive,2026-10-01
K41,active,2026-01-01
K41,active,2026-02-01
K41,active,2026-03-01
K41,inactive,2026-04-01
K41,inactive,2026-05-01
K41,default,2026-06-01
K41,default,2026-07-01
K42,active,2026-01-01
K42,active,2026-02-01
K42,active,2026-03-01
K42,active,2026-04-01
K42,inactive,2026-05-01
K42,inactive,2026-06-01
K43,active,2026-01-01
K43,inactive,2026-02-01
K43,inactive,2026-03-01
K43,inactive,2026-04-01
K43,active,2026-05-01
K43,inactive,2026-06-01
K43,active,2026-07-01
K43,inactive,2026-08-01
K43,inactive,2026-09-01
K43,active,2026-10-01
K43,inactive,2026-11-01
K43,inactive,2026-12-01
K44,active,2026-01-01
K44,active,2026-02-01
K44,active,2026-03-01
K44,active,2026-04-01
K44,active,2026-05-01
K44,active,2026-06-01
K44,active,2026-07-01
K44,inactive,2026-08-01
K44,active,2026-09-01
K45,active,2026-01-01
K45,inactive,2026-02-01
K45,inactive,2026-03-01
K45,inactive,2026-04-01
K45,inactive,2026-05-01
K45,active,2026-06-01
K46,active,2026-01-01
K46,active,2026-02-01
K46,active,2026-03-01
K46,active,2026-04-01
K46,active,2026-05-01
K46,active,2026-06-01
K46,inactive,2026-07-01
K46,default,2026-08-01
K46,default,2026-09-01
K46,default,2026-10-01
K46,default,2026-11-01
K47,active,2026-01-01
K47,active,2026-02-01
K47,inactive,2026-03-01
K47,inactive,2026-04-01
K47,inactive,2026-05-01
K47,inactive,2026-06-01
K48,active,2026-01-01
K48,active,2026-02-01
K48,active,2026-03-01
K48,active,2026-04-01
K48,active,2026-05-01
K48,inactive,2026-06-01
K48,inactive,2026-07-01
K48,active,2026-08-01
K49,active,2026-01-01
K49,active,2026-02-01
K49,active,2026-03-01
K49,active,2026-04-01
K49,active,2026-05-01
K49,active,2026-06-01
K49,inactive,2026-07-01
K49,inactive,2026-08-01
K49,inactive,2026-09-01
K50,inactive,2026-01-01
K50,active,2026-02-01
K50,inactive,2026-03-01
K50,inactive,2026-04-01
K50,inactive,2026-05-01
K50,active,2026-06-01
K50,active,2026-07-01
K50,inactive,2026-08-01
K50,inactive,2026-09-01
K50,inactive,2026-10-01
K50,inactive,2026-11-01
K50,inactive,2026-12-01
K51,active,2026-01-01
K51,active,2026-02-01
K51,inactive,2026-03-01
K51,active,2026-04-01
K51,inactive,2026-05-01
K52,active,2026-01-01
K52,active,2026-02-01
K52,inactive,2026-03-01
K52,inactive,2026-04-01
K52,active,2026-05-01
K52,inactive,2026-06-01
K52,active,2026-07-01
K52,inactive,2026-08-01
K52,active,2026-09-01
K52,active,2026-10-01
K52,inactive,2026-11-01
K53,active,2026-01-01
K53,active,2026-02-01
K53,active,2026-03-01
K53,active,2026-04-01
K53,active,2026-05-01
K53,inactive,2026-06-01
K53,inactive,2026-07-01
K53,inactive,2026-08-01
K53,inactive,2026-09-01
K54,active,2026-01-01
K54,active,2026-02-01
K54,inactive,2026-03-01
K54,active,2026-04-01
K54,inactive,2026-05-01
K54,active,2026-06-01
K55,active,2026-01-01
K55,active,2026-02-01
K55,active,2026-03-01
K55,active,2026-04-01
K55,active,2026-05-01
K55,inactive,2026-06-01
K55,active,2026-07-01
K55,inactive,2026-08-01
K55,active,2026-09-01
K55,inactive,2026-10-01
K55,active,2026-11-01
K55,inactive,2026-12-01
K56,active,2026-01-01
K56,active,2026-02-01
K56,active,2026-03-01
K56,active,2026-04-01
K56,active,2026-05-01
K56,active,2026-06-01
K56,active,2026-07-01
K56,active,2026-08-01
K57,active,2026-01-01
K57,active,2026-02-01
K57,active,2026-03-01
K57,active,2026-04-01
K57,active,2026-05-01
K57,active,2026-06-01
K57,inactive,2026-07-01
K57,inactive,2026-08-01
K57,default,2026-09-01
K57,default,2026-10-01
K57,default,2026-11-01
K58,active,2026-01-01
K58,active,2026-02-01
K58,active,2026-03-01
K58,active,2026-04-01
K58,active,2026-05-01
K58,active,2026-06-01
K58,active,2026-07-01
K58,inactive,2026-08-01
K58,inactive,2026-09-01
K58,active,2026-10-01
K58,active,2026-11-01
K58,active,2026-12-01
K59,active,2026-01-01
K59,active,2026-02-01
K59,active,2026-03-01
K59,active,2026-04-01
K59,active,2026-05-01
K59,active,2026-06-01
K59,active,2026-07-01
K59,active,2026-08-01
K59,active,2026-09-01
K59,inactive,2026-10-01
K59,active,2026-11-01
K59,inactive,2026-12-01
K60,active,2026-01-01
K60,active,2026-02-01
K60,active,2026-03-01
K60,active,2026-04-01
K60,active,2026-05-01
K60,inactive,2026-06-01
K60,active,2026-07-01
K60,inactive,2026-08-01
K60,active,2026-09-01
K60,inactive,2026-10-01
K61,active,2026-01-01
K61,active,2026-02-01
K61,active,2026-03-01
K61,active,2026-04-01
K61,inactive,2026-05-01
K61,inactive,2026-06-01
K61,inactive,2026-07-01
K61,active,2026-08-01
K61,active,2026-09-01
K61,inactive,2026-10-01
K61,inactive,2026-11-01
K61,inactive,2026-12-01
K62,inactive,2026-01-01
K62,active,2026-02-01
K62,active,2026-03-01
K62,inactive,2026-04-01
K62,inactive,2026-05-01
K62,inactive,2026-06-01
K62,inactive,2026-07-01
K62,inactive,2026-08-01
K62,active,2026-09-01
K63,active,2026-01-01
K63,active,2026-02-01
K63,active,2026-03-01
K63,active,2026-04-01
K63,active,2026-05-01
K63,active,2026-06-01
K63,active,2026-07-01
K63,active,2026-08-01
K63,active,2026-09-01
K63,active,2026-10-01
K63,inactive,2026-11-01
K63,active,2026-12-01
K64,active,2026-01-01
K64,active,2026-02-01
K64,active,2026-03-01
K64,active,2026-04-01
K64,inactive,2026-05-01
K64,inactive,2026-06-01
K64,inactive,2026-07-01
K64,inactive,2026-08-01
K64,active,2026-09-01
K65,active,2026-01-01
K65,inactive,2026-02-01
K65,inactive,2026-03-01
K65,active,2026-04-01
K65,active,2026-05-01
K66,active,2026-01-01
K66,active,2026-02-01
K66,inactive,2026-03-01
K66,inactive,2026-04-01
K66,active,2026-05-01
K67,active,2026-01-01
K67,active,2026-02-01
K67,active,2026-03-01
K67,active,2026-04-01
K67,inactive,2026-05-01
K67,inactive,2026-06-01
K68,active,2026-01-01
K68,inactive,2026-02-01
K68,inactive,2026-03-01
K68,active,2026-04-01
K68,inactive,2026-05-01
K68,active,2026-06-01
K69,active,2026-01-01
K69,active,2026-02-01
K69,active,2026-03-01
K69,active,2026-04-01
K69,active,2026-05-01
K69,active,2026-06-01
K69,active,2026-07-01
K69,active,2026-08-01
K69,active,2026-09-01
K69,active,2026-10-01
K69,active,2026-11-01
K69,inactive,2026-12-01
K70,active,2026-01-01
K70,active,2026-02-01
K70,active,2026-03-01
K70,active,2026-04-01
K70,inactive,2026-05-01
K71,active,2026-01-01
K71,active,2026-02-01
K71,active,2026-03-01
K71,inactive,2026-04-01
K71,inactive,2026-05-01
K71,inactive,2026-06-01
K71,active,2026-07-01
K71,active,2026-08-01
K71,active,2026-09-01
K71,inactive,2026-10-01
K71,inactive,2026-11-01
K71,active,2026-12-01
K72,active,2026-01-01
K72,inactive,2026-02-01
K72,active,2026-03-01
K72,inactive,2026-04-01
K72,active,2026-05-01
K72,inactive,2026-06-01
K72,active,2026-07-01
K72,inactive,2026-08-01
K73,active,2026-01-01
K73,active,2026-02-01
K73,active,2026-03-01
K73,active,2026-04-01
K73,active,2026-05-01
K73,active,2026-06-01
K73,active,2026-07-01
K73,active,2026-08-01
K73,active,2026-09-01
K73,active,2026-10-01
K73,inactive,2026-11-01
K74,active,2026-01-01
K74,active,2026-02-01
K74,active,2026-03-01
K74,active,2026-04-01
K74,active,2026-05-01
K74,inactive,2026-06-01
K75,active,2026-01-01
K75,active,2026-02-01
K75,active,2026-03-01
K75,active,2026-04-01
K75,active,2026-05-01
K75,inactive,2026-06-01
K76,active,2026-01-01
K76,active,2026-02-01
K76,active,2026-03-01
K76,active,2026-04-01
K76,active,2026-05-01
K76,inactive,2026-06-01
K76,inactive,2026-07-01
K76,inactive,2026-08-01
K76,inactive,2026-09-01
K76,inactive,2026-10-01
K76,active,2026-11-01
K76,active,2026-12-01
K77,active,2026-01-01
K77,active,2026-02-01
K77,active,2026-03-01
K77,active,2026-04-01
K77,active,2026-05-01
K77,active,2026-06-01
K77,active,2026-07-01
K77,inactive,2026-08-01
K77,inactive,2026-09-01
K78,active,2026-01-01
K78,active,2026-02-01
K78,active,2026-03-01
K78,active,2026-04-01
K78,active,2026-05-01
K78,active,2026-06-01
K78,active,2026-07-01
K78,inactive,2026-08-01
K78,active,2026-09-01
K78,active,2026-10-01
K79,active,2026-01-01
K79,active,2026-02-01
K79,active,2026-03-01
K79,active,2026-04-01
K79,inactive,2026-05-01
K79,inactive,2026-06-01
K79,inactive,2026-07-01
K79,inactive,2026-08-01
K79,inactive,2026-09-01
K79,inactive,2026-10-01
K80,active,2026-01-01
K80,active,2026-02-01
K80,active,2026-03-01
K80,active,2026-04-01
K80,active,2026-05-01
K80,active,2026-06-01
K80,inactive,2026-07-01
K80,inactive,2026-08-01
K80,default,2026-09-01
K80,default,2026-10-01
K80,default,2026-11-01
K80,default,2026-12-01
K81,active,2026-01-01
K81,active,2026-02-01
K81,active,2026-03-01
K81,active,2026-04-01
K81,inactive,2026-05-01
K81,inactive,2026-06-01
K81,inactive,2026-07-01
K81,active,2026-08-01
K81,active,2026-09-01
K81,inactive,2026-10-01
K81,active,2026-11-01
K82,active,2026-01-01
K82,active,2026-02-01
K82,active,2026-03-01
K82,active,2026-04-01
K82,active,2026-05-01
K82,active,2026-06-01
K82,active,2026-07-01
K82,active,2026-08-01
K82,active,2026-09-01
K82,inactive,2026-10-01
K83,active,2026-01-01
K83,active,2026-02-01
K83,inactive,2026-03-01
K83,inactive,2026-04-01
K83,active,2026-05-01
K84,active,2026-01-01
K84,active,2026-02-01
K84,active,2026-03-01
K84,inactive,2026-04-01
K84,inactive,2026-05-01
K85,active,2026-01-01
K85,active,2026-02-01
K85,inactive,2026-03-01
K85,inactive,2026-04-01
K85,inactive,2026-05-01
K85,inactive,2026-06-01
K85,inactive,2026-07-01
K86,active,2026-01-01
K86,active,2026-02-01
K86,active,2026-03-01
K86,active,2026-04-01
K86,active,2026-05-01
K86,active,2026-06-01
K86,active,2026-07-01
K86,active,2026-08-01
K86,inactive,2026-09-01
K86,active,2026-10-01
K86,inactive,2026-11-01
K86,inactive,2026-12-01
K87,active,2026-01-01
K87,active,2026-02-01
K87,active,2026-03-01
K87,active,2026-04-01
K87,inactive,2026-05-01
K88,active,2026-01-01
K88,active,2026-02-01
K88,active,2026-03-01
K88,active,2026-04-01
K88,inactive,2026-05-01
K88,active,2026-06-01
K88,inactive,2026-07-01
K88,active,2026-08-01
K88,inactive,2026-09-01
K88,inactive,2026-10-01
K88,active,2026-11-01
K88,inactive,2026-12-01
K89,active,2026-01-01
K89,active,2026-02-01
K89,active,2026-03-01
K89,active,2026-04-01
K89,inactive,2026-05-01
K89,active,2026-06-01
K90,inactive,2026-01-01
K90,active,2026-02-01
K90,inactive,2026-03-01
K90,inactive,2026-04-01
K90,active,2026-05-01
K90,inactive,2026-06-01
K90,inactive,2026-07-01
K91,active,2026-01-01
K91,active,2026-02-01
K91,active,2026-03-01
K91,active,2026-04-01
K91,inactive,2026-05-01
K91,inactive,2026-06-01
K91,inactive,2026-07-01
K91,inactive,2026-08-01
K91,inactive,2026-09-01
K91,inactive,2026-10-01
K91,inactive,2026-11-01
K91,inactive,2026-12-01
K92,active,2026-01-01
K92,active,2026-02-01
K92,active,2026-03-01
K92,active,2026-04-01
K92,active,2026-05-01
K93,inactive,2026-01-01
K93,active,2026-02-01
K93,active,2026-03-01
K93,inactive,2026-04-01
K93,active,2026-05-01
K94,active,2026-01-01
K94,active,2026-02-01
K94,active,2026-03-01
K94,active,2026-04-01
K94,active,2026-05-01
K94,active,2026-06-01
K94,active,2026-07-01
K94,active,2026-08-01
K94,active,2026-09-01
K94,active,2026-10-01
K95,inactive,2026-01-01
K95,default,2026-02-01
K95,default,2026-03-01
K95,default,2026-04-01
K95,default,2026-05-01
K95,default,2026-06-01
K95,default,2026-07-01
K95,default,2026-08-01
K95,default,2026-09-01
K96,active,2026-01-01
K96,active,2026-02-01
K96,active,2026-03-01
K96,active,2026-04-01
K96,active,2026-05-01
K97,active,2026-01-01
K97,active,2026-02-01
K97,active,2026-03-01
K97,active,2026-04-01
K97,active,2026-05-01
K97,active,2026-06-01
K97,inactive,2026-07-01
K97,active,2026-08-01
K97,active,2026-09-01
K97,active,2026-10-01
K97,active,2026-11-01
K97,active,2026-12-01
K98,active,2026-01-01
K98,active,2026-02-01
K98,active,2026-03-01
K98,active,2026-04-01
K98,active,2026-05-01
K98,active,2026-06-01
K98,active,2026-07-01
K98,active,2026-08-01
K98,active,2026-09-01
K98,active,2026-10-01
K98,active,2026-11-01
K98,active,2026-12-01
K99,active,2026-01-01
K99,active,2026-02-01
K99,active,2026-03-01
K99,active,2026-04-01
K99,active,2026-05-01
K99,inactive,2026-06-01
K99,active,2026-07-01
K99,active,2026-08-01
K99,active,2026-09-01
K99,inactive,2026-10-01
K99,inactive,2026-11-01
L1,active,2026-01-01
L1,active,2026-02-01
L1,active,2026-03-01
L1,active,2026-04-01
L1,active,2026-05-01
L1,active,2026-06-01
L1,active,2026-07-01
L2,active,2026-01-01
L2,active,2026-02-01
L2,active,2026-03-01
L2,active,2026-04-01
L2,inactive,2026-05-01
L2,inactive,2026-06-01
L2,active,2026-07-01
L2,inactive,2026-08-01
L3,active,2026-01-01
L3,active,2026-02-01
L3,active,2026-03-01
L3,active,2026-04-01
L3,active,2026-05-01
L3,active,2026-06-01
L3,active,2026-07-01
L3,active,2026-08-01
L3,active,2026-09-01
L3,active,2026-10-01
L3,active,2026-11-01
L3,inactive,2026-12-01
L4,active,2026-01-01
L4,active,2026-02-01
L4,active,2026-03-01
L4,inactive,2026-04-01
L4,active,2026-05-01
L4,active,2026-06-01
L4,inactive,2026-07-01
L4,active,2026-08-01
L4,inactive,2026-09-01
L4,inactive,2026-10-01
L4,active,2026-11-01
L4,inactive,2026-12-01
L5,active,2026-01-01
L5,active,2026-02-01
L5,active,2026-03-01
L5,inactive,2026-04-01
L5,inactive,2026-05-01
L5,active,2026-06-01
L5,inactive,2026-07-01
L6,active,2026-01-01
L6,active,2026-02-01
L6,inactive,2026-03-01
L6,active,2026-04-01
L6,inactive,2026-05-01
L6,active,2026-06-01
L6,active,2026-07-01
L6,active,2026-08-01
L6,inactive,2026-09-01
L6,active,2026-10-01
L6,inactive,2026-11-01
L6,inactive,2026-12-01
L7,active,2026-01-01
L7,active,2026-02-01
L7,active,2026-03-01
L7,inactive,2026-04-01
L7,inactive,2026-05-01
L7,active,2026-06-01
L8,active,2026-01-01
L8,active,2026-02-01
L8,active,2026-03-01
L8,active,2026-04-01
L8,inactive,2026-05-01
L9,active,2026-01-01
L9,active,2026-02-01
L9,active,2026-03-01
L9,inactive,2026-04-01
L9,active,2026-05-01
L9,inactive,2026-06-01
L9,active,2026-07-01
L9,inactive,2026-08-01
L9,inactive,2026-09-01
L9,active,2026-10-01
L10,active,2026-01-01
L10,active,2026-02-01
L10,active,2026-03-01
L10,active,2026-04-01
L10,inactive,2026-05-01
L10,active,2026-06-01
L10,active,2026-07-01
L10,active,2026-08-01
L11,active,2026-01-01
L11,active,2026-02-01
L11,active,2026-03-01
L11,active,2026-04-01
L11,active,2026-05-01
L11,active,2026-06-01
L11,active,2026-07-01
L11,inactive,2026-08-01
L11,active,2026-09-01
L11,active,2026-10-01
L12,active,2026-01-01
L12,inactive,2026-02-01
L12,inactive,2026-03-01
L12,inactive,2026-04-01
L12,active,2026-05-01
L13,active,2026-01-01
L13,inactive,2026-02-01
L13,active,2026-03-01
L13,active,2026-04-01
L13,active,2026-05-01
L14,inactive,2026-01-01
L14,active,2026-02-01
L14,inactive,2026-03-01
L14,inactive,2026-04-01
L14,active,2026-05-01
L14,inactive,2026-06-01
L14,inactive,2026-07-01
L14,inactive,2026-08-01
L14,active,2026-09-01
L15,active,2026-01-01
L15,active,2026-02-01
L15,active,2026-03-01
L15,active,2026-04-01
L15,active,2026-05-01
L15,active,2026-06-01
L15,active,2026-07-01
L15,active,2026-08-01
L15,active,2026-09-01
L15,active,2026-10-01
L15,active,2026-11-01
L15,inactive,2026-12-01
L16,inactive,2026-01-01
L16,inactive,2026-02-01
L16,active,2026-03-01
L16,inactive,2026-04-01
L16,active,2026-05-01
L16,inactive,2026-06-01
L16,inactive,2026-07-01
L16,inactive,2026-08-01
L16,inactive,2026-09-01
L16,active,2026-10-01
L16,inactive,2026-11-01
L16,inactive,2026-12-01
L17,active,2026-01-01
L17,active,2026-02-01
L17,active,2026-03-01
L17,active,2026-04-01
L17,inactive,2026-05-01
L18,active,2026-01-01
L18,active,2026-02-01
L18,inactive,2026-03-01
L18,active,2026-04-01
L18,inactive,2026-05-01
L18,inactive,2026-06-01
L18,default,2026-07-01
L18,default,2026-08-01
L18,default,2026-09-01
L19,active,2026-01-01
L19,active,2026-02-01
L19,active,2026-03-01
L19,active,2026-04-01
L19,active,2026-05-01
L19,inactive,2026-06-01
L19,active,2026-07-01
L19,active,2026-08-01
L19,inactive,2026-09-01
L20,active,2026-01-01
L20,active,2026-02-01
L20,active,2026-03-01
L20,active,2026-04-01
L20,active,2026-05-01
L20,inactive,2026-06-01
L20,active,2026-07-01
L20,inactive,2026-08-01
L20,inactive,2026-09-01
L20,inactive,2026-10-01
L21,active,2026-01-01
L21,active,2026-02-01
L21,active,2026-03-01
L21,active,2026-04-01
L21,active,2026-05-01
L21,active,2026-06-01
L21,active,2026-07-01
L21,active,2026-08-01
L21,active,2026-09-01
L21,active,2026-10-01
L21,active,2026-11-01
L21,active,2026-12-01
L22,active,2026-01-01
L22,active,2026-02-01
L22,active,2026-03-01
L22,active,2026-04-01
L22,active,2026-05-01
L22,inactive,2026-06-01
L22,inactive,2026-07-01
L22,inactive,2026-08-01
L22,active,2026-09-01
L22,inactive,2026-10-01
L22,inactive,2026-11-01
L22,inactive,2026-12-01
L23,active,2026-01-01
L23,active,2026-02-01
L23,active,2026-03-01
L23,active,2026-04-01
L23,active,2026-05-01
L23,inactive,2026-06-01
L23,inactive,2026-07-01
L23,active,2026-08-01
L23,inactive,2026-09-01
L23,inactive,2026-10-01
L24,active,2026-01-01
L24,active,2026-02-01
L24,active,2026-03-01
L24,active,2026-04-01
L24,inactive,2026-05-01
L24,inactive,2026-06-01
L24,inactive,2026-07-01
L24,active,2026-08-01
L24,inactive,2026-09-01
L24,active,2026-10-01
L24,inactive,2026-11-01
L24,inactive,2026-12-01
L25,active,2026-01-01
L25,active,2026-02-01
L25,active,2026-03-01
L25,active,2026-04-01
L25,active,2026-05-01
L25,active,2026-06-01
L25,active,2026-07-01
L25,active,2026-08-01
L25,inactive,2026-09-01
L26,active,2026-01-01
L26,inactive,2026-02-01
L26,inactive,2026-03-01
L26,inactive,2026-04-01
L26,active,2026-05-01
L26,inactive,2026-06-01
L27,active,2026-01-01
L27,active,2026-02-01
L27,active,2026-03-01
L27,active,2026-04-01
L27,inactive,2026-05-01
L27,active,2026-06-01
L27,inactive,2026-07-01
L27,active,2026-08-01
L27,inactive,2026-09-01
L27,inactive,2026-10-01
L27,active,2026-11-01
L28,active,2026-01-01
L28,inactive,2026-02-01
L28,inactive,2026-03-01
L28,active,2026-04-01
L28,inactive,2026-05-01
L28,active,2026-06-01
L28,active,2026-07-01
L28,inactive,2026-08-01
L28,inactive,2026-09-01
L28,inactive,2026-10-01
L29,active,2026-01-01
L29,active,2026-02-01
L29,active,2026-03-01
L29,active,2026-04-01
L29,active,2026-05-01
L29,active,2026-06-01
L29,inactive,2026-07-01
L29,inactive,2026-08-01
L30,active,2026-01-01
L30,active,2026-02-01
L30,active,2026-03-01
L30,active,2026-04-01
L30,active,2026-05-01
L30,active,2026-06-01
L30,active,2026-07-01
L30,inactive,2026-08-01
L30,active,2026-09-01
L31,active,2026-01-01
L31,active,2026-02-01
L31,active,2026-03-01
L31,active,2026-04-01
L31,active,2026-05-01
L31,active,2026-06-01
L31,active,2026-07-01
L31,active,2026-08-01
L31,inactive,2026-09-01
L31,inactive,2026-10-01
L31,active,2026-11-01
L31,inactive,2026-12-01
L32,active,2026-01-01
L32,active,2026-02-01
L32,active,2026-03-01
L32,inactive,2026-04-01
L32,inactive,2026-05-01
L32,active,2026-06-01
L32,inactive,2026-07-01
L33,active,2026-01-01
L33,active,2026-02-01
L33,active,2026-03-01
L33,active,2026-04-01
L33,active,2026-05-01
L33,active,2026-06-01
L33,active,2026-07-01
L33,active,2026-08-01
L33,active,2026-09-01
L33,inactive,2026-10-01
L34,active,2026-01-01
L34,active,2026-02-01
L34,active,2026-03-01
L34,active,2026-04-01
L34,active,2026-05-01
L34,active,2026-06-01
L34,active,2026-07-01
L34,inactive,2026-08-01
L35,active,2026-01-01
L35,active,2026-02-01
L35,active,2026-03-01
L35,active,2026-04-01
L35,active,2026-05-01
L35,active,2026-06-01
L35,active,2026-07-01
L35,active,2026-08-01
L35,active,2026-09-01
L35,inactive,2026-10-01
L35,inactive,2026-11-01
L35,inactive,2026-12-01
L36,active,2026-01-01
L36,active,2026-02-01
L36,active,2026-03-01
L36,active,2026-04-01
L36,active,2026-05-01
L36,active,2026-06-01
L36,active,2026-07-01
L37,active,2026-01-01
L37,active,2026-02-01
L37,active,2026-03-01
L37,active,2026-04-01
L37,inactive,2026-05-01
L37,active,2026-06-01
L37,active,2026-07-01
L37,active,2026-08-01
L37,inactive,2026-09-01
L37,active,2026-10-01
L37,active,2026-11-01
L37,inactive,2026-12-01
L38,active,2026-01-01
L38,active,2026-02-01
L38,active,2026-03-01
L38,active,2026-04-01
L38,active,2026-05-01
L38,active,2026-06-01
L38,active,2026-07-01
L38,active,2026-08-01
L38,active,2026-09-01
L38,active,2026-10-01
L38,active,2026-11-01
L38,inactive,2026-12-01
L39,active,2026-01-01
L39,active,2026-02-01
L39,active,2026-03-01
L39,active,2026-04-01
L39,active,2026-05-01
L39,active,2026-06-01
L39,inactive,2026-07-01
L39,inactive,2026-08-01
L39,inactive,2026-09-01
L39,inactive,2026-10-01
L39,default,2026-11-01
L40,active,2026-01-01
L40,active,2026-02-01
L40,active,2026-03-01
L40,active,2026-04-01
L40,active,2026-05-01
L40,active,2026-06-01
L40,active,2026-07-01
L40,active,2026-08-01
L40,active,2026-09-01
L40,active,2026-10-01
L40,active,2026-11-01
L40,inactive,2026-12-01
L41,active,2026-01-01
L41,active,2026-02-01
L41,active,2026-03-01
L41,inactive,2026-04-01
L41,inactive,2026-05-01
L41,inactive,2026-06-01
L41,default,2026-07-01
L41,default,2026-08-01
L41,default,2026-09-01
L41,default,2026-10-01
L41,default,2026-11-01
L41,default,2026-12-01
L42,active,2026-01-01
L42,active,2026-02-01
L42,active,2026-03-01
L42,inactive,2026-04-01
L42,inactive,2026-05-01
L42,active,2026-06-01
L42,active,2026-07-01
L43,active,2026-01-01
L43,active,2026-02-01
L43,active,2026-03-01
L43,active,2026-04-01
L43,active,2026-05-01
L43,active,2026-06-01
L43,active,2026-07-01
L44,active,2026-01-01
L44,active,2026-02-01
L44,inactive,2026-03-01
L44,inactive,2026-04-01
L44,inactive,2026-05-01
L44,inactive,2026-06-01
L44,inactive,2026-07-01
L44,inactive,2026-08-01
L45,active,2026-01-01
L45,active,2026-02-01
L45,active,2026-03-01
L45,active,2026-04-01
L45,active,2026-05-01
L45,active,2026-06-01
L45,active,2026-07-01
L45,active,2026-08-01
L45,inactive,2026-09-01
L45,inactive,2026-10-01
L45,active,2026-11-01
L45,active,2026-12-01
L46,active,2026-01-01
L46,active,2026-02-01
L46,active,2026-03-01
L46,active,2026-04-01
L46,active,2026-05-01
L46,active,2026-06-01
L46,active,2026-07-01
L46,active,2026-08-01
L46,inactive,2026-09-01
L46,inactive,2026-10-01
L47,active,2026-01-01
L47,active,2026-02-01
L47,active,2026-03-01
L47,active,2026-04-01
L47,active,2026-05-01
L47,inactive,2026-06-01
L47,active,2026-07-01
L47,inactive,2026-08-01
L47,inactive,2026-09-01
L48,active,2026-01-01
L48,inactive,2026-02-01
L48,active,2026-03-01
L48,inactive,2026-04-01
L48,inactive,2026-05-01
L49,active,2026-01-01
L49,active,2026-02-01
L49,active,2026-03-01
L49,active,2026-04-01
L49,active,2026-05-01
L49,inactive,2026-06-01
L49,active,2026-07-01
L49,inactive,2026-08-01
L49,active,2026-09-01
L49,active,2026-10-01
L50,active,2026-01-01
L50,active,2026-02-01
L50,active,2026-03-01
L50,active,2026-04-01
L50,active,2026-05-01
L50,active,2026-06-01
L50,inactive,2026-07-01
L50,inactive,2026-08-01
L51,active,2026-01-01
L51,inactive,2026-02-01
L51,inactive,2026-03-01
L51,inactive,2026-04-01
L51,active,2026-05-01
L51,inactive,2026-06-01
L52,active,2026-01-01
L52,inactive,2026-02-01
L52,inactive,2026-03-01
L52,inactive,2026-04-01
L52,default,2026-05-01
L52,default,2026-06-01
L52,default,2026-07-01
L52,default,2026-08-01
L53,active,2026-01-01
L53,active,2026-02-01
L53,active,2026-03-01
L53,inactive,2026-04-01
L53,inactive,2026-05-01
L53,inactive,2026-06-01
L54,active,2026-01-01
L54,active,2026-02-01
L54,inactive,2026-03-01
L54,inactive,2026-04-01
L54,active,2026-05-01
L55,active,2026-01-01
L55,active,2026-02-01
L55,active,2026-03-01
L55,active,2026-04-01
L55,active,2026-05-01
L55,active,2026-06-01
L55,active,2026-07-01
L55,active,2026-08-01
L55,active,2026-09-01
L55,inactive,2026-10-01
L55,active,2026-11-01
L56,active,2026-01-01
L56,active,2026-02-01
L56,inactive,2026-03-01
L56,active,2026-04-01
L56,inactive,2026-05-01
L57,active,2026-01-01
L57,active,2026-02-01
L57,active,2026-03-01
L57,active,2026-04-01
L57,active,2026-05-01
L57,inactive,2026-06-01
L57,inactive,2026-07-01
L57,inactive,2026-08-01
L57,active,2026-09-01
L57,active,2026-10-01
L57,inactive,2026-11-01
L57,inactive,2026-12-01
L58,active,2026-01-01
L58,active,2026-02-01
L58,active,2026-03-01
L58,active,2026-04-01
L58,active,2026-05-01
L58,active,2026-06-01
L58,active,2026-07-01
L58,inactive,2026-08-01
L58,inactive,2026-09-01
L58,inactive,2026-10-01
L58,inactive,2026-11-01
L58,active,2026-12-01
L59,active,2026-01-01
L59,active,2026-02-01
L59,active,2026-03-01
L59,active,2026-04-01
L59,active,2026-05-01
L59,inactive,2026-06-01
L59,inactive,2026-07-01
L59,active,2026-08-01
L59,active,2026-09-01
L59,inactive,2026-10-01
L59,active,2026-11-01
L59,inactive,2026-12-01
L60,active,2026-01-01
L60,active,2026-02-01
L60,active,2026-03-01
L60,active,2026-04-01
L60,active,2026-05-01
L60,active,2026-06-01
L60,inactive,2026-07-01
L60,inactive,2026-08-01
L61,active,2026-01-01
L61,active,2026-02-01
L61,active,2026-03-01
L61,active,2026-04-01
L61,active,2026-05-01
L61,active,2026-06-01
L61,active,2026-07-01
L61,active,2026-08-01
L61,active,2026-09-01
L61,active,2026-10-01
L61,inactive,2026-11-01
L62,active,2026-01-01
L62,active,2026-02-01
L62,active,2026-03-01
L62,active,2026-04-01
L62,active,2026-05-01
L62,inactive,2026-06-01
L62,active,2026-07-01
L62,inactive,2026-08-01
L62,active,2026-09-01
L62,inactive,2026-10-01
L62,inactive,2026-11-01
L63,active,2026-01-01
L63,active,2026-02-01
L63,active,2026-03-01
L63,active,2026-04-01
L63,active,2026-05-01
L63,inactive,2026-06-01
L64,active,2026-01-01
L64,active,2026-02-01
L64,active,2026-03-01
L64,active,2026-04-01
L64,active,2026-05-01
L64,active,2026-06-01
L64,inactive,2026-07-01
L64,inactive,2026-08-01
L64,inactive,2026-09-01
L64,active,2026-10-01
L65,active,2026-01-01
L65,active,2026-02-01
L65,active,2026-03-01
L65,active,2026-04-01
L65,active,2026-05-01
L65,inactive,2026-06-01
L65,active,2026-07-01
L65,inactive,2026-08-01
L65,active,2026-09-01
L65,inactive,2026-10-01
L66,active,2026-01-01
L66,active,2026-02-01
L66,active,2026-03-01
L66,active,2026-04-01
L66,active,2026-05-01
L66,inactive,2026-06-01
L67,active,2026-01-01
L67,active,2026-02-01
L67,active,2026-03-01
L67,active,2026-04-01
L67,active,2026-05-01
L67,active,2026-06-01
L67,active,2026-07-01
L67,inactive,2026-08-01
L67,active,2026-09-01
L68,active,2026-01-01
L68,active,2026-02-01
L68,inactive,2026-03-01
L68,active,2026-04-01
L68,inactive,2026-05-01
L68,active,2026-06-01
L68,inactive,2026-07-01
L68,inactive,2026-08-01
L68,inactive,2026-09-01
L68,inactive,2026-10-01
L69,active,2026-01-01
L69,active,2026-02-01
L69,inactive,2026-03-01
L69,inactive,2026-04-01
L69,inactive,2026-05-01
L69,inactive,2026-06-01
L69,active,2026-07-01
L69,inactive,2026-08-01
L69,inactive,2026-09-01
L69,inactive,2026-10-01
L69,active,2026-11-01
L69,inactive,2026-12-01
L70,active,2026-01-01
L70,active,2026-02-01
L70,inactive,2026-03-01
L70,active,2026-04-01
L70,inactive,2026-05-01
L70,active,2026-06-01
L70,inactive,2026-07-01
L70,inactive,2026-08-01
L71,active,2026-01-01
L71,inactive,2026-02-01
L71,inactive,2026-03-01
L71,active,2026-04-01
L71,active,2026-05-01
L71,active,2026-06-01
L72,active,2026-01-01
L72,active,2026-02-01
L72,inactive,2026-03-01
L72,inactive,2026-04-01
L72,inactive,2026-05-01
L72,inactive,2026-06-01
L72,active,2026-07-01
L72,inactive,2026-08-01
L72,active,2026-09-01
L72,active,2026-10-01
L73,active,2026-01-01
L73,active,2026-02-01
L73,active,2026-03-01
L73,active,2026-04-01
L73,active,2026-05-01
L73,active,2026-06-01
L73,active,2026-07-01
L73,inactive,2026-08-01
L73,inactive,2026-09-01
L73,inactive,2026-10-01
L73,inactive,2026-11-01
L73,active,2026-12-01
L74,active,2026-01-01
L74,active,2026-02-01
L74,active,2026-03-01
L74,active,2026-04-01
L74,inactive,2026-05-01
L75,active,2026-01-01
L75,active,2026-02-01
L75,active,2026-03-01
L75,active,2026-04-01
L75,inactive,2026-05-01
L75,inactive,2026-06-01
L76,active,2026-01-01
L76,active,2026-02-01
L76,inactive,2026-03-01
L76,inactive,2026-04-01
L76,active,2026-05-01
L76,inactive,2026-06-01
L76,active,2026-07-01
L76,inactive,2026-08-01
L76,active,2026-09-01
L77,active,2026-01-01
L77,active,2026-02-01
L77,inactive,2026-03-01
L77,active,2026-04-01
L77,inactive,2026-05-01
L77,active,2026-06-01
L77,active,2026-07-01
L78,active,2026-01-01
L78,active,2026-02-01
L78,inactive,2026-03-01
L78,active,2026-04-01
L78,active,2026-05-01
L78,inactive,2026-06-01
L78,active,2026-07-01
L78,active,2026-08-01
L78,inactive,2026-09-01
L78,inactive,2026-10-01
L78,active,2026-11-01
L79,active,2026-01-01
L79,inactive,2026-02-01
L79,active,2026-03-01
L79,active,2026-04-01
L79,active,2026-05-01
L80,active,2026-01-01
L80,active,2026-02-01
L80,active,2026-03-01
L80,active,2026-04-01
L80,active,2026-05-01
L80,active,2026-06-01
L80,active,2026-07-01
L80,active,2026-08-01
L80,active,2026-09-01
L80,active,2026-10-01
L80,inactive,2026-11-01
L81,active,2026-01-01
L81,active,2026-02-01
L81,active,2026-03-01
L81,active,2026-04-01
L81,inactive,2026-05-01
L82,active,2026-01-01
L82,inactive,2026-02-01
L82,inactive,2026-03-01
L82,default,2026-04-01
L82,default,2026-05-01
L82,default,2026-06-01
L82,default,2026-07-01
L83,active,2026-01-01
L83,active,2026-02-01
L83,inactive,2026-03-01
L83,active,2026-04-01
L83,active,2026-05-01
L83,inactive,2026-06-01
L83,inactive,2026-07-01
L83,active,2026-08-01
L83,inactive,2026-09-01
L83,active,2026-10-01
L83,inactive,2026-11-01
L83,default,2026-12-01
L84,active,2026-01-01
L84,active,2026-02-01
L84,active,2026-03-01
L84,active,2026-04-01
L84,active,2026-05-01
L84,active,2026-06-01
L84,active,2026-07-01
L84,active,2026-08-01
L84,active,2026-09-01
L85,active,2026-01-01
L85,active,2026-02-01
L85,active,2026-03-01
L85,inactive,2026-04-01
L85,inactive,2026-05-01
L86,active,2026-01-01
L86,active,2026-02-01
L86,active,2026-03-01
L86,active,2026-04-01
L86,active,2026-05-01
L86,active,2026-06-01
L86,active,2026-07-01
L86,active,2026-08-01
L86,active,2026-09-01
L86,active,2026-10-01
L86,inactive,2026-11-01
L86,inactive,2026-12-01
L87,active,2026-01-01
L87,active,2026-02-01
L87,active,2026-03-01
L87,active,2026-04-01
L87,active,2026-05-01
L87,active,2026-06-01
L87,inactive,2026-07-01
L87,active,2026-08-01
L87,active,2026-09-01
L87,inactive,2026-10-01
L87,active,2026-11-01
L87,inactive,2026-12-01
L88,active,2026-01-01
L88,inactive,2026-02-01
L88,active,2026-03-01
L88,inactive,2026-04-01
L88,default,2026-05-01
L88,default,2026-06-01
L89,active,2026-01-01
L89,inactive,2026-02-01
L89,inactive,2026-03-01
L89,active,2026-04-01
L89,inactive,2026-05-01
L89,active,2026-06-01
L89,active,2026-07-01
L89,inactive,2026-08-01
L89,default,2026-09-01
L89,default,2026-10-01
L89,default,2026-11-01
L89,default,2026-12-01
L90,active,2026-01-01
L90,active,2026-02-01
L90,active,2026-03-01
L90,active,2026-04-01
L90,inactive,2026-05-01
L91,active,2026-01-01
L91,active,2026-02-01
L91,active,2026-03-01
L91,active,2026-04-01
L91,active,2026-05-01
L91,inactive,2026-06-01
L91,active,2026-07-01
L91,inactive,2026-08-01
L91,active,2026-09-01
L91,inactive,2026-10-01
L91,active,2026-11-01
L91,active,2026-12-01
L92,active,2026-01-01
L92,active,2026-02-01
L92,active,2026-03-01
L92,active,2026-04-01
L92,active,2026-05-01
L92,active,2026-06-01
L92,active,2026-07-01
L92,active,2026-08-01
L92,active,2026-09-01
L92,active,2026-10-01
L92,active,2026-11-01
L92,inactive,2026-12-01
L93,active,2026-01-01
L93,active,2026-02-01
L93,active,2026-03-01
L93,inactive,2026-04-01
L93,inactive,2026-05-01
L93,inactive,2026-06-01
L93,inactive,2026-07-01
L93,active,2026-08-01
L93,inactive,2026-09-01
L93,inactive,2026-10-01
L93,active,2026-11-01
L94,active,2026-01-01
L94,active,2026-02-01
L94,active,2026-03-01
L94,inactive,2026-04-01
L94,active,2026-05-01
L94,inactive,2026-06-01
L94,inactive,2026-07-01
L94,inactive,2026-08-01
L94,inactive,2026-09-01
L94,active,2026-10-01
L94,inactive,2026-11-01
L94,inactive,2026-12-01
L95,active,2026-01-01
L95,inactive,2026-02-01
L95,active,2026-03-01
L95,inactive,2026-04-01
L95,inactive,2026-05-01
L95,active,2026-06-01
L96,active,2026-01-01
L96,inactive,2026-02-01
L96,inactive,2026-03-01
L96,inactive,2026-04-01
L96,active,2026-05-01
L96,inactive,2026-06-01
L96,active,2026-07-01
L96,active,2026-08-01
L96,active,2026-09-01
L97,active,2026-01-01
L97,active,2026-02-01
L97,active,2026-03-01
L97,inactive,2026-04-01
L97,inactive,2026-05-01
L97,active,2026-06-01
L97,active,2026-07-01
L97,active,2026-08-01
L97,inactive,2026-09-01
L97,active,2026-10-01
L97,inactive,2026-11-01
L97,inactive,2026-12-01
L98,active,2026-01-01
L98,active,2026-02-01
L98,active,2026-03-01
L98,active,2026-04-01
L98,active,2026-05-01
L98,active,2026-06-01
L98,active,2026-07-01
L98,active,2026-08-01
L98,active,2026-09-01
L98,active,2026-10-01
L98,inactive,2026-11-01
L98,active,2026-12-01
L99,active,2026-01-01
L99,active,2026-02-01
L99,active,2026-03-01
L99,active,2026-04-01
L99,active,2026-05-01
L99,active,2026-06-01
L99,active,2026-07-01
L99,active,2026-08-01
L99,active,2026-09-01
L99,active,2026-10-01
L99,active,2026-11-01
L99,inactive,2026-12-01
M1,active,2026-01-01
M1,active,2026-02-01
M1,active,2026-03-01
M1,active,2026-04-01
M1,active,2026-05-01
M1,active,2026-06-01
M1,active,2026-07-01
M1,active,2026-08-01
M1,active,2026-09-01
M1,inactive,2026-10-01
M1,active,2026-11-01
M1,active,2026-12-01
M2,active,2026-01-01
M2,active,2026-02-01
M2,active,2026-03-01
M2,active,2026-04-01
M2,active,2026-05-01
M2,active,2026-06-01
M2,inactive,2026-07-01
M2,inactive,2026-08-01
M2,active,2026-09-01
M2,inactive,2026-10-01
M2,inactive,2026-11-01
M2,inactive,2026-12-01
M3,active,2026-01-01
M3,active,2026-02-01
M3,active,2026-03-01
M3,active,2026-04-01
M3,active,2026-05-01
M3,active,2026-06-01
M3,active,2026-07-01
M3,active,2026-08-01
M3,active,2026-09-01
M3,active,2026-10-01
M3,active,2026-11-01
M4,active,2026-01-01
M4,inactive,2026-02-01
M4,active,2026-03-01
M4,active,2026-04-01
M4,inactive,2026-05-01
M4,active,2026-06-01
M5,active,2026-01-01
M5,active,2026-02-01
M5,active,2026-03-01
M5,active,2026-04-01
M5,active,2026-05-01
M5,active,2026-06-01
M5,inactive,2026-07-01
M5,inactive,2026-08-01
M5,inactive,2026-09-01
M6,active,2026-01-01
M6,inactive,2026-02-01
M6,default,2026-03-01
M6,default,2026-04-01
M6,default,2026-05-01
M6,default,2026-06-01
M6,default,2026-07-01
M6,default,2026-08-01
M6,default,2026-09-01
M6,default,2026-10-01
M6,default,2026-11-01
M6,default,2026-12-01
M7,active,2026-01-01
M7,active,2026-02-01
M7,active,2026-03-01
M7,active,2026-04-01
M7,active,2026-05-01
M7,active,2026-06-01
M7,inactive,2026-07-01
M8,active,2026-01-01
M8,active,2026-02-01
M8,active,2026-03-01
M8,active,2026-04-01
M8,active,2026-05-01
M8,active,2026-06-01
M8,active,2026-07-01
M8,active,2026-08-01
M8,active,2026-09-01
M8,active,2026-10-01
M8,active,2026-11-01
M8,inactive,2026-12-01
M9,active,2026-01-01
M9,active,2026-02-01
M9,active,2026-03-01
M9,active,2026-04-01
M9,active,2026-05-01
M9,inactive,2026-06-01
M10,active,2026-01-01
M10,active,2026-02-01
M10,active,2026-03-01
M10,active,2026-04-01
M10,active,2026-05-01
M10,inactive,2026-06-01
M10,active,2026-07-01
M10,inactive,2026-08-01
M10,active,2026-09-01
M10,inactive,2026-10-01
M10,inactive,2026-11-01
M11,active,2026-01-01
M11,inactive,2026-02-01
M11,inactive,2026-03-01
M11,active,2026-04-01
M11,inactive,2026-05-01
M11,inactive,2026-06-01
M11,default,2026-07-01
M12,active,2026-01-01
M12,active,2026-02-01
M12,inactive,2026-03-01
M12,inactive,2026-04-01
M12,active,2026-05-01
M12,inactive,2026-06-01
M12,active,2026-07-01
M12,inactive,2026-08-01
M13,active,2026-01-01
M13,active,2026-02-01
M13,inactive,2026-03-01
M13,inactive,2026-04-01
M13,inactive,2026-05-01
M13,inactive,2026-06-01
M13,inactive,2026-07-01
M13,inactive,2026-08-01
M14,active,2026-01-01
M14,active,2026-02-01
M14,inactive,2026-03-01
M14,active,2026-04-01
M14,inactive,2026-05-01
M14,active,2026-06-01
M14,inactive,2026-07-01
M14,active,2026-08-01
M14,active,2026-09-01
M14,inactive,2026-10-01
M14,active,2026-11-01
M14,inactive,2026-12-01
M15,active,2026-01-01
M15,active,2026-02-01
M15,active,2026-03-01
M15,active,2026-04-01
M15,active,2026-05-01
M15,active,2026-06-01
M15,active,2026-07-01
M15,inactive,2026-08-01
M16,inactive,2026-01-01
M16,active,2026-02-01
M16,inactive,2026-03-01
M16,active,2026-04-01
M16,inactive,2026-05-01
M16,active,2026-06-01
M17,active,2026-01-01
M17,active,2026-02-01
M17,active,2026-03-01
M17,active,2026-04-01
M17,active,2026-05-01
M17,active,2026-06-01
M17,active,2026-07-01
M17,active,2026-08-01
M17,inactive,2026-09-01
M17,inactive,2026-10-01
M17,inactive,2026-11-01
M18,active,2026-01-01
M18,active,2026-02-01
M18,active,2026-03-01
M18,active,2026-04-01
M18,active,2026-05-01
M18,active,2026-06-01
M18,active,2026-07-01
M18,active,2026-08-01
M18,active,2026-09-01
M18,inactive,2026-10-01
M18,active,2026-11-01
M18,active,2026-12-01
M19,active,2026-01-01
M19,active,2026-02-01
M19,active,2026-03-01
M19,active,2026-04-01
M19,active,2026-05-01
M19,active,2026-06-01
M19,active,2026-07-01
M19,active,2026-08-01
M19,active,2026-09-01
M19,inactive,2026-10-01
M19,inactive,2026-11-01
M19,inactive,2026-12-01
M20,active,2026-01-01
M20,active,2026-02-01
M20,active,2026-03-01
M20,active,2026-04-01
M20,active,2026-05-01
M20,inactive,2026-06-01
M20,active,2026-07-01
M20,inactive,2026-08-01
M20,inactive,2026-09-01
M20,inactive,2026-10-01
M20,inactive,2026-11-01
M20,inactive,2026-12-01
M21,active,2026-01-01
M21,active,2026-02-01
M21,inactive,2026-03-01
M21,inactive,2026-04-01
M21,inactive,2026-05-01
M21,inactive,2026-06-01
M21,inactive,2026-07-01
M21,default,2026-08-01
M21,default,2026-09-01
M21,default,2026-10-01
M21,default,2026-11-01
M21,default,2026-12-01
M22,active,2026-01-01
M22,active,2026-02-01
M22,active,2026-03-01
M22,inactive,2026-04-01
M22,inactive,2026-05-01
M22,inactive,2026-06-01
M22,active,2026-07-01
M22,active,2026-08-01
M22,inactive,2026-09-01
M22,inactive,2026-10-01
M22,inactive,2026-11-01
M22,active,2026-12-01
M23,active,2026-01-01
M23,active,2026-02-01
M23,active,2026-03-01
M23,active,2026-04-01
M23,active,2026-05-01
M23,inactive,2026-06-01
M24,active,2026-01-01
M24,active,2026-02-01
M24,active,2026-03-01
M24,active,2026-04-01
M24,active,2026-05-01
M24,active,2026-06-01
M24,active,2026-07-01
M24,active,2026-08-01
M24,active,2026-09-01
M24,active,2026-10-01
M24,active,2026-11-01
M24,active,2026-12-01
M25,active,2026-01-01
M25,active,2026-02-01
M25,active,2026-03-01
M25,active,2026-04-01
M25,active,2026-05-01
M25,active,2026-06-01
M25,active,2026-07-01
M25,inactive,2026-08-01
M25,inactive,2026-09-01
M25,inactive,2026-10-01
M25,inactive,2026-11-01
M25,active,2026-12-01
M26,active,2026-01-01
M26,active,2026-02-01
M26,active,2026-03-01
M26,active,2026-04-01
M26,active,2026-05-01
M26,active,2026-06-01
M26,active,2026-07-01
M26,active,2026-08-01
M26,inactive,2026-09-01
M26,inactive,2026-10-01
M27,active,2026-01-01
M27,active,2026-02-01
M27,active,2026-03-01
M27,active,2026-04-01
M27,active,2026-05-01
M27,active,2026-06-01
M27,active,2026-07-01
M27,active,2026-08-01
M27,inactive,2026-09-01
M27,active,2026-10-01
M27,inactive,2026-11-01
M28,active,2026-01-01
M28,active,2026-02-01
M28,inactive,2026-03-01
M28,active,2026-04-01
M28,active,2026-05-01
M28,inactive,2026-06-01
M28,active,2026-07-01
M28,inactive,2026-08-01
M28,active,2026-09-01
M28,active,2026-10-01
M29,active,2026-01-01
M29,active,2026-02-01
M29,active,2026-03-01
M29,inactive,2026-04-01
M29,inactive,2026-05-01
M29,active,2026-06-01
M29,inactive,2026-07-01
M29,active,2026-08-01
M29,inactive,2026-09-01
M30,inactive,2026-01-01
M30,inactive,2026-02-01
M30,default,2026-03-01
M30,default,2026-04-01
M30,default,2026-05-01
M30,default,2026-06-01
M30,default,2026-07-01
M30,default,2026-08-01
M30,default,2026-09-01
M31,active,2026-01-01
M31,active,2026-02-01
M31,active,2026-03-01
M31,active,2026-04-01
M31,active,2026-05-01
M31,inactive,2026-06-01
M31,inactive,2026-07-01
M31,inactive,2026-08-01
M31,active,2026-09-01
M31,inactive,2026-10-01
M32,active,2026-01-01
M32,active,2026-02-01
M32,active,2026-03-01
M32,active,2026-04-01
M32,active,2026-05-01
M32,active,2026-06-01
M32,active,2026-07-01
M32,active,2026-08-01
M32,active,2026-09-01
M32,inactive,2026-10-01
M33,active,2026-01-01
M33,active,2026-02-01
M33,active,2026-03-01
M33,active,2026-04-01
M33,active,2026-05-01
M33,active,2026-06-01
M33,inactive,2026-07-01
M34,active,2026-01-01
M34,active,2026-02-01
M34,active,2026-03-01
M34,active,2026-04-01
M34,inactive,2026-05-01
M34,active,2026-06-01
M34,inactive,2026-07-01
M34,inactive,2026-08-01
M35,active,2026-01-01
M35,active,2026-02-01
M35,active,2026-03-01
M35,active,2026-04-01
M35,active,2026-05-01
M35,inactive,2026-06-01
M36,active,2026-01-01
M36,inactive,2026-02-01
M36,inactive,2026-03-01
M36,active,2026-04-01
M36,active,2026-05-01
M37,active,2026-01-01
M37,active,2026-02-01
M37,active,2026-03-01
M37,active,2026-04-01
M37,inactive,2026-05-01
M37,active,2026-06-01
M37,inactive,2026-07-01
M37,inactive,2026-08-01
M37,active,2026-09-01
M37,inactive,2026-10-01
M38,active,2026-01-01
M38,active,2026-02-01
M38,active,2026-03-01
M38,inactive,2026-04-01
M38,inactive,2026-05-01
M38,inactive,2026-06-01
M38,inactive,2026-07-01
M38,active,2026-08-01
M38,active,2026-09-01
M38,inactive,2026-10-01
M38,active,2026-11-01
M39,active,2026-01-01
M39,active,2026-02-01
M39,active,2026-03-01
M39,inactive,2026-04-01
M39,active,2026-05-01
M39,active,2026-06-01
M40,active,2026-01-01
M40,active,2026-02-01
M40,active,2026-03-01
M40,active,2026-04-01
M40,inactive,2026-05-01
M40,inactive,2026-06-01
M40,inactive,2026-07-01
M40,active,2026-08-01
M40,active,2026-09-01
M40,inactive,2026-10-01
M40,inactive,2026-11-01
M40,inactive,2026-12-01
M41,active,2026-01-01
M41,active,2026-02-01
M41,active,2026-03-01
M41,active,2026-04-01
M41,active,2026-05-01
M41,inactive,2026-06-01
M42,active,2026-01-01
M42,active,2026-02-01
M42,active,2026-03-01
M42,active,2026-04-01
M42,active,2026-05-01
M42,active,2026-06-01
M42,active,2026-07-01
M42,active,2026-08-01
M42,inactive,2026-09-01
M42,active,2026-10-01
M43,active,2026-01-01
M43,active,2026-02-01
M43,active,2026-03-01
M43,active,2026-04-01
M43,inactive,2026-05-01
M43,inactive,2026-06-01
M43,active,2026-07-01
M43,inactive,2026-08-01
M44,active,2026-01-01
M44,active,2026-02-01
M44,active,2026-03-01
M44,active,2026-04-01
M44,inactive,2026-05-01
M44,inactive,2026-06-01
M44,active,2026-07-01
M44,inactive,2026-08-01
M44,inactive,2026-09-01
M44,active,2026-10-01
M45,active,2026-01-01
M45,active,2026-02-01
M45,inactive,2026-03-01
M45,inactive,2026-04-01
M45,active,2026-05-01
M45,inactive,2026-06-01
M46,active,2026-01-01
M46,active,2026-02-01
M46,inactive,2026-03-01
M46,inactive,2026-04-01
M46,inactive,2026-05-01
M46,inactive,2026-06-01
M47,active,2026-01-01
M47,active,2026-02-01
M47,active,2026-03-01
M47,active,2026-04-01
M47,active,2026-05-01
M47,inactive,2026-06-01
M47,active,2026-07-01
M48,active,2026-01-01
M48,active,2026-02-01
M48,active,2026-03-01
M48,active,2026-04-01
M48,active,2026-05-01
M48,inactive,2026-06-01
M48,inactive,2026-07-01
M48,inactive,2026-08-01
M48,active,2026-09-01
M48,inactive,2026-10-01
M48,inactive,2026-11-01
M49,active,2026-01-01
M49,active,2026-02-01
M49,active,2026-03-01
M49,active,2026-04-01
M49,active,2026-05-01
M49,inactive,2026-06-01
M49,inactive,2026-07-01
M49,active,2026-08-01
M49,active,2026-09-01
M49,active,2026-10-01
M49,inactive,2026-11-01
M50,active,2026-01-01
M50,active,2026-02-01
M50,active,2026-03-01
M50,active,2026-04-01
M50,active,2026-05-01
M50,active,2026-06-01
M51,active,2026-01-01
M51,active,2026-02-01
M51,active,2026-03-01
M51,inactive,2026-04-01
M51,inactive,2026-05-01
M51,active,2026-06-01
M51,inactive,2026-07-01
M51,active,2026-08-01
M52,active,2026-01-01
M52,active,2026-02-01
M52,active,2026-03-01
M52,active,2026-04-01
M52,active,2026-05-01
M52,active,2026-06-01
M52,active,2026-07-01
M52,active,2026-08-01
M52,active,2026-09-01
M52,active,2026-10-01
M52,active,2026-11-01
M52,active,2026-12-01
M53,active,2026-01-01
M53,inactive,2026-02-01
M53,active,2026-03-01
M53,active,2026-04-01
M53,active,2026-05-01
M53,inactive,2026-06-01
M53,inactive,2026-07-01
M53,inactive,2026-08-01
M54,active,2026-01-01
M54,active,2026-02-01
M54,active,2026-03-01
M54,active,2026-04-01
M54,active,2026-05-01
M54,active,2026-06-01
M54,active,2026-07-01
M54,active,2026-08-01
M54,active,2026-09-01
M54,active,2026-10-01
M54,active,2026-11-01
M54,inactive,2026-12-01
M55,active,2026-01-01
M55,inactive,2026-02-01
M55,active,2026-03-01
M55,inactive,2026-04-01
M55,inactive,2026-05-01
M56,inactive,2026-01-01
M56,inactive,2026-02-01
M56,inactive,2026-03-01
M56,inactive,2026-04-01
M56,inactive,2026-05-01
M56,active,2026-06-01
M56,inactive,2026-07-01
M57,active,2026-01-01
M57,active,2026-02-01
M57,active,2026-03-01
M57,inactive,2026-04-01
M57,inactive,2026-05-01
M57,inactive,2026-06-01
M57,active,2026-07-01
M58,active,2026-01-01
M58,active,2026-02-01
M58,inactive,2026-03-01
M58,active,2026-04-01
M58,inactive,2026-05-01
M58,inactive,2026-06-01
M58,active,2026-07-01
M58,inactive,2026-08-01
M58,active,2026-09-01
M58,inactive,2026-10-01
M58,active,2026-11-01
M58,active,2026-12-01
M59,active,2026-01-01
M59,active,2026-02-01
M59,active,2026-03-01
M59,active,2026-04-01
M59,active,2026-05-01
M59,active,2026-06-01
M59,active,2026-07-01
M59,inactive,2026-08-01
M59,default,2026-09-01
M59,default,2026-10-01
M59,default,2026-11-01
M60,active,2026-01-01
M60,active,2026-02-01
M60,active,2026-03-01
M60,active,2026-04-01
M60,active,2026-05-01
M60,inactive,2026-06-01
M60,inactive,2026-07-01
M60,inactive,2026-08-01
M61,inactive,2026-01-01
M61,inactive,2026-02-01
M61,inactive,2026-03-01
M61,inactive,2026-04-01
M61,inactive,2026-05-01
M62,active,2026-01-01
M62,active,2026-02-01
M62,active,2026-03-01
M62,active,2026-04-01
M62,active,2026-05-01
M62,active,2026-06-01
M62,active,2026-07-01
M63,active,2026-01-01
M63,active,2026-02-01
M63,active,2026-03-01
M63,active,2026-04-01
M63,active,2026-05-01
M63,inactive,2026-06-01
M63,inactive,2026-07-01
M63,active,2026-08-01
M64,active,2026-01-01
M64,active,2026-02-01
M64,inactive,2026-03-01
M64,inactive,2026-04-01
M64,active,2026-05-01
M64,active,2026-06-01
M64,inactive,2026-07-01
M65,active,2026-01-01
M65,active,2026-02-01
M65,active,2026-03-01
M65,active,2026-04-01
M65,active,2026-05-01
M65,active,2026-06-01
M65,inactive,2026-07-01
M66,active,2026-01-01
M66,active,2026-02-01
M66,active,2026-03-01
M66,active,2026-04-01
M66,active,2026-05-01
M66,active,2026-06-01
M66,inactive,2026-07-01
M66,inactive,2026-08-01
M66,inactive,2026-09-01
M66,active,2026-10-01
M66,inactive,2026-11-01
M66,inactive,2026-12-01
M67,active,2026-01-01
M67,active,2026-02-01
M67,active,2026-03-01
M67,active,2026-04-01
M67,inactive,2026-05-01
M67,active,2026-06-01
M68,active,2026-01-01
M68,active,2026-02-01
M68,active,2026-03-01
M68,active,2026-04-01
M68,active,2026-05-01
M68,active,2026-06-01
M68,inactive,2026-07-01
M68,active,2026-08-01
M68,active,2026-09-01
M68,inactive,2026-10-01
M68,active,2026-11-01
M68,inactive,2026-12-01
M69,active,2026-01-01
M69,active,2026-02-01
M69,active,2026-03-01
M69,active,2026-04-01
M69,active,2026-05-01
M69,active,2026-06-01
M69,active,2026-07-01
M69,active,2026-08-01
M69,active,2026-09-01
M69,active,2026-10-01
M69,active,2026-11-01
M69,inactive,2026-12-01
M70,active,2026-01-01
M70,active,2026-02-01
M70,inactive,2026-03-01
M70,inactive,2026-04-01
M70,active,2026-05-01
M70,inactive,2026-06-01
M70,inactive,2026-07-01
M70,inactive,2026-08-01
M70,default,2026-09-01
M70,default,2026-10-01
M70,default,2026-11-01
M70,default,2026-12-01
M71,active,2026-01-01
M71,active,2026-02-01
M71,active,2026-03-01
M71,active,2026-04-01
M71,active,2026-05-01
M71,active,2026-06-01
M71,active,2026-07-01
M71,inactive,2026-08-01
M71,inactive,2026-09-01
M71,active,2026-10-01
M72,active,2026-01-01
M72,active,2026-02-01
M72,active,2026-03-01
M72,active,2026-04-01
M72,inactive,2026-05-01
M73,active,2026-01-01
M73,active,2026-02-01
M73,active,2026-03-01
M73,active,2026-04-01
M73,active,2026-05-01
M73,active,2026-06-01
M73,active,2026-07-01
M73,active,2026-08-01
M73,active,2026-09-01
M73,active,2026-10-01
M73,inactive,2026-11-01
M74,active,2026-01-01
M74,active,2026-02-01
M74,active,2026-03-01
M74,active,2026-04-01
M74,active,2026-05-01
M74,inactive,2026-06-01
M74,active,2026-07-01
M74,inactive,2026-08-01
M74,inactive,2026-09-01
M74,inactive,2026-10-01
M74,active,2026-11-01
M74,inactive,2026-12-01
M75,active,2026-01-01
M75,active,2026-02-01
M75,active,2026-03-01
M75,active,2026-04-01
M75,active,2026-05-01
M75,inactive,2026-06-01
M75,inactive,2026-07-01
M75,active,2026-08-01
M75,inactive,2026-09-01
M75,active,2026-10-01
M76,active,2026-01-01
M76,active,2026-02-01
M76,active,2026-03-01
M76,active,2026-04-01
M76,active,2026-05-01
M76,active,2026-06-01
M76,active,2026-07-01
M76,active,2026-08-01
M76,active,2026-09-01
M76,active,2026-10-01
M77,active,2026-01-01
M77,active,2026-02-01
M77,active,2026-03-01
M77,active,2026-04-01
M77,active,2026-05-01
M77,active,2026-06-01
M77,active,2026-07-01
M77,inactive,2026-08-01
M77,active,2026-09-01
M78,active,2026-01-01
M78,active,2026-02-01
M78,active,2026-03-01
M78,inactive,2026-04-01
M78,inactive,2026-05-01
M78,inactive,2026-06-01
M78,inactive,2026-07-01
M78,active,2026-08-01
M78,active,2026-09-01
M79,active,2026-01-01
M79,active,2026-02-01
M79,active,2026-03-01
M79,inactive,2026-04-01
M79,inactive,2026-05-01
M79,active,2026-06-01
M79,active,2026-07-01
M79,inactive,2026-08-01
M79,active,2026-09-01
M79,inactive,2026-10-01
M79,inactive,2026-11-01
M80,active,2026-01-01
M80,inactive,2026-02-01
M80,default,2026-03-01
M80,default,2026-04-01
M80,default,2026-05-01
M80,default,2026-06-01
M80,default,2026-07-01
M80,default,2026-08-01
M81,active,2026-01-01
M81,active,2026-02-01
M81,active,2026-03-01
M81,active,2026-04-01
M81,inactive,2026-05-01
M81,inactive,2026-06-01
M81,inactive,2026-07-01
M81,active,2026-08-01
M81,active,2026-09-01
M81,active,2026-10-01
M81,active,2026-11-01
M82,active,2026-01-01
M82,active,2026-02-01
M82,active,2026-03-01
M82,active,2026-04-01
M82,active,2026-05-01
M82,active,2026-06-01
M82,active,2026-07-01
M82,active,2026-08-01
M82,active,2026-09-01
M82,active,2026-10-01
M82,inactive,2026-11-01
M82,inactive,2026-12-01
M83,inactive,2026-01-01
M83,inactive,2026-02-01
M83,active,2026-03-01
M83,inactive,2026-04-01
M83,active,2026-05-01
M83,inactive,2026-06-01
M83,inactive,2026-07-01
M84,active,2026-01-01
M84,active,2026-02-01
M84,active,2026-03-01
M84,active,2026-04-01
M84,active,2026-05-01
M84,active,2026-06-01
M84,active,2026-07-01
M84,inactive,2026-08-01
M85,active,2026-01-01
M85,active,2026-02-01
M85,active,2026-03-01
M85,active,2026-04-01
M85,active,2026-05-01
M85,inactive,2026-06-01
M85,active,2026-07-01
M85,inactive,2026-08-01
M85,inactive,2026-09-01
M85,active,2026-10-01
M86,active,2026-01-01
M86,active,2026-02-01
M86,active,2026-03-01
M86,active,2026-04-01
M86,active,2026-05-01
M86,inactive,2026-06-01
M86,inactive,2026-07-01
M86,inactive,2026-08-01
M86,active,2026-09-01
M87,active,2026-01-01
M87,inactive,2026-02-01
M87,inactive,2026-03-01
M87,active,2026-04-01
M87,active,2026-05-01
M87,inactive,2026-06-01
M88,active,2026-01-01
M88,active,2026-02-01
M88,active,2026-03-01
M88,active,2026-04-01
M88,active,2026-05-01
M88,active,2026-06-01
M88,active,2026-07-01
M89,active,2026-01-01
M89,active,2026-02-01
M89,inactive,2026-03-01
M89,inactive,2026-04-01
M89,active,2026-05-01
M89,inactive,2026-06-01
M89,active,2026-07-01
M89,inactive,2026-08-01
M89,inactive,2026-09-01
M89,inactive,2026-10-01
M89,active,2026-11-01
M89,inactive,2026-12-01
M90,active,2026-01-01
M90,active,2026-02-01
M90,active,2026-03-01
M90,active,2026-04-01
M90,active,2026-05-01
M90,active,2026-06-01
M90,active,2026-07-01
M90,inactive,2026-08-01
M90,active,2026-09-01
M90,inactive,2026-10-01
M91,active,2026-01-01
M91,active,2026-02-01
M91,active,2026-03-01
M91,active,2026-04-01
M91,active,2026-05-01
M91,active,2026-06-01
M91,active,2026-07-01
M92,active,2026-01-01
M92,active,2026-02-01
M92,active,2026-03-01
M92,active,2026-04-01
M92,active,2026-05-01
M92,active,2026-06-01
M92,active,2026-07-01
M92,inactive,2026-08-01
M92,default,2026-09-01
M92,default,2026-10-01
M93,active,2026-01-01
M93,active,2026-02-01
M93,active,2026-03-01
M93,active,2026-04-01
M93,active,2026-05-01
M93,active,2026-06-01
M93,active,2026-07-01
M93,active,2026-08-01
M93,inactive,2026-09-01
M93,inactive,2026-10-01
M93,inactive,2026-11-01
M93,inactive,2026-12-01
M94,active,2026-01-01
M94,active,2026-02-01
M94,active,2026-03-01
M94,inactive,2026-04-01
M94,inactive,2026-05-01
M94,active,2026-06-01
M94,inactive,2026-07-01
M94,inactive,2026-08-01
M94,inactive,2026-09-01
M94,inactive,2026-10-01
M95,active,2026-01-01
M95,inactive,2026-02-01
M95,active,2026-03-01
M95,active,2026-04-01
M95,active,2026-05-01
M95,inactive,2026-06-01
M95,inactive,2026-07-01
M95,inactive,2026-08-01
M95,inactive,2026-09-01
M95,active,2026-10-01
M95,inactive,2026-11-01
M96,active,2026-01-01
M96,active,2026-02-01
M96,inactive,2026-03-01
M96,active,2026-04-01
M96,inactive,2026-05-01
M96,inactive,2026-06-01
M97,active,2026-01-01
M97,active,2026-02-01
M97,active,2026-03-01
M97,active,2026-04-01
M97,inactive,2026-05-01
M97,inactive,2026-06-01
M97,inactive,2026-07-01
M97,active,2026-08-01
M97,active,2026-09-01
M98,active,2026-01-01
M98,inactive,2026-02-01
M98,inactive,2026-03-01
M98,inactive,2026-04-01
M98,active,2026-05-01
M99,active,2026-01-01
M99,active,2026-02-01
M99,inactive,2026-03-01
M99,inactive,2026-04-01
M99,active,2026-05-01
M99,inactive,2026-06-01
M99,inactive,2026-07-01
N1,active,2026-01-01
N1,active,2026-02-01
N1,active,2026-03-01
N1,active,2026-04-01
N1,active,2026-05-01
N1,active,2026-06-01
N1,active,2026-07-01
N1,active,2026-08-01
N1,active,2026-09-01
N1,active,2026-10-01
N1,inactive,2026-11-01
N1,active,2026-12-01
N2,inactive,2026-01-01
N2,default,2026-02-01
N2,default,2026-03-01
N2,default,2026-04-01
N2,default,2026-05-01
N2,default,2026-06-01
N2,default,2026-07-01
N3,active,2026-01-01
N3,active,2026-02-01
N3,inactive,2026-03-01
N3,active,2026-04-01
N3,inactive,2026-05-01
N4,active,2026-01-01
N4,active,2026-02-01
N4,inactive,2026-03-01
N4,inactive,2026-04-01
N4,active,2026-05-01
N4,inactive,2026-06-01
N4,active,2026-07-01
N4,inactive,2026-08-01
N5,active,2026-01-01
N5,active,2026-02-01
N5,active,2026-03-01
N5,active,2026-04-01
N5,active,2026-05-01
N5,active,2026-06-01
N5,active,2026-07-01
N5,active,2026-08-01
N5,active,2026-09-01
N5,active,2026-10-01
N5,active,2026-11-01
N5,inactive,2026-12-01
N6,active,2026-01-01
N6,active,2026-02-01
N6,active,2026-03-01
N6,active,2026-04-01
N6,active,2026-05-01
N6,inactive,2026-06-01
N6,inactive,2026-07-01
N6,inactive,2026-08-01
N6,inactive,2026-09-01
N7,active,2026-01-01
N7,active,2026-02-01
N7,active,2026-03-01
N7,active,2026-04-01
N7,active,2026-05-01
N7,active,2026-06-01
N7,active,2026-07-01
N7,active,2026-08-01
N8,active,2026-01-01
N8,inactive,2026-02-01
N8,active,2026-03-01
N8,active,2026-04-01
N8,inactive,2026-05-01
N8,inactive,2026-06-01
N8,active,2026-07-01
N8,active,2026-08-01
N9,active,2026-01-01
N9,active,2026-02-01
N9,active,2026-03-01
N9,active,2026-04-01
N9,active,2026-05-01
N10,active,2026-01-01
N10,active,2026-02-01
N10,inactive,2026-03-01
N10,active,2026-04-01
N10,active,2026-05-01
N10,inactive,2026-06-01
N11,active,2026-01-01
N11,active,2026-02-01
N11,active,2026-03-01
N11,active,2026-04-01
N11,active,2026-05-01
N11,active,2026-06-01
N11,inactive,2026-07-01
N11,inactive,2026-08-01
N12,active,2026-01-01
N12,active,2026-02-01
N12,active,2026-03-01
N12,active,2026-04-01
N12,active,2026-05-01
N12,inactive,2026-06-01
N13,active,2026-01-01
N13,active,2026-02-01
N13,active,2026-03-01
N13,active,2026-04-01
N13,active,2026-05-01
N13,inactive,2026-06-01
N13,active,2026-07-01
N13,active,2026-08-01
N13,inactive,2026-09-01
N13,active,2026-10-01
N13,inactive,2026-11-01
N13,inactive,2026-12-01
N14,active,2026-01-01
N14,active,2026-02-01
N14,active,2026-03-01
N14,active,2026-04-01
N14,active,2026-05-01
N14,inactive,2026-06-01
N14,active,2026-07-01
N15,active,2026-01-01
N15,active,2026-02-01
N15,active,2026-03-01
N15,active,2026-04-01
N15,active,2026-05-01
N15,inactive,2026-06-01
N16,active,2026-01-01
N16,active,2026-02-01
N16,active,2026-03-01
N16,inactive,2026-04-01
N16,active,2026-05-01
N16,inactive,2026-06-01
N17,active,2026-01-01
N17,active,2026-02-01
N17,active,2026-03-01
N17,active,2026-04-01
N17,active,2026-05-01
N17,active,2026-06-01
N18,active,2026-01-01
N18,active,2026-02-01
N18,active,2026-03-01
N18,active,2026-04-01
N18,active,2026-05-01
N18,active,2026-06-01
N18,inactive,2026-07-01
N18,active,2026-08-01
N18,inactive,2026-09-01
N18,active,2026-10-01
N18,active,2026-11-01
N18,inactive,2026-12-01
N19,inactive,2026-01-01
N19,inactive,2026-02-01
N19,inactive,2026-03-01
N19,active,2026-04-01
N19,inactive,2026-05-01
N19,inactive,2026-06-01
N19,active,2026-07-01
N19,active,2026-08-01
N19,active,2026-09-01
N19,active,2026-10-01
N19,inactive,2026-11-01
N19,inactive,2026-12-01
N20,active,2026-01-01
N20,active,2026-02-01
N20,active,2026-03-01
N20,active,2026-04-01
N20,active,2026-05-01
N20,active,2026-06-01
N20,active,2026-07-01
N20,active,2026-08-01
N20,inactive,2026-09-01
N20,active,2026-10-01
N20,active,2026-11-01
N20,active,2026-12-01
N21,active,2026-01-01
N21,active,2026-02-01
N21,active,2026-03-01
N21,inactive,2026-04-01
N21,inactive,2026-05-01
N21,active,2026-06-01
N22,active,2026-01-01
N22,active,2026-02-01
N22,inactive,2026-03-01
N22,active,2026-04-01
N22,inactive,2026-05-01
N22,active,2026-06-01
N22,active,2026-07-01
N22,active,2026-08-01
N23,active,2026-01-01
N23,inactive,2026-02-01
N23,active,2026-03-01
N23,inactive,2026-04-01
N23,active,2026-05-01
N23,inactive,2026-06-01
N23,active,2026-07-01
N23,inactive,2026-08-01
N23,inactive,2026-09-01
N23,active,2026-10-01
N23,inactive,2026-11-01
N24,active,2026-01-01
N24,inactive,2026-02-01
N24,inactive,2026-03-01
N24,active,2026-04-01
N24,inactive,2026-05-01
N25,active,2026-01-01
N25,active,2026-02-01
N25,active,2026-03-01
N25,active,2026-04-01
N25,active,2026-05-01
N25,active,2026-06-01
N25,active,2026-07-01
N25,active,2026-08-01
N25,active,2026-09-01
N26,active,2026-01-01
N26,active,2026-02-01
N26,active,2026-03-01
N26,inactive,2026-04-01
N26,active,2026-05-01
N26,inactive,2026-06-01
N27,active,2026-01-01
N27,active,2026-02-01
N27,active,2026-03-01
N27,active,2026-04-01
N27,active,2026-05-01
N27,active,2026-06-01
N27,inactive,2026-07-01
N28,inactive,2026-01-01
N28,active,2026-02-01
N28,inactive,2026-03-01
N28,inactive,2026-04-01
N28,active,2026-05-01
N28,inactive,2026-06-01
N28,active,2026-07-01
N28,active,2026-08-01
N28,inactive,2026-09-01
N28,active,2026-10-01
N28,active,2026-11-01
N28,inactive,2026-12-01
N29,active,2026-01-01
N29,active,2026-02-01
N29,active,2026-03-01
N29,active,2026-04-01
N29,active,2026-05-01
N29,inactive,2026-06-01
N29,active,2026-07-01
N29,inactive,2026-08-01
N29,active,2026-09-01
N29,inactive,2026-10-01
N29,inactive,2026-11-01
N29,inactive,2026-12-01
N30,active,2026-01-01
N30,active,2026-02-01
N30,active,2026-03-01
N30,active,2026-04-01
N30,active,2026-05-01
N30,active,2026-06-01
N30,inactive,2026-07-01
N30,inactive,2026-08-01
N30,inactive,2026-09-01
N31,active,2026-01-01
N31,active,2026-02-01
N31,active,2026-03-01
N31,active,2026-04-01
N31,active,2026-05-01
N31,active,2026-06-01
N31,inactive,2026-07-01
N31,inactive,2026-08-01
N31,active,2026-09-01
N31,inactive,2026-10-01
N31,inactive,2026-11-01
N31,inactive,2026-12-01
N32,inactive,2026-01-01
N32,active,2026-02-01
N32,inactive,2026-03-01
N32,active,2026-04-01
N32,inactive,2026-05-01
N33,active,2026-01-01
N33,active,2026-02-01
N33,active,2026-03-01
N33,active,2026-04-01
N33,inactive,2026-05-01
N33,active,2026-06-01
N33,inactive,2026-07-01
N33,active,2026-08-01
N34,active,2026-01-01
N34,active,2026-02-01
N34,active,2026-03-01
N34,active,2026-04-01
N34,active,2026-05-01
N34,active,2026-06-01
N34,inactive,2026-07-01
N34,active,2026-08-01
N34,active,2026-09-01
N34,inactive,2026-10-01
N34,inactive,2026-11-01
N34,inactive,2026-12-01
N35,active,2026-01-01
N35,active,2026-02-01
N35,inactive,2026-03-01
N35,active,2026-04-01
N35,inactive,2026-05-01
N35,active,2026-06-01
N35,inactive,2026-07-01
N36,active,2026-01-01
N36,active,2026-02-01
N36,active,2026-03-01
N36,active,2026-04-01
N36,active,2026-05-01
N36,inactive,2026-06-01
N36,inactive,2026-07-01
N37,active,2026-01-01
N37,active,2026-02-01
N37,active,2026-03-01
N37,active,2026-04-01
N37,inactive,2026-05-01
N37,inactive,2026-06-01
N37,active,2026-07-01
N37,active,2026-08-01
N37,inactive,2026-09-01
N37,inactive,2026-10-01
N37,inactive,2026-11-01
N37,active,2026-12-01
N38,active,2026-01-01
N38,active,2026-02-01
N38,active,2026-03-01
N38,active,2026-04-01
N38,active,2026-05-01
N38,inactive,2026-06-01
N38,active,2026-07-01
N38,inactive,2026-08-01
N38,inactive,2026-09-01
N39,active,2026-01-01
N39,active,2026-02-01
N39,active,2026-03-01
N39,active,2026-04-01
N39,active,2026-05-01
N39,active,2026-06-01
N39,active,2026-07-01
N39,inactive,2026-08-01
N39,inactive,2026-09-01
N39,active,2026-10-01
N39,inactive,2026-11-01
N40,active,2026-01-01
N40,active,2026-02-01
N40,active,2026-03-01
N40,active,2026-04-01
N40,active,2026-05-01
N40,active,2026-06-01
N40,active,2026-07-01
N40,inactive,2026-08-01
N41,inactive,2026-01-01
N41,inactive,2026-02-01
N41,active,2026-03-01
N41,inactive,2026-04-01
N41,active,2026-05-01
N42,active,2026-01-01
N42,active,2026-02-01
N42,active,2026-03-01
N42,active,2026-04-01
N42,active,2026-05-01
N42,inactive,2026-06-01
N42,inactive,2026-07-01
N42,inactive,2026-08-01
N42,inactive,2026-09-01
N42,inactive,2026-10-01
N42,default,2026-11-01
N42,default,2026-12-01
N43,active,2026-01-01
N43,active,2026-02-01
N43,inactive,2026-03-01
N43,active,2026-04-01
N43,inactive,2026-05-01
N43,inactive,2026-06-01
N43,active,2026-07-01
N43,inactive,2026-08-01
N43,active,2026-09-01
N44,active,2026-01-01
N44,active,2026-02-01
N44,active,2026-03-01
N44,active,2026-04-01
N44,active,2026-05-01
N44,active,2026-06-01
N44,inactive,2026-07-01
N44,active,2026-08-01
N45,active,2026-01-01
N45,active,2026-02-01
N45,active,2026-03-01
N45,inactive,2026-04-01
N45,default,2026-05-01
N45,default,2026-06-01
N45,default,2026-07-01
N45,default,2026-08-01
N45,default,2026-09-01
N45,default,2026-10-01
N46,active,2026-01-01
N46,inactive,2026-02-01
N46,active,2026-03-01
N46,inactive,2026-04-01
N46,active,2026-05-01
N47,active,2026-01-01
N47,active,2026-02-01
N47,inactive,2026-03-01
N47,active,2026-04-01
N47,active,2026-05-01
N47,inactive,2026-06-01
N47,inactive,2026-07-01
N48,active,2026-01-01
N48,active,2026-02-01
N48,active,2026-03-01
N48,active,2026-04-01
N48,active,2026-05-01
N49,active,2026-01-01
N49,active,2026-02-01
N49,active,2026-03-01
N49,active,2026-04-01
N49,active,2026-05-01
N49,active,2026-06-01
N49,active,2026-07-01
N49,inactive,2026-08-01
N49,inactive,2026-09-01
N49,active,2026-10-01
N49,inactive,2026-11-01
N50,active,2026-01-01
N50,inactive,2026-02-01
N50,inactive,2026-03-01
N50,active,2026-04-01
N50,active,2026-05-01
N50,active,2026-06-01
N50,inactive,2026-07-01
N50,inactive,2026-08-01
N50,active,2026-09-01
N50,inactive,2026-10-01
N50,inactive,2026-11-01
N50,active,2026-12-01
N51,active,2026-01-01
N51,active,2026-02-01
N51,active,2026-03-01
N51,active,2026-04-01
N51,active,2026-05-01
N51,active,2026-06-01
N51,active,2026-07-01
N51,active,2026-08-01
N52,active,2026-01-01
N52,active,2026-02-01
N52,active,2026-03-01
N52,active,2026-04-01
N52,active,2026-05-01
N52,active,2026-06-01
N52,active,2026-07-01
N52,inactive,2026-08-01
N53,active,2026-01-01
N53,active,2026-02-01
N53,active,2026-03-01
N53,active,2026-04-01
N53,active,2026-05-01
N53,active,2026-06-01
N53,active,2026-07-01
N53,active,2026-08-01
N53,inactive,2026-09-01
N53,active,2026-10-01
N53,active,2026-11-01
N53,inactive,2026-12-01
N54,inactive,2026-01-01
N54,active,2026-02-01
N54,active,2026-03-01
N54,active,2026-04-01
N54,active,2026-05-01
N54,active,2026-06-01
N54,active,2026-07-01
N54,inactive,2026-08-01
N54,active,2026-09-01
N54,active,2026-10-01
N54,active,2026-11-01
N55,active,2026-01-01
N55,active,2026-02-01
N55,active,2026-03-01
N55,active,2026-04-01
N55,active,2026-05-01
N55,active,2026-06-01
N55,inactive,2026-07-01
N56,active,2026-01-01
N56,active,2026-02-01
N56,inactive,2026-03-01
N56,default,2026-04-01
N56,default,2026-05-01
N56,default,2026-06-01
N56,default,2026-07-01
N56,default,2026-08-01
N56,default,2026-09-01
N57,active,2026-01-01
N57,inactive,2026-02-01
N57,active,2026-03-01
N57,inactive,2026-04-01
N57,inactive,2026-05-01
N58,active,2026-01-01
N58,active,2026-02-01
N58,inactive,2026-03-01
N58,inactive,2026-04-01
N58,inactive,2026-05-01
N58,inactive,2026-06-01
N58,inactive,2026-07-01
N58,active,2026-08-01
N58,inactive,2026-09-01
N58,active,2026-10-01
N58,active,2026-11-01
N59,active,2026-01-01
N59,active,2026-02-01
N59,active,2026-03-01
N59,active,2026-04-01
N59,active,2026-05-01
N59,active,2026-06-01
N59,active,2026-07-01
N59,active,2026-08-01
N59,active,2026-09-01
N59,inactive,2026-10-01
N59,inactive,2026-11-01
N59,active,2026-12-01
N60,inactive,2026-01-01
N60,inactive,2026-02-01
N60,active,2026-03-01
N60,inactive,2026-04-01
N60,active,2026-05-01
N60,inactive,2026-06-01
N60,inactive,2026-07-01
N60,inactive,2026-08-01
N60,active,2026-09-01
N60,inactive,2026-10-01
N60,inactive,2026-11-01
N60,inactive,2026-12-01
N61,active,2026-01-01
N61,active,2026-02-01
N61,active,2026-03-01
N61,active,2026-04-01
N61,active,2026-05-01
N61,active,2026-06-01
N61,active,2026-07-01
N61,inactive,2026-08-01
N61,active,2026-09-01
N61,inactive,2026-10-01
N61,inactive,2026-11-01
N61,active,2026-12-01
N62,active,2026-01-01
N62,active,2026-02-01
N62,active,2026-03-01
N62,active,2026-04-01
N62,active,2026-05-01
N62,active,2026-06-01
N62,inactive,2026-07-01
N62,inactive,2026-08-01
N63,active,2026-01-01
N63,inactive,2026-02-01
N63,inactive,2026-03-01
N63,active,2026-04-01
N63,inactive,2026-05-01
N64,active,2026-01-01
N64,active,2026-02-01
N64,active,2026-03-01
N64,active,2026-04-01
N64,active,2026-05-01
N64,active,2026-06-01
N64,active,2026-07-01
N64,active,2026-08-01
N64,active,2026-09-01
N64,active,2026-10-01
N64,active,2026-11-01
N64,inactive,2026-12-01
N65,active,2026-01-01
N65,active,2026-02-01
N65,active,2026-03-01
N65,active,2026-04-01
N65,inactive,2026-05-01
N66,active,2026-01-01
N66,active,2026-02-01
N66,active,2026-03-01
N66,active,2026-04-01
N66,active,2026-05-01
N66,active,2026-06-01
N66,active,2026-07-01
N66,active,2026-08-01
N66,active,2026-09-01
N66,active,2026-10-01
N66,inactive,2026-11-01
N67,active,2026-01-01
N67,active,2026-02-01
N67,active,2026-03-01
N67,inactive,2026-04-01
N67,active,2026-05-01
N68,active,2026-01-01
N68,active,2026-02-01
N68,active,2026-03-01
N68,active,2026-04-01
N68,active,2026-05-01
N68,active,2026-06-01
N68,active,2026-07-01
N68,active,2026-08-01
N68,active,2026-09-01
N68,inactive,2026-10-01
N68,active,2026-11-01
N69,inactive,2026-01-01
N69,active,2026-02-01
N69,active,2026-03-01
N69,inactive,2026-04-01
N69,inactive,2026-05-01
N70,active,2026-01-01
N70,active,2026-02-01
N70,active,2026-03-01
N70,active,2026-04-01
N70,inactive,2026-05-01
N71,active,2026-01-01
N71,inactive,2026-02-01
N71,active,2026-03-01
N71,active,2026-04-01
N71,active,2026-05-01
N71,active,2026-06-01
N72,active,2026-01-01
N72,active,2026-02-01
N72,inactive,2026-03-01
N72,active,2026-04-01
N72,inactive,2026-05-01
N73,active,2026-01-01
N73,inactive,2026-02-01
N73,inactive,2026-03-01
N73,active,2026-04-01
N73,inactive,2026-05-01
N73,active,2026-06-01
N73,active,2026-07-01
N73,inactive,2026-08-01
N73,active,2026-09-01
N73,active,2026-10-01
N73,inactive,2026-11-01
N73,inactive,2026-12-01
N74,active,2026-01-01
N74,active,2026-02-01
N74,inactive,2026-03-01
N74,active,2026-04-01
N74,inactive,2026-05-01
N74,active,2026-06-01
N74,inactive,2026-07-01
N74,inactive,2026-08-01
N74,active,2026-09-01
N74,active,2026-10-01
N74,inactive,2026-11-01
N74,active,2026-12-01
N75,active,2026-01-01
N75,active,2026-02-01
N75,active,2026-03-01
N75,active,2026-04-01
N75,active,2026-05-01
N75,active,2026-06-01
N75,active,2026-07-01
N75,active,2026-08-01
N75,active,2026-09-01
N75,active,2026-10-01
N75,active,2026-11-01
N75,inactive,2026-12-01
N76,active,2026-01-01
N76,active,2026-02-01
N76,active,2026-03-01
N76,active,2026-04-01
N76,active,2026-05-01
N76,inactive,2026-06-01
N76,active,2026-07-01
N76,inactive,2026-08-01
N76,active,2026-09-01
N76,inactive,2026-10-01
N76,inactive,2026-11-01
N76,inactive,2026-12-01
N77,active,2026-01-01
N77,active,2026-02-01
N77,active,2026-03-01
N77,active,2026-04-01
N77,inactive,2026-05-01
N77,inactive,2026-06-01
N77,inactive,2026-07-01
N77,active,2026-08-01
N77,active,2026-09-01
N77,inactive,2026-10-01
N77,inactive,2026-11-01
N77,inactive,2026-12-01
N78,active,2026-01-01
N78,active,2026-02-01
N78,active,2026-03-01
N78,active,2026-04-01
N78,active,2026-05-01
N78,inactive,2026-06-01
N78,inactive,2026-07-01
N78,active,2026-08-01
N79,active,2026-01-01
N79,active,2026-02-01
N79,active,2026-03-01
N79,active,2026-04-01
N79,active,2026-05-01
N79,active,2026-06-01
N79,active,2026-07-01
N79,active,2026-08-01
N79,active,2026-09-01
N79,inactive,2026-10-01
N79,active,2026-11-01
N80,inactive,2026-01-01
N80,inactive,2026-02-01
N80,active,2026-03-01
N80,active,2026-04-01
N80,inactive,2026-05-01
N80,inactive,2026-06-01
N80,inactive,2026-07-01
N80,active,2026-08-01
N81,active,2026-01-01
N81,active,2026-02-01
N81,active,2026-03-01
N81,active,2026-04-01
N81,active,2026-05-01
N81,active,2026-06-01
N81,active,2026-07-01
N81,active,2026-08-01
N81,active,2026-09-01
N81,inactive,2026-10-01
N81,inactive,2026-11-01
N81,inactive,2026-12-01
N82,active,2026-01-01
N82,active,2026-02-01
N82,inactive,2026-03-01
N82,inactive,2026-04-01
N82,inactive,2026-05-01
N82,inactive,2026-06-01
N82,inactive,2026-07-01
N83,active,2026-01-01
N83,active,2026-02-01
N83,active,2026-03-01
N83,active,2026-04-01
N83,active,2026-05-01
N83,active,2026-06-01
N84,active,2026-01-01
N84,active,2026-02-01
N84,active,2026-03-01
N84,active,2026-04-01
N84,active,2026-05-01
N84,active,2026-06-01
N84,active,2026-07-01
N84,active,2026-08-01
N84,active,2026-09-01
N84,inactive,2026-10-01
N84,inactive,2026-11-01
N84,active,2026-12-01
N85,active,2026-01-01
N85,active,2026-02-01
N85,active,2026-03-01
N85,inactive,2026-04-01
N85,inactive,2026-05-01
N85,inactive,2026-06-01
N85,active,2026-07-01
N85,inactive,2026-08-01
N85,active,2026-09-01
N85,inactive,2026-10-01
N85,inactive,2026-11-01
N86,active,2026-01-01
N86,active,2026-02-01
N86,active,2026-03-01
N86,active,2026-04-01
N86,active,2026-05-01
N87,inactive,2026-01-01
N87,active,2026-02-01
N87,inactive,2026-03-01
N87,active,2026-04-01
N87,inactive,2026-05-01
N87,inactive,2026-06-01
N87,active,2026-07-01
N87,inactive,2026-08-01
N87,inactive,2026-09-01
N88,inactive,2026-01-01
N88,active,2026-02-01
N88,inactive,2026-03-01
N88,inactive,2026-04-01
N88,active,2026-05-01
N89,active,2026-01-01
N89,active,2026-02-01
N89,inactive,2026-03-01
N89,active,2026-04-01
N89,active,2026-05-01
N89,active,2026-06-01
N90,active,2026-01-01
N90,active,2026-02-01
N90,active,2026-03-01
N90,active,2026-04-01
N90,active,2026-05-01
N90,active,2026-06-01
N90,active,2026-07-01
N90,active,2026-08-01
N90,active,2026-09-01
N90,inactive,2026-10-01
N91,active,2026-01-01
N91,inactive,2026-02-01
N91,inactive,2026-03-01
N91,active,2026-04-01
N91,active,2026-05-01
N91,inactive,2026-06-01
N91,inactive,2026-07-01
N91,default,2026-08-01
N91,default,2026-09-01
N91,default,2026-10-01
N92,active,2026-01-01
N92,active,2026-02-01
N92,active,2026-03-01
N92,active,2026-04-01
N92,active,2026-05-01
N92,inactive,2026-06-01
N92,inactive,2026-07-01
N92,active,2026-08-01
N92,active,2026-09-01
N92,inactive,2026-10-01
N93,active,2026-01-01
N93,active,2026-02-01
N93,inactive,2026-03-01
N93,inactive,2026-04-01
N93,active,2026-05-01
N93,active,2026-06-01
N94,active,2026-01-01
N94,active,2026-02-01
N94,active,2026-03-01
N94,active,2026-04-01
N94,active,2026-05-01
N94,active,2026-06-01
N94,active,2026-07-01
N94,active,2026-08-01
N94,active,2026-09-01
N94,active,2026-10-01
N94,active,2026-11-01
N95,active,2026-01-01
N95,inactive,2026-02-01
N95,inactive,2026-03-01
N95,active,2026-04-01
N95,inactive,2026-05-01
N96,active,2026-01-01
N96,active,2026-02-01
N96,inactive,2026-03-01
N96,active,2026-04-01
N96,inactive,2026-05-01
N96,inactive,2026-06-01
N96,inactive,2026-07-01
N96,default,2026-08-01
N96,default,2026-09-01
N96,default,2026-10-01
N96,default,2026-11-01
N96,default,2026-12-01
N97,active,2026-01-01
N97,active,2026-02-01
N97,active,2026-03-01
N97,active,2026-04-01
N97,inactive,2026-05-01
N97,active,2026-06-01
N97,inactive,2026-07-01
N97,inactive,2026-08-01
N98,active,2026-01-01
N98,active,2026-02-01
N98,active,2026-03-01
N98,active,2026-04-01
N98,active,2026-05-01
N98,active,2026-06-01
N98,active,2026-07-01
N98,active,2026-08-01
N98,inactive,2026-09-01
N99,active,2026-01-01
N99,active,2026-02-01
N99,active,2026-03-01
N99,inactive,2026-04-01
N99,active,2026-05-01
N99,active,2026-06-01
N99,inactive,2026-07-01
N99,inactive,2026-08-01
N99,active,2026-09-01
N99,inactive,2026-10-01
O1,active,2026-01-01
O1,active,2026-02-01
O1,inactive,2026-03-01
O1,active,2026-04-01
O1,inactive,2026-05-01
O1,inactive,2026-06-01
O1,inactive,2026-07-01
O1,active,2026-08-01
O1,active,2026-09-01
O1,active,2026-10-01
O1,inactive,2026-11-01
O2,active,2026-01-01
O2,active,2026-02-01
O2,active,2026-03-01
O2,active,2026-04-01
O2,active,2026-05-01
O2,inactive,2026-06-01
O3,active,2026-01-01
O3,active,2026-02-01
O3,active,2026-03-01
O3,active,2026-04-01
O3,active,2026-05-01
O3,active,2026-06-01
O3,active,2026-07-01
O3,active,2026-08-01
O3,active,2026-09-01
O3,inactive,2026-10-01
O3,inactive,2026-11-01
O3,inactive,2026-12-01
O4,active,2026-01-01
O4,active,2026-02-01
O4,inactive,2026-03-01
O4,inactive,2026-04-01
O4,inactive,2026-05-01
O4,active,2026-06-01
O4,inactive,2026-07-01
O4,inactive,2026-08-01
O4,active,2026-09-01
O4,inactive,2026-10-01
O5,active,2026-01-01
O5,active,2026-02-01
O5,active,2026-03-01
O5,active,2026-04-01
O5,active,2026-05-01
O5,active,2026-06-01
O5,active,2026-07-01
O5,active,2026-08-01
O5,active,2026-09-01
O5,active,2026-10-01
O5,active,2026-11-01
O5,active,2026-12-01
O6,active,2026-01-01
O6,active,2026-02-01
O6,active,2026-03-01
O6,active,2026-04-01
O6,active,2026-05-01
O6,inactive,2026-06-01
O6,inactive,2026-07-01
O6,active,2026-08-01
O6,active,2026-09-01
O6,inactive,2026-10-01
O6,inactive,2026-11-01
O6,inactive,2026-12-01
O7,active,2026-01-01
O7,active,2026-02-01
O7,active,2026-03-01
O7,inactive,2026-04-01
O7,active,2026-05-01
O7,active,2026-06-01
O8,inactive,2026-01-01
O8,active,2026-02-01
O8,active,2026-03-01
O8,inactive,2026-04-01
O8,active,2026-05-01
O8,active,2026-06-01
O8,inactive,2026-07-01
O9,inactive,2026-01-01
O9,active,2026-02-01
O9,inactive,2026-03-01
O9,active,2026-04-01
O9,inactive,2026-05-01
O10,active,2026-01-01
O10,inactive,2026-02-01
O10,active,2026-03-01
O10,inactive,2026-04-01
O10,inactive,2026-05-01
O10,active,2026-06-01
O10,active,2026-07-01
O10,inactive,2026-08-01
O10,active,2026-09-01
O10,inactive,2026-10-01
O10,active,2026-11-01
O10,inactive,2026-12-01
O11,active,2026-01-01
O11,active,2026-02-01
O11,active,2026-03-01
O11,active,2026-04-01
O11,active,2026-05-01
O11,active,2026-06-01
O11,active,2026-07-01
O11,active,2026-08-01
O11,active,2026-09-01
O12,active,2026-01-01
O12,active,2026-02-01
O12,inactive,2026-03-01
O12,inactive,2026-04-01
O12,inactive,2026-05-01
O12,active,2026-06-01
O12,inactive,2026-07-01
O13,active,2026-01-01
O13,active,2026-02-01
O13,active,2026-03-01
O13,active,2026-04-01
O13,active,2026-05-01
O13,active,2026-06-01
O13,active,2026-07-01
O13,inactive,2026-08-01
O13,active,2026-09-01
O13,inactive,2026-10-01
O14,active,2026-01-01
O14,active,2026-02-01
O14,active,2026-03-01
O14,inactive,2026-04-01
O14,inactive,2026-05-01
O14,active,2026-06-01
O14,active,2026-07-01
O14,active,2026-08-01
O14,inactive,2026-09-01
O14,inactive,2026-10-01
O14,inactive,2026-11-01
O14,active,2026-12-01
O15,active,2026-01-01
O15,active,2026-02-01
O15,active,2026-03-01
O15,active,2026-04-01
O15,inactive,2026-05-01
O15,active,2026-06-01
O15,inactive,2026-07-01
O15,inactive,2026-08-01
O16,active,2026-01-01
O16,inactive,2026-02-01
O16,active,2026-03-01
O16,inactive,2026-04-01
O16,inactive,2026-05-01
O16,active,2026-06-01
O16,inactive,2026-07-01
O16,inactive,2026-08-01
O16,inactive,2026-09-01
O16,inactive,2026-10-01
O16,inactive,2026-11-01
O17,active,2026-01-01
O17,active,2026-02-01
O17,active,2026-03-01
O17,active,2026-04-01
O17,inactive,2026-05-01
O17,active,2026-06-01
O17,inactive,2026-07-01
O17,inactive,2026-08-01
O18,active,2026-01-01
O18,active,2026-02-01
O18,active,2026-03-01
O18,active,2026-04-01
O18,active,2026-05-01
O18,active,2026-06-01
O18,inactive,2026-07-01
O19,active,2026-01-01
O19,active,2026-02-01
O19,active,2026-03-01
O19,inactive,2026-04-01
O19,inactive,2026-05-01
O20,active,2026-01-01
O20,active,2026-02-01
O20,active,2026-03-01
O20,active,2026-04-01
O20,active,2026-05-01
O20,active,2026-06-01
O20,inactive,2026-07-01
O20,inactive,2026-08-01
O20,active,2026-09-01
O21,active,2026-01-01
O21,active,2026-02-01
O21,active,2026-03-01
O21,active,2026-04-01
O21,active,2026-05-01
O21,active,2026-06-01
O21,inactive,2026-07-01
O21,active,2026-08-01
O21,inactive,2026-09-01
O21,inactive,2026-10-01
O21,inactive,2026-11-01
O21,inactive,2026-12-01
O22,active,2026-01-01
O22,active,2026-02-01
O22,inactive,2026-03-01
O22,active,2026-04-01
O22,active,2026-05-01
O22,active,2026-06-01
O23,active,2026-01-01
O23,inactive,2026-02-01
O23,active,2026-03-01
O23,inactive,2026-04-01
O23,active,2026-05-01
O23,inactive,2026-06-01
O23,default,2026-07-01
O23,default,2026-08-01
O23,default,2026-09-01
O23,default,2026-10-01
O23,default,2026-11-01
O24,active,2026-01-01
O24,active,2026-02-01
O24,active,2026-03-01
O24,inactive,2026-04-01
O24,active,2026-05-01
O25,active,2026-01-01
O25,active,2026-02-01
O25,active,2026-03-01
O25,active,2026-04-01
O25,active,2026-05-01
O25,active,2026-06-01
O25,active,2026-07-01
O25,active,2026-08-01
O25,active,2026-09-01
O25,inactive,2026-10-01
O25,inactive,2026-11-01
O25,inactive,2026-12-01
O26,active,2026-01-01
O26,active,2026-02-01
O26,active,2026-03-01
O26,active,2026-04-01
O26,inactive,2026-05-01
O26,inactive,2026-06-01
O26,active,2026-07-01
O26,inactive,2026-08-01
O26,active,2026-09-01
O26,active,2026-10-01
O27,active,2026-01-01
O27,active,2026-02-01
O27,inactive,2026-03-01
O27,default,2026-04-01
O27,default,2026-05-01
O27,default,2026-06-01
O27,default,2026-07-01
O28,active,2026-01-01
O28,active,2026-02-01
O28,active,2026-03-01
O28,active,2026-04-01
O28,inactive,2026-05-01
O28,active,2026-06-01
O29,active,2026-01-01
O29,active,2026-02-01
O29,active,2026-03-01
O29,active,2026-04-01
O29,active,2026-05-01
O29,active,2026-06-01
O29,active,2026-07-01
O29,inactive,2026-08-01
O29,inactive,2026-09-01
O30,active,2026-01-01
O30,active,2026-02-01
O30,active,2026-03-01
O30,active,2026-04-01
O30,active,2026-05-01
O30,active,2026-06-01
O30,inactive,2026-07-01
O30,inactive,2026-08-01
O30,inactive,2026-09-01
O30,active,2026-10-01
O30,active,2026-11-01
O30,inactive,2026-12-01
O31,active,2026-01-01
O31,active,2026-02-01
O31,active,2026-03-01
O31,active,2026-04-01
O31,active,2026-05-01
O31,active,2026-06-01
O31,inactive,2026-07-01
O32,active,2026-01-01
O32,active,2026-02-01
O32,inactive,2026-03-01
O32,active,2026-04-01
O32,inactive,2026-05-01
O32,inactive,2026-06-01
O32,active,2026-07-01
O32,inactive,2026-08-01
O32,active,2026-09-01
O32,active,2026-10-01
O32,inactive,2026-11-01
O32,inactive,2026-12-01
O33,active,2026-01-01
O33,inactive,2026-02-01
O33,active,2026-03-01
O33,inactive,2026-04-01
O33,inactive,2026-05-01
O33,inactive,2026-06-01
O34,active,2026-01-01
O34,inactive,2026-02-01
O34,active,2026-03-01
O34,inactive,2026-04-01
O34,inactive,2026-05-01
O34,active,2026-06-01
O34,inactive,2026-07-01
O35,active,2026-01-01
O35,active,2026-02-01
O35,active,2026-03-01
O35,active,2026-04-01
O35,active,2026-05-01
O35,inactive,2026-06-01
O35,active,2026-07-01
O35,inactive,2026-08-01
O35,inactive,2026-09-01
O36,active,2026-01-01
O36,active,2026-02-01
O36,active,2026-03-01
O36,active,2026-04-01
O36,active,2026-05-01
O36,inactive,2026-06-01
O36,active,2026-07-01
O36,active,2026-08-01
O36,inactive,2026-09-01
O36,inactive,2026-10-01
O36,active,2026-11-01
O36,inactive,2026-12-01
O37,active,2026-01-01
O37,active,2026-02-01
O37,active,2026-03-01
O37,active,2026-04-01
O37,inactive,2026-05-01
O38,active,2026-01-01
O38,active,2026-02-01
O38,active,2026-03-01
O38,active,2026-04-01
O38,active,2026-05-01
O38,active,2026-06-01
O38,active,2026-07-01
O38,active,2026-08-01
O38,active,2026-09-01
O38,inactive,2026-10-01
O38,active,2026-11-01
O38,active,2026-12-01
O39,active,2026-01-01
O39,active,2026-02-01
O39,active,2026-03-01
O39,active,2026-04-01
O39,active,2026-05-01
O39,active,2026-06-01
O39,active,2026-07-01
O39,active,2026-08-01
O39,active,2026-09-01
O39,inactive,2026-10-01
O39,inactive,2026-11-01
O39,active,2026-12-01
O40,active,2026-01-01
O40,inactive,2026-02-01
O40,active,2026-03-01
O40,active,2026-04-01
O40,inactive,2026-05-01
O40,active,2026-06-01
O40,inactive,2026-07-01
O40,active,2026-08-01
O41,active,2026-01-01
O41,active,2026-02-01
O41,active,2026-03-01
O41,active,2026-04-01
O41,active,2026-05-01
O41,active,2026-06-01
O41,active,2026-07-01
O41,active,2026-08-01
O41,active,2026-09-01
O41,active,2026-10-01
O41,active,2026-11-01
O41,inactive,2026-12-01
O42,active,2026-01-01
O42,active,2026-02-01
O42,active,2026-03-01
O42,active,2026-04-01
O42,active,2026-05-01
O42,active,2026-06-01
O42,active,2026-07-01
O43,active,2026-01-01
O43,active,2026-02-01
O43,active,2026-03-01
O43,active,2026-04-01
O43,active,2026-05-01
O43,active,2026-06-01
O44,active,2026-01-01
O44,active,2026-02-01
O44,active,2026-03-01
O44,active,2026-04-01
O44,active,2026-05-01
O44,active,2026-06-01
O45,active,2026-01-01
O45,inactive,2026-02-01
O45,inactive,2026-03-01
O45,active,2026-04-01
O45,inactive,2026-05-01
O45,active,2026-06-01
O45,inactive,2026-07-01
O46,active,2026-01-01
O46,active,2026-02-01
O46,inactive,2026-03-01
O46,inactive,2026-04-01
O46,active,2026-05-01
O46,inactive,2026-06-01
O46,inactive,2026-07-01
O47,active,2026-01-01
O47,active,2026-02-01
O47,active,2026-03-01
O47,active,2026-04-01
O47,inactive,2026-05-01
O47,active,2026-06-01
O47,inactive,2026-07-01
O47,active,2026-08-01
O47,active,2026-09-01
O47,active,2026-10-01
O48,active,2026-01-01
O48,active,2026-02-01
O48,active,2026-03-01
O48,active,2026-04-01
O48,active,2026-05-01
O48,active,2026-06-01
O48,active,2026-07-01
O48,active,2026-08-01
O48,inactive,2026-09-01
O49,active,2026-01-01
O49,active,2026-02-01
O49,inactive,2026-03-01
O49,active,2026-04-01
O49,inactive,2026-05-01
O49,active,2026-06-01
O49,inactive,2026-07-01
O49,inactive,2026-08-01
O50,active,2026-01-01
O50,active,2026-02-01
O50,active,2026-03-01
O50,active,2026-04-01
O50,active,2026-05-01
O50,inactive,2026-06-01
O51,active,2026-01-01
O51,active,2026-02-01
O51,active,2026-03-01
O51,active,2026-04-01
O51,active,2026-05-01
O51,active,2026-06-01
O52,active,2026-01-01
O52,active,2026-02-01
O52,active,2026-03-01
O52,active,2026-04-01
O52,active,2026-05-01
O52,active,2026-06-01
O52,inactive,2026-07-01
O52,inactive,2026-08-01
O52,active,2026-09-01
O52,inactive,2026-10-01
O52,active,2026-11-01
O53,active,2026-01-01
O53,active,2026-02-01
O53,active,2026-03-01
O53,active,2026-04-01
O53,inactive,2026-05-01
O54,active,2026-01-01
O54,active,2026-02-01
O54,active,2026-03-01
O54,active,2026-04-01
O54,active,2026-05-01
O54,active,2026-06-01
O54,inactive,2026-07-01
O54,active,2026-08-01
O54,inactive,2026-09-01
O55,active,2026-01-01
O55,active,2026-02-01
O55,active,2026-03-01
O55,active,2026-04-01
O55,inactive,2026-05-01
O55,active,2026-06-01
O55,active,2026-07-01
O55,inactive,2026-08-01
O56,active,2026-01-01
O56,active,2026-02-01
O56,active,2026-03-01
O56,active,2026-04-01
O56,active,2026-05-01
O56,active,2026-06-01
O56,active,2026-07-01
O56,active,2026-08-01
O56,active,2026-09-01
O56,active,2026-10-01
O57,active,2026-01-01
O57,active,2026-02-01
O57,active,2026-03-01
O57,active,2026-04-01
O57,active,2026-05-01
O57,active,2026-06-01
O57,inactive,2026-07-01
O57,inactive,2026-08-01
O57,inactive,2026-09-01
O57,inactive,2026-10-01
O57,inactive,2026-11-01
O58,active,2026-01-01
O58,active,2026-02-01
O58,active,2026-03-01
O58,active,2026-04-01
O58,active,2026-05-01
O58,active,2026-06-01
O58,active,2026-07-01
O59,active,2026-01-01
O59,active,2026-02-01
O59,active,2026-03-01
O59,active,2026-04-01
O59,active,2026-05-01
O59,active,2026-06-01
O59,active,2026-07-01
O59,active,2026-08-01
O59,active,2026-09-01
O59,active,2026-10-01
O59,inactive,2026-11-01
O59,inactive,2026-12-01
O60,active,2026-01-01
O60,active,2026-02-01
O60,active,2026-03-01
O60,active,2026-04-01
O60,active,2026-05-01
O60,active,2026-06-01
O60,active,2026-07-01
O60,inactive,2026-08-01
O60,inactive,2026-09-01
O60,inactive,2026-10-01
O60,inactive,2026-11-01
O60,active,2026-12-01
O61,active,2026-01-01
O61,active,2026-02-01
O61,active,2026-03-01
O61,active,2026-04-01
O61,active,2026-05-01
O61,active,2026-06-01
O61,active,2026-07-01
O61,active,2026-08-01
O61,inactive,2026-09-01
O61,inactive,2026-10-01
O61,active,2026-11-01
O61,inactive,2026-12-01
O62,active,2026-01-01
O62,active,2026-02-01
O62,active,2026-03-01
O62,inactive,2026-04-01
O62,active,2026-05-01
O62,inactive,2026-06-01
O62,active,2026-07-01
O63,active,2026-01-01
O63,active,2026-02-01
O63,active,2026-03-01
O63,inactive,2026-04-01
O63,inactive,2026-05-01
O63,inactive,2026-06-01
O63,inactive,2026-07-01
O63,inactive,2026-08-01
O63,active,2026-09-01
O63,inactive,2026-10-01
O63,inactive,2026-11-01
O64,inactive,2026-01-01
O64,active,2026-02-01
O64,active,2026-03-01
O64,inactive,2026-04-01
O64,inactive,2026-05-01
O64,inactive,2026-06-01
O64,active,2026-07-01
O64,inactive,2026-08-01
O64,active,2026-09-01
O64,inactive,2026-10-01
O64,inactive,2026-11-01
O65,active,2026-01-01
O65,active,2026-02-01
O65,active,2026-03-01
O65,active,2026-04-01
O65,active,2026-05-01
O65,active,2026-06-01
O65,active,2026-07-01
O65,active,2026-08-01
O65,inactive,2026-09-01
O65,active,2026-10-01
O66,active,2026-01-01
O66,active,2026-02-01
O66,inactive,2026-03-01
O66,default,2026-04-01
O66,default,2026-05-01
O66,default,2026-06-01
O66,default,2026-07-01
O67,active,2026-01-01
O67,active,2026-02-01
O67,active,2026-03-01
O67,active,2026-04-01
O67,active,2026-05-01
O67,active,2026-06-01
O67,active,2026-07-01
O67,inactive,2026-08-01
O67,inactive,2026-09-01
O67,active,2026-10-01
O67,active,2026-11-01
O67,active,2026-12-01
O68,active,2026-01-01
O68,active,2026-02-01
O68,active,2026-03-01
O68,active,2026-04-01
O68,inactive,2026-05-01
O68,active,2026-06-01
O69,active,2026-01-01
O69,active,2026-02-01
O69,active,2026-03-01
O69,active,2026-04-01
O69,inactive,2026-05-01
O70,active,2026-01-01
O70,active,2026-02-01
O70,active,2026-03-01
O70,active,2026-04-01
O70,active,2026-05-01
O70,active,2026-06-01
O70,active,2026-07-01
O70,active,2026-08-01
O70,inactive,2026-09-01
O70,inactive,2026-10-01
O70,inactive,2026-11-01
O70,active,2026-12-01
O71,active,2026-01-01
O71,active,2026-02-01
O71,active,2026-03-01
O71,active,2026-04-01
O71,active,2026-05-01
O71,active,2026-06-01
O71,inactive,2026-07-01
O71,inactive,2026-08-01
O72,active,2026-01-01
O72,active,2026-02-01
O72,inactive,2026-03-01
O72,active,2026-04-01
O72,active,2026-05-01
O72,inactive,2026-06-01
O72,inactive,2026-07-01
O72,active,2026-08-01
O72,inactive,2026-09-01
O73,active,2026-01-01
O73,active,2026-02-01
O73,active,2026-03-01
O73,active,2026-04-01
O73,active,2026-05-01
O73,inactive,2026-06-01
O73,inactive,2026-07-01
O73,active,2026-08-01
O73,active,2026-09-01
O73,active,2026-10-01
O73,inactive,2026-11-01
O74,active,2026-01-01
O74,active,2026-02-01
O74,active,2026-03-01
O74,active,2026-04-01
O74,active,2026-05-01
O74,active,2026-06-01
O74,active,2026-07-01
O74,active,2026-08-01
O74,active,2026-09-01
O74,inactive,2026-10-01
O75,active,2026-01-01
O75,active,2026-02-01
O75,inactive,2026-03-01
O75,inactive,2026-04-01
O75,active,2026-05-01
O75,inactive,2026-06-01
O75,active,2026-07-01
O75,inactive,2026-08-01
O75,active,2026-09-01
O75,active,2026-10-01
O75,inactive,2026-11-01
O75,inactive,2026-12-01
O76,active,2026-01-01
O76,active,2026-02-01
O76,active,2026-03-01
O76,active,2026-04-01
O76,inactive,2026-05-01
O76,inactive,2026-06-01
O76,inactive,2026-07-01
O77,active,2026-01-01
O77,active,2026-02-01
O77,active,2026-03-01
O77,active,2026-04-01
O77,active,2026-05-01
O77,active,2026-06-01
O77,active,2026-07-01
O77,active,2026-08-01
O77,active,2026-09-01
O77,inactive,2026-10-01
O77,active,2026-11-01
O77,active,2026-12-01
O78,active,2026-01-01
O78,active,2026-02-01
O78,active,2026-03-01
O78,inactive,2026-04-01
O78,active,2026-05-01
O78,active,2026-06-01
O79,active,2026-01-01
O79,active,2026-02-01
O79,active,2026-03-01
O79,active,2026-04-01
O79,active,2026-05-01
O79,active,2026-06-01
O80,active,2026-01-01
O80,active,2026-02-01
O80,active,2026-03-01
O80,active,2026-04-01
O80,active,2026-05-01
O80,active,2026-06-01
O80,active,2026-07-01
O80,active,2026-08-01
O80,active,2026-09-01
O80,active,2026-10-01
O80,active,2026-11-01
O81,inactive,2026-01-01
O81,inactive,2026-02-01
O81,inactive,2026-03-01
O81,inactive,2026-04-01
O81,inactive,2026-05-01
O81,inactive,2026-06-01
O81,inactive,2026-07-01
O82,active,2026-01-01
O82,active,2026-02-01
O82,inactive,2026-03-01
O82,active,2026-04-01
O82,inactive,2026-05-01
O82,inactive,2026-06-01
O82,active,2026-07-01
O82,inactive,2026-08-01
O82,active,2026-09-01
O82,inactive,2026-10-01
O82,inactive,2026-11-01
O82,inactive,2026-12-01
O83,active,2026-01-01
O83,active,2026-02-01
O83,active,2026-03-01
O83,active,2026-04-01
O83,active,2026-05-01
O83,active,2026-06-01
O83,active,2026-07-01
O83,active,2026-08-01
O83,active,2026-09-01
O83,active,2026-10-01
O83,inactive,2026-11-01
O84,active,2026-01-01
O84,active,2026-02-01
O84,inactive,2026-03-01
O84,active,2026-04-01
O84,inactive,2026-05-01
O84,inactive,2026-06-01
O84,inactive,2026-07-01
O84,inactive,2026-08-01
O85,active,2026-01-01
O85,active,2026-02-01
O85,active,2026-03-01
O85,active,2026-04-01
O85,active,2026-05-01
O85,active,2026-06-01
O85,active,2026-07-01
O85,inactive,2026-08-01
O85,active,2026-09-01
O85,inactive,2026-10-01
O86,active,2026-01-01
O86,inactive,2026-02-01
O86,inactive,2026-03-01
O86,active,2026-04-01
O86,inactive,2026-05-01
O86,active,2026-06-01
O86,inactive,2026-07-01
O86,active,2026-08-01
O86,inactive,2026-09-01
O86,inactive,2026-10-01
O87,active,2026-01-01
O87,active,2026-02-01
O87,active,2026-03-01
O87,active,2026-04-01
O87,active,2026-05-01
O87,active,2026-06-01
O87,active,2026-07-01
O87,inactive,2026-08-01
O87,active,2026-09-01
O87,inactive,2026-10-01
O87,inactive,2026-11-01
O87,default,2026-12-01
O88,active,2026-01-01
O88,active,2026-02-01
O88,active,2026-03-01
O88,active,2026-04-01
O88,active,2026-05-01
O88,active,2026-06-01
O88,active,2026-07-01
O88,active,2026-08-01
O88,inactive,2026-09-01
O88,inactive,2026-10-01
O88,inactive,2026-11-01
O88,active,2026-12-01
O89,active,2026-01-01
O89,active,2026-02-01
O89,active,2026-03-01
O89,active,2026-04-01
O89,active,2026-05-01
O89,inactive,2026-06-01
O89,active,2026-07-01
O89,inactive,2026-08-01
O89,active,2026-09-01
O89,active,2026-10-01
O89,inactive,2026-11-01
O89,active,2026-12-01
O90,active,2026-01-01
O90,active,2026-02-01
O90,inactive,2026-03-01
O90,default,2026-04-01
O90,default,2026-05-01
O90,default,2026-06-01
O90,default,2026-07-01
O90,default,2026-08-01
O90,default,2026-09-01
O91,active,2026-01-01
O91,inactive,2026-02-01
O91,active,2026-03-01
O91,active,2026-04-01
O91,inactive,2026-05-01
O91,inactive,2026-06-01
O91,active,2026-07-01
O92,active,2026-01-01
O92,active,2026-02-01
O92,active,2026-03-01
O92,active,2026-04-01
O92,active,2026-05-01
O92,active,2026-06-01
O93,active,2026-01-01
O93,active,2026-02-01
O93,active,2026-03-01
O93,active,2026-04-01
O93,active,2026-05-01
O93,active,2026-06-01
O93,active,2026-07-01
O93,inactive,2026-08-01
O93,inactive,2026-09-01
O93,inactive,2026-10-01
O93,inactive,2026-11-01
O93,inactive,2026-12-01
O94,active,2026-01-01
O94,active,2026-02-01
O94,inactive,2026-03-01
O94,inactive,2026-04-01
O94,active,2026-05-01
O95,active,2026-01-01
O95,active,2026-02-01
O95,active,2026-03-01
O95,inactive,2026-04-01
O95,inactive,2026-05-01
O95,inactive,2026-06-01
O95,inactive,2026-07-01
O95,active,2026-08-01
O95,active,2026-09-01
O95,inactive,2026-10-01
O95,inactive,2026-11-01
O95,inactive,2026-12-01
O96,active,2026-01-01
O96,active,2026-02-01
O96,active,2026-03-01
O96,active,2026-04-01
O96,active,2026-05-01
O96,active,2026-06-01
O96,active,2026-07-01
O96,active,2026-08-01
O96,active,2026-09-01
O96,inactive,2026-10-01
O96,active,2026-11-01
O97,active,2026-01-01
O97,active,2026-02-01
O97,active,2026-03-01
O97,active,2026-04-01
O97,active,2026-05-01
O97,inactive,2026-06-01
O97,inactive,2026-07-01
O97,active,2026-08-01
O98,active,2026-01-01
O98,active,2026-02-01
O98,active,2026-03-01
O98,active,2026-04-01
O98,active,2026-05-01
O98,inactive,2026-06-01
O99,active,2026-01-01
O99,active,2026-02-01
O99,inactive,2026-03-01
O99,inactive,2026-04-01
O99,active,2026-05-01
O99,inactive,2026-06-01
O99,inactive,2026-07-01
O99,active,2026-08-01
O99,active,2026-09-01
O99,inactive,2026-10-01
O99,active,2026-11-01
O99,inactive,2026-12-01
P1,active,2026-01-01
P1,inactive,2026-02-01
P1,active,2026-03-01
P1,inactive,2026-04-01
P1,active,2026-05-01
P1,inactive,2026-06-01
P1,inactive,2026-07-01
P1,active,2026-08-01
P1,inactive,2026-09-01
P1,inactive,2026-10-01
P1,active,2026-11-01
P1,inactive,2026-12-01
P2,active,2026-01-01
P2,active,2026-02-01
P2,active,2026-03-01
P2,active,2026-04-01
P2,active,2026-05-01
P2,active,2026-06-01
P2,active,2026-07-01
P2,active,2026-08-01
P2,active,2026-09-01
P2,active,2026-10-01
P2,inactive,2026-11-01
P2,inactive,2026-12-01
P3,active,2026-01-01
P3,active,2026-02-01
P3,active,2026-03-01
P3,inactive,2026-04-01
P3,inactive,2026-05-01
P3,active,2026-06-01
P3,inactive,2026-07-01
P3,active,2026-08-01
P3,inactive,2026-09-01
P3,inactive,2026-10-01
P3,active,2026-11-01
P3,inactive,2026-12-01
P4,active,2026-01-01
P4,inactive,2026-02-01
P4,inactive,2026-03-01
P4,inactive,2026-04-01
P4,active,2026-05-01
P4,inactive,2026-06-01
P5,active,2026-01-01
P5,active,2026-02-01
P5,active,2026-03-01
P5,active,2026-04-01
P5,active,2026-05-01
P5,active,2026-06-01
P5,inactive,2026-07-01
P6,active,2026-01-01
P6,active,2026-02-01
P6,active,2026-03-01
P6,inactive,2026-04-01
P6,active,2026-05-01
P6,active,2026-06-01
P6,active,2026-07-01
P6,inactive,2026-08-01
P6,inactive,2026-09-01
P6,active,2026-10-01
P6,inactive,2026-11-01
P6,inactive,2026-12-01
P7,active,2026-01-01
P7,active,2026-02-01
P7,active,2026-03-01
P7,active,2026-04-01
P7,active,2026-05-01
P7,inactive,2026-06-01
P7,active,2026-07-01
P7,inactive,2026-08-01
P7,active,2026-09-01
P8,active,2026-01-01
P8,active,2026-02-01
P8,active,2026-03-01
P8,active,2026-04-01
P8,active,2026-05-01
P8,active,2026-06-01
P8,active,2026-07-01
P8,active,2026-08-01
P8,inactive,2026-09-01
P9,active,2026-01-01
P9,inactive,2026-02-01
P9,inactive,2026-03-01
P9,inactive,2026-04-01
P9,active,2026-05-01
P9,inactive,2026-06-01
P9,inactive,2026-07-01
P10,active,2026-01-01
P10,active,2026-02-01
P10,active,2026-03-01
P10,active,2026-04-01
P10,active,2026-05-01
P10,active,2026-06-01
P10,inactive,2026-07-01
P10,active,2026-08-01
P10,inactive,2026-09-01
P10,inactive,2026-10-01
P10,active,2026-11-01
P10,active,2026-12-01
P11,active,2026-01-01
P11,active,2026-02-01
P11,active,2026-03-01
P11,inactive,2026-04-01
P11,active,2026-05-01
P12,active,2026-01-01
P12,active,2026-02-01
P12,active,2026-03-01
P12,active,2026-04-01
P12,active,2026-05-01
P12,active,2026-06-01
P12,active,2026-07-01
P12,inactive,2026-08-01
P12,active,2026-09-01
P12,inactive,2026-10-01
P13,active,2026-01-01
P13,active,2026-02-01
P13,active,2026-03-01
P13,active,2026-04-01
P13,active,2026-05-01
P13,inactive,2026-06-01
P13,active,2026-07-01
P13,inactive,2026-08-01
P13,active,2026-09-01
P13,inactive,2026-10-01
P13,inactive,2026-11-01
P14,active,2026-01-01
P14,active,2026-02-01
P14,active,2026-03-01
P14,active,2026-04-01
P14,active,2026-05-01
P14,inactive,2026-06-01
P15,active,2026-01-01
P15,active,2026-02-01
P15,active,2026-03-01
P15,active,2026-04-01
P15,inactive,2026-05-01
P16,active,2026-01-01
P16,active,2026-02-01
P16,inactive,2026-03-01
P16,inactive,2026-04-01
P16,inactive,2026-05-01
P16,active,2026-06-01
P16,active,2026-07-01
P17,active,2026-01-01
P17,inactive,2026-02-01
P17,inactive,2026-03-01
P17,active,2026-04-01
P17,inactive,2026-05-01
P17,inactive,2026-06-01
P17,active,2026-07-01
P17,inactive,2026-08-01
P17,active,2026-09-01
P17,inactive,2026-10-01
P17,inactive,2026-11-01
P17,active,2026-12-01
P18,active,2026-01-01
P18,active,2026-02-01
P18,active,2026-03-01
P18,active,2026-04-01
P18,active,2026-05-01
P18,active,2026-06-01
P18,inactive,2026-07-01
P19,active,2026-01-01
P19,active,2026-02-01
P19,active,2026-03-01
P19,active,2026-04-01
P19,active,2026-05-01
P19,active,2026-06-01
P19,active,2026-07-01
P19,active,2026-08-01
P19,inactive,2026-09-01
P20,active,2026-01-01
P20,active,2026-02-01
P20,active,2026-03-01
P20,active,2026-04-01
P20,active,2026-05-01
P21,active,2026-01-01
P21,active,2026-02-01
P21,active,2026-03-01
P21,active,2026-04-01
P21,active,2026-05-01
P21,active,2026-06-01
P21,active,2026-07-01
P21,active,2026-08-01
P21,inactive,2026-09-01
P21,active,2026-10-01
P21,inactive,2026-11-01
P22,active,2026-01-01
P22,active,2026-02-01
P22,active,2026-03-01
P22,active,2026-04-01
P22,active,2026-05-01
P22,inactive,2026-06-01
P22,active,2026-07-01
P22,inactive,2026-08-01
P23,active,2026-01-01
P23,active,2026-02-01
P23,active,2026-03-01
P23,active,2026-04-01
P23,active,2026-05-01
P23,active,2026-06-01
P23,active,2026-07-01
P23,active,2026-08-01
P23,inactive,2026-09-01
P23,active,2026-10-01
P23,active,2026-11-01
P23,inactive,2026-12-01
P24,active,2026-01-01
P24,active,2026-02-01
P24,active,2026-03-01
P24,active,2026-04-01
P24,active,2026-05-01
P24,active,2026-06-01
P24,active,2026-07-01
P24,active,2026-08-01
P24,active,2026-09-01
P24,inactive,2026-10-01
P24,active,2026-11-01
P24,active,2026-12-01
P25,active,2026-01-01
P25,active,2026-02-01
P25,active,2026-03-01
P25,active,2026-04-01
P25,active,2026-05-01
P25,active,2026-06-01
P25,active,2026-07-01
P25,active,2026-08-01
P25,active,2026-09-01
P25,inactive,2026-10-01
P26,active,2026-01-01
P26,inactive,2026-02-01
P26,active,2026-03-01
P26,active,2026-04-01
P26,active,2026-05-01
P27,active,2026-01-01
P27,active,2026-02-01
P27,active,2026-03-01
P27,inactive,2026-04-01
P27,active,2026-05-01
P27,inactive,2026-06-01
P27,active,2026-07-01
P27,inactive,2026-08-01
P28,active,2026-01-01
P28,active,2026-02-01
P28,active,2026-03-01
P28,active,2026-04-01
P28,active,2026-05-01
P28,active,2026-06-01
P28,active,2026-07-01
P28,active,2026-08-01
P28,inactive,2026-09-01
P28,inactive,2026-10-01
P29,active,2026-01-01
P29,active,2026-02-01
P29,active,2026-03-01
P29,active,2026-04-01
P29,active,2026-05-01
P29,inactive,2026-06-01
P29,inactive,2026-07-01
P29,active,2026-08-01
P29,active,2026-09-01
P29,active,2026-10-01
P29,active,2026-11-01
P29,inactive,2026-12-01
P30,active,2026-01-01
P30,active,2026-02-01
P30,active,2026-03-01
P30,active,2026-04-01
P30,active,2026-05-01
P30,active,2026-06-01
P30,inactive,2026-07-01
P30,inactive,2026-08-01
P30,inactive,2026-09-01
P31,active,2026-01-01
P31,active,2026-02-01
P31,inactive,2026-03-01
P31,inactive,2026-04-01
P31,active,2026-05-01
P31,inactive,2026-06-01
P31,default,2026-07-01
P31,default,2026-08-01
P31,default,2026-09-01
P31,default,2026-10-01
P31,default,2026-11-01
P31,default,2026-12-01
P32,active,2026-01-01
P32,active,2026-02-01
P32,active,2026-03-01
P32,active,2026-04-01
P32,active,2026-05-01
P32,active,2026-06-01
P32,active,2026-07-01
P32,inactive,2026-08-01
P32,inactive,2026-09-01
P32,active,2026-10-01
P32,inactive,2026-11-01
P33,active,2026-01-01
P33,active,2026-02-01
P33,active,2026-03-01
P33,active,2026-04-01
P33,active,2026-05-01
P33,active,2026-06-01
P33,active,2026-07-01
P33,inactive,2026-08-01
P33,active,2026-09-01
P33,active,2026-10-01
P33,inactive,2026-11-01
P33,active,2026-12-01
P34,active,2026-01-01
P34,active,2026-02-01
P34,active,2026-03-01
P34,active,2026-04-01
P34,active,2026-05-01
P34,active,2026-06-01
P34,active,2026-07-01
P34,inactive,2026-08-01
P35,active,2026-01-01
P35,active,2026-02-01
P35,inactive,2026-03-01
P35,active,2026-04-01
P35,active,2026-05-01
P35,active,2026-06-01
P35,inactive,2026-07-01
P35,active,2026-08-01
P35,inactive,2026-09-01
P35,default,2026-10-01
P35,default,2026-11-01
P35,default,2026-12-01
P36,active,2026-01-01
P36,active,2026-02-01
P36,active,2026-03-01
P36,active,2026-04-01
P36,inactive,2026-05-01
P36,inactive,2026-06-01
P36,active,2026-07-01
P36,inactive,2026-08-01
P36,inactive,2026-09-01
P37,active,2026-01-01
P37,active,2026-02-01
P37,active,2026-03-01
P37,active,2026-04-01
P37,active,2026-05-01
P37,inactive,2026-06-01
P37,inactive,2026-07-01
P37,active,2026-08-01
P37,inactive,2026-09-01
P37,inactive,2026-10-01
P37,inactive,2026-11-01
P37,active,2026-12-01
P38,active,2026-01-01
P38,active,2026-02-01
P38,active,2026-03-01
P38,active,2026-04-01
P38,active,2026-05-01
P38,active,2026-06-01
P38,active,2026-07-01
P38,active,2026-08-01
P38,active,2026-09-01
P38,active,2026-10-01
P38,active,2026-11-01
P38,inactive,2026-12-01
P39,active,2026-01-01
P39,inactive,2026-02-01
P39,active,2026-03-01
P39,inactive,2026-04-01
P39,inactive,2026-05-01
P39,active,2026-06-01
P39,inactive,2026-07-01
P39,inactive,2026-08-01
P39,inactive,2026-09-01
P40,active,2026-01-01
P40,inactive,2026-02-01
P40,active,2026-03-01
P40,inactive,2026-04-01
P40,inactive,2026-05-01
P40,inactive,2026-06-01
P40,inactive,2026-07-01
P40,active,2026-08-01
P40,inactive,2026-09-01
P40,inactive,2026-10-01
P40,active,2026-11-01
P40,active,2026-12-01
P41,active,2026-01-01
P41,active,2026-02-01
P41,active,2026-03-01
P41,active,2026-04-01
P41,active,2026-05-01
P41,inactive,2026-06-01
P41,active,2026-07-01
P41,inactive,2026-08-01
P41,active,2026-09-01
P41,active,2026-10-01
P42,active,2026-01-01
P42,active,2026-02-01
P42,inactive,2026-03-01
P42,active,2026-04-01
P42,active,2026-05-01
P42,active,2026-06-01
P42,inactive,2026-07-01
P43,active,2026-01-01
P43,active,2026-02-01
P43,active,2026-03-01
P43,active,2026-04-01
P43,active,2026-05-01
P43,active,2026-06-01
P43,inactive,2026-07-01
P43,default,2026-08-01
P43,default,2026-09-01
P43,default,2026-10-01
P43,default,2026-11-01
P43,default,2026-12-01
P44,active,2026-01-01
P44,inactive,2026-02-01
P44,active,2026-03-01
P44,active,2026-04-01
P44,active,2026-05-01
P44,inactive,2026-06-01
P44,inactive,2026-07-01
P44,active,2026-08-01
P44,active,2026-09-01
P44,inactive,2026-10-01
P44,inactive,2026-11-01
P45,active,2026-01-01
P45,active,2026-02-01
P45,active,2026-03-01
P45,active,2026-04-01
P45,active,2026-05-01
P45,inactive,2026-06-01
P45,inactive,2026-07-01
P45,inactive,2026-08-01
P46,active,2026-01-01
P46,active,2026-02-01
P46,active,2026-03-01
P46,active,2026-04-01
P46,active,2026-05-01
P46,inactive,2026-06-01
P46,active,2026-07-01
P46,active,2026-08-01
P47,active,2026-01-01
P47,active,2026-02-01
P47,active,2026-03-01
P47,active,2026-04-01
P47,active,2026-05-01
P47,active,2026-06-01
P47,active,2026-07-01
P47,inactive,2026-08-01
P47,inactive,2026-09-01
P47,active,2026-10-01
P47,inactive,2026-11-01
P48,active,2026-01-01
P48,active,2026-02-01
P48,inactive,2026-03-01
P48,inactive,2026-04-01
P48,inactive,2026-05-01
P48,active,2026-06-01
P48,inactive,2026-07-01
P48,active,2026-08-01
P48,inactive,2026-09-01
P48,inactive,2026-10-01
P48,inactive,2026-11-01
P48,inactive,2026-12-01
P49,active,2026-01-01
P49,active,2026-02-01
P49,active,2026-03-01
P49,active,2026-04-01
P49,active,2026-05-01
P49,inactive,2026-06-01
P49,inactive,2026-07-01
P49,active,2026-08-01
P50,active,2026-01-01
P50,active,2026-02-01
P50,inactive,2026-03-01
P50,active,2026-04-01
P50,active,2026-05-01
P50,inactive,2026-06-01
P51,active,2026-01-01
P51,active,2026-02-01
P51,active,2026-03-01
P51,active,2026-04-01
P51,active,2026-05-01
P51,active,2026-06-01
P51,active,2026-07-01
P51,active,2026-08-01
P51,active,2026-09-01
P51,inactive,2026-10-01
P51,active,2026-11-01
P51,active,2026-12-01
P52,active,2026-01-01
P52,active,2026-02-01
P52,active,2026-03-01
P52,active,2026-04-01
P52,active,2026-05-01
P52,active,2026-06-01
P52,active,2026-07-01
P52,active,2026-08-01
P52,active,2026-09-01
P52,active,2026-10-01
P52,inactive,2026-11-01
P52,inactive,2026-12-01
P53,active,2026-01-01
P53,inactive,2026-02-01
P53,inactive,2026-03-01
P53,inactive,2026-04-01
P53,active,2026-05-01
P53,inactive,2026-06-01
P54,active,2026-01-01
P54,inactive,2026-02-01
P54,active,2026-03-01
P54,inactive,2026-04-01
P54,active,2026-05-01
P54,active,2026-06-01
P54,active,2026-07-01
P54,inactive,2026-08-01
P54,inactive,2026-09-01
P54,inactive,2026-10-01
P54,inactive,2026-11-01
P55,active,2026-01-01
P55,inactive,2026-02-01
P55,inactive,2026-03-01
P55,inactive,2026-04-01
P55,active,2026-05-01
P55,active,2026-06-01
P55,inactive,2026-07-01
P55,default,2026-08-01
P55,default,2026-09-01
P55,default,2026-10-01
P55,default,2026-11-01
P55,default,2026-12-01
P56,active,2026-01-01
P56,inactive,2026-02-01
P56,default,2026-03-01
P56,default,2026-04-01
P56,default,2026-05-01
P57,active,2026-01-01
P57,active,2026-02-01
P57,active,2026-03-01
P57,active,2026-04-01
P57,inactive,2026-05-01
P57,default,2026-06-01
P58,active,2026-01-01
P58,active,2026-02-01
P58,active,2026-03-01
P58,active,2026-04-01
P58,active,2026-05-01
P58,inactive,2026-06-01
P58,active,2026-07-01
P58,active,2026-08-01
P58,inactive,2026-09-01
P58,inactive,2026-10-01
P58,active,2026-11-01
P59,active,2026-01-01
P59,active,2026-02-01
P59,inactive,2026-03-01
P59,inactive,2026-04-01
P59,active,2026-05-01
P59,inactive,2026-06-01
P59,inactive,2026-07-01
P59,inactive,2026-08-01
P59,inactive,2026-09-01
P59,active,2026-10-01
P59,inactive,2026-11-01
P59,active,2026-12-01
P60,active,2026-01-01
P60,active,2026-02-01
P60,active,2026-03-01
P60,inactive,2026-04-01
P60,inactive,2026-05-01
P60,default,2026-06-01
P60,default,2026-07-01
P60,default,2026-08-01
P60,default,2026-09-01
P60,default,2026-10-01
P61,active,2026-01-01
P61,active,2026-02-01
P61,active,2026-03-01
P61,active,2026-04-01
P61,active,2026-05-01
P61,active,2026-06-01
P61,active,2026-07-01
P61,active,2026-08-01
P61,active,2026-09-01
P61,active,2026-10-01
P61,inactive,2026-11-01
P62,active,2026-01-01
P62,active,2026-02-01
P62,inactive,2026-03-01
P62,active,2026-04-01
P62,inactive,2026-05-01
P63,active,2026-01-01
P63,inactive,2026-02-01
P63,active,2026-03-01
P63,inactive,2026-04-01
P63,inactive,2026-05-01
P63,active,2026-06-01
P63,inactive,2026-07-01
P63,active,2026-08-01
P63,inactive,2026-09-01
P63,inactive,2026-10-01
P63,inactive,2026-11-01
P63,active,2026-12-01
P64,active,2026-01-01
P64,active,2026-02-01
P64,active,2026-03-01
P64,active,2026-04-01
P64,active,2026-05-01
P64,active,2026-06-01
P64,active,2026-07-01
P64,active,2026-08-01
P64,inactive,2026-09-01
P64,active,2026-10-01
P64,active,2026-11-01
P64,inactive,2026-12-01
P65,active,2026-01-01
P65,active,2026-02-01
P65,active,2026-03-01
P65,active,2026-04-01
P65,active,2026-05-01
P65,inactive,2026-06-01
P65,inactive,2026-07-01
P65,active,2026-08-01
P66,active,2026-01-01
P66,active,2026-02-01
P66,active,2026-03-01
P66,active,2026-04-01
P66,inactive,2026-05-01
P67,active,2026-01-01
P67,active,2026-02-01
P67,inactive,2026-03-01
P67,active,2026-04-01
P67,active,2026-05-01
P68,active,2026-01-01
P68,active,2026-02-01
P68,active,2026-03-01
P68,active,2026-04-01
P68,active,2026-05-01
P68,active,2026-06-01
P68,active,2026-07-01
P68,active,2026-08-01
P68,active,2026-09-01
P68,inactive,2026-10-01
P69,active,2026-01-01
P69,active,2026-02-01
P69,active,2026-03-01
P69,inactive,2026-04-01
P69,inactive,2026-05-01
P69,inactive,2026-06-01
P69,inactive,2026-07-01
P69,active,2026-08-01
P70,active,2026-01-01
P70,active,2026-02-01
P70,active,2026-03-01
P70,active,2026-04-01
P70,active,2026-05-01
P70,inactive,2026-06-01
P70,inactive,2026-07-01
P70,active,2026-08-01
P70,active,2026-09-01
P70,active,2026-10-01
P71,active,2026-01-01
P71,active,2026-02-01
P71,active,2026-03-01
P71,inactive,2026-04-01
P71,inactive,2026-05-01
P71,active,2026-06-01
P72,active,2026-01-01
P72,active,2026-02-01
P72,inactive,2026-03-01
P72,active,2026-04-01
P72,inactive,2026-05-01
P73,active,2026-01-01
P73,inactive,2026-02-01
P73,inactive,2026-03-01
P73,inactive,2026-04-01
P73,active,2026-05-01
P74,active,2026-01-01
P74,active,2026-02-01
P74,active,2026-03-01
P74,active,2026-04-01
P74,active,2026-05-01
P74,active,2026-06-01
P74,active,2026-07-01
P74,inactive,2026-08-01
P74,inactive,2026-09-01
P74,inactive,2026-10-01
P74,default,2026-11-01
P74,default,2026-12-01
P75,inactive,2026-01-01
P75,inactive,2026-02-01
P75,inactive,2026-03-01
P75,active,2026-04-01
P75,inactive,2026-05-01
P75,inactive,2026-06-01
P75,default,2026-07-01
P75,default,2026-08-01
P75,default,2026-09-01
P75,default,2026-10-01
P75,default,2026-11-01
P75,default,2026-12-01
P76,active,2026-01-01
P76,active,2026-02-01
P76,active,2026-03-01
P76,active,2026-04-01
P76,active,2026-05-01
P76,inactive,2026-06-01
P77,active,2026-01-01
P77,active,2026-02-01
P77,active,2026-03-01
P77,active,2026-04-01
P77,active,2026-05-01
P77,active,2026-06-01
P77,active,2026-07-01
P77,active,2026-08-01
P77,active,2026-09-01
P77,active,2026-10-01
P77,inactive,2026-11-01
P77,active,2026-12-01
P78,active,2026-01-01
P78,active,2026-02-01
P78,active,2026-03-01
P78,active,2026-04-01
P78,inactive,2026-05-01
P78,inactive,2026-06-01
P78,active,2026-07-01
P79,active,2026-01-01
P79,inactive,2026-02-01
P79,inactive,2026-03-01
P79,active,2026-04-01
P79,inactive,2026-05-01
P79,inactive,2026-06-01
P79,active,2026-07-01
P79,active,2026-08-01
P79,inactive,2026-09-01
P79,active,2026-10-01
P79,inactive,2026-11-01
P79,inactive,2026-12-01
P80,active,2026-01-01
P80,active,2026-02-01
P80,active,2026-03-01
P80,active,2026-04-01
P80,active,2026-05-01
P80,active,2026-06-01
P80,active,2026-07-01
P80,active,2026-08-01
P80,active,2026-09-01
P80,inactive,2026-10-01
P80,inactive,2026-11-01
P80,active,2026-12-01
P81,active,2026-01-01
P81,active,2026-02-01
P81,active,2026-03-01
P81,active,2026-04-01
P81,active,2026-05-01
P81,inactive,2026-06-01
P81,active,2026-07-01
P82,active,2026-01-01
P82,active,2026-02-01
P82,active,2026-03-01
P82,active,2026-04-01
P82,inactive,2026-05-01
P82,active,2026-06-01
P82,inactive,2026-07-01
P82,default,2026-08-01
P82,default,2026-09-01
P82,default,2026-10-01
P82,default,2026-11-01
P83,active,2026-01-01
P83,active,2026-02-01
P83,active,2026-03-01
P83,active,2026-04-01
P83,active,2026-05-01
P83,active,2026-06-01
P83,inactive,2026-07-01
P83,inactive,2026-08-01
P83,inactive,2026-09-01
P83,inactive,2026-10-01
P83,default,2026-11-01
P84,active,2026-01-01
P84,active,2026-02-01
P84,active,2026-03-01
P84,active,2026-04-01
P84,inactive,2026-05-01
P85,active,2026-01-01
P85,active,2026-02-01
P85,active,2026-03-01
P85,active,2026-04-01
P85,active,2026-05-01
P85,active,2026-06-01
P85,active,2026-07-01
P85,active,2026-08-01
P85,active,2026-09-01
P85,active,2026-10-01
P85,inactive,2026-11-01
P85,default,2026-12-01
P86,active,2026-01-01
P86,active,2026-02-01
P86,active,2026-03-01
P86,active,2026-04-01
P86,active,2026-05-01
P86,active,2026-06-01
P86,active,2026-07-01
P86,inactive,2026-08-01
P86,inactive,2026-09-01
P86,active,2026-10-01
P86,active,2026-11-01
P87,active,2026-01-01
P87,active,2026-02-01
P87,active,2026-03-01
P87,active,2026-04-01
P87,active,2026-05-01
P87,active,2026-06-01
P87,inactive,2026-07-01
P88,inactive,2026-01-01
P88,inactive,2026-02-01
P88,active,2026-03-01
P88,inactive,2026-04-01
P88,active,2026-05-01
P89,active,2026-01-01
P89,active,2026-02-01
P89,active,2026-03-01
P89,active,2026-04-01
P89,active,2026-05-01
P89,active,2026-06-01
P89,inactive,2026-07-01
P89,active,2026-08-01
P89,inactive,2026-09-01
P90,active,2026-01-01
P90,active,2026-02-01
P90,active,2026-03-01
P90,active,2026-04-01
P90,active,2026-05-01
P90,active,2026-06-01
P90,active,2026-07-01
P90,inactive,2026-08-01
P90,active,2026-09-01
P90,inactive,2026-10-01
P90,active,2026-11-01
P91,active,2026-01-01
P91,active,2026-02-01
P91,active,2026-03-01
P91,inactive,2026-04-01
P91,inactive,2026-05-01
P91,inactive,2026-06-01
P91,inactive,2026-07-01
P91,active,2026-08-01
P91,inactive,2026-09-01
P92,inactive,2026-01-01
P92,inactive,2026-02-01
P92,active,2026-03-01
P92,inactive,2026-04-01
P92,inactive,2026-05-01
P92,inactive,2026-06-01
P92,inactive,2026-07-01
P92,active,2026-08-01
P92,active,2026-09-01
P93,active,2026-01-01
P93,active,2026-02-01
P93,active,2026-03-01
P93,active,2026-04-01
P93,inactive,2026-05-01
P93,inactive,2026-06-01
P93,active,2026-07-01
P93,inactive,2026-08-01
P93,active,2026-09-01
P93,inactive,2026-10-01
P93,inactive,2026-11-01
P93,inactive,2026-12-01
P94,inactive,2026-01-01
P94,inactive,2026-02-01
P94,active,2026-03-01
P94,inactive,2026-04-01
P94,inactive,2026-05-01
P94,active,2026-06-01
P94,active,2026-07-01
P94,inactive,2026-08-01
P94,default,2026-09-01
P94,default,2026-10-01
P94,default,2026-11-01
P94,default,2026-12-01
P95,active,2026-01-01
P95,active,2026-02-01
P95,active,2026-03-01
P95,active,2026-04-01
P95,active,2026-05-01
P95,active,2026-06-01
P95,active,2026-07-01
P95,active,2026-08-01
P95,inactive,2026-09-01
P95,active,2026-10-01
P95,inactive,2026-11-01
P95,inactive,2026-12-01
P96,active,2026-01-01
P96,active,2026-02-01
P96,active,2026-03-01
P96,active,2026-04-01
P96,active,2026-05-01
P96,active,2026-06-01
P96,active,2026-07-01
P96,active,2026-08-01
P96,active,2026-09-01
P96,active,2026-10-01
P96,active,2026-11-01
P96,inactive,2026-12-01
P97,active,2026-01-01
P97,active,2026-02-01
P97,active,2026-03-01
P97,inactive,2026-04-01
P97,inactive,2026-05-01
P97,inactive,2026-06-01
P97,inactive,2026-07-01
P97,inactive,2026-08-01
P97,inactive,2026-09-01
P97,inactive,2026-10-01
P97,active,2026-11-01
P97,inactive,2026-12-01
P98,active,2026-01-01
P98,active,2026-02-01
P98,active,2026-03-01
P98,active,2026-04-01
P98,active,2026-05-01
P98,active,2026-06-01
P98,inactive,2026-07-01
P98,inactive,2026-08-01
P98,active,2026-09-01
P98,active,2026-10-01
P98,inactive,2026-11-01
P98,inactive,2026-12-01
P99,active,2026-01-01
P99,active,2026-02-01
P99,active,2026-03-01
P99,active,2026-04-01
P99,active,2026-05-01
P99,active,2026-06-01
P99,inactive,2026-07-01
P99,inactive,2026-08-01
P99,inactive,2026-09-01
P99,inactive,2026-10-01
Q1,active,2026-01-01
Q1,active,2026-02-01
Q1,active,2026-03-01
Q1,active,2026-04-01
Q1,active,2026-05-01
Q1,inactive,2026-06-01
Q1,active,2026-07-01
Q2,active,2026-01-01
Q2,active,2026-02-01
Q2,active,2026-03-01
Q2,active,2026-04-01
Q2,active,2026-05-01
Q2,inactive,2026-06-01
Q3,active,2026-01-01
Q3,active,2026-02-01
Q3,active,2026-03-01
Q3,active,2026-04-01
Q3,active,2026-05-01
Q4,active,2026-01-01
Q4,active,2026-02-01
Q4,active,2026-03-01
Q4,active,2026-04-01
Q4,active,2026-05-01
Q4,active,2026-06-01
Q4,active,2026-07-01
Q4,active,2026-08-01
Q4,active,2026-09-01
Q4,active,2026-10-01
Q4,active,2026-11-01
Q4,inactive,2026-12-01
Q5,active,2026-01-01
Q5,active,2026-02-01
Q5,active,2026-03-01
Q5,active,2026-04-01
Q5,active,2026-05-01
Q5,active,2026-06-01
Q5,active,2026-07-01
Q5,active,2026-08-01
Q5,inactive,2026-09-01
Q6,active,2026-01-01
Q6,inactive,2026-02-01
Q6,active,2026-03-01
Q6,active,2026-04-01
Q6,inactive,2026-05-01
Q6,inactive,2026-06-01
Q6,active,2026-07-01
Q6,inactive,2026-08-01
Q6,active,2026-09-01
Q6,inactive,2026-10-01
Q6,active,2026-11-01
Q7,active,2026-01-01
Q7,active,2026-02-01
Q7,active,2026-03-01
Q7,active,2026-04-01
Q7,active,2026-05-01
Q7,active,2026-06-01
Q7,active,2026-07-01
Q7,active,2026-08-01
Q7,active,2026-09-01
Q7,active,2026-10-01
Q7,inactive,2026-11-01
Q7,active,2026-12-01
Q8,active,2026-01-01
Q8,active,2026-02-01
Q8,active,2026-03-01
Q8,inactive,2026-04-01
Q8,inactive,2026-05-01
Q8,inactive,2026-06-01
Q8,inactive,2026-07-01
Q8,inactive,2026-08-01
Q8,active,2026-09-01
Q8,active,2026-10-01
Q8,inactive,2026-11-01
Q9,active,2026-01-01
Q9,inactive,2026-02-01
Q9,active,2026-03-01
Q9,inactive,2026-04-01
Q9,default,2026-05-01
Q10,active,2026-01-01
Q10,active,2026-02-01
Q10,active,2026-03-01
Q10,active,2026-04-01
Q10,inactive,2026-05-01
Q11,active,2026-01-01
Q11,active,2026-02-01
Q11,active,2026-03-01
Q11,active,2026-04-01
Q11,active,2026-05-01
Q11,active,2026-06-01
Q11,active,2026-07-01
Q11,active,2026-08-01
Q11,inactive,2026-09-01
Q11,inactive,2026-10-01
Q11,active,2026-11-01
Q11,active,2026-12-01
Q12,active,2026-01-01
Q12,active,2026-02-01
Q12,inactive,2026-03-01
Q12,inactive,2026-04-01
Q12,inactive,2026-05-01
Q12,active,2026-06-01
Q12,inactive,2026-07-01
Q12,active,2026-08-01
Q12,inactive,2026-09-01
Q12,active,2026-10-01
Q12,inactive,2026-11-01
Q13,active,2026-01-01
Q13,active,2026-02-01
Q13,inactive,2026-03-01
Q13,inactive,2026-04-01
Q13,inactive,2026-05-01
Q13,active,2026-06-01
Q14,active,2026-01-01
Q14,active,2026-02-01
Q14,active,2026-03-01
Q14,active,2026-04-01
Q14,inactive,2026-05-01
Q14,active,2026-06-01
Q14,inactive,2026-07-01
Q14,inactive,2026-08-01
Q14,active,2026-09-01
Q14,inactive,2026-10-01
Q14,active,2026-11-01
Q15,active,2026-01-01
Q15,active,2026-02-01
Q15,active,2026-03-01
Q15,active,2026-04-01
Q15,inactive,2026-05-01
Q15,active,2026-06-01
Q15,inactive,2026-07-01
Q15,inactive,2026-08-01
Q15,default,2026-09-01
Q15,default,2026-10-01
Q15,default,2026-11-01
Q15,default,2026-12-01
Q16,active,2026-01-01
Q16,active,2026-02-01
Q16,active,2026-03-01
Q16,active,2026-04-01
Q16,active,2026-05-01
Q16,active,2026-06-01
Q16,active,2026-07-01
Q16,active,2026-08-01
Q16,inactive,2026-09-01
Q17,active,2026-01-01
Q17,active,2026-02-01
Q17,active,2026-03-01
Q17,active,2026-04-01
Q17,active,2026-05-01
Q17,active,2026-06-01
Q17,active,2026-07-01
Q17,inactive,2026-08-01
Q18,active,2026-01-01
Q18,active,2026-02-01
Q18,inactive,2026-03-01
Q18,active,2026-04-01
Q18,inactive,2026-05-01
Q18,inactive,2026-06-01
Q19,active,2026-01-01
Q19,active,2026-02-01
Q19,active,2026-03-01
Q19,inactive,2026-04-01
Q19,active,2026-05-01
Q19,active,2026-06-01
Q19,active,2026-07-01
Q19,inactive,2026-08-01
Q19,inactive,2026-09-01
Q19,active,2026-10-01
Q19,inactive,2026-11-01
Q19,active,2026-12-01
Q20,active,2026-01-01
Q20,active,2026-02-01
Q20,inactive,2026-03-01
Q20,inactive,2026-04-01
Q20,inactive,2026-05-01
Q20,active,2026-06-01
Q20,inactive,2026-07-01
Q20,inactive,2026-08-01
Q20,inactive,2026-09-01
Q20,active,2026-10-01
Q20,active,2026-11-01
Q20,active,2026-12-01
Q21,active,2026-01-01
Q21,active,2026-02-01
Q21,active,2026-03-01
Q21,active,2026-04-01
Q21,active,2026-05-01
Q21,inactive,2026-06-01
Q21,inactive,2026-07-01
Q22,active,2026-01-01
Q22,active,2026-02-01
Q22,active,2026-03-01
Q22,active,2026-04-01
Q22,active,2026-05-01
Q22,active,2026-06-01
Q22,active,2026-07-01
Q22,inactive,2026-08-01
Q22,inactive,2026-09-01
Q23,active,2026-01-01
Q23,active,2026-02-01
Q23,active,2026-03-01
Q23,active,2026-04-01
Q23,inactive,2026-05-01
Q23,active,2026-06-01
Q23,inactive,2026-07-01
Q24,active,2026-01-01
Q24,active,2026-02-01
Q24,active,2026-03-01
Q24,active,2026-04-01
Q24,active,2026-05-01
Q25,active,2026-01-01
Q25,active,2026-02-01
Q25,active,2026-03-01
Q25,active,2026-04-01
Q25,inactive,2026-05-01
Q25,inactive,2026-06-01
Q25,inactive,2026-07-01
Q26,active,2026-01-01
Q26,active,2026-02-01
Q26,active,2026-03-01
Q26,active,2026-04-01
Q26,active,2026-05-01
Q26,active,2026-06-01
Q26,active,2026-07-01
Q26,inactive,2026-08-01
Q26,inactive,2026-09-01
Q26,default,2026-10-01
Q26,default,2026-11-01
Q26,default,2026-12-01
Q27,active,2026-01-01
Q27,active,2026-02-01
Q27,active,2026-03-01
Q27,active,2026-04-01
Q27,active,2026-05-01
Q27,active,2026-06-01
Q27,active,2026-07-01
Q27,inactive,2026-08-01
Q28,active,2026-01-01
Q28,active,2026-02-01
Q28,active,2026-03-01
Q28,active,2026-04-01
Q28,inactive,2026-05-01
Q28,active,2026-06-01
Q28,inactive,2026-07-01
Q28,inactive,2026-08-01
Q28,inactive,2026-09-01
Q28,inactive,2026-10-01
Q29,inactive,2026-01-01
Q29,inactive,2026-02-01
Q29,inactive,2026-03-01
Q29,inactive,2026-04-01
Q29,inactive,2026-05-01
Q29,inactive,2026-06-01
Q29,inactive,2026-07-01
Q29,active,2026-08-01
Q29,active,2026-09-01
Q29,inactive,2026-10-01
Q29,inactive,2026-11-01
Q29,active,2026-12-01
Q30,active,2026-01-01
Q30,active,2026-02-01
Q30,active,2026-03-01
Q30,active,2026-04-01
Q30,active,2026-05-01
Q30,active,2026-06-01
Q30,inactive,2026-07-01
Q30,active,2026-08-01
Q30,inactive,2026-09-01
Q30,inactive,2026-10-01
Q30,active,2026-11-01
Q31,active,2026-01-01
Q31,active,2026-02-01
Q31,active,2026-03-01
Q31,active,2026-04-01
Q31,inactive,2026-05-01
Q32,active,2026-01-01
Q32,active,2026-02-01
Q32,active,2026-03-01
Q32,active,2026-04-01
Q32,active,2026-05-01
Q32,active,2026-06-01
Q32,active,2026-07-01
Q33,active,2026-01-01
Q33,active,2026-02-01
Q33,active,2026-03-01
Q33,active,2026-04-01
Q33,active,2026-05-01
Q33,active,2026-06-01
Q33,active,2026-07-01
Q33,active,2026-08-01
Q33,active,2026-09-01
Q33,inactive,2026-10-01
Q33,inactive,2026-11-01
Q33,active,2026-12-01
Q34,active,2026-01-01
Q34,active,2026-02-01
Q34,active,2026-03-01
Q34,active,2026-04-01
Q34,active,2026-05-01
Q34,active,2026-06-01
Q34,active,2026-07-01
Q34,active,2026-08-01
Q34,active,2026-09-01
Q34,active,2026-10-01
Q34,inactive,2026-11-01
Q34,inactive,2026-12-01
Q35,inactive,2026-01-01
Q35,active,2026-02-01
Q35,active,2026-03-01
Q35,active,2026-04-01
Q35,inactive,2026-05-01
Q35,active,2026-06-01
Q35,active,2026-07-01
Q35,inactive,2026-08-01
Q35,active,2026-09-01
Q36,active,2026-01-01
Q36,active,2026-02-01
Q36,active,2026-03-01
Q36,inactive,2026-04-01
Q36,active,2026-05-01
Q36,active,2026-06-01
Q36,inactive,2026-07-01
Q36,active,2026-08-01
Q36,inactive,2026-09-01
Q36,inactive,2026-10-01
Q37,active,2026-01-01
Q37,active,2026-02-01
Q37,active,2026-03-01
Q37,active,2026-04-01
Q37,active,2026-05-01
Q37,active,2026-06-01
Q37,active,2026-07-01
Q37,active,2026-08-01
Q37,active,2026-09-01
Q37,inactive,2026-10-01
Q37,active,2026-11-01
Q37,active,2026-12-01
Q38,active,2026-01-01
Q38,active,2026-02-01
Q38,active,2026-03-01
Q38,active,2026-04-01
Q38,active,2026-05-01
Q38,active,2026-06-01
Q38,active,2026-07-01
Q38,active,2026-08-01
Q38,active,2026-09-01
Q38,active,2026-10-01
Q38,active,2026-11-01
Q39,active,2026-01-01
Q39,active,2026-02-01
Q39,active,2026-03-01
Q39,active,2026-04-01
Q39,inactive,2026-05-01
Q39,inactive,2026-06-01
Q39,inactive,2026-07-01
Q40,active,2026-01-01
Q40,active,2026-02-01
Q40,active,2026-03-01
Q40,active,2026-04-01
Q40,active,2026-05-01
Q40,inactive,2026-06-01
Q40,active,2026-07-01
Q40,active,2026-08-01
Q40,active,2026-09-01
Q40,inactive,2026-10-01
Q40,inactive,2026-11-01
Q41,active,2026-01-01
Q41,active,2026-02-01
Q41,active,2026-03-01
Q41,inactive,2026-04-01
Q41,active,2026-05-01
Q41,active,2026-06-01
Q41,active,2026-07-01
Q41,active,2026-08-01
Q41,inactive,2026-09-01
Q41,default,2026-10-01
Q41,default,2026-11-01
Q41,default,2026-12-01
Q42,active,2026-01-01
Q42,inactive,2026-02-01
Q42,inactive,2026-03-01
Q42,active,2026-04-01
Q42,inactive,2026-05-01
Q42,inactive,2026-06-01
Q42,active,2026-07-01
Q43,active,2026-01-01
Q43,active,2026-02-01
Q43,active,2026-03-01
Q43,active,2026-04-01
Q43,active,2026-05-01
Q43,inactive,2026-06-01
Q44,active,2026-01-01
Q44,active,2026-02-01
Q44,active,2026-03-01
Q44,active,2026-04-01
Q44,active,2026-05-01
Q44,active,2026-06-01
Q45,active,2026-01-01
Q45,inactive,2026-02-01
Q45,default,2026-03-01
Q45,default,2026-04-01
Q45,default,2026-05-01
Q45,default,2026-06-01
Q45,default,2026-07-01
Q45,default,2026-08-01
Q45,default,2026-09-01
Q45,default,2026-10-01
Q45,default,2026-11-01
Q45,default,2026-12-01
Q46,active,2026-01-01
Q46,active,2026-02-01
Q46,active,2026-03-01
Q46,active,2026-04-01
Q46,active,2026-05-01
Q46,inactive,2026-06-01
Q46,active,2026-07-01
Q46,active,2026-08-01
Q47,active,2026-01-01
Q47,active,2026-02-01
Q47,active,2026-03-01
Q47,active,2026-04-01
Q47,inactive,2026-05-01
Q47,active,2026-06-01
Q47,active,2026-07-01
Q47,active,2026-08-01
Q47,active,2026-09-01
Q48,active,2026-01-01
Q48,active,2026-02-01
Q48,active,2026-03-01
Q48,active,2026-04-01
Q48,active,2026-05-01
Q48,active,2026-06-01
Q48,inactive,2026-07-01
Q49,active,2026-01-01
Q49,inactive,2026-02-01
Q49,active,2026-03-01
Q49,inactive,2026-04-01
Q49,inactive,2026-05-01
Q49,active,2026-06-01
Q50,active,2026-01-01
Q50,active,2026-02-01
Q50,active,2026-03-01
Q50,active,2026-04-01
Q50,active,2026-05-01
Q50,active,2026-06-01
Q50,active,2026-07-01
Q50,active,2026-08-01
Q50,inactive,2026-09-01
Q51,active,2026-01-01
Q51,active,2026-02-01
Q51,inactive,2026-03-01
Q51,active,2026-04-01
Q51,inactive,2026-05-01
Q51,inactive,2026-06-01
Q52,active,2026-01-01
Q52,active,2026-02-01
Q52,active,2026-03-01
Q52,active,2026-04-01
Q52,active,2026-05-01
Q52,active,2026-06-01
Q52,inactive,2026-07-01
Q52,active,2026-08-01
Q53,active,2026-01-01
Q53,active,2026-02-01
Q53,active,2026-03-01
Q53,active,2026-04-01
Q53,active,2026-05-01
Q53,inactive,2026-06-01
Q54,active,2026-01-01
Q54,active,2026-02-01
Q54,inactive,2026-03-01
Q54,active,2026-04-01
Q54,inactive,2026-05-01
Q54,inactive,2026-06-01
Q54,active,2026-07-01
Q54,inactive,2026-08-01
Q54,inactive,2026-09-01
Q54,inactive,2026-10-01
Q54,active,2026-11-01
Q54,active,2026-12-01
Q55,active,2026-01-01
Q55,active,2026-02-01
Q55,active,2026-03-01
Q55,active,2026-04-01
Q55,active,2026-05-01
Q55,active,2026-06-01
Q55,active,2026-07-01
Q55,active,2026-08-01
Q56,active,2026-01-01
Q56,active,2026-02-01
Q56,active,2026-03-01
Q56,inactive,2026-04-01
Q56,active,2026-05-01
Q56,inactive,2026-06-01
Q56,inactive,2026-07-01
Q56,inactive,2026-08-01
Q56,inactive,2026-09-01
Q57,active,2026-01-01
Q57,inactive,2026-02-01
Q57,inactive,2026-03-01
Q57,inactive,2026-04-01
Q57,inactive,2026-05-01
Q57,active,2026-06-01
Q58,active,2026-01-01
Q58,active,2026-02-01
Q58,active,2026-03-01
Q58,active,2026-04-01
Q58,active,2026-05-01
Q58,active,2026-06-01
Q58,active,2026-07-01
Q58,active,2026-08-01
Q58,inactive,2026-09-01
Q58,active,2026-10-01
Q58,inactive,2026-11-01
Q59,active,2026-01-01
Q59,active,2026-02-01
Q59,inactive,2026-03-01
Q59,active,2026-04-01
Q59,inactive,2026-05-01
Q59,inactive,2026-06-01
Q60,active,2026-01-01
Q60,active,2026-02-01
Q60,active,2026-03-01
Q60,active,2026-04-01
Q60,active,2026-05-01
Q60,active,2026-06-01
Q60,active,2026-07-01
Q60,active,2026-08-01
Q60,active,2026-09-01
Q60,active,2026-10-01
Q60,active,2026-11-01
Q60,active,2026-12-01
Q61,active,2026-01-01
Q61,inactive,2026-02-01
Q61,active,2026-03-01
Q61,inactive,2026-04-01
Q61,active,2026-05-01
Q61,inactive,2026-06-01
Q61,active,2026-07-01
Q61,inactive,2026-08-01
Q61,inactive,2026-09-01
Q62,active,2026-01-01
Q62,active,2026-02-01
Q62,inactive,2026-03-01
Q62,active,2026-04-01
Q62,active,2026-05-01
Q62,inactive,2026-06-01
Q62,active,2026-07-01
Q62,inactive,2026-08-01
Q62,inactive,2026-09-01
Q62,inactive,2026-10-01
Q62,inactive,2026-11-01
Q62,inactive,2026-12-01
Q63,active,2026-01-01
Q63,active,2026-02-01
Q63,active,2026-03-01
Q63,active,2026-04-01
Q63,active,2026-05-01
Q63,active,2026-06-01
Q63,inactive,2026-07-01
Q63,default,2026-08-01
Q63,default,2026-09-01
Q63,default,2026-10-01
Q63,default,2026-11-01
Q63,default,2026-12-01
Q64,active,2026-01-01
Q64,active,2026-02-01
Q64,active,2026-03-01
Q64,active,2026-04-01
Q64,active,2026-05-01
Q64,active,2026-06-01
Q64,active,2026-07-01
Q64,active,2026-08-01
Q64,inactive,2026-09-01
Q65,active,2026-01-01
Q65,active,2026-02-01
Q65,active,2026-03-01
Q65,active,2026-04-01
Q65,inactive,2026-05-01
Q66,active,2026-01-01
Q66,inactive,2026-02-01
Q66,active,2026-03-01
Q66,inactive,2026-04-01
Q66,inactive,2026-05-01
Q66,active,2026-06-01
Q66,inactive,2026-07-01
Q66,inactive,2026-08-01
Q67,active,2026-01-01
Q67,active,2026-02-01
Q67,active,2026-03-01
Q67,active,2026-04-01
Q67,active,2026-05-01
Q67,active,2026-06-01
Q67,inactive,2026-07-01
Q67,inactive,2026-08-01
Q67,inactive,2026-09-01
Q68,active,2026-01-01
Q68,active,2026-02-01
Q68,active,2026-03-01
Q68,active,2026-04-01
Q68,active,2026-05-01
Q68,active,2026-06-01
Q68,inactive,2026-07-01
Q68,active,2026-08-01
Q68,inactive,2026-09-01
Q68,inactive,2026-10-01
Q68,inactive,2026-11-01
Q68,inactive,2026-12-01
Q69,active,2026-01-01
Q69,active,2026-02-01
Q69,active,2026-03-01
Q69,inactive,2026-04-01
Q69,active,2026-05-01
Q69,inactive,2026-06-01
Q69,inactive,2026-07-01
Q69,active,2026-08-01
Q69,inactive,2026-09-01
Q69,active,2026-10-01
Q69,inactive,2026-11-01
Q69,inactive,2026-12-01
Q70,active,2026-01-01
Q70,inactive,2026-02-01
Q70,active,2026-03-01
Q70,active,2026-04-01
Q70,inactive,2026-05-01
Q71,active,2026-01-01
Q71,active,2026-02-01
Q71,active,2026-03-01
Q71,active,2026-04-01
Q71,active,2026-05-01
Q71,active,2026-06-01
Q71,inactive,2026-07-01
Q71,inactive,2026-08-01
Q71,active,2026-09-01
Q72,active,2026-01-01
Q72,active,2026-02-01
Q72,active,2026-03-01
Q72,active,2026-04-01
Q72,active,2026-05-01
Q72,active,2026-06-01
Q72,active,2026-07-01
Q72,active,2026-08-01
Q73,active,2026-01-01
Q73,active,2026-02-01
Q73,active,2026-03-01
Q73,active,2026-04-01
Q73,active,2026-05-01
Q73,active,2026-06-01
Q73,active,2026-07-01
Q73,active,2026-08-01
Q73,inactive,2026-09-01
Q73,active,2026-10-01
Q73,inactive,2026-11-01
Q73,inactive,2026-12-01
Q74,active,2026-01-01
Q74,active,2026-02-01
Q74,active,2026-03-01
Q74,active,2026-04-01
Q74,active,2026-05-01
Q74,active,2026-06-01
Q74,active,2026-07-01
Q74,active,2026-08-01
Q74,active,2026-09-01
Q74,active,2026-10-01
Q74,active,2026-11-01
Q74,inactive,2026-12-01
Q75,active,2026-01-01
Q75,active,2026-02-01
Q75,active,2026-03-01
Q75,active,2026-04-01
Q75,inactive,2026-05-01
Q75,inactive,2026-06-01
Q76,inactive,2026-01-01
Q76,inactive,2026-02-01
Q76,active,2026-03-01
Q76,inactive,2026-04-01
Q76,inactive,2026-05-01
Q76,inactive,2026-06-01
Q76,active,2026-07-01
Q76,inactive,2026-08-01
Q76,active,2026-09-01
Q76,inactive,2026-10-01
Q76,default,2026-11-01
Q76,default,2026-12-01
Q77,active,2026-01-01
Q77,active,2026-02-01
Q77,inactive,2026-03-01
Q77,inactive,2026-04-01
Q77,inactive,2026-05-01
Q77,inactive,2026-06-01
Q77,active,2026-07-01
Q77,inactive,2026-08-01
Q77,inactive,2026-09-01
Q77,active,2026-10-01
Q77,inactive,2026-11-01
Q77,active,2026-12-01
Q78,active,2026-01-01
Q78,active,2026-02-01
Q78,active,2026-03-01
Q78,active,2026-04-01
Q78,active,2026-05-01
Q78,active,2026-06-01
Q78,active,2026-07-01
Q78,active,2026-08-01
Q78,active,2026-09-01
Q78,active,2026-10-01
Q78,inactive,2026-11-01
Q78,inactive,2026-12-01
Q79,active,2026-01-01
Q79,active,2026-02-01
Q79,inactive,2026-03-01
Q79,inactive,2026-04-01
Q79,active,2026-05-01
Q80,active,2026-01-01
Q80,active,2026-02-01
Q80,active,2026-03-01
Q80,active,2026-04-01
Q80,active,2026-05-01
Q80,inactive,2026-06-01
Q81,active,2026-01-01
Q81,active,2026-02-01
Q81,inactive,2026-03-01
Q81,inactive,2026-04-01
Q81,inactive,2026-05-01
Q81,active,2026-06-01
Q81,inactive,2026-07-01
Q82,active,2026-01-01
Q82,active,2026-02-01
Q82,active,2026-03-01
Q82,active,2026-04-01
Q82,active,2026-05-01
Q82,active,2026-06-01
Q82,active,2026-07-01
Q82,inactive,2026-08-01
Q82,active,2026-09-01
Q82,inactive,2026-10-01
Q82,inactive,2026-11-01
Q82,active,2026-12-01
Q83,active,2026-01-01
Q83,active,2026-02-01
Q83,active,2026-03-01
Q83,active,2026-04-01
Q83,active,2026-05-01
Q83,active,2026-06-01
Q83,active,2026-07-01
Q83,active,2026-08-01
Q83,inactive,2026-09-01
Q83,inactive,2026-10-01
Q84,active,2026-01-01
Q84,active,2026-02-01
Q84,active,2026-03-01
Q84,active,2026-04-01
Q84,active,2026-05-01
Q84,inactive,2026-06-01
Q85,active,2026-01-01
Q85,active,2026-02-01
Q85,inactive,2026-03-01
Q85,active,2026-04-01
Q85,inactive,2026-05-01
Q85,active,2026-06-01
Q85,active,2026-07-01
Q85,inactive,2026-08-01
Q85,active,2026-09-01
Q86,active,2026-01-01
Q86,active,2026-02-01
Q86,active,2026-03-01
Q86,active,2026-04-01
Q86,active,2026-05-01
Q86,active,2026-06-01
Q86,inactive,2026-07-01
Q86,active,2026-08-01
Q86,inactive,2026-09-01
Q87,active,2026-01-01
Q87,active,2026-02-01
Q87,active,2026-03-01
Q87,active,2026-04-01
Q87,active,2026-05-01
Q87,active,2026-06-01
Q87,active,2026-07-01
Q87,inactive,2026-08-01
Q87,inactive,2026-09-01
Q88,active,2026-01-01
Q88,active,2026-02-01
Q88,active,2026-03-01
Q88,active,2026-04-01
Q88,active,2026-05-01
Q88,active,2026-06-01
Q88,active,2026-07-01
Q88,active,2026-08-01
Q88,active,2026-09-01
Q88,inactive,2026-10-01
Q88,active,2026-11-01
Q88,inactive,2026-12-01
Q89,active,2026-01-01
Q89,inactive,2026-02-01
Q89,inactive,2026-03-01
Q89,active,2026-04-01
Q89,inactive,2026-05-01
Q89,inactive,2026-06-01
Q90,active,2026-01-01
Q90,active,2026-02-01
Q90,active,2026-03-01
Q90,active,2026-04-01
Q90,inactive,2026-05-01
Q90,active,2026-06-01
Q90,active,2026-07-01
Q90,inactive,2026-08-01
Q90,active,2026-09-01
Q90,inactive,2026-10-01
Q90,active,2026-11-01
Q90,inactive,2026-12-01
Q91,inactive,2026-01-01
Q91,inactive,2026-02-01
Q91,inactive,2026-03-01
Q91,inactive,2026-04-01
Q91,inactive,2026-05-01
Q91,inactive,2026-06-01
Q92,active,2026-01-01
Q92,active,2026-02-01
Q92,inactive,2026-03-01
Q92,inactive,2026-04-01
Q92,active,2026-05-01
Q92,inactive,2026-06-01
Q92,inactive,2026-07-01
Q92,active,2026-08-01
Q93,active,2026-01-01
Q93,active,2026-02-01
Q93,active,2026-03-01
Q93,active,2026-04-01
Q93,active,2026-05-01
Q93,active,2026-06-01
Q93,active,2026-07-01
Q93,active,2026-08-01
Q93,active,2026-09-01
Q93,inactive,2026-10-01
Q94,active,2026-01-01
Q94,active,2026-02-01
Q94,active,2026-03-01
Q94,active,2026-04-01
Q94,active,2026-05-01
Q94,active,2026-06-01
Q94,active,2026-07-01
Q94,inactive,2026-08-01
Q94,inactive,2026-09-01
Q94,inactive,2026-10-01
Q94,inactive,2026-11-01
Q94,inactive,2026-12-01
Q95,active,2026-01-01
Q95,active,2026-02-01
Q95,active,2026-03-01
Q95,inactive,2026-04-01
Q95,active,2026-05-01
Q95,inactive,2026-06-01
Q95,active,2026-07-01
Q95,active,2026-08-01
Q95,active,2026-09-01
Q96,active,2026-01-01
Q96,active,2026-02-01
Q96,active,2026-03-01
Q96,active,2026-04-01
Q96,inactive,2026-05-01
Q96,active,2026-06-01
Q96,active,2026-07-01
Q96,inactive,2026-08-01
Q96,inactive,2026-09-01
Q96,inactive,2026-10-01
Q96,active,2026-11-01
Q96,inactive,2026-12-01
Q97,active,2026-01-01
Q97,active,2026-02-01
Q97,active,2026-03-01
Q97,active,2026-04-01
Q97,active,2026-05-01
Q97,inactive,2026-06-01
Q97,inactive,2026-07-01
Q97,active,2026-08-01
Q98,active,2026-01-01
Q98,active,2026-02-01
Q98,active,2026-03-01
Q98,active,2026-04-01
Q98,active,2026-05-01
Q98,inactive,2026-06-01
Q98,inactive,2026-07-01
Q98,inactive,2026-08-01
Q99,inactive,2026-01-01
Q99,inactive,2026-02-01
Q99,active,2026-03-01
Q99,inactive,2026-04-01
Q99,inactive,2026-05-01
R1,active,2026-01-01
R1,inactive,2026-02-01
R1,active,2026-03-01
R1,inactive,2026-04-01
R1,default,2026-05-01
R2,active,2026-01-01
R2,active,2026-02-01
R2,active,2026-03-01
R2,active,2026-04-01
R2,active,2026-05-01
R2,active,2026-06-01
R2,active,2026-07-01
R2,active,2026-08-01
R2,active,2026-09-01
R2,active,2026-10-01
R2,active,2026-11-01
R2,inactive,2026-12-01
R3,active,2026-01-01
R3,active,2026-02-01
R3,active,2026-03-01
R3,inactive,2026-04-01
R3,inactive,2026-05-01
R3,inactive,2026-06-01
R3,active,2026-07-01
R3,inactive,2026-08-01
R3,active,2026-09-01
R4,active,2026-01-01
R4,active,2026-02-01
R4,active,2026-03-01
R4,active,2026-04-01
R4,active,2026-05-01
R4,inactive,2026-06-01
R4,inactive,2026-07-01
R4,active,2026-08-01
R4,active,2026-09-01
R5,active,2026-01-01
R5,active,2026-02-01
R5,active,2026-03-01
R5,active,2026-04-01
R5,inactive,2026-05-01
R5,inactive,2026-06-01
R5,inactive,2026-07-01
R5,inactive,2026-08-01
R5,active,2026-09-01
R5,inactive,2026-10-01
R5,inactive,2026-11-01
R5,active,2026-12-01
R6,active,2026-01-01
R6,active,2026-02-01
R6,active,2026-03-01
R6,active,2026-04-01
R6,inactive,2026-05-01
R7,active,2026-01-01
R7,active,2026-02-01
R7,active,2026-03-01
R7,active,2026-04-01
R7,active,2026-05-01
R8,inactive,2026-01-01
R8,active,2026-02-01
R8,inactive,2026-03-01
R8,inactive,2026-04-01
R8,inactive,2026-05-01
R9,active,2026-01-01
R9,active,2026-02-01
R9,active,2026-03-01
R9,active,2026-04-01
R9,inactive,2026-05-01
R9,active,2026-06-01
R9,active,2026-07-01
R9,inactive,2026-08-01
R9,active,2026-09-01
R9,inactive,2026-10-01
R10,active,2026-01-01
R10,inactive,2026-02-01
R10,inactive,2026-03-01
R10,inactive,2026-04-01
R10,active,2026-05-01
R11,active,2026-01-01
R11,active,2026-02-01
R11,active,2026-03-01
R11,active,2026-04-01
R11,inactive,2026-05-01
R11,inactive,2026-06-01
R11,active,2026-07-01
R11,inactive,2026-08-01
R11,active,2026-09-01
R11,active,2026-10-01
R11,inactive,2026-11-01
R12,active,2026-01-01
R12,active,2026-02-01
R12,inactive,2026-03-01
R12,inactive,2026-04-01
R12,inactive,2026-05-01
R12,active,2026-06-01
R12,inactive,2026-07-01
R12,active,2026-08-01
R13,active,2026-01-01
R13,active,2026-02-01
R13,active,2026-03-01
R13,active,2026-04-01
R13,active,2026-05-01
R13,inactive,2026-06-01
R13,inactive,2026-07-01
R13,active,2026-08-01
R14,active,2026-01-01
R14,active,2026-02-01
R14,inactive,2026-03-01
R14,inactive,2026-04-01
R14,inactive,2026-05-01
R14,inactive,2026-06-01
R14,active,2026-07-01
R15,active,2026-01-01
R15,active,2026-02-01
R15,active,2026-03-01
R15,active,2026-04-01
R15,active,2026-05-01
R15,inactive,2026-06-01
R15,active,2026-07-01
R15,inactive,2026-08-01
R15,inactive,2026-09-01
R15,inactive,2026-10-01
R15,inactive,2026-11-01
R16,active,2026-01-01
R16,active,2026-02-01
R16,active,2026-03-01
R16,active,2026-04-01
R16,active,2026-05-01
R16,active,2026-06-01
R16,active,2026-07-01
R16,inactive,2026-08-01
R16,active,2026-09-01
R16,inactive,2026-10-01
R16,active,2026-11-01
R16,inactive,2026-12-01
R17,active,2026-01-01
R17,active,2026-02-01
R17,active,2026-03-01
R17,active,2026-04-01
R17,active,2026-05-01
R17,active,2026-06-01
R17,active,2026-07-01
R17,inactive,2026-08-01
R17,inactive,2026-09-01
R17,inactive,2026-10-01
R17,active,2026-11-01
R17,inactive,2026-12-01
R18,active,2026-01-01
R18,active,2026-02-01
R18,active,2026-03-01
R18,active,2026-04-01
R18,active,2026-05-01
R18,active,2026-06-01
R19,active,2026-01-01
R19,active,2026-02-01
R19,active,2026-03-01
R19,active,2026-04-01
R19,active,2026-05-01
R19,active,2026-06-01
R19,active,2026-07-01
R19,active,2026-08-01
R19,inactive,2026-09-01
R19,inactive,2026-10-01
R19,inactive,2026-11-01
R20,active,2026-01-01
R20,active,2026-02-01
R20,inactive,2026-03-01
R20,active,2026-04-01
R20,active,2026-05-01
R21,active,2026-01-01
R21,active,2026-02-01
R21,active,2026-03-01
R21,active,2026-04-01
R21,active,2026-05-01
R21,active,2026-06-01
R21,inactive,2026-07-01
R21,inactive,2026-08-01
R21,inactive,2026-09-01
R21,active,2026-10-01
R21,inactive,2026-11-01
R21,active,2026-12-01
R22,active,2026-01-01
R22,active,2026-02-01
R22,active,2026-03-01
R22,active,2026-04-01
R22,active,2026-05-01
R22,active,2026-06-01
R22,active,2026-07-01
R22,inactive,2026-08-01
R22,inactive,2026-09-01
R22,active,2026-10-01
R22,inactive,2026-11-01
R23,active,2026-01-01
R23,active,2026-02-01
R23,active,2026-03-01
R23,active,2026-04-01
R23,active,2026-05-01
R23,active,2026-06-01
R23,inactive,2026-07-01
R24,active,2026-01-01
R24,active,2026-02-01
R24,active,2026-03-01
R24,active,2026-04-01
R24,active,2026-05-01
R24,active,2026-06-01
R24,inactive,2026-07-01
R24,inactive,2026-08-01
R24,active,2026-09-01
R24,active,2026-10-01
R24,inactive,2026-11-01
R24,inactive,2026-12-01
R25,active,2026-01-01
R25,active,2026-02-01
R25,active,2026-03-01
R25,active,2026-04-01
R25,inactive,2026-05-01
R25,inactive,2026-06-01
R25,active,2026-07-01
R25,inactive,2026-08-01
R25,active,2026-09-01
R25,inactive,2026-10-01
R25,inactive,2026-11-01
R25,inactive,2026-12-01
R26,active,2026-01-01
R26,active,2026-02-01
R26,active,2026-03-01
R26,active,2026-04-01
R26,active,2026-05-01
R26,active,2026-06-01
R26,inactive,2026-07-01
R26,inactive,2026-08-01
R26,active,2026-09-01
R26,inactive,2026-10-01
R26,active,2026-11-01
R26,inactive,2026-12-01
R27,active,2026-01-01
R27,active,2026-02-01
R27,active,2026-03-01
R27,active,2026-04-01
R27,inactive,2026-05-01
R27,inactive,2026-06-01
R27,active,2026-07-01
R28,active,2026-01-01
R28,active,2026-02-01
R28,inactive,2026-03-01
R28,inactive,2026-04-01
R28,inactive,2026-05-01
R29,active,2026-01-01
R29,active,2026-02-01
R29,active,2026-03-01
R29,active,2026-04-01
R29,active,2026-05-01
R29,active,2026-06-01
R29,active,2026-07-01
R29,inactive,2026-08-01
R30,active,2026-01-01
R30,active,2026-02-01
R30,active,2026-03-01
R30,active,2026-04-01
R30,inactive,2026-05-01
R30,inactive,2026-06-01
R31,active,2026-01-01
R31,active,2026-02-01
R31,active,2026-03-01
R31,inactive,2026-04-01
R31,active,2026-05-01
R31,inactive,2026-06-01
R31,inactive,2026-07-01
R31,inactive,2026-08-01
R31,inactive,2026-09-01
R32,active,2026-01-01
R32,inactive,2026-02-01
R32,inactive,2026-03-01
R32,inactive,2026-04-01
R32,active,2026-05-01
R33,active,2026-01-01
R33,active,2026-02-01
R33,active,2026-03-01
R33,active,2026-04-01
R33,active,2026-05-01
R33,active,2026-06-01
R33,active,2026-07-01
R33,inactive,2026-08-01
R33,inactive,2026-09-01
R33,inactive,2026-10-01
R33,inactive,2026-11-01
R33,inactive,2026-12-01
R34,active,2026-01-01
R34,active,2026-02-01
R34,inactive,2026-03-01
R34,active,2026-04-01
R34,active,2026-05-01
R34,active,2026-06-01
R35,active,2026-01-01
R35,active,2026-02-01
R35,inactive,2026-03-01
R35,active,2026-04-01
R35,inactive,2026-05-01
R35,default,2026-06-01
R35,default,2026-07-01
R35,default,2026-08-01
R35,default,2026-09-01
R36,active,2026-01-01
R36,active,2026-02-01
R36,inactive,2026-03-01
R36,active,2026-04-01
R36,inactive,2026-05-01
R36,inactive,2026-06-01
R37,active,2026-01-01
R37,active,2026-02-01
R37,inactive,2026-03-01
R37,inactive,2026-04-01
R37,inactive,2026-05-01
R37,active,2026-06-01
R37,active,2026-07-01
R37,inactive,2026-08-01
R38,active,2026-01-01
R38,active,2026-02-01
R38,active,2026-03-01
R38,active,2026-04-01
R38,inactive,2026-05-01
R38,default,2026-06-01
R38,default,2026-07-01
R39,active,2026-01-01
R39,active,2026-02-01
R39,active,2026-03-01
R39,inactive,2026-04-01
R39,inactive,2026-05-01
R39,active,2026-06-01
R39,inactive,2026-07-01
R39,inactive,2026-08-01
R40,inactive,2026-01-01
R40,active,2026-02-01
R40,inactive,2026-03-01
R40,active,2026-04-01
R40,active,2026-05-01
R40,inactive,2026-06-01
R40,active,2026-07-01
R40,inactive,2026-08-01
R41,active,2026-01-01
R41,inactive,2026-02-01
R41,inactive,2026-03-01
R41,active,2026-04-01
R41,inactive,2026-05-01
R42,active,2026-01-01
R42,inactive,2026-02-01
R42,active,2026-03-01
R42,active,2026-04-01
R42,inactive,2026-05-01
R42,inactive,2026-06-01
R42,active,2026-07-01
R43,active,2026-01-01
R43,active,2026-02-01
R43,active,2026-03-01
R43,active,2026-04-01
R43,active,2026-05-01
R43,active,2026-06-01
R43,active,2026-07-01
R43,active,2026-08-01
R43,inactive,2026-09-01
R44,active,2026-01-01
R44,active,2026-02-01
R44,active,2026-03-01
R44,active,2026-04-01
R44,active,2026-05-01
R44,active,2026-06-01
R44,active,2026-07-01
R44,active,2026-08-01
R44,active,2026-09-01
R44,active,2026-10-01
R45,active,2026-01-01
R45,active,2026-02-01
R45,active,2026-03-01
R45,active,2026-04-01
R45,active,2026-05-01
R45,active,2026-06-01
R45,active,2026-07-01
R45,inactive,2026-08-01
R45,active,2026-09-01
R45,inactive,2026-10-01
R45,active,2026-11-01
R45,inactive,2026-12-01
R46,active,2026-01-01
R46,active,2026-02-01
R46,active,2026-03-01
R46,active,2026-04-01
R46,active,2026-05-01
R46,active,2026-06-01
R46,inactive,2026-07-01
R46,active,2026-08-01
R46,active,2026-09-01
R46,inactive,2026-10-01
R46,inactive,2026-11-01
R46,inactive,2026-12-01
R47,active,2026-01-01
R47,active,2026-02-01
R47,active,2026-03-01
R47,active,2026-04-01
R47,inactive,2026-05-01
R47,inactive,2026-06-01
R47,active,2026-07-01
R48,active,2026-01-01
R48,active,2026-02-01
R48,active,2026-03-01
R48,active,2026-04-01
R48,active,2026-05-01
R48,inactive,2026-06-01
R48,inactive,2026-07-01
R48,inactive,2026-08-01
R49,active,2026-01-01
R49,active,2026-02-01
R49,inactive,2026-03-01
R49,active,2026-04-01
R49,inactive,2026-05-01
R49,active,2026-06-01
R49,inactive,2026-07-01
R49,active,2026-08-01
R49,inactive,2026-09-01
R50,active,2026-01-01
R50,active,2026-02-01
R50,active,2026-03-01
R50,active,2026-04-01
R50,active,2026-05-01
R50,active,2026-06-01
R50,active,2026-07-01
R50,inactive,2026-08-01
R51,active,2026-01-01
R51,inactive,2026-02-01
R51,inactive,2026-03-01
R51,inactive,2026-04-01
R51,inactive,2026-05-01
R51,active,2026-06-01
R51,inactive,2026-07-01
R52,active,2026-01-01
R52,active,2026-02-01
R52,active,2026-03-01
R52,active,2026-04-01
R52,active,2026-05-01
R52,inactive,2026-06-01
R52,inactive,2026-07-01
R52,active,2026-08-01
R52,inactive,2026-09-01
R52,active,2026-10-01
R52,inactive,2026-11-01
R52,inactive,2026-12-01
R53,active,2026-01-01
R53,active,2026-02-01
R53,inactive,2026-03-01
R53,inactive,2026-04-01
R53,active,2026-05-01
R53,inactive,2026-06-01
R53,inactive,2026-07-01
R53,active,2026-08-01
R54,active,2026-01-01
R54,active,2026-02-01
R54,active,2026-03-01
R54,inactive,2026-04-01
R54,inactive,2026-05-01
R54,inactive,2026-06-01
R55,active,2026-01-01
R55,inactive,2026-02-01
R55,inactive,2026-03-01
R55,active,2026-04-01
R55,inactive,2026-05-01
R55,inactive,2026-06-01
R55,active,2026-07-01
R55,active,2026-08-01
R55,inactive,2026-09-01
R56,active,2026-01-01
R56,active,2026-02-01
R56,active,2026-03-01
R56,active,2026-04-01
R56,active,2026-05-01
R56,inactive,2026-06-01
R56,active,2026-07-01
R57,active,2026-01-01
R57,active,2026-02-01
R57,active,2026-03-01
R57,active,2026-04-01
R57,inactive,2026-05-01
R57,inactive,2026-06-01
R58,active,2026-01-01
R58,active,2026-02-01
R58,active,2026-03-01
R58,active,2026-04-01
R58,active,2026-05-01
R58,active,2026-06-01
R58,inactive,2026-07-01
R58,inactive,2026-08-01
R58,inactive,2026-09-01
R58,inactive,2026-10-01
R58,inactive,2026-11-01
R58,inactive,2026-12-01
R59,active,2026-01-01
R59,active,2026-02-01
R59,active,2026-03-01
R59,active,2026-04-01
R59,active,2026-05-01
R59,active,2026-06-01
R59,inactive,2026-07-01
R59,inactive,2026-08-01
R59,active,2026-09-01
R59,inactive,2026-10-01
R59,active,2026-11-01
R59,inactive,2026-12-01
R60,active,2026-01-01
R60,active,2026-02-01
R60,inactive,2026-03-01
R60,active,2026-04-01
R60,inactive,2026-05-01
R60,active,2026-06-01
R60,inactive,2026-07-01
R60,inactive,2026-08-01
R60,inactive,2026-09-01
R60,active,2026-10-01
R60,inactive,2026-11-01
R61,active,2026-01-01
R61,active,2026-02-01
R61,active,2026-03-01
R61,active,2026-04-01
R61,active,2026-05-01
R61,active,2026-06-01
R61,active,2026-07-01
R61,active,2026-08-01
R61,active,2026-09-01
R61,inactive,2026-10-01
R62,active,2026-01-01
R62,active,2026-02-01
R62,active,2026-03-01
R62,active,2026-04-01
R62,active,2026-05-01
R62,active,2026-06-01
R62,inactive,2026-07-01
R62,inactive,2026-08-01
R62,active,2026-09-01
R62,active,2026-10-01
R62,inactive,2026-11-01
R62,active,2026-12-01
R63,active,2026-01-01
R63,active,2026-02-01
R63,active,2026-03-01
R63,inactive,2026-04-01
R63,default,2026-05-01
R63,default,2026-06-01
R63,default,2026-07-01
R64,inactive,2026-01-01
R64,inactive,2026-02-01
R64,inactive,2026-03-01
R64,active,2026-04-01
R64,inactive,2026-05-01
R64,inactive,2026-06-01
R64,inactive,2026-07-01
R64,inactive,2026-08-01
R64,inactive,2026-09-01
R64,active,2026-10-01
R64,active,2026-11-01
R64,active,2026-12-01
R65,active,2026-01-01
R65,active,2026-02-01
R65,active,2026-03-01
R65,active,2026-04-01
R65,active,2026-05-01
R65,active,2026-06-01
R65,active,2026-07-01
R65,active,2026-08-01
R65,active,2026-09-01
R65,active,2026-10-01
R65,inactive,2026-11-01
R65,active,2026-12-01
R66,active,2026-01-01
R66,inactive,2026-02-01
R66,active,2026-03-01
R66,inactive,2026-04-01
R66,active,2026-05-01
R66,inactive,2026-06-01
R66,inactive,2026-07-01
R66,active,2026-08-01
R66,inactive,2026-09-01
R67,active,2026-01-01
R67,active,2026-02-01
R67,active,2026-03-01
R67,active,2026-04-01
R67,inactive,2026-05-01
R67,active,2026-06-01
R68,active,2026-01-01
R68,active,2026-02-01
R68,active,2026-03-01
R68,active,2026-04-01
R68,active,2026-05-01
R68,active,2026-06-01
R68,active,2026-07-01
R68,active,2026-08-01
R68,inactive,2026-09-01
R68,inactive,2026-10-01
R69,active,2026-01-01
R69,active,2026-02-01
R69,active,2026-03-01
R69,inactive,2026-04-01
R69,inactive,2026-05-01
R69,inactive,2026-06-01
R69,active,2026-07-01
R69,active,2026-08-01
R69,active,2026-09-01
R69,inactive,2026-10-01
R69,inactive,2026-11-01
R70,active,2026-01-01
R70,active,2026-02-01
R70,inactive,2026-03-01
R70,active,2026-04-01
R70,active,2026-05-01
R71,active,2026-01-01
R71,active,2026-02-01
R71,inactive,2026-03-01
R71,inactive,2026-04-01
R71,active,2026-05-01
R72,active,2026-01-01
R72,active,2026-02-01
R72,inactive,2026-03-01
R72,inactive,2026-04-01
R72,inactive,2026-05-01
R72,active,2026-06-01
R72,active,2026-07-01
R72,inactive,2026-08-01
R72,inactive,2026-09-01
R73,active,2026-01-01
R73,active,2026-02-01
R73,active,2026-03-01
R73,active,2026-04-01
R73,inactive,2026-05-01
R73,active,2026-06-01
R73,inactive,2026-07-01
R73,active,2026-08-01
R73,inactive,2026-09-01
R73,inactive,2026-10-01
R73,inactive,2026-11-01
R73,inactive,2026-12-01
R74,active,2026-01-01
R74,active,2026-02-01
R74,active,2026-03-01
R74,inactive,2026-04-01
R74,inactive,2026-05-01
R74,inactive,2026-06-01
R75,active,2026-01-01
R75,active,2026-02-01
R75,active,2026-03-01
R75,active,2026-04-01
R75,active,2026-05-01
R75,inactive,2026-06-01
R75,inactive,2026-07-01
R75,inactive,2026-08-01
R75,inactive,2026-09-01
R75,inactive,2026-10-01
R75,active,2026-11-01
R76,active,2026-01-01
R76,active,2026-02-01
R76,active,2026-03-01
R76,active,2026-04-01
R76,active,2026-05-01
R76,active,2026-06-01
R76,active,2026-07-01
R76,inactive,2026-08-01
R76,inactive,2026-09-01
R76,inactive,2026-10-01
R76,active,2026-11-01
R76,inactive,2026-12-01
R77,active,2026-01-01
R77,active,2026-02-01
R77,active,2026-03-01
R77,active,2026-04-01
R77,active,2026-05-01
R77,active,2026-06-01
R77,active,2026-07-01
R77,active,2026-08-01
R77,active,2026-09-01
R77,inactive,2026-10-01
R77,inactive,2026-11-01
R78,active,2026-01-01
R78,active,2026-02-01
R78,active,2026-03-01
R78,active,2026-04-01
R78,inactive,2026-05-01
R78,inactive,2026-06-01
R78,inactive,2026-07-01
R78,active,2026-08-01
R78,active,2026-09-01
R78,inactive,2026-10-01
R79,active,2026-01-01
R79,inactive,2026-02-01
R79,active,2026-03-01
R79,active,2026-04-01
R79,inactive,2026-05-01
R79,inactive,2026-06-01
R80,active,2026-01-01
R80,active,2026-02-01
R80,active,2026-03-01
R80,active,2026-04-01
R80,active,2026-05-01
R80,active,2026-06-01
R80,active,2026-07-01
R80,inactive,2026-08-01
R81,active,2026-01-01
R81,inactive,2026-02-01
R81,active,2026-03-01
R81,inactive,2026-04-01
R81,inactive,2026-05-01
R82,active,2026-01-01
R82,active,2026-02-01
R82,active,2026-03-01
R82,active,2026-04-01
R82,active,2026-05-01
R82,active,2026-06-01
R82,active,2026-07-01
R82,inactive,2026-08-01
R82,inactive,2026-09-01
R83,active,2026-01-01
R83,active,2026-02-01
R83,active,2026-03-01
R83,active,2026-04-01
R83,active,2026-05-01
R83,active,2026-06-01
R83,active,2026-07-01
R83,active,2026-08-01
R83,active,2026-09-01
R83,inactive,2026-10-01
R83,active,2026-11-01
R84,active,2026-01-01
R84,active,2026-02-01
R84,active,2026-03-01
R84,active,2026-04-01
R84,active,2026-05-01
R84,active,2026-06-01
R84,active,2026-07-01
R84,active,2026-08-01
R84,active,2026-09-01
R84,active,2026-10-01
R84,inactive,2026-11-01
R84,inactive,2026-12-01
R85,active,2026-01-01
R85,active,2026-02-01
R85,active,2026-03-01
R85,active,2026-04-01
R85,active,2026-05-01
R85,active,2026-06-01
R85,active,2026-07-01
R85,active,2026-08-01
R85,active,2026-09-01
R85,active,2026-10-01
R85,active,2026-11-01
R85,inactive,2026-12-01
R86,active,2026-01-01
R86,active,2026-02-01
R86,active,2026-03-01
R86,active,2026-04-01
R86,active,2026-05-01
R86,active,2026-06-01
R86,active,2026-07-01
R86,active,2026-08-01
R86,active,2026-09-01
R86,active,2026-10-01
R86,inactive,2026-11-01
R86,active,2026-12-01
R87,active,2026-01-01
R87,active,2026-02-01
R87,active,2026-03-01
R87,active,2026-04-01
R87,active,2026-05-01
R87,active,2026-06-01
R87,active,2026-07-01
R87,active,2026-08-01
R87,active,2026-09-01
R87,active,2026-10-01
R87,active,2026-11-01
R88,active,2026-01-01
R88,active,2026-02-01
R88,inactive,2026-03-01
R88,active,2026-04-01
R88,active,2026-05-01
R88,inactive,2026-06-01
R89,active,2026-01-01
R89,active,2026-02-01
R89,active,2026-03-01
R89,active,2026-04-01
R89,inactive,2026-05-01
R89,inactive,2026-06-01
R90,active,2026-01-01
R90,active,2026-02-01
R90,active,2026-03-01
R90,active,2026-04-01
R90,active,2026-05-01
R91,inactive,2026-01-01
R91,active,2026-02-01
R91,inactive,2026-03-01
R91,active,2026-04-01
R91,inactive,2026-05-01
R91,inactive,2026-06-01
R91,inactive,2026-07-01
R91,active,2026-08-01
R91,inactive,2026-09-01
R92,active,2026-01-01
R92,active,2026-02-01
R92,active,2026-03-01
R92,active,2026-04-01
R92,active,2026-05-01
R92,active,2026-06-01
R92,active,2026-07-01
R93,active,2026-01-01
R93,active,2026-02-01
R93,active,2026-03-01
R93,active,2026-04-01
R93,active,2026-05-01
R93,active,2026-06-01
R93,active,2026-07-01
R93,active,2026-08-01
R93,active,2026-09-01
R93,active,2026-10-01
R93,active,2026-11-01
R93,inactive,2026-12-01
R94,active,2026-01-01
R94,active,2026-02-01
R94,active,2026-03-01
R94,active,2026-04-01
R94,active,2026-05-01
R94,active,2026-06-01
R94,active,2026-07-01
R94,active,2026-08-01
R94,active,2026-09-01
R94,active,2026-10-01
R94,inactive,2026-11-01
R94,active,2026-12-01
R95,active,2026-01-01
R95,active,2026-02-01
R95,active,2026-03-01
R95,active,2026-04-01
R95,active,2026-05-01
R95,active,2026-06-01
R95,active,2026-07-01
R95,inactive,2026-08-01
R95,inactive,2026-09-01
R96,active,2026-01-01
R96,active,2026-02-01
R96,inactive,2026-03-01
R96,active,2026-04-01
R96,active,2026-05-01
R97,active,2026-01-01
R97,active,2026-02-01
R97,active,2026-03-01
R97,active,2026-04-01
R97,active,2026-05-01
R97,inactive,2026-06-01
R98,active,2026-01-01
R98,active,2026-02-01
R98,active,2026-03-01
R98,active,2026-04-01
R98,inactive,2026-05-01
R98,active,2026-06-01
R99,active,2026-01-01
R99,active,2026-02-01
R99,inactive,2026-03-01
R99,inactive,2026-04-01
R99,inactive,2026-05-01
R99,active,2026-06-01
R99,inactive,2026-07-01
R99,active,2026-08-01
R99,inactive,2026-09-01
R99,inactive,2026-10-01
R99,active,2026-11-01
R99,inactive,2026-12-01
S1,active,2026-01-01
S1,active,2026-02-01
S1,active,2026-03-01
S1,inactive,2026-04-01
S1,active,2026-05-01
S1,inactive,2026-06-01
S1,active,2026-07-01
S1,inactive,2026-08-01
S1,inactive,2026-09-01
S1,inactive,2026-10-01
S1,inactive,2026-11-01
S2,active,2026-01-01
S2,active,2026-02-01
S2,active,2026-03-01
S2,inactive,2026-04-01
S2,inactive,2026-05-01
S3,active,2026-01-01
S3,active,2026-02-01
S3,active,2026-03-01
S3,active,2026-04-01
S3,active,2026-05-01
S3,active,2026-06-01
S3,inactive,2026-07-01
S3,active,2026-08-01
S3,inactive,2026-09-01
S3,inactive,2026-10-01
S3,active,2026-11-01
S3,active,2026-12-01
S4,active,2026-01-01
S4,active,2026-02-01
S4,active,2026-03-01
S4,active,2026-04-01
S4,active,2026-05-01
S4,inactive,2026-06-01
S4,active,2026-07-01
S5,active,2026-01-01
S5,active,2026-02-01
S5,active,2026-03-01
S5,active,2026-04-01
S5,active,2026-05-01
S5,inactive,2026-06-01
S5,default,2026-07-01
S5,default,2026-08-01
S5,default,2026-09-01
S5,default,2026-10-01
S5,default,2026-11-01
S5,default,2026-12-01
S6,active,2026-01-01
S6,active,2026-02-01
S6,active,2026-03-01
S6,inactive,2026-04-01
S6,inactive,2026-05-01
S6,inactive,2026-06-01
S6,active,2026-07-01
S6,inactive,2026-08-01
S6,active,2026-09-01
S6,inactive,2026-10-01
S7,inactive,2026-01-01
S7,inactive,2026-02-01
S7,inactive,2026-03-01
S7,inactive,2026-04-01
S7,active,2026-05-01
S7,active,2026-06-01
S7,inactive,2026-07-01
S7,active,2026-08-01
S7,active,2026-09-01
S7,active,2026-10-01
S7,inactive,2026-11-01
S8,active,2026-01-01
S8,active,2026-02-01
S8,active,2026-03-01
S8,active,2026-04-01
S8,active,2026-05-01
S8,active,2026-06-01
S8,inactive,2026-07-01
S9,active,2026-01-01
S9,active,2026-02-01
S9,active,2026-03-01
S9,inactive,2026-04-01
S9,active,2026-05-01
S9,inactive,2026-06-01
S10,active,2026-01-01
S10,active,2026-02-01
S10,active,2026-03-01
S10,active,2026-04-01
S10,active,2026-05-01
S10,inactive,2026-06-01
S11,active,2026-01-01
S11,active,2026-02-01
S11,inactive,2026-03-01
S11,inactive,2026-04-01
S11,active,2026-05-01
S11,inactive,2026-06-01
S12,active,2026-01-01
S12,active,2026-02-01
S12,inactive,2026-03-01
S12,active,2026-04-01
S12,inactive,2026-05-01
S12,active,2026-06-01
S12,inactive,2026-07-01
S12,inactive,2026-08-01
S12,active,2026-09-01
S12,inactive,2026-10-01
S12,inactive,2026-11-01
S13,active,2026-01-01
S13,active,2026-02-01
S13,active,2026-03-01
S13,active,2026-04-01
S13,inactive,2026-05-01
S13,inactive,2026-06-01
S13,inactive,2026-07-01
S13,inactive,2026-08-01
S13,inactive,2026-09-01
S13,active,2026-10-01
S13,inactive,2026-11-01
S14,active,2026-01-01
S14,active,2026-02-01
S14,active,2026-03-01
S14,active,2026-04-01
S14,inactive,2026-05-01
S14,active,2026-06-01
S14,inactive,2026-07-01
S14,inactive,2026-08-01
S14,default,2026-09-01
S15,active,2026-01-01
S15,active,2026-02-01
S15,active,2026-03-01
S15,active,2026-04-01
S15,active,2026-05-01
S15,active,2026-06-01
S15,active,2026-07-01
S15,inactive,2026-08-01
S15,inactive,2026-09-01
S15,active,2026-10-01
S15,inactive,2026-11-01
S15,inactive,2026-12-01
S16,active,2026-01-01
S16,active,2026-02-01
S16,active,2026-03-01
S16,active,2026-04-01
S16,active,2026-05-01
S16,active,2026-06-01
S16,active,2026-07-01
S16,inactive,2026-08-01
S16,inactive,2026-09-01
S16,active,2026-10-01
S17,active,2026-01-01
S17,active,2026-02-01
S17,active,2026-03-01
S17,active,2026-04-01
S17,active,2026-05-01
S17,inactive,2026-06-01
S18,active,2026-01-01
S18,active,2026-02-01
S18,inactive,2026-03-01
S18,active,2026-04-01
S18,inactive,2026-05-01
S18,active,2026-06-01
S18,inactive,2026-07-01
S18,inactive,2026-08-01
S19,active,2026-01-01
S19,active,2026-02-01
S19,active,2026-03-01
S19,active,2026-04-01
S19,active,2026-05-01
S19,active,2026-06-01
S19,inactive,2026-07-01
S19,inactive,2026-08-01
S19,default,2026-09-01
S19,default,2026-10-01
S19,default,2026-11-01
S19,default,2026-12-01
S20,active,2026-01-01
S20,active,2026-02-01
S20,active,2026-03-01
S20,active,2026-04-01
S20,active,2026-05-01
S20,active,2026-06-01
S20,active,2026-07-01
S20,active,2026-08-01
S20,active,2026-09-01
S21,active,2026-01-01
S21,active,2026-02-01
S21,inactive,2026-03-01
S21,inactive,2026-04-01
S21,inactive,2026-05-01
S21,inactive,2026-06-01
S21,inactive,2026-07-01
S22,active,2026-01-01
S22,inactive,2026-02-01
S22,inactive,2026-03-01
S22,active,2026-04-01
S22,inactive,2026-05-01
S22,active,2026-06-01
S22,inactive,2026-07-01
S22,active,2026-08-01
S22,active,2026-09-01
S22,active,2026-10-01
S22,inactive,2026-11-01
S22,inactive,2026-12-01
S23,active,2026-01-01
S23,active,2026-02-01
S23,inactive,2026-03-01
S23,active,2026-04-01
S23,inactive,2026-05-01
S23,inactive,2026-06-01
S23,active,2026-07-01
S23,active,2026-08-01
S23,active,2026-09-01
S24,active,2026-01-01
S24,active,2026-02-01
S24,active,2026-03-01
S24,inactive,2026-04-01
S24,inactive,2026-05-01
S24,active,2026-06-01
S24,active,2026-07-01
S24,inactive,2026-08-01
S25,active,2026-01-01
S25,inactive,2026-02-01
S25,inactive,2026-03-01
S25,default,2026-04-01
S25,default,2026-05-01
S25,default,2026-06-01
S26,active,2026-01-01
S26,active,2026-02-01
S26,active,2026-03-01
S26,active,2026-04-01
S26,active,2026-05-01
S26,active,2026-06-01
S27,active,2026-01-01
S27,active,2026-02-01
S27,active,2026-03-01
S27,active,2026-04-01
S27,active,2026-05-01
S27,active,2026-06-01
S27,active,2026-07-01
S27,active,2026-08-01
S27,active,2026-09-01
S27,inactive,2026-10-01
S27,inactive,2026-11-01
S27,active,2026-12-01
S28,active,2026-01-01
S28,inactive,2026-02-01
S28,inactive,2026-03-01
S28,default,2026-04-01
S28,default,2026-05-01
S28,default,2026-06-01
S28,default,2026-07-01
S28,default,2026-08-01
S29,active,2026-01-01
S29,active,2026-02-01
S29,active,2026-03-01
S29,active,2026-04-01
S29,inactive,2026-05-01
S29,active,2026-06-01
S29,active,2026-07-01
S29,inactive,2026-08-01
S29,active,2026-09-01
S29,inactive,2026-10-01
S30,active,2026-01-01
S30,active,2026-02-01
S30,active,2026-03-01
S30,active,2026-04-01
S30,active,2026-05-01
S30,active,2026-06-01
S30,active,2026-07-01
S30,active,2026-08-01
S30,active,2026-09-01
S30,active,2026-10-01
S30,active,2026-11-01
S30,active,2026-12-01
S31,active,2026-01-01
S31,active,2026-02-01
S31,inactive,2026-03-01
S31,inactive,2026-04-01
S31,active,2026-05-01
S31,active,2026-06-01
S32,active,2026-01-01
S32,active,2026-02-01
S32,active,2026-03-01
S32,inactive,2026-04-01
S32,inactive,2026-05-01
S32,inactive,2026-06-01
S32,default,2026-07-01
S32,default,2026-08-01
S32,default,2026-09-01
S32,default,2026-10-01
S32,default,2026-11-01
S32,default,2026-12-01
S33,active,2026-01-01
S33,inactive,2026-02-01
S33,inactive,2026-03-01
S33,active,2026-04-01
S33,inactive,2026-05-01
S33,default,2026-06-01
S33,default,2026-07-01
S33,default,2026-08-01
S33,default,2026-09-01
S33,default,2026-10-01
S33,default,2026-11-01
S33,default,2026-12-01
S34,active,2026-01-01
S34,active,2026-02-01
S34,active,2026-03-01
S34,active,2026-04-01
S34,active,2026-05-01
S34,inactive,2026-06-01
S34,active,2026-07-01
S34,inactive,2026-08-01
S34,inactive,2026-09-01
S35,active,2026-01-01
S35,active,2026-02-01
S35,active,2026-03-01
S35,active,2026-04-01
S35,active,2026-05-01
S35,active,2026-06-01
S35,active,2026-07-01
S35,active,2026-08-01
S35,inactive,2026-09-01
S35,active,2026-10-01
S35,inactive,2026-11-01
S35,active,2026-12-01
S36,active,2026-01-01
S36,active,2026-02-01
S36,active,2026-03-01
S36,active,2026-04-01
S36,active,2026-05-01
S36,inactive,2026-06-01
S36,inactive,2026-07-01
S36,inactive,2026-08-01
S36,inactive,2026-09-01
S36,inactive,2026-10-01
S36,inactive,2026-11-01
S36,inactive,2026-12-01
S37,inactive,2026-01-01
S37,active,2026-02-01
S37,inactive,2026-03-01
S37,inactive,2026-04-01
S37,inactive,2026-05-01
S37,default,2026-06-01
S37,default,2026-07-01
S37,default,2026-08-01
S37,default,2026-09-01
S37,default,2026-10-01
S37,default,2026-11-01
S38,active,2026-01-01
S38,active,2026-02-01
S38,active,2026-03-01
S38,active,2026-04-01
S38,inactive,2026-05-01
S38,inactive,2026-06-01
S38,inactive,2026-07-01
S38,active,2026-08-01
S38,active,2026-09-01
S39,active,2026-01-01
S39,active,2026-02-01
S39,active,2026-03-01
S39,active,2026-04-01
S39,active,2026-05-01
S39,active,2026-06-01
S39,inactive,2026-07-01
S39,inactive,2026-08-01
S40,active,2026-01-01
S40,active,2026-02-01
S40,active,2026-03-01
S40,active,2026-04-01
S40,active,2026-05-01
S40,inactive,2026-06-01
S40,inactive,2026-07-01
S40,inactive,2026-08-01
S40,inactive,2026-09-01
S40,inactive,2026-10-01
S40,active,2026-11-01
S41,active,2026-01-01
S41,active,2026-02-01
S41,active,2026-03-01
S41,active,2026-04-01
S41,active,2026-05-01
S41,inactive,2026-06-01
S41,inactive,2026-07-01
S41,inactive,2026-08-01
S41,inactive,2026-09-01
S42,active,2026-01-01
S42,active,2026-02-01
S42,active,2026-03-01
S42,active,2026-04-01
S42,active,2026-05-01
S42,active,2026-06-01
S42,active,2026-07-01
S42,inactive,2026-08-01
S42,default,2026-09-01
S42,default,2026-10-01
S43,active,2026-01-01
S43,active,2026-02-01
S43,active,2026-03-01
S43,active,2026-04-01
S43,active,2026-05-01
S43,inactive,2026-06-01
S43,active,2026-07-01
S43,inactive,2026-08-01
S43,active,2026-09-01
S43,active,2026-10-01
S43,inactive,2026-11-01
S43,inactive,2026-12-01
S44,active,2026-01-01
S44,active,2026-02-01
S44,active,2026-03-01
S44,active,2026-04-01
S44,inactive,2026-05-01
S45,active,2026-01-01
S45,active,2026-02-01
S45,active,2026-03-01
S45,active,2026-04-01
S45,active,2026-05-01
S45,active,2026-06-01
S45,active,2026-07-01
S45,inactive,2026-08-01
S45,inactive,2026-09-01
S45,default,2026-10-01
S45,default,2026-11-01
S45,default,2026-12-01
S46,active,2026-01-01
S46,active,2026-02-01
S46,active,2026-03-01
S46,active,2026-04-01
S46,active,2026-05-01
S46,active,2026-06-01
S46,active,2026-07-01
S46,inactive,2026-08-01
S46,default,2026-09-01
S46,default,2026-10-01
S46,default,2026-11-01
S46,default,2026-12-01
S47,active,2026-01-01
S47,active,2026-02-01
S47,active,2026-03-01
S47,active,2026-04-01
S47,active,2026-05-01
S47,active,2026-06-01
S47,active,2026-07-01
S47,active,2026-08-01
S47,inactive,2026-09-01
S48,active,2026-01-01
S48,active,2026-02-01
S48,active,2026-03-01
S48,active,2026-04-01
S48,active,2026-05-01
S48,active,2026-06-01
S48,active,2026-07-01
S48,active,2026-08-01
S48,active,2026-09-01
S48,active,2026-10-01
S48,active,2026-11-01
S48,inactive,2026-12-01
S49,active,2026-01-01
S49,active,2026-02-01
S49,inactive,2026-03-01
S49,inactive,2026-04-01
S49,active,2026-05-01
S49,active,2026-06-01
S49,inactive,2026-07-01
S49,inactive,2026-08-01
S49,active,2026-09-01
S50,active,2026-01-01
S50,active,2026-02-01
S50,inactive,2026-03-01
S50,inactive,2026-04-01
S50,default,2026-05-01
S50,default,2026-06-01
S51,active,2026-01-01
S51,active,2026-02-01
S51,active,2026-03-01
S51,active,2026-04-01
S51,active,2026-05-01
S51,active,2026-06-01
S51,active,2026-07-01
S51,inactive,2026-08-01
S51,active,2026-09-01
S51,inactive,2026-10-01
S51,inactive,2026-11-01
S51,inactive,2026-12-01
S52,active,2026-01-01
S52,active,2026-02-01
S52,active,2026-03-01
S52,active,2026-04-01
S52,active,2026-05-01
S52,active,2026-06-01
S52,active,2026-07-01
S52,active,2026-08-01
S52,inactive,2026-09-01
S52,active,2026-10-01
S52,inactive,2026-11-01
S52,inactive,2026-12-01
S53,active,2026-01-01
S53,inactive,2026-02-01
S53,active,2026-03-01
S53,inactive,2026-04-01
S53,active,2026-05-01
S53,inactive,2026-06-01
S54,active,2026-01-01
S54,active,2026-02-01
S54,active,2026-03-01
S54,active,2026-04-01
S54,active,2026-05-01
S54,active,2026-06-01
S54,active,2026-07-01
S54,active,2026-08-01
S54,active,2026-09-01
S54,active,2026-10-01
S54,inactive,2026-11-01
S54,inactive,2026-12-01
S55,active,2026-01-01
S55,active,2026-02-01
S55,active,2026-03-01
S55,inactive,2026-04-01
S55,active,2026-05-01
S55,inactive,2026-06-01
S55,active,2026-07-01
S55,inactive,2026-08-01
S55,active,2026-09-01
S55,inactive,2026-10-01
S55,active,2026-11-01
S55,active,2026-12-01
S56,active,2026-01-01
S56,active,2026-02-01
S56,active,2026-03-01
S56,active,2026-04-01
S56,active,2026-05-01
S56,active,2026-06-01
S56,active,2026-07-01
S56,active,2026-08-01
S56,inactive,2026-09-01
S56,active,2026-10-01
S56,inactive,2026-11-01
S56,inactive,2026-12-01
S57,inactive,2026-01-01
S57,active,2026-02-01
S57,inactive,2026-03-01
S57,inactive,2026-04-01
S57,active,2026-05-01
S57,active,2026-06-01
S57,inactive,2026-07-01
S57,inactive,2026-08-01
S58,active,2026-01-01
S58,active,2026-02-01
S58,active,2026-03-01
S58,active,2026-04-01
S58,active,2026-05-01
S58,active,2026-06-01
S58,active,2026-07-01
S58,active,2026-08-01
S58,inactive,2026-09-01
S58,inactive,2026-10-01
S58,active,2026-11-01
S58,active,2026-12-01
S59,active,2026-01-01
S59,active,2026-02-01
S59,active,2026-03-01
S59,active,2026-04-01
S59,active,2026-05-01
S59,active,2026-06-01
S59,inactive,2026-07-01
S60,active,2026-01-01
S60,active,2026-02-01
S60,active,2026-03-01
S60,active,2026-04-01
S60,active,2026-05-01
S60,active,2026-06-01
S60,active,2026-07-01
S60,active,2026-08-01
S60,active,2026-09-01
S60,active,2026-10-01
S60,active,2026-11-01
S60,inactive,2026-12-01
S61,active,2026-01-01
S61,active,2026-02-01
S61,active,2026-03-01
S61,active,2026-04-01
S61,active,2026-05-01
S61,active,2026-06-01
S61,active,2026-07-01
S61,active,2026-08-01
S61,active,2026-09-01
S61,inactive,2026-10-01
S62,active,2026-01-01
S62,active,2026-02-01
S62,inactive,2026-03-01
S62,inactive,2026-04-01
S62,active,2026-05-01
S62,inactive,2026-06-01
S63,active,2026-01-01
S63,active,2026-02-01
S63,active,2026-03-01
S63,inactive,2026-04-01
S63,active,2026-05-01
S64,active,2026-01-01
S64,active,2026-02-01
S64,active,2026-03-01
S64,inactive,2026-04-01
S64,inactive,2026-05-01
S64,active,2026-06-01
S64,inactive,2026-07-01
S64,active,2026-08-01
S65,active,2026-01-01
S65,active,2026-02-01
S65,inactive,2026-03-01
S65,active,2026-04-01
S65,inactive,2026-05-01
S65,inactive,2026-06-01
S66,active,2026-01-01
S66,active,2026-02-01
S66,inactive,2026-03-01
S66,inactive,2026-04-01
S66,inactive,2026-05-01
S66,active,2026-06-01
S66,active,2026-07-01
S66,inactive,2026-08-01
S66,active,2026-09-01
S67,active,2026-01-01
S67,active,2026-02-01
S67,inactive,2026-03-01
S67,inactive,2026-04-01
S67,inactive,2026-05-01
S67,active,2026-06-01
S67,inactive,2026-07-01
S67,inactive,2026-08-01
S68,active,2026-01-01
S68,active,2026-02-01
S68,active,2026-03-01
S68,inactive,2026-04-01
S68,active,2026-05-01
S68,inactive,2026-06-01
S68,inactive,2026-07-01
S68,active,2026-08-01
S68,inactive,2026-09-01
S68,active,2026-10-01
S69,active,2026-01-01
S69,active,2026-02-01
S69,active,2026-03-01
S69,active,2026-04-01
S69,active,2026-05-01
S69,active,2026-06-01
S69,active,2026-07-01
S69,active,2026-08-01
S69,active,2026-09-01
S69,active,2026-10-01
S69,inactive,2026-11-01
S69,inactive,2026-12-01
S70,active,2026-01-01
S70,active,2026-02-01
S70,active,2026-03-01
S70,active,2026-04-01
S70,active,2026-05-01
S70,active,2026-06-01
S70,inactive,2026-07-01
S71,active,2026-01-01
S71,active,2026-02-01
S71,active,2026-03-01
S71,active,2026-04-01
S71,active,2026-05-01
S71,active,2026-06-01
S71,inactive,2026-07-01
S71,inactive,2026-08-01
S71,inactive,2026-09-01
S71,inactive,2026-10-01
S72,active,2026-01-01
S72,active,2026-02-01
S72,active,2026-03-01
S72,active,2026-04-01
S72,active,2026-05-01
S72,active,2026-06-01
S72,active,2026-07-01
S72,active,2026-08-01
S73,active,2026-01-01
S73,active,2026-02-01
S73,active,2026-03-01
S73,active,2026-04-01
S73,inactive,2026-05-01
S73,active,2026-06-01
S74,active,2026-01-01
S74,active,2026-02-01
S74,active,2026-03-01
S74,active,2026-04-01
S74,active,2026-05-01
S74,active,2026-06-01
S74,inactive,2026-07-01
S75,active,2026-01-01
S75,active,2026-02-01
S75,active,2026-03-01
S75,inactive,2026-04-01
S75,inactive,2026-05-01
S75,default,2026-06-01
S75,default,2026-07-01
S76,active,2026-01-01
S76,active,2026-02-01
S76,active,2026-03-01
S76,active,2026-04-01
S76,active,2026-05-01
S76,active,2026-06-01
S77,active,2026-01-01
S77,active,2026-02-01
S77,active,2026-03-01
S77,active,2026-04-01
S77,active,2026-05-01
S77,inactive,2026-06-01
S77,active,2026-07-01
S78,active,2026-01-01
S78,active,2026-02-01
S78,active,2026-03-01
S78,inactive,2026-04-01
S78,inactive,2026-05-01
S78,active,2026-06-01
S78,inactive,2026-07-01
S78,active,2026-08-01
S78,inactive,2026-09-01
S78,inactive,2026-10-01
S79,active,2026-01-01
S79,active,2026-02-01
S79,active,2026-03-01
S79,active,2026-04-01
S79,active,2026-05-01
S79,active,2026-06-01
S79,active,2026-07-01
S79,inactive,2026-08-01
S79,active,2026-09-01
S79,inactive,2026-10-01
S79,active,2026-11-01
S80,active,2026-01-01
S80,active,2026-02-01
S80,active,2026-03-01
S80,active,2026-04-01
S80,active,2026-05-01
S80,inactive,2026-06-01
S80,inactive,2026-07-01
S81,active,2026-01-01
S81,active,2026-02-01
S81,active,2026-03-01
S81,active,2026-04-01
S81,active,2026-05-01
S81,active,2026-06-01
S81,active,2026-07-01
S81,active,2026-08-01
S81,active,2026-09-01
S81,inactive,2026-10-01
S81,inactive,2026-11-01
S81,inactive,2026-12-01
S82,active,2026-01-01
S82,active,2026-02-01
S82,active,2026-03-01
S82,active,2026-04-01
S82,active,2026-05-01
S82,active,2026-06-01
S82,inactive,2026-07-01
S83,active,2026-01-01
S83,active,2026-02-01
S83,active,2026-03-01
S83,active,2026-04-01
S83,active,2026-05-01
S83,active,2026-06-01
S83,active,2026-07-01
S83,active,2026-08-01
S83,active,2026-09-01
S83,active,2026-10-01
S83,active,2026-11-01
S83,active,2026-12-01
S84,active,2026-01-01
S84,active,2026-02-01
S84,active,2026-03-01
S84,active,2026-04-01
S84,inactive,2026-05-01
S85,active,2026-01-01
S85,active,2026-02-01
S85,active,2026-03-01
S85,active,2026-04-01
S85,active,2026-05-01
S85,active,2026-06-01
S85,active,2026-07-01
S85,active,2026-08-01
S85,active,2026-09-01
S85,active,2026-10-01
S85,inactive,2026-11-01
S85,inactive,2026-12-01
S86,active,2026-01-01
S86,active,2026-02-01
S86,active,2026-03-01
S86,active,2026-04-01
S86,active,2026-05-01
S86,inactive,2026-06-01
S86,active,2026-07-01
S86,inactive,2026-08-01
S86,active,2026-09-01
S86,inactive,2026-10-01
S86,inactive,2026-11-01
S87,active,2026-01-01
S87,active,2026-02-01
S87,inactive,2026-03-01
S87,active,2026-04-01
S87,inactive,2026-05-01
S87,inactive,2026-06-01
S88,active,2026-01-01
S88,active,2026-02-01
S88,active,2026-03-01
S88,active,2026-04-01
S88,active,2026-05-01
S88,inactive,2026-06-01
S88,active,2026-07-01
S89,active,2026-01-01
S89,active,2026-02-01
S89,inactive,2026-03-01
S89,active,2026-04-01
S89,active,2026-05-01
S89,active,2026-06-01
S89,inactive,2026-07-01
S89,inactive,2026-08-01
S89,inactive,2026-09-01
S90,active,2026-01-01
S90,active,2026-02-01
S90,active,2026-03-01
S90,active,2026-04-01
S90,active,2026-05-01
S90,active,2026-06-01
S90,active,2026-07-01
S90,active,2026-08-01
S90,active,2026-09-01
S90,active,2026-10-01
S90,inactive,2026-11-01
S90,active,2026-12-01
S91,active,2026-01-01
S91,active,2026-02-01
S91,active,2026-03-01
S91,active,2026-04-01
S91,active,2026-05-01
S91,active,2026-06-01
S91,active,2026-07-01
S91,active,2026-08-01
S91,active,2026-09-01
S91,active,2026-10-01
S91,inactive,2026-11-01
S91,active,2026-12-01
S92,active,2026-01-01
S92,active,2026-02-01
S92,active,2026-03-01
S92,active,2026-04-01
S92,active,2026-05-01
S92,active,2026-06-01
S92,active,2026-07-01
S92,active,2026-08-01
S92,inactive,2026-09-01
S92,inactive,2026-10-01
S93,active,2026-01-01
S93,active,2026-02-01
S93,active,2026-03-01
S93,active,2026-04-01
S93,active,2026-05-01
S93,inactive,2026-06-01
S93,active,2026-07-01
S93,inactive,2026-08-01
S93,inactive,2026-09-01
S94,active,2026-01-01
S94,active,2026-02-01
S94,active,2026-03-01
S94,inactive,2026-04-01
S94,inactive,2026-05-01
S94,active,2026-06-01
S94,inactive,2026-07-01
S94,active,2026-08-01
S94,inactive,2026-09-01
S94,inactive,2026-10-01
S94,active,2026-11-01
S94,inactive,2026-12-01
S95,active,2026-01-01
S95,active,2026-02-01
S95,active,2026-03-01
S95,active,2026-04-01
S95,active,2026-05-01
S95,active,2026-06-01
S95,active,2026-07-01
S95,active,2026-08-01
S95,inactive,2026-09-01
S95,inactive,2026-10-01
S95,active,2026-11-01
S95,active,2026-12-01
S96,active,2026-01-01
S96,active,2026-02-01
S96,active,2026-03-01
S96,inactive,2026-04-01
S96,active,2026-05-01
S96,inactive,2026-06-01
S96,active,2026-07-01
S97,inactive,2026-01-01
S97,inactive,2026-02-01
S97,inactive,2026-03-01
S97,active,2026-04-01
S97,inactive,2026-05-01
S98,active,2026-01-01
S98,active,2026-02-01
S98,active,2026-03-01
S98,active,2026-04-01
S98,active,2026-05-01
S98,active,2026-06-01
S98,active,2026-07-01
S98,active,2026-08-01
S98,active,2026-09-01
S98,active,2026-10-01
S98,active,2026-11-01
S98,inactive,2026-12-01
S99,active,2026-01-01
S99,inactive,2026-02-01
S99,inactive,2026-03-01
S99,active,2026-04-01
S99,active,2026-05-01
S99,active,2026-06-01
S99,inactive,2026-07-01
T1,active,2026-01-01
T1,active,2026-02-01
T1,active,2026-03-01
T1,inactive,2026-04-01
T1,active,2026-05-01
T1,inactive,2026-06-01
T1,active,2026-07-01
T1,inactive,2026-08-01
T2,active,2026-01-01
T2,active,2026-02-01
T2,active,2026-03-01
T2,active,2026-04-01
T2,active,2026-05-01
T2,active,2026-06-01
T2,active,2026-07-01
T2,inactive,2026-08-01
T2,active,2026-09-01
T2,inactive,2026-10-01
T2,inactive,2026-11-01
T3,inactive,2026-01-01
T3,inactive,2026-02-01
T3,active,2026-03-01
T3,inactive,2026-04-01
T3,active,2026-05-01
T3,inactive,2026-06-01
T3,active,2026-07-01
T3,active,2026-08-01
T3,inactive,2026-09-01
T4,active,2026-01-01
T4,active,2026-02-01
T4,active,2026-03-01
T4,active,2026-04-01
T4,active,2026-05-01
T4,active,2026-06-01
T4,inactive,2026-07-01
T4,active,2026-08-01
T4,inactive,2026-09-01
T4,inactive,2026-10-01
T5,active,2026-01-01
T5,active,2026-02-01
T5,active,2026-03-01
T5,active,2026-04-01
T5,inactive,2026-05-01
T5,active,2026-06-01
T5,inactive,2026-07-01
T6,active,2026-01-01
T6,active,2026-02-01
T6,inactive,2026-03-01
T6,active,2026-04-01
T6,inactive,2026-05-01
T6,inactive,2026-06-01
T7,active,2026-01-01
T7,active,2026-02-01
T7,active,2026-03-01
T7,inactive,2026-04-01
T7,active,2026-05-01
T7,active,2026-06-01
T7,active,2026-07-01
T8,inactive,2026-01-01
T8,inactive,2026-02-01
T8,active,2026-03-01
T8,inactive,2026-04-01
T8,inactive,2026-05-01
T8,inactive,2026-06-01
T8,inactive,2026-07-01
T8,active,2026-08-01
T9,active,2026-01-01
T9,active,2026-02-01
T9,active,2026-03-01
T9,active,2026-04-01
T9,active,2026-05-01
T9,active,2026-06-01
T9,inactive,2026-07-01
T9,inactive,2026-08-01
T9,inactive,2026-09-01
T9,active,2026-10-01
T9,inactive,2026-11-01
T9,inactive,2026-12-01
T10,active,2026-01-01
T10,active,2026-02-01
T10,active,2026-03-01
T10,active,2026-04-01
T10,active,2026-05-01
T10,active,2026-06-01
T10,active,2026-07-01
T10,active,2026-08-01
T10,active,2026-09-01
T10,active,2026-10-01
T10,inactive,2026-11-01
T10,active,2026-12-01
T11,active,2026-01-01
T11,active,2026-02-01
T11,active,2026-03-01
T11,active,2026-04-01
T11,active,2026-05-01
T11,active,2026-06-01
T11,active,2026-07-01
T11,inactive,2026-08-01
T12,active,2026-01-01
T12,active,2026-02-01
T12,active,2026-03-01
T12,active,2026-04-01
T12,active,2026-05-01
T12,active,2026-06-01
T12,inactive,2026-07-01
T12,inactive,2026-08-01
T13,inactive,2026-01-01
T13,inactive,2026-02-01
T13,inactive,2026-03-01
T13,active,2026-04-01
T13,active,2026-05-01
T13,inactive,2026-06-01
T14,active,2026-01-01
T14,active,2026-02-01
T14,active,2026-03-01
T14,active,2026-04-01
T14,active,2026-05-01
T14,active,2026-06-01
T14,inactive,2026-07-01
T14,active,2026-08-01
T15,active,2026-01-01
T15,active,2026-02-01
T15,active,2026-03-01
T15,active,2026-04-01
T15,active,2026-05-01
T15,active,2026-06-01
T15,active,2026-07-01
T15,active,2026-08-01
T15,active,2026-09-01
T15,inactive,2026-10-01
T15,inactive,2026-11-01
T15,active,2026-12-01
T16,active,2026-01-01
T16,active,2026-02-01
T16,active,2026-03-01
T16,active,2026-04-01
T16,inactive,2026-05-01
T16,inactive,2026-06-01
T17,active,2026-01-01
T17,active,2026-02-01
T17,active,2026-03-01
T17,active,2026-04-01
T17,inactive,2026-05-01
T18,active,2026-01-01
T18,active,2026-02-01
T18,active,2026-03-01
T18,active,2026-04-01
T18,active,2026-05-01
T18,active,2026-06-01
T18,active,2026-07-01
T18,inactive,2026-08-01
T18,inactive,2026-09-01
T19,active,2026-01-01
T19,active,2026-02-01
T19,active,2026-03-01
T19,active,2026-04-01
T19,active,2026-05-01
T20,active,2026-01-01
T20,active,2026-02-01
T20,active,2026-03-01
T20,active,2026-04-01
T20,active,2026-05-01
T20,inactive,2026-06-01
T20,inactive,2026-07-01
T20,inactive,2026-08-01
T20,active,2026-09-01
T21,active,2026-01-01
T21,inactive,2026-02-01
T21,active,2026-03-01
T21,active,2026-04-01
T21,inactive,2026-05-01
T21,active,2026-06-01
T21,inactive,2026-07-01
T21,active,2026-08-01
T22,active,2026-01-01
T22,active,2026-02-01
T22,active,2026-03-01
T22,active,2026-04-01
T22,inactive,2026-05-01
T22,inactive,2026-06-01
T22,active,2026-07-01
T22,inactive,2026-08-01
T23,active,2026-01-01
T23,active,2026-02-01
T23,active,2026-03-01
T23,active,2026-04-01
T23,active,2026-05-01
T23,active,2026-06-01
T23,active,2026-07-01
T23,active,2026-08-01
T23,inactive,2026-09-01
T23,default,2026-10-01
T23,default,2026-11-01
T23,default,2026-12-01
T24,active,2026-01-01
T24,active,2026-02-01
T24,active,2026-03-01
T24,active,2026-04-01
T24,active,2026-05-01
T24,active,2026-06-01
T24,active,2026-07-01
T24,active,2026-08-01
T24,inactive,2026-09-01
T24,default,2026-10-01
T24,default,2026-11-01
T24,default,2026-12-01
T25,active,2026-01-01
T25,active,2026-02-01
T25,active,2026-03-01
T25,active,2026-04-01
T25,active,2026-05-01
T25,active,2026-06-01
T25,inactive,2026-07-01
T25,inactive,2026-08-01
T26,active,2026-01-01
T26,active,2026-02-01
T26,active,2026-03-01
T26,active,2026-04-01
T26,inactive,2026-05-01
T26,inactive,2026-06-01
T26,inactive,2026-07-01
T26,inactive,2026-08-01
T26,inactive,2026-09-01
T26,inactive,2026-10-01
T27,active,2026-01-01
T27,inactive,2026-02-01
T27,active,2026-03-01
T27,active,2026-04-01
T27,active,2026-05-01
T27,inactive,2026-06-01
T27,active,2026-07-01
T27,inactive,2026-08-01
T27,inactive,2026-09-01
T27,active,2026-10-01
T28,active,2026-01-01
T28,inactive,2026-02-01
T28,active,2026-03-01
T28,inactive,2026-04-01
T28,inactive,2026-05-01
T28,active,2026-06-01
T28,active,2026-07-01
T29,active,2026-01-01
T29,active,2026-02-01
T29,active,2026-03-01
T29,active,2026-04-01
T29,active,2026-05-01
T29,active,2026-06-01
T29,active,2026-07-01
T29,active,2026-08-01
T29,inactive,2026-09-01
T30,active,2026-01-01
T30,inactive,2026-02-01
T30,inactive,2026-03-01
T30,inactive,2026-04-01
T30,active,2026-05-01
T30,inactive,2026-06-01
T30,default,2026-07-01
T30,default,2026-08-01
T30,default,2026-09-01
T30,default,2026-10-01
T30,default,2026-11-01
T30,default,2026-12-01
T31,active,2026-01-01
T31,active,2026-02-01
T31,active,2026-03-01
T31,active,2026-04-01
T31,active,2026-05-01
T31,active,2026-06-01
T31,active,2026-07-01
T31,active,2026-08-01
T31,active,2026-09-01
T31,active,2026-10-01
T31,active,2026-11-01
T31,active,2026-12-01
T32,active,2026-01-01
T32,active,2026-02-01
T32,active,2026-03-01
T32,inactive,2026-04-01
T32,inactive,2026-05-01
T32,inactive,2026-06-01
T32,inactive,2026-07-01
T32,inactive,2026-08-01
T32,inactive,2026-09-01
T33,active,2026-01-01
T33,active,2026-02-01
T33,inactive,2026-03-01
T33,inactive,2026-04-01
T33,inactive,2026-05-01
T33,inactive,2026-06-01
T33,active,2026-07-01
T33,inactive,2026-08-01
T33,active,2026-09-01
T33,inactive,2026-10-01
T33,active,2026-11-01
T33,active,2026-12-01
T34,active,2026-01-01
T34,inactive,2026-02-01
T34,inactive,2026-03-01
T34,inactive,2026-04-01
T34,default,2026-05-01
T34,default,2026-06-01
T34,default,2026-07-01
T34,default,2026-08-01
T35,active,2026-01-01
T35,active,2026-02-01
T35,active,2026-03-01
T35,active,2026-04-01
T35,active,2026-05-01
T35,active,2026-06-01
T35,active,2026-07-01
T35,active,2026-08-01
T35,active,2026-09-01
T35,active,2026-10-01
T35,active,2026-11-01
T35,inactive,2026-12-01
T36,active,2026-01-01
T36,active,2026-02-01
T36,inactive,2026-03-01
T36,active,2026-04-01
T36,inactive,2026-05-01
T36,active,2026-06-01
T36,inactive,2026-07-01
T37,active,2026-01-01
T37,active,2026-02-01
T37,active,2026-03-01
T37,active,2026-04-01
T37,inactive,2026-05-01
T38,active,2026-01-01
T38,active,2026-02-01
T38,active,2026-03-01
T38,inactive,2026-04-01
T38,active,2026-05-01
T38,active,2026-06-01
T38,inactive,2026-07-01
T39,active,2026-01-01
T39,active,2026-02-01
T39,active,2026-03-01
T39,inactive,2026-04-01
T39,active,2026-05-01
T39,active,2026-06-01
T40,active,2026-01-01
T40,active,2026-02-01
T40,active,2026-03-01
T40,active,2026-04-01
T40,inactive,2026-05-01
T40,inactive,2026-06-01
T41,active,2026-01-01
T41,inactive,2026-02-01
T41,active,2026-03-01
T41,inactive,2026-04-01
T41,inactive,2026-05-01
T41,default,2026-06-01
T41,default,2026-07-01
T41,default,2026-08-01
T41,default,2026-09-01
T41,default,2026-10-01
T41,default,2026-11-01
T41,default,2026-12-01
T42,active,2026-01-01
T42,active,2026-02-01
T42,active,2026-03-01
T42,active,2026-04-01
T42,active,2026-05-01
T42,inactive,2026-06-01
T42,active,2026-07-01
T42,inactive,2026-08-01
T43,active,2026-01-01
T43,active,2026-02-01
T43,inactive,2026-03-01
T43,active,2026-04-01
T43,inactive,2026-05-01
T43,active,2026-06-01
T43,inactive,2026-07-01
T43,active,2026-08-01
T44,active,2026-01-01
T44,active,2026-02-01
T44,active,2026-03-01
T44,inactive,2026-04-01
T44,inactive,2026-05-01
T44,inactive,2026-06-01
T44,active,2026-07-01
T45,active,2026-01-01
T45,inactive,2026-02-01
T45,inactive,2026-03-01
T45,inactive,2026-04-01
T45,inactive,2026-05-01
T45,inactive,2026-06-01
T45,inactive,2026-07-01
T45,active,2026-08-01
T45,inactive,2026-09-01
T45,inactive,2026-10-01
T46,active,2026-01-01
T46,active,2026-02-01
T46,active,2026-03-01
T46,active,2026-04-01
T46,active,2026-05-01
T46,inactive,2026-06-01
T46,inactive,2026-07-01
T47,active,2026-01-01
T47,active,2026-02-01
T47,active,2026-03-01
T47,active,2026-04-01
T47,active,2026-05-01
T47,active,2026-06-01
T47,active,2026-07-01
T47,inactive,2026-08-01
T47,active,2026-09-01
T47,active,2026-10-01
T47,inactive,2026-11-01
T47,inactive,2026-12-01
T48,active,2026-01-01
T48,active,2026-02-01
T48,active,2026-03-01
T48,active,2026-04-01
T48,active,2026-05-01
T48,active,2026-06-01
T48,active,2026-07-01
T48,active,2026-08-01
T48,active,2026-09-01
T48,inactive,2026-10-01
T49,active,2026-01-01
T49,active,2026-02-01
T49,active,2026-03-01
T49,active,2026-04-01
T49,active,2026-05-01
T49,active,2026-06-01
T49,active,2026-07-01
T49,active,2026-08-01
T49,inactive,2026-09-01
T49,active,2026-10-01
T50,active,2026-01-01
T50,active,2026-02-01
T50,inactive,2026-03-01
T50,active,2026-04-01
T50,active,2026-05-01
T50,inactive,2026-06-01
T50,active,2026-07-01
T50,inactive,2026-08-01
T50,active,2026-09-01
T50,inactive,2026-10-01
T50,inactive,2026-11-01
T50,inactive,2026-12-01
T51,active,2026-01-01
T51,inactive,2026-02-01
T51,active,2026-03-01
T51,inactive,2026-04-01
T51,active,2026-05-01
T51,inactive,2026-06-01
T51,inactive,2026-07-01
T51,active,2026-08-01
T51,inactive,2026-09-01
T51,inactive,2026-10-01
T51,active,2026-11-01
T52,active,2026-01-01
T52,active,2026-02-01
T52,active,2026-03-01
T52,active,2026-04-01
T52,inactive,2026-05-01
T52,inactive,2026-06-01
T52,active,2026-07-01
T52,inactive,2026-08-01
T52,inactive,2026-09-01
T52,active,2026-10-01
T52,active,2026-11-01
T53,active,2026-01-01
T53,active,2026-02-01
T53,active,2026-03-01
T53,inactive,2026-04-01
T53,inactive,2026-05-01
T53,active,2026-06-01
T54,active,2026-01-01
T54,active,2026-02-01
T54,active,2026-03-01
T54,active,2026-04-01
T54,active,2026-05-01
T54,inactive,2026-06-01
T55,active,2026-01-01
T55,active,2026-02-01
T55,active,2026-03-01
T55,active,2026-04-01
T55,active,2026-05-01
T55,active,2026-06-01
T55,active,2026-07-01
T55,active,2026-08-01
T55,active,2026-09-01
T55,active,2026-10-01
T55,active,2026-11-01
T55,active,2026-12-01
T56,active,2026-01-01
T56,active,2026-02-01
T56,active,2026-03-01
T56,active,2026-04-01
T56,active,2026-05-01
T56,active,2026-06-01
T56,active,2026-07-01
T56,inactive,2026-08-01
T57,active,2026-01-01
T57,active,2026-02-01
T57,active,2026-03-01
T57,active,2026-04-01
T57,active,2026-05-01
T57,inactive,2026-06-01
T57,inactive,2026-07-01
T57,inactive,2026-08-01
T57,inactive,2026-09-01
T58,active,2026-01-01
T58,active,2026-02-01
T58,active,2026-03-01
T58,active,2026-04-01
T58,active,2026-05-01
T58,active,2026-06-01
T58,active,2026-07-01
T58,active,2026-08-01
T58,active,2026-09-01
T58,inactive,2026-10-01
T58,active,2026-11-01
T58,active,2026-12-01
T59,active,2026-01-01
T59,inactive,2026-02-01
T59,active,2026-03-01
T59,active,2026-04-01
T59,inactive,2026-05-01
T59,active,2026-06-01
T59,active,2026-07-01
T59,inactive,2026-08-01
T59,active,2026-09-01
T59,inactive,2026-10-01
T59,active,2026-11-01
T59,inactive,2026-12-01
T60,active,2026-01-01
T60,active,2026-02-01
T60,active,2026-03-01
T60,active,2026-04-01
T60,active,2026-05-01
T60,active,2026-06-01
T60,active,2026-07-01
T60,active,2026-08-01
T60,active,2026-09-01
T60,active,2026-10-01
T60,active,2026-11-01
T60,active,2026-12-01
T61,active,2026-01-01
T61,inactive,2026-02-01
T61,inactive,2026-03-01
T61,inactive,2026-04-01
T61,active,2026-05-01
T61,inactive,2026-06-01
T61,active,2026-07-01
T61,inactive,2026-08-01
T61,inactive,2026-09-01
T61,active,2026-10-01
T61,inactive,2026-11-01
T61,inactive,2026-12-01
T62,active,2026-01-01
T62,active,2026-02-01
T62,active,2026-03-01
T62,active,2026-04-01
T62,active,2026-05-01
T62,active,2026-06-01
T62,active,2026-07-01
T62,active,2026-08-01
T62,active,2026-09-01
T62,active,2026-10-01
T62,active,2026-11-01
T62,active,2026-12-01
T63,active,2026-01-01
T63,active,2026-02-01
T63,active,2026-03-01
T63,active,2026-04-01
T63,inactive,2026-05-01
T63,inactive,2026-06-01
T63,active,2026-07-01
T63,inactive,2026-08-01
T64,active,2026-01-01
T64,active,2026-02-01
T64,active,2026-03-01
T64,active,2026-04-01
T64,active,2026-05-01
T64,inactive,2026-06-01
T64,inactive,2026-07-01
T64,inactive,2026-08-01
T64,active,2026-09-01
T64,active,2026-10-01
T64,inactive,2026-11-01
T65,active,2026-01-01
T65,active,2026-02-01
T65,active,2026-03-01
T65,active,2026-04-01
T65,active,2026-05-01
T65,inactive,2026-06-01
T65,inactive,2026-07-01
T65,inactive,2026-08-01
T65,active,2026-09-01
T65,inactive,2026-10-01
T65,inactive,2026-11-01
T65,inactive,2026-12-01
T66,active,2026-01-01
T66,inactive,2026-02-01
T66,active,2026-03-01
T66,inactive,2026-04-01
T66,inactive,2026-05-01
T66,inactive,2026-06-01
T67,active,2026-01-01
T67,active,2026-02-01
T67,active,2026-03-01
T67,active,2026-04-01
T67,active,2026-05-01
T67,active,2026-06-01
T67,active,2026-07-01
T67,active,2026-08-01
T67,active,2026-09-01
T67,active,2026-10-01
T67,inactive,2026-11-01
T68,active,2026-01-01
T68,active,2026-02-01
T68,active,2026-03-01
T68,active,2026-04-01
T68,active,2026-05-01
T68,active,2026-06-01
T68,active,2026-07-01
T68,active,2026-08-01
T68,active,2026-09-01
T68,inactive,2026-10-01
T69,active,2026-01-01
T69,active,2026-02-01
T69,active,2026-03-01
T69,active,2026-04-01
T69,inactive,2026-05-01
T69,inactive,2026-06-01
T69,active,2026-07-01
T69,inactive,2026-08-01
T70,active,2026-01-01
T70,active,2026-02-01
T70,active,2026-03-01
T70,active,2026-04-01
T70,active,2026-05-01
T70,active,2026-06-01
T70,active,2026-07-01
T70,inactive,2026-08-01
T70,default,2026-09-01
T70,default,2026-10-01
T70,default,2026-11-01
T70,default,2026-12-01
T71,active,2026-01-01
T71,active,2026-02-01
T71,active,2026-03-01
T71,active,2026-04-01
T71,active,2026-05-01
T71,active,2026-06-01
T71,active,2026-07-01
T71,active,2026-08-01
T71,active,2026-09-01
T71,active,2026-10-01
T71,inactive,2026-11-01
T71,inactive,2026-12-01
T72,active,2026-01-01
T72,active,2026-02-01
T72,active,2026-03-01
T72,active,2026-04-01
T72,inactive,2026-05-01
T72,active,2026-06-01
T72,active,2026-07-01
T72,active,2026-08-01
T72,inactive,2026-09-01
T72,inactive,2026-10-01
T72,active,2026-11-01
T72,inactive,2026-12-01
T73,active,2026-01-01
T73,active,2026-02-01
T73,active,2026-03-01
T73,active,2026-04-01
T73,active,2026-05-01
T73,active,2026-06-01
T73,active,2026-07-01
T73,active,2026-08-01
T73,active,2026-09-01
T73,active,2026-10-01
T73,active,2026-11-01
T73,active,2026-12-01
T74,active,2026-01-01
T74,active,2026-02-01
T74,active,2026-03-01
T74,active,2026-04-01
T74,active,2026-05-01
T74,active,2026-06-01
T74,active,2026-07-01
T74,active,2026-08-01
T74,active,2026-09-01
T74,active,2026-10-01
T74,active,2026-11-01
T74,inactive,2026-12-01
T75,active,2026-01-01
T75,active,2026-02-01
T75,active,2026-03-01
T75,active,2026-04-01
T75,active,2026-05-01
T75,active,2026-06-01
T75,active,2026-07-01
T76,active,2026-01-01
T76,active,2026-02-01
T76,active,2026-03-01
T76,active,2026-04-01
T76,active,2026-05-01
T76,active,2026-06-01
T76,active,2026-07-01
T76,active,2026-08-01
T76,active,2026-09-01
T76,inactive,2026-10-01
T76,inactive,2026-11-01
T76,inactive,2026-12-01
T77,active,2026-01-01
T77,active,2026-02-01
T77,active,2026-03-01
T77,active,2026-04-01
T77,active,2026-05-01
T77,active,2026-06-01
T77,inactive,2026-07-01
T77,inactive,2026-08-01
T77,active,2026-09-01
T77,inactive,2026-10-01
T77,active,2026-11-01
T78,active,2026-01-01
T78,active,2026-02-01
T78,active,2026-03-01
T78,active,2026-04-01
T78,active,2026-05-01
T78,active,2026-06-01
T78,active,2026-07-01
T78,active,2026-08-01
T78,active,2026-09-01
T78,inactive,2026-10-01
T78,active,2026-11-01
T78,inactive,2026-12-01
T79,active,2026-01-01
T79,active,2026-02-01
T79,active,2026-03-01
T79,active,2026-04-01
T79,active,2026-05-01
T79,active,2026-06-01
T79,active,2026-07-01
T79,active,2026-08-01
T79,active,2026-09-01
T80,active,2026-01-01
T80,active,2026-02-01
T80,active,2026-03-01
T80,active,2026-04-01
T80,active,2026-05-01
T80,active,2026-06-01
T81,active,2026-01-01
T81,active,2026-02-01
T81,active,2026-03-01
T81,inactive,2026-04-01
T81,active,2026-05-01
T81,active,2026-06-01
T81,inactive,2026-07-01
T82,active,2026-01-01
T82,active,2026-02-01
T82,active,2026-03-01
T82,active,2026-04-01
T82,inactive,2026-05-01
T82,inactive,2026-06-01
T82,default,2026-07-01
T82,default,2026-08-01
T82,default,2026-09-01
T82,default,2026-10-01
T82,default,2026-11-01
T83,active,2026-01-01
T83,active,2026-02-01
T83,active,2026-03-01
T83,active,2026-04-01
T83,active,2026-05-01
T83,inactive,2026-06-01
T83,inactive,2026-07-01
T83,inactive,2026-08-01
T84,active,2026-01-01
T84,active,2026-02-01
T84,active,2026-03-01
T84,active,2026-04-01
T84,active,2026-05-01
T84,active,2026-06-01
T84,active,2026-07-01
T84,active,2026-08-01
T84,active,2026-09-01
T85,active,2026-01-01
T85,active,2026-02-01
T85,inactive,2026-03-01
T85,inactive,2026-04-01
T85,active,2026-05-01
T85,active,2026-06-01
T85,inactive,2026-07-01
T85,inactive,2026-08-01
T85,active,2026-09-01
T85,inactive,2026-10-01
T86,active,2026-01-01
T86,inactive,2026-02-01
T86,active,2026-03-01
T86,inactive,2026-04-01
T86,active,2026-05-01
T86,inactive,2026-06-01
T86,active,2026-07-01
T86,inactive,2026-08-01
T86,active,2026-09-01
T86,inactive,2026-10-01
T86,active,2026-11-01
T86,inactive,2026-12-01
T87,active,2026-01-01
T87,active,2026-02-01
T87,inactive,2026-03-01
T87,active,2026-04-01
T87,inactive,2026-05-01
T87,inactive,2026-06-01
T87,inactive,2026-07-01
T87,active,2026-08-01
T87,inactive,2026-09-01
T87,active,2026-10-01
T87,inactive,2026-11-01
T87,active,2026-12-01
T88,active,2026-01-01
T88,inactive,2026-02-01
T88,active,2026-03-01
T88,inactive,2026-04-01
T88,inactive,2026-05-01
T88,active,2026-06-01
T88,active,2026-07-01
T88,inactive,2026-08-01
T88,inactive,2026-09-01
T89,active,2026-01-01
T89,active,2026-02-01
T89,active,2026-03-01
T89,active,2026-04-01
T89,active,2026-05-01
T89,active,2026-06-01
T90,inactive,2026-01-01
T90,active,2026-02-01
T90,inactive,2026-03-01
T90,inactive,2026-04-01
T90,inactive,2026-05-01
T91,active,2026-01-01
T91,active,2026-02-01
T91,active,2026-03-01
T91,active,2026-04-01
T91,active,2026-05-01
T91,active,2026-06-01
T91,active,2026-07-01
T91,active,2026-08-01
T91,active,2026-09-01
T91,active,2026-10-01
T91,inactive,2026-11-01
T91,inactive,2026-12-01
T92,active,2026-01-01
T92,active,2026-02-01
T92,inactive,2026-03-01
T92,active,2026-04-01
T92,inactive,2026-05-01
T92,active,2026-06-01
T92,inactive,2026-07-01
T92,inactive,2026-08-01
T92,inactive,2026-09-01
T92,active,2026-10-01
T92,active,2026-11-01
T92,inactive,2026-12-01
T93,inactive,2026-01-01
T93,active,2026-02-01
T93,inactive,2026-03-01
T93,active,2026-04-01
T93,inactive,2026-05-01
T94,active,2026-01-01
T94,active,2026-02-01
T94,inactive,2026-03-01
T94,inactive,2026-04-01
T94,active,2026-05-01
T94,inactive,2026-06-01
T94,active,2026-07-01
T94,inactive,2026-08-01
T94,active,2026-09-01
T94,active,2026-10-01
T95,active,2026-01-01
T95,active,2026-02-01
T95,active,2026-03-01
T95,active,2026-04-01
T95,active,2026-05-01
T95,inactive,2026-06-01
T95,inactive,2026-07-01
T95,inactive,2026-08-01
T95,active,2026-09-01
T95,inactive,2026-10-01
T96,inactive,2026-01-01
T96,default,2026-02-01
T96,default,2026-03-01
T96,default,2026-04-01
T96,default,2026-05-01
T97,active,2026-01-01
T97,active,2026-02-01
T97,active,2026-03-01
T97,active,2026-04-01
T97,inactive,2026-05-01
T97,inactive,2026-06-01
T97,active,2026-07-01
T97,inactive,2026-08-01
T97,inactive,2026-09-01
T97,inactive,2026-10-01
T97,inactive,2026-11-01
T97,inactive,2026-12-01
T98,active,2026-01-01
T98,active,2026-02-01
T98,active,2026-03-01
T98,inactive,2026-04-01
T98,inactive,2026-05-01
T98,inactive,2026-06-01
T98,active,2026-07-01
T98,inactive,2026-08-01
T98,inactive,2026-09-01
T98,inactive,2026-10-01
T98,inactive,2026-11-01
T98,active,2026-12-01
T99,active,2026-01-01
T99,active,2026-02-01
T99,active,2026-03-01
T99,active,2026-04-01
T99,active,2026-05-01
T99,inactive,2026-06-01
T99,inactive,2026-07-01
T99,active,2026-08-01
T99,inactive,2026-09-01
T99,active,2026-10-01
T99,active,2026-11-01
T99,active,2026-12-01
U1,active,2026-01-01
U1,inactive,2026-02-01
U1,active,2026-03-01
U1,inactive,2026-04-01
U1,active,2026-05-01
U2,active,2026-01-01
U2,active,2026-02-01
U2,active,2026-03-01
U2,active,2026-04-01
U2,inactive,2026-05-01
U3,active,2026-01-01
U3,active,2026-02-01
U3,active,2026-03-01
U3,active,2026-04-01
U3,active,2026-05-01
U3,inactive,2026-06-01
U3,inactive,2026-07-01
U3,inactive,2026-08-01
U3,active,2026-09-01
U3,active,2026-10-01
U4,active,2026-01-01
U4,active,2026-02-01
U4,active,2026-03-01
U4,inactive,2026-04-01
U4,inactive,2026-05-01
U5,active,2026-01-01
U5,active,2026-02-01
U5,active,2026-03-01
U5,inactive,2026-04-01
U5,active,2026-05-01
U5,inactive,2026-06-01
U5,inactive,2026-07-01
U5,default,2026-08-01
U5,default,2026-09-01
U5,default,2026-10-01
U6,active,2026-01-01
U6,active,2026-02-01
U6,active,2026-03-01
U6,active,2026-04-01
U6,active,2026-05-01
U6,active,2026-06-01
U6,active,2026-07-01
U6,active,2026-08-01
U6,active,2026-09-01
U6,active,2026-10-01
U6,active,2026-11-01
U6,active,2026-12-01
U7,active,2026-01-01
U7,active,2026-02-01
U7,active,2026-03-01
U7,active,2026-04-01
U7,active,2026-05-01
U7,active,2026-06-01
U7,inactive,2026-07-01
U7,inactive,2026-08-01
U7,active,2026-09-01
U7,active,2026-10-01
U7,inactive,2026-11-01
U7,active,2026-12-01
U8,active,2026-01-01
U8,inactive,2026-02-01
U8,inactive,2026-03-01
U8,inactive,2026-04-01
U8,active,2026-05-01
U8,active,2026-06-01
U8,inactive,2026-07-01
U8,active,2026-08-01
U8,inactive,2026-09-01
U9,active,2026-01-01
U9,active,2026-02-01
U9,active,2026-03-01
U9,active,2026-04-01
U9,active,2026-05-01
U9,active,2026-06-01
U9,active,2026-07-01
U9,active,2026-08-01
U9,active,2026-09-01
U9,active,2026-10-01
U9,inactive,2026-11-01
U9,inactive,2026-12-01
U10,active,2026-01-01
U10,inactive,2026-02-01
U10,inactive,2026-03-01
U10,inactive,2026-04-01
U10,inactive,2026-05-01
U11,active,2026-01-01
U11,active,2026-02-01
U11,active,2026-03-01
U11,active,2026-04-01
U11,active,2026-05-01
U11,active,2026-06-01
U11,active,2026-07-01
U11,inactive,2026-08-01
U11,active,2026-09-01
U11,inactive,2026-10-01
U11,inactive,2026-11-01
U12,active,2026-01-01
U12,active,2026-02-01
U12,inactive,2026-03-01
U12,active,2026-04-01
U12,inactive,2026-05-01
U12,active,2026-06-01
U13,active,2026-01-01
U13,inactive,2026-02-01
U13,inactive,2026-03-01
U13,inactive,2026-04-01
U13,active,2026-05-01
U13,inactive,2026-06-01
U13,inactive,2026-07-01
U13,inactive,2026-08-01
U13,active,2026-09-01
U14,active,2026-01-01
U14,active,2026-02-01
U14,active,2026-03-01
U14,active,2026-04-01
U14,active,2026-05-01
U14,inactive,2026-06-01
U14,inactive,2026-07-01
U14,active,2026-08-01
U14,active,2026-09-01
U14,inactive,2026-10-01
U15,active,2026-01-01
U15,inactive,2026-02-01
U15,inactive,2026-03-01
U15,active,2026-04-01
U15,inactive,2026-05-01
U15,inactive,2026-06-01
U16,active,2026-01-01
U16,active,2026-02-01
U16,active,2026-03-01
U16,active,2026-04-01
U16,active,2026-05-01
U16,active,2026-06-01
U16,inactive,2026-07-01
U17,active,2026-01-01
U17,active,2026-02-01
U17,active,2026-03-01
U17,active,2026-04-01
U17,inactive,2026-05-01
U17,inactive,2026-06-01
U17,active,2026-07-01
U17,inactive,2026-08-01
U17,active,2026-09-01
U17,active,2026-10-01
U17,inactive,2026-11-01
U17,active,2026-12-01
U18,active,2026-01-01
U18,active,2026-02-01
U18,active,2026-03-01
U18,active,2026-04-01
U18,active,2026-05-01
U18,inactive,2026-06-01
U19,inactive,2026-01-01
U19,active,2026-02-01
U19,inactive,2026-03-01
U19,inactive,2026-04-01
U19,inactive,2026-05-01
U19,active,2026-06-01
U20,active,2026-01-01
U20,active,2026-02-01
U20,active,2026-03-01
U20,inactive,2026-04-01
U20,active,2026-05-01
U21,active,2026-01-01
U21,active,2026-02-01
U21,active,2026-03-01
U21,inactive,2026-04-01
U21,inactive,2026-05-01
U21,active,2026-06-01
U21,inactive,2026-07-01
U21,inactive,2026-08-01
U21,inactive,2026-09-01
U21,inactive,2026-10-01
U22,active,2026-01-01
U22,active,2026-02-01
U22,inactive,2026-03-01
U22,active,2026-04-01
U22,inactive,2026-05-01
U22,active,2026-06-01
U22,inactive,2026-07-01
U23,active,2026-01-01
U23,active,2026-02-01
U23,active,2026-03-01
U23,active,2026-04-01
U23,active,2026-05-01
U23,active,2026-06-01
U23,inactive,2026-07-01
U23,active,2026-08-01
U23,active,2026-09-01
U23,active,2026-10-01
U24,active,2026-01-01
U24,active,2026-02-01
U24,active,2026-03-01
U24,active,2026-04-01
U24,active,2026-05-01
U24,active,2026-06-01
U24,inactive,2026-07-01
U24,active,2026-08-01
U24,inactive,2026-09-01
U24,inactive,2026-10-01
U24,active,2026-11-01
U24,inactive,2026-12-01
U25,active,2026-01-01
U25,active,2026-02-01
U25,active,2026-03-01
U25,active,2026-04-01
U25,active,2026-05-01
U25,active,2026-06-01
U25,inactive,2026-07-01
U26,active,2026-01-01
U26,active,2026-02-01
U26,active,2026-03-01
U26,active,2026-04-01
U26,inactive,2026-05-01
U26,active,2026-06-01
U26,inactive,2026-07-01
U26,active,2026-08-01
U26,inactive,2026-09-01
U26,active,2026-10-01
U27,active,2026-01-01
U27,active,2026-02-01
U27,active,2026-03-01
U27,active,2026-04-01
U27,active,2026-05-01
U27,active,2026-06-01
U27,inactive,2026-07-01
U27,active,2026-08-01
U27,inactive,2026-09-01
U27,inactive,2026-10-01
U27,inactive,2026-11-01
U27,default,2026-12-01
U28,active,2026-01-01
U28,inactive,2026-02-01
U28,active,2026-03-01
U28,inactive,2026-04-01
U28,inactive,2026-05-01
U28,active,2026-06-01
U29,active,2026-01-01
U29,active,2026-02-01
U29,active,2026-03-01
U29,active,2026-04-01
U29,active,2026-05-01
U29,active,2026-06-01
U29,active,2026-07-01
U30,active,2026-01-01
U30,active,2026-02-01
U30,active,2026-03-01
U30,active,2026-04-01
U30,active,2026-05-01
U30,active,2026-06-01
U30,active,2026-07-01
U30,active,2026-08-01
U30,active,2026-09-01
U30,active,2026-10-01
U30,active,2026-11-01
U30,inactive,2026-12-01
U31,active,2026-01-01
U31,active,2026-02-01
U31,active,2026-03-01
U31,active,2026-04-01
U31,inactive,2026-05-01
U31,inactive,2026-06-01
U32,active,2026-01-01
U32,inactive,2026-02-01
U32,active,2026-03-01
U32,inactive,2026-04-01
U32,inactive,2026-05-01
U32,active,2026-06-01
U32,inactive,2026-07-01
U32,active,2026-08-01
U32,active,2026-09-01
U32,inactive,2026-10-01
U32,active,2026-11-01
U32,active,2026-12-01
U33,active,2026-01-01
U33,active,2026-02-01
U33,active,2026-03-01
U33,active,2026-04-01
U33,active,2026-05-01
U33,active,2026-06-01
U33,active,2026-07-01
U33,inactive,2026-08-01
U33,inactive,2026-09-01
U33,active,2026-10-01
U34,active,2026-01-01
U34,active,2026-02-01
U34,active,2026-03-01
U34,active,2026-04-01
U34,inactive,2026-05-01
U34,inactive,2026-06-01
U34,inactive,2026-07-01
U35,active,2026-01-01
U35,active,2026-02-01
U35,inactive,2026-03-01
U35,inactive,2026-04-01
U35,inactive,2026-05-01
U35,active,2026-06-01
U35,active,2026-07-01
U35,active,2026-08-01
U35,inactive,2026-09-01
U35,active,2026-10-01
U35,inactive,2026-11-01
U36,active,2026-01-01
U36,active,2026-02-01
U36,active,2026-03-01
U36,active,2026-04-01
U36,active,2026-05-01
U36,active,2026-06-01
U36,active,2026-07-01
U36,active,2026-08-01
U36,active,2026-09-01
U36,active,2026-10-01
U36,active,2026-11-01
U36,inactive,2026-12-01
U37,active,2026-01-01
U37,active,2026-02-01
U37,active,2026-03-01
U37,active,2026-04-01
U37,active,2026-05-01
U37,inactive,2026-06-01
U37,inactive,2026-07-01
U37,inactive,2026-08-01
U37,inactive,2026-09-01
U38,active,2026-01-01
U38,active,2026-02-01
U38,active,2026-03-01
U38,active,2026-04-01
U38,active,2026-05-01
U38,inactive,2026-06-01
U38,active,2026-07-01
U38,inactive,2026-08-01
U38,default,2026-09-01
U38,default,2026-10-01
U38,default,2026-11-01
U39,active,2026-01-01
U39,active,2026-02-01
U39,active,2026-03-01
U39,active,2026-04-01
U39,active,2026-05-01
U40,active,2026-01-01
U40,inactive,2026-02-01
U40,inactive,2026-03-01
U40,active,2026-04-01
U40,inactive,2026-05-01
U40,active,2026-06-01
U40,inactive,2026-07-01
U40,inactive,2026-08-01
U40,inactive,2026-09-01
U40,inactive,2026-10-01
U40,active,2026-11-01
U40,active,2026-12-01
U41,active,2026-01-01
U41,active,2026-02-01
U41,inactive,2026-03-01
U41,inactive,2026-04-01
U41,active,2026-05-01
U41,active,2026-06-01
U42,active,2026-01-01
U42,inactive,2026-02-01
U42,inactive,2026-03-01
U42,inactive,2026-04-01
U42,inactive,2026-05-01
U42,inactive,2026-06-01
U43,active,2026-01-01
U43,active,2026-02-01
U43,active,2026-03-01
U43,active,2026-04-01
U43,active,2026-05-01
U43,active,2026-06-01
U43,active,2026-07-01
U43,inactive,2026-08-01
U43,active,2026-09-01
U43,active,2026-10-01
U43,inactive,2026-11-01
U44,active,2026-01-01
U44,active,2026-02-01
U44,active,2026-03-01
U44,active,2026-04-01
U44,active,2026-05-01
U44,active,2026-06-01
U44,active,2026-07-01
U44,active,2026-08-01
U44,inactive,2026-09-01
U45,active,2026-01-01
U45,inactive,2026-02-01
U45,active,2026-03-01
U45,inactive,2026-04-01
U45,active,2026-05-01
U45,active,2026-06-01
U45,inactive,2026-07-01
U45,active,2026-08-01
U45,active,2026-09-01
U45,active,2026-10-01
U45,active,2026-11-01
U46,active,2026-01-01
U46,active,2026-02-01
U46,active,2026-03-01
U46,inactive,2026-04-01
U46,inactive,2026-05-01
U46,active,2026-06-01
U46,active,2026-07-01
U47,active,2026-01-01
U47,active,2026-02-01
U47,active,2026-03-01
U47,inactive,2026-04-01
U47,inactive,2026-05-01
U47,active,2026-06-01
U47,inactive,2026-07-01
U47,default,2026-08-01
U48,active,2026-01-01
U48,active,2026-02-01
U48,active,2026-03-01
U48,active,2026-04-01
U48,active,2026-05-01
U48,active,2026-06-01
U48,active,2026-07-01
U48,active,2026-08-01
U48,active,2026-09-01
U48,active,2026-10-01
U48,inactive,2026-11-01
U48,active,2026-12-01
U49,active,2026-01-01
U49,active,2026-02-01
U49,inactive,2026-03-01
U49,inactive,2026-04-01
U49,inactive,2026-05-01
U49,active,2026-06-01
U49,inactive,2026-07-01
U49,inactive,2026-08-01
U49,active,2026-09-01
U50,active,2026-01-01
U50,active,2026-02-01
U50,active,2026-03-01
U50,active,2026-04-01
U50,active,2026-05-01
U50,active,2026-06-01
U50,active,2026-07-01
U50,active,2026-08-01
U50,inactive,2026-09-01
U50,inactive,2026-10-01
U51,inactive,2026-01-01
U51,inactive,2026-02-01
U51,inactive,2026-03-01
U51,inactive,2026-04-01
U51,inactive,2026-05-01
U51,active,2026-06-01
U51,inactive,2026-07-01
U51,inactive,2026-08-01
U51,inactive,2026-09-01
U51,inactive,2026-10-01
U51,active,2026-11-01
U52,active,2026-01-01
U52,inactive,2026-02-01
U52,inactive,2026-03-01
U52,active,2026-04-01
U52,inactive,2026-05-01
U52,active,2026-06-01
U53,active,2026-01-01
U53,active,2026-02-01
U53,active,2026-03-01
U53,active,2026-04-01
U53,active,2026-05-01
U53,inactive,2026-06-01
U53,inactive,2026-07-01
U53,active,2026-08-01
U53,inactive,2026-09-01
U53,inactive,2026-10-01
U53,inactive,2026-11-01
U54,active,2026-01-01
U54,active,2026-02-01
U54,active,2026-03-01
U54,active,2026-04-01
U54,active,2026-05-01
U54,active,2026-06-01
U54,active,2026-07-01
U54,active,2026-08-01
U54,active,2026-09-01
U54,active,2026-10-01
U54,inactive,2026-11-01
U55,active,2026-01-01
U55,active,2026-02-01
U55,active,2026-03-01
U55,active,2026-04-01
U55,active,2026-05-01
U55,active,2026-06-01
U55,active,2026-07-01
U55,active,2026-08-01
U55,active,2026-09-01
U55,inactive,2026-10-01
U55,inactive,2026-11-01
U55,inactive,2026-12-01
U56,active,2026-01-01
U56,active,2026-02-01
U56,active,2026-03-01
U56,active,2026-04-01
U56,active,2026-05-01
U56,inactive,2026-06-01
U56,inactive,2026-07-01
U56,inactive,2026-08-01
U57,active,2026-01-01
U57,active,2026-02-01
U57,active,2026-03-01
U57,active,2026-04-01
U57,active,2026-05-01
U57,active,2026-06-01
U57,inactive,2026-07-01
U57,active,2026-08-01
U57,active,2026-09-01
U57,inactive,2026-10-01
U57,active,2026-11-01
U57,active,2026-12-01
U58,active,2026-01-01
U58,active,2026-02-01
U58,inactive,2026-03-01
U58,active,2026-04-01
U58,inactive,2026-05-01
U58,active,2026-06-01
U58,active,2026-07-01
U58,inactive,2026-08-01
U58,default,2026-09-01
U58,default,2026-10-01
U58,default,2026-11-01
U58,default,2026-12-01
U59,active,2026-01-01
U59,active,2026-02-01
U59,active,2026-03-01
U59,active,2026-04-01
U59,active,2026-05-01
U59,active,2026-06-01
U59,active,2026-07-01
U59,active,2026-08-01
U59,active,2026-09-01
U59,active,2026-10-01
U59,inactive,2026-11-01
U60,active,2026-01-01
U60,active,2026-02-01
U60,active,2026-03-01
U60,active,2026-04-01
U60,active,2026-05-01
U60,active,2026-06-01
U60,active,2026-07-01
U60,active,2026-08-01
U60,active,2026-09-01
U60,active,2026-10-01
U60,inactive,2026-11-01
U61,active,2026-01-01
U61,active,2026-02-01
U61,active,2026-03-01
U61,inactive,2026-04-01
U61,inactive,2026-05-01
U61,active,2026-06-01
U61,active,2026-07-01
U61,inactive,2026-08-01
U61,active,2026-09-01
U61,inactive,2026-10-01
U61,inactive,2026-11-01
U61,inactive,2026-12-01
U62,active,2026-01-01
U62,active,2026-02-01
U62,active,2026-03-01
U62,active,2026-04-01
U62,active,2026-05-01
U62,inactive,2026-06-01
U62,active,2026-07-01
U62,inactive,2026-08-01
U63,active,2026-01-01
U63,active,2026-02-01
U63,active,2026-03-01
U63,inactive,2026-04-01
U63,active,2026-05-01
U63,inactive,2026-06-01
U63,active,2026-07-01
U63,inactive,2026-08-01
U63,active,2026-09-01
U63,inactive,2026-10-01
U63,active,2026-11-01
U64,active,2026-01-01
U64,inactive,2026-02-01
U64,active,2026-03-01
U64,inactive,2026-04-01
U64,inactive,2026-05-01
U65,active,2026-01-01
U65,active,2026-02-01
U65,active,2026-03-01
U65,inactive,2026-04-01
U65,inactive,2026-05-01
U65,inactive,2026-06-01
U65,active,2026-07-01
U66,active,2026-01-01
U66,inactive,2026-02-01
U66,inactive,2026-03-01
U66,active,2026-04-01
U66,active,2026-05-01
U66,active,2026-06-01
U66,inactive,2026-07-01
U66,inactive,2026-08-01
U66,inactive,2026-09-01
U66,inactive,2026-10-01
U67,active,2026-01-01
U67,active,2026-02-01
U67,active,2026-03-01
U67,active,2026-04-01
U67,inactive,2026-05-01
U67,inactive,2026-06-01
U67,default,2026-07-01
U67,default,2026-08-01
U67,default,2026-09-01
U67,default,2026-10-01
U67,default,2026-11-01
U68,active,2026-01-01
U68,active,2026-02-01
U68,active,2026-03-01
U68,inactive,2026-04-01
U68,active,2026-05-01
U68,inactive,2026-06-01
U68,inactive,2026-07-01
U68,inactive,2026-08-01
U68,inactive,2026-09-01
U68,inactive,2026-10-01
U68,inactive,2026-11-01
U68,inactive,2026-12-01
U69,active,2026-01-01
U69,active,2026-02-01
U69,active,2026-03-01
U69,active,2026-04-01
U69,inactive,2026-05-01
U69,active,2026-06-01
U69,inactive,2026-07-01
U69,inactive,2026-08-01
U69,inactive,2026-09-01
U69,inactive,2026-10-01
U69,active,2026-11-01
U69,inactive,2026-12-01
U70,active,2026-01-01
U70,active,2026-02-01
U70,active,2026-03-01
U70,active,2026-04-01
U70,active,2026-05-01
U70,active,2026-06-01
U70,active,2026-07-01
U70,inactive,2026-08-01
U70,default,2026-09-01
U71,inactive,2026-01-01
U71,active,2026-02-01
U71,active,2026-03-01
U71,active,2026-04-01
U71,inactive,2026-05-01
U72,active,2026-01-01
U72,inactive,2026-02-01
U72,inactive,2026-03-01
U72,active,2026-04-01
U72,active,2026-05-01
U73,active,2026-01-01
U73,inactive,2026-02-01
U73,inactive,2026-03-01
U73,active,2026-04-01
U73,inactive,2026-05-01
U74,active,2026-01-01
U74,active,2026-02-01
U74,active,2026-03-01
U74,active,2026-04-01
U74,inactive,2026-05-01
U75,active,2026-01-01
U75,active,2026-02-01
U75,inactive,2026-03-01
U75,inactive,2026-04-01
U75,active,2026-05-01
U75,inactive,2026-06-01
U75,inactive,2026-07-01
U75,active,2026-08-01
U75,inactive,2026-09-01
U76,active,2026-01-01
U76,active,2026-02-01
U76,active,2026-03-01
U76,active,2026-04-01
U76,active,2026-05-01
U76,active,2026-06-01
U76,active,2026-07-01
U76,inactive,2026-08-01
U77,active,2026-01-01
U77,active,2026-02-01
U77,active,2026-03-01
U77,inactive,2026-04-01
U77,default,2026-05-01
U77,default,2026-06-01
U77,default,2026-07-01
U77,default,2026-08-01
U77,default,2026-09-01
U77,default,2026-10-01
U77,default,2026-11-01
U78,active,2026-01-01
U78,active,2026-02-01
U78,active,2026-03-01
U78,active,2026-04-01
U78,active,2026-05-01
U78,active,2026-06-01
U78,active,2026-07-01
U78,inactive,2026-08-01
U78,inactive,2026-09-01
U78,inactive,2026-10-01
U78,active,2026-11-01
U78,inactive,2026-12-01
U79,active,2026-01-01
U79,active,2026-02-01
U79,active,2026-03-01
U79,active,2026-04-01
U79,active,2026-05-01
U79,inactive,2026-06-01
U79,default,2026-07-01
U79,default,2026-08-01
U79,default,2026-09-01
U79,default,2026-10-01
U79,default,2026-11-01
U79,default,2026-12-01
U80,active,2026-01-01
U80,active,2026-02-01
U80,inactive,2026-03-01
U80,default,2026-04-01
U80,default,2026-05-01
U80,default,2026-06-01
U80,default,2026-07-01
U80,default,2026-08-01
U80,default,2026-09-01
U80,default,2026-10-01
U80,default,2026-11-01
U80,default,2026-12-01
U81,active,2026-01-01
U81,active,2026-02-01
U81,active,2026-03-01
U81,active,2026-04-01
U81,active,2026-05-01
U81,active,2026-06-01
U81,active,2026-07-01
U81,active,2026-08-01
U81,active,2026-09-01
U81,inactive,2026-10-01
U81,inactive,2026-11-01
U81,inactive,2026-12-01
U82,active,2026-01-01
U82,active,2026-02-01
U82,inactive,2026-03-01
U82,inactive,2026-04-01
U82,active,2026-05-01
U82,inactive,2026-06-01
U82,inactive,2026-07-01
U82,inactive,2026-08-01
U82,inactive,2026-09-01
U82,inactive,2026-10-01
U82,active,2026-11-01
U82,inactive,2026-12-01
U83,active,2026-01-01
U83,active,2026-02-01
U83,active,2026-03-01
U83,active,2026-04-01
U83,inactive,2026-05-01
U83,active,2026-06-01
U83,inactive,2026-07-01
U84,active,2026-01-01
U84,active,2026-02-01
U84,inactive,2026-03-01
U84,inactive,2026-04-01
U84,inactive,2026-05-01
U84,inactive,2026-06-01
U85,active,2026-01-01
U85,active,2026-02-01
U85,active,2026-03-01
U85,inactive,2026-04-01
U85,active,2026-05-01
U85,inactive,2026-06-01
U86,active,2026-01-01
U86,active,2026-02-01
U86,inactive,2026-03-01
U86,active,2026-04-01
U86,inactive,2026-05-01
U86,active,2026-06-01
U86,inactive,2026-07-01
U86,default,2026-08-01
U86,default,2026-09-01
U86,default,2026-10-01
U87,active,2026-01-01
U87,active,2026-02-01
U87,active,2026-03-01
U87,active,2026-04-01
U87,active,2026-05-01
U87,active,2026-06-01
U87,inactive,2026-07-01
U87,active,2026-08-01
U87,inactive,2026-09-01
U87,inactive,2026-10-01
U87,inactive,2026-11-01
U87,active,2026-12-01
U88,active,2026-01-01
U88,active,2026-02-01
U88,active,2026-03-01
U88,active,2026-04-01
U88,active,2026-05-01
U88,inactive,2026-06-01
U88,inactive,2026-07-01
U88,active,2026-08-01
U89,active,2026-01-01
U89,active,2026-02-01
U89,active,2026-03-01
U89,active,2026-04-01
U89,inactive,2026-05-01
U90,active,2026-01-01
U90,active,2026-02-01
U90,inactive,2026-03-01
U90,active,2026-04-01
U90,inactive,2026-05-01
U90,inactive,2026-06-01
U90,active,2026-07-01
U90,inactive,2026-08-01
U90,inactive,2026-09-01
U90,inactive,2026-10-01
U90,inactive,2026-11-01
U90,inactive,2026-12-01
U91,active,2026-01-01
U91,active,2026-02-01
U91,active,2026-03-01
U91,active,2026-04-01
U91,active,2026-05-01
U91,active,2026-06-01
U91,active,2026-07-01
U91,active,2026-08-01
U91,inactive,2026-09-01
U91,inactive,2026-10-01
U91,inactive,2026-11-01
U91,active,2026-12-01
U92,active,2026-01-01
U92,active,2026-02-01
U92,active,2026-03-01
U92,active,2026-04-01
U92,active,2026-05-01
U92,active,2026-06-01
U92,active,2026-07-01
U92,active,2026-08-01
U93,active,2026-01-01
U93,inactive,2026-02-01
U93,active,2026-03-01
U93,inactive,2026-04-01
U93,active,2026-05-01
U94,active,2026-01-01
U94,active,2026-02-01
U94,inactive,2026-03-01
U94,active,2026-04-01
U94,inactive,2026-05-01
U94,active,2026-06-01
U95,active,2026-01-01
U95,active,2026-02-01
U95,inactive,2026-03-01
U95,active,2026-04-01
U95,inactive,2026-05-01
U95,active,2026-06-01
U95,inactive,2026-07-01
U95,active,2026-08-01
U95,active,2026-09-01
U95,inactive,2026-10-01
U95,active,2026-11-01
U95,inactive,2026-12-01
U96,active,2026-01-01
U96,active,2026-02-01
U96,active,2026-03-01
U96,inactive,2026-04-01
U96,active,2026-05-01
U96,inactive,2026-06-01
U96,active,2026-07-01
U96,inactive,2026-08-01
U97,active,2026-01-01
U97,active,2026-02-01
U97,active,2026-03-01
U97,active,2026-04-01
U97,active,2026-05-01
U97,active,2026-06-01
U97,active,2026-07-01
U97,active,2026-08-01
U97,inactive,2026-09-01
U97,default,2026-10-01
U98,active,2026-01-01
U98,active,2026-02-01
U98,inactive,2026-03-01
U98,inactive,2026-04-01
U98,inactive,2026-05-01
U99,active,2026-01-01
U99,active,2026-02-01
U99,inactive,2026-03-01
U99,inactive,2026-04-01
U99,active,2026-05-01
U99,active,2026-06-01
U99,active,2026-07-01
U99,active,2026-08-01
V1,active,2026-01-01
V1,inactive,2026-02-01
V1,inactive,2026-03-01
V1,inactive,2026-04-01
V1,active,2026-05-01
V1,inactive,2026-06-01
V1,inactive,2026-07-01
V1,inactive,2026-08-01
V2,active,2026-01-01
V2,active,2026-02-01
V2,active,2026-03-01
V2,active,2026-04-01
V2,active,2026-05-01
V2,active,2026-06-01
V2,inactive,2026-07-01
V2,active,2026-08-01
V2,inactive,2026-09-01
V3,active,2026-01-01
V3,active,2026-02-01
V3,active,2026-03-01
V3,active,2026-04-01
V3,inactive,2026-05-01
V3,inactive,2026-06-01
V4,active,2026-01-01
V4,active,2026-02-01
V4,active,2026-03-01
V4,active,2026-04-01
V4,active,2026-05-01
V4,active,2026-06-01
V4,inactive,2026-07-01
V4,inactive,2026-08-01
V4,active,2026-09-01
V4,inactive,2026-10-01
V5,active,2026-01-01
V5,active,2026-02-01
V5,active,2026-03-01
V5,active,2026-04-01
V5,active,2026-05-01
V5,active,2026-06-01
V5,active,2026-07-01
V5,active,2026-08-01
V5,active,2026-09-01
V5,inactive,2026-10-01
V6,inactive,2026-01-01
V6,active,2026-02-01
V6,inactive,2026-03-01
V6,inactive,2026-04-01
V6,inactive,2026-05-01
V6,inactive,2026-06-01
V7,active,2026-01-01
V7,active,2026-02-01
V7,inactive,2026-03-01
V7,active,2026-04-01
V7,inactive,2026-05-01
V8,active,2026-01-01
V8,active,2026-02-01
V8,active,2026-03-01
V8,active,2026-04-01
V8,inactive,2026-05-01
V9,active,2026-01-01
V9,active,2026-02-01
V9,active,2026-03-01
V9,active,2026-04-01
V9,active,2026-05-01
V9,inactive,2026-06-01
V9,inactive,2026-07-01
V9,active,2026-08-01
V9,inactive,2026-09-01
V9,inactive,2026-10-01
V9,inactive,2026-11-01
V9,inactive,2026-12-01
V10,active,2026-01-01
V10,active,2026-02-01
V10,active,2026-03-01
V10,active,2026-04-01
V10,inactive,2026-05-01
V10,default,2026-06-01
V10,default,2026-07-01
V10,default,2026-08-01
V10,default,2026-09-01
V10,default,2026-10-01
V10,default,2026-11-01
V10,default,2026-12-01
V11,active,2026-01-01
V11,active,2026-02-01
V11,inactive,2026-03-01
V11,inactive,2026-04-01
V11,inactive,2026-05-01
V11,active,2026-06-01
V11,inactive,2026-07-01
V11,inactive,2026-08-01
V11,inactive,2026-09-01
V12,active,2026-01-01
V12,active,2026-02-01
V12,active,2026-03-01
V12,active,2026-04-01
V12,active,2026-05-01
V12,active,2026-06-01
V12,active,2026-07-01
V12,inactive,2026-08-01
V12,active,2026-09-01
V12,inactive,2026-10-01
V13,active,2026-01-01
V13,active,2026-02-01
V13,active,2026-03-01
V13,active,2026-04-01
V13,active,2026-05-01
V13,active,2026-06-01
V14,active,2026-01-01
V14,active,2026-02-01
V14,active,2026-03-01
V14,active,2026-04-01
V14,active,2026-05-01
V14,active,2026-06-01
V14,active,2026-07-01
V14,active,2026-08-01
V14,active,2026-09-01
V14,inactive,2026-10-01
V14,inactive,2026-11-01
V14,active,2026-12-01
V15,active,2026-01-01
V15,active,2026-02-01
V15,active,2026-03-01
V15,inactive,2026-04-01
V15,inactive,2026-05-01
V15,inactive,2026-06-01
V15,inactive,2026-07-01
V15,inactive,2026-08-01
V15,inactive,2026-09-01
V15,inactive,2026-10-01
V16,active,2026-01-01
V16,inactive,2026-02-01
V16,inactive,2026-03-01
V16,active,2026-04-01
V16,inactive,2026-05-01
V17,active,2026-01-01
V17,active,2026-02-01
V17,inactive,2026-03-01
V17,inactive,2026-04-01
V17,active,2026-05-01
V18,active,2026-01-01
V18,inactive,2026-02-01
V18,active,2026-03-01
V18,inactive,2026-04-01
V18,active,2026-05-01
V18,inactive,2026-06-01
V18,inactive,2026-07-01
V18,active,2026-08-01
V18,active,2026-09-01
V18,inactive,2026-10-01
V18,inactive,2026-11-01
V19,active,2026-01-01
V19,active,2026-02-01
V19,active,2026-03-01
V19,active,2026-04-01
V19,active,2026-05-01
V19,inactive,2026-06-01
V19,active,2026-07-01
V19,inactive,2026-08-01
V19,inactive,2026-09-01
V19,active,2026-10-01
V20,active,2026-01-01
V20,active,2026-02-01
V20,active,2026-03-01
V20,inactive,2026-04-01
V20,inactive,2026-05-01
V20,inactive,2026-06-01
V20,inactive,2026-07-01
V20,inactive,2026-08-01
V20,active,2026-09-01
V21,active,2026-01-01
V21,active,2026-02-01
V21,active,2026-03-01
V21,active,2026-04-01
V21,active,2026-05-01
V21,active,2026-06-01
V21,inactive,2026-07-01
V21,active,2026-08-01
V21,active,2026-09-01
V21,inactive,2026-10-01
V21,active,2026-11-01
V21,inactive,2026-12-01
V22,active,2026-01-01
V22,active,2026-02-01
V22,active,2026-03-01
V22,active,2026-04-01
V22,active,2026-05-01
V22,active,2026-06-01
V22,inactive,2026-07-01
V23,active,2026-01-01
V23,active,2026-02-01
V23,active,2026-03-01
V23,active,2026-04-01
V23,active,2026-05-01
V23,active,2026-06-01
V23,inactive,2026-07-01
V23,active,2026-08-01
V24,active,2026-01-01
V24,active,2026-02-01
V24,inactive,2026-03-01
V24,inactive,2026-04-01
V24,inactive,2026-05-01
V24,active,2026-06-01
V24,inactive,2026-07-01
V24,active,2026-08-01
V24,inactive,2026-09-01
V25,active,2026-01-01
V25,active,2026-02-01
V25,active,2026-03-01
V25,active,2026-04-01
V25,active,2026-05-01
V25,active,2026-06-01
V25,active,2026-07-01
V25,active,2026-08-01
V25,active,2026-09-01
V25,active,2026-10-01
V25,inactive,2026-11-01
V25,active,2026-12-01
V26,active,2026-01-01
V26,active,2026-02-01
V26,active,2026-03-01
V26,active,2026-04-01
V26,inactive,2026-05-01
V26,inactive,2026-06-01
V26,inactive,2026-07-01
V26,active,2026-08-01
V26,inactive,2026-09-01
V27,active,2026-01-01
V27,active,2026-02-01
V27,active,2026-03-01
V27,active,2026-04-01
V27,active,2026-05-01
V27,active,2026-06-01
V27,inactive,2026-07-01
V27,inactive,2026-08-01
V27,inactive,2026-09-01
V28,active,2026-01-01
V28,active,2026-02-01
V28,active,2026-03-01
V28,active,2026-04-01
V28,active,2026-05-01
V28,active,2026-06-01
V29,active,2026-01-01
V29,active,2026-02-01
V29,active,2026-03-01
V29,inactive,2026-04-01
V29,inactive,2026-05-01
V29,inactive,2026-06-01
V29,inactive,2026-07-01
V29,inactive,2026-08-01
V29,active,2026-09-01
V29,inactive,2026-10-01
V29,active,2026-11-01
V30,active,2026-01-01
V30,active,2026-02-01
V30,active,2026-03-01
V30,active,2026-04-01
V30,inactive,2026-05-01
V30,active,2026-06-01
V30,inactive,2026-07-01
V30,inactive,2026-08-01
V30,active,2026-09-01
V30,active,2026-10-01
V30,active,2026-11-01
V30,inactive,2026-12-01
V31,active,2026-01-01
V31,active,2026-02-01
V31,inactive,2026-03-01
V31,inactive,2026-04-01
V31,active,2026-05-01
V31,inactive,2026-06-01
V31,inactive,2026-07-01
V31,inactive,2026-08-01
V31,active,2026-09-01
V32,active,2026-01-01
V32,active,2026-02-01
V32,active,2026-03-01
V32,active,2026-04-01
V32,active,2026-05-01
V32,inactive,2026-06-01
V32,active,2026-07-01
V32,inactive,2026-08-01
V32,inactive,2026-09-01
V32,inactive,2026-10-01
V32,active,2026-11-01
V33,active,2026-01-01
V33,active,2026-02-01
V33,inactive,2026-03-01
V33,active,2026-04-01
V33,inactive,2026-05-01
V34,active,2026-01-01
V34,inactive,2026-02-01
V34,active,2026-03-01
V34,active,2026-04-01
V34,inactive,2026-05-01
V34,active,2026-06-01
V34,inactive,2026-07-01
V34,active,2026-08-01
V35,active,2026-01-01
V35,active,2026-02-01
V35,active,2026-03-01
V35,active,2026-04-01
V35,inactive,2026-05-01
V35,inactive,2026-06-01
V35,active,2026-07-01
V35,inactive,2026-08-01
V36,active,2026-01-01
V36,active,2026-02-01
V36,active,2026-03-01
V36,active,2026-04-01
V36,inactive,2026-05-01
V36,inactive,2026-06-01
V37,active,2026-01-01
V37,active,2026-02-01
V37,active,2026-03-01
V37,active,2026-04-01
V37,active,2026-05-01
V37,inactive,2026-06-01
V37,default,2026-07-01
V37,default,2026-08-01
V37,default,2026-09-01
V37,default,2026-10-01
V38,active,2026-01-01
V38,active,2026-02-01
V38,active,2026-03-01
V38,active,2026-04-01
V38,inactive,2026-05-01
V38,active,2026-06-01
V38,inactive,2026-07-01
V38,inactive,2026-08-01
V38,active,2026-09-01
V38,active,2026-10-01
V38,inactive,2026-11-01
V38,inactive,2026-12-01
V39,active,2026-01-01
V39,active,2026-02-01
V39,active,2026-03-01
V39,active,2026-04-01
V39,active,2026-05-01
V39,active,2026-06-01
V39,inactive,2026-07-01
V39,active,2026-08-01
V39,inactive,2026-09-01
V39,active,2026-10-01
V40,active,2026-01-01
V40,active,2026-02-01
V40,active,2026-03-01
V40,active,2026-04-01
V40,active,2026-05-01
V40,active,2026-06-01
V40,active,2026-07-01
V40,inactive,2026-08-01
V41,active,2026-01-01
V41,inactive,2026-02-01
V41,active,2026-03-01
V41,inactive,2026-04-01
V41,active,2026-05-01
V42,active,2026-01-01
V42,active,2026-02-01
V42,inactive,2026-03-01
V42,inactive,2026-04-01
V42,inactive,2026-05-01
V42,inactive,2026-06-01
V43,active,2026-01-01
V43,active,2026-02-01
V43,inactive,2026-03-01
V43,active,2026-04-01
V43,inactive,2026-05-01
V43,active,2026-06-01
V43,inactive,2026-07-01
V44,active,2026-01-01
V44,active,2026-02-01
V44,active,2026-03-01
V44,active,2026-04-01
V44,active,2026-05-01
V44,active,2026-06-01
V44,active,2026-07-01
V44,active,2026-08-01
V44,inactive,2026-09-01
V44,inactive,2026-10-01
V45,inactive,2026-01-01
V45,active,2026-02-01
V45,active,2026-03-01
V45,active,2026-04-01
V45,inactive,2026-05-01
V46,active,2026-01-01
V46,active,2026-02-01
V46,active,2026-03-01
V46,active,2026-04-01
V46,inactive,2026-05-01
V47,active,2026-01-01
V47,active,2026-02-01
V47,active,2026-03-01
V47,active,2026-04-01
V47,active,2026-05-01
V47,active,2026-06-01
V47,active,2026-07-01
V48,active,2026-01-01
V48,active,2026-02-01
V48,active,2026-03-01
V48,active,2026-04-01
V48,active,2026-05-01
V48,active,2026-06-01
V48,inactive,2026-07-01
V48,active,2026-08-01
V48,inactive,2026-09-01
V48,inactive,2026-10-01
V48,active,2026-11-01
V49,active,2026-01-01
V49,active,2026-02-01
V49,active,2026-03-01
V49,active,2026-04-01
V49,active,2026-05-01
V49,active,2026-06-01
V49,active,2026-07-01
V49,inactive,2026-08-01
V49,active,2026-09-01
V50,active,2026-01-01
V50,active,2026-02-01
V50,active,2026-03-01
V50,active,2026-04-01
V50,inactive,2026-05-01
V50,inactive,2026-06-01
V50,active,2026-07-01
V50,active,2026-08-01
V50,active,2026-09-01
V50,active,2026-10-01
V50,inactive,2026-11-01
V50,active,2026-12-01
V51,active,2026-01-01
V51,active,2026-02-01
V51,inactive,2026-03-01
V51,inactive,2026-04-01
V51,active,2026-05-01
V51,active,2026-06-01
V51,inactive,2026-07-01
V51,inactive,2026-08-01
V51,active,2026-09-01
V52,inactive,2026-01-01
V52,inactive,2026-02-01
V52,inactive,2026-03-01
V52,inactive,2026-04-01
V52,inactive,2026-05-01
V52,active,2026-06-01
V53,active,2026-01-01
V53,inactive,2026-02-01
V53,inactive,2026-03-01
V53,inactive,2026-04-01
V53,inactive,2026-05-01
V53,default,2026-06-01
V53,default,2026-07-01
V53,default,2026-08-01
V53,default,2026-09-01
V53,default,2026-10-01
V54,active,2026-01-01
V54,active,2026-02-01
V54,active,2026-03-01
V54,active,2026-04-01
V54,inactive,2026-05-01
V54,default,2026-06-01
V55,active,2026-01-01
V55,active,2026-02-01
V55,active,2026-03-01
V55,active,2026-04-01
V55,active,2026-05-01
V55,active,2026-06-01
V55,active,2026-07-01
V55,active,2026-08-01
V55,active,2026-09-01
V55,active,2026-10-01
V55,active,2026-11-01
V55,active,2026-12-01
V56,active,2026-01-01
V56,active,2026-02-01
V56,active,2026-03-01
V56,active,2026-04-01
V56,active,2026-05-01
V56,active,2026-06-01
V56,active,2026-07-01
V56,inactive,2026-08-01
V56,inactive,2026-09-01
V56,active,2026-10-01
V56,active,2026-11-01
V56,inactive,2026-12-01
V57,active,2026-01-01
V57,active,2026-02-01
V57,active,2026-03-01
V57,active,2026-04-01
V57,active,2026-05-01
V57,active,2026-06-01
V57,active,2026-07-01
V57,active,2026-08-01
V58,active,2026-01-01
V58,active,2026-02-01
V58,inactive,2026-03-01
V58,active,2026-04-01
V58,inactive,2026-05-01
V58,active,2026-06-01
V58,inactive,2026-07-01
V58,inactive,2026-08-01
V58,active,2026-09-01
V58,active,2026-10-01
V58,inactive,2026-11-01
V59,active,2026-01-01
V59,active,2026-02-01
V59,active,2026-03-01
V59,active,2026-04-01
V59,active,2026-05-01
V59,active,2026-06-01
V59,active,2026-07-01
V59,active,2026-08-01
V59,inactive,2026-09-01
V60,active,2026-01-01
V60,active,2026-02-01
V60,active,2026-03-01
V60,active,2026-04-01
V60,active,2026-05-01
V60,active,2026-06-01
V60,active,2026-07-01
V60,inactive,2026-08-01
V60,inactive,2026-09-01
V61,active,2026-01-01
V61,active,2026-02-01
V61,active,2026-03-01
V61,inactive,2026-04-01
V61,inactive,2026-05-01
V62,active,2026-01-01
V62,inactive,2026-02-01
V62,inactive,2026-03-01
V62,inactive,2026-04-01
V62,active,2026-05-01
V62,inactive,2026-06-01
V62,inactive,2026-07-01
V62,active,2026-08-01
V62,active,2026-09-01
V63,active,2026-01-01
V63,active,2026-02-01
V63,active,2026-03-01
V63,active,2026-04-01
V63,active,2026-05-01
V63,active,2026-06-01
V64,active,2026-01-01
V64,inactive,2026-02-01
V64,inactive,2026-03-01
V64,inactive,2026-04-01
V64,active,2026-05-01
V64,inactive,2026-06-01
V65,active,2026-01-01
V65,active,2026-02-01
V65,inactive,2026-03-01
V65,active,2026-04-01
V65,inactive,2026-05-01
V65,active,2026-06-01
V65,inactive,2026-07-01
V66,active,2026-01-01
V66,active,2026-02-01
V66,inactive,2026-03-01
V66,default,2026-04-01
V66,default,2026-05-01
V66,default,2026-06-01
V66,default,2026-07-01
V66,default,2026-08-01
V66,default,2026-09-01
V67,active,2026-01-01
V67,active,2026-02-01
V67,inactive,2026-03-01
V67,active,2026-04-01
V67,inactive,2026-05-01
V67,inactive,2026-06-01
V67,inactive,2026-07-01
V67,active,2026-08-01
V67,active,2026-09-01
V67,inactive,2026-10-01
V68,active,2026-01-01
V68,active,2026-02-01
V68,active,2026-03-01
V68,inactive,2026-04-01
V68,inactive,2026-05-01
V68,active,2026-06-01
V68,inactive,2026-07-01
V68,inactive,2026-08-01
V68,default,2026-09-01
V68,default,2026-10-01
V68,default,2026-11-01
V68,default,2026-12-01
V69,active,2026-01-01
V69,active,2026-02-01
V69,active,2026-03-01
V69,active,2026-04-01
V69,active,2026-05-01
V69,inactive,2026-06-01
V69,active,2026-07-01
V69,inactive,2026-08-01
V69,active,2026-09-01
V69,active,2026-10-01
V69,active,2026-11-01
V69,inactive,2026-12-01
V70,active,2026-01-01
V70,active,2026-02-01
V70,active,2026-03-01
V70,active,2026-04-01
V70,active,2026-05-01
V70,inactive,2026-06-01
V70,inactive,2026-07-01
V70,inactive,2026-08-01
V70,active,2026-09-01
V70,active,2026-10-01
V70,inactive,2026-11-01
V70,active,2026-12-01
V71,active,2026-01-01
V71,active,2026-02-01
V71,active,2026-03-01
V71,active,2026-04-01
V71,active,2026-05-01
V71,inactive,2026-06-01
V72,active,2026-01-01
V72,active,2026-02-01
V72,active,2026-03-01
V72,active,2026-04-01
V72,active,2026-05-01
V72,active,2026-06-01
V72,active,2026-07-01
V72,active,2026-08-01
V72,active,2026-09-01
V72,active,2026-10-01
V72,active,2026-11-01
V72,active,2026-12-01
V73,active,2026-01-01
V73,active,2026-02-01
V73,active,2026-03-01
V73,active,2026-04-01
V73,active,2026-05-01
V73,active,2026-06-01
V73,active,2026-07-01
V73,active,2026-08-01
V73,active,2026-09-01
V73,inactive,2026-10-01
V73,active,2026-11-01
V73,active,2026-12-01
V74,active,2026-01-01
V74,active,2026-02-01
V74,active,2026-03-01
V74,active,2026-04-01
V74,active,2026-05-01
V74,active,2026-06-01
V74,active,2026-07-01
V74,active,2026-08-01
V74,active,2026-09-01
V74,active,2026-10-01
V74,active,2026-11-01
V74,active,2026-12-01
V75,active,2026-01-01
V75,active,2026-02-01
V75,active,2026-03-01
V75,active,2026-04-01
V75,active,2026-05-01
V75,active,2026-06-01
V75,active,2026-07-01
V75,active,2026-08-01
V75,active,2026-09-01
V75,inactive,2026-10-01
V75,inactive,2026-11-01
V75,active,2026-12-01
V76,active,2026-01-01
V76,active,2026-02-01
V76,active,2026-03-01
V76,active,2026-04-01
V76,active,2026-05-01
V77,active,2026-01-01
V77,inactive,2026-02-01
V77,active,2026-03-01
V77,inactive,2026-04-01
V77,active,2026-05-01
V77,active,2026-06-01
V77,inactive,2026-07-01
V77,active,2026-08-01
V77,inactive,2026-09-01
V77,inactive,2026-10-01
V77,active,2026-11-01
V78,active,2026-01-01
V78,active,2026-02-01
V78,active,2026-03-01
V78,active,2026-04-01
V78,active,2026-05-01
V78,active,2026-06-01
V78,active,2026-07-01
V78,active,2026-08-01
V78,active,2026-09-01
V78,inactive,2026-10-01
V78,inactive,2026-11-01
V78,inactive,2026-12-01
V79,active,2026-01-01
V79,active,2026-02-01
V79,active,2026-03-01
V79,active,2026-04-01
V79,active,2026-05-01
V79,active,2026-06-01
V79,inactive,2026-07-01
V80,active,2026-01-01
V80,active,2026-02-01
V80,active,2026-03-01
V80,active,2026-04-01
V80,inactive,2026-05-01
V80,active,2026-06-01
V80,inactive,2026-07-01
V80,inactive,2026-08-01
V80,inactive,2026-09-01
V80,active,2026-10-01
V80,inactive,2026-11-01
V80,inactive,2026-12-01
V81,inactive,2026-01-01
V81,active,2026-02-01
V81,inactive,2026-03-01
V81,inactive,2026-04-01
V81,active,2026-05-01
V81,inactive,2026-06-01
V81,active,2026-07-01
V81,inactive,2026-08-01
V81,active,2026-09-01
V81,inactive,2026-10-01
V81,active,2026-11-01
V82,active,2026-01-01
V82,active,2026-02-01
V82,active,2026-03-01
V82,inactive,2026-04-01
V82,inactive,2026-05-01
V82,default,2026-06-01
V82,default,2026-07-01
V82,default,2026-08-01
V83,active,2026-01-01
V83,active,2026-02-01
V83,active,2026-03-01
V83,inactive,2026-04-01
V83,active,2026-05-01
V84,active,2026-01-01
V84,inactive,2026-02-01
V84,inactive,2026-03-01
V84,active,2026-04-01
V84,active,2026-05-01
V84,inactive,2026-06-01
V84,inactive,2026-07-01
V84,inactive,2026-08-01
V84,inactive,2026-09-01
V84,active,2026-10-01
V84,inactive,2026-11-01
V85,active,2026-01-01
V85,active,2026-02-01
V85,active,2026-03-01
V85,active,2026-04-01
V85,active,2026-05-01
V85,active,2026-06-01
V85,active,2026-07-01
V85,active,2026-08-01
V85,active,2026-09-01
V86,active,2026-01-01
V86,active,2026-02-01
V86,active,2026-03-01
V86,active,2026-04-01
V86,active,2026-05-01
V86,active,2026-06-01
V86,inactive,2026-07-01
V86,inactive,2026-08-01
V86,active,2026-09-01
V86,active,2026-10-01
V86,inactive,2026-11-01
V86,inactive,2026-12-01
V87,active,2026-01-01
V87,active,2026-02-01
V87,active,2026-03-01
V87,active,2026-04-01
V87,inactive,2026-05-01
V87,inactive,2026-06-01
V88,active,2026-01-01
V88,active,2026-02-01
V88,active,2026-03-01
V88,active,2026-04-01
V88,active,2026-05-01
V88,active,2026-06-01
V88,active,2026-07-01
V88,inactive,2026-08-01
V88,inactive,2026-09-01
V89,active,2026-01-01
V89,active,2026-02-01
V89,active,2026-03-01
V89,active,2026-04-01
V89,active,2026-05-01
V89,active,2026-06-01
V89,active,2026-07-01
V89,inactive,2026-08-01
V89,inactive,2026-09-01
V89,active,2026-10-01
V89,inactive,2026-11-01
V89,active,2026-12-01
V90,active,2026-01-01
V90,active,2026-02-01
V90,active,2026-03-01
V90,active,2026-04-01
V90,active,2026-05-01
V90,active,2026-06-01
V90,active,2026-07-01
V90,inactive,2026-08-01
V90,inactive,2026-09-01
V91,active,2026-01-01
V91,active,2026-02-01
V91,active,2026-03-01
V91,active,2026-04-01
V91,active,2026-05-01
V91,active,2026-06-01
V91,active,2026-07-01
V91,active,2026-08-01
V91,active,2026-09-01
V91,inactive,2026-10-01
V91,inactive,2026-11-01
V92,active,2026-01-01
V92,active,2026-02-01
V92,active,2026-03-01
V92,active,2026-04-01
V92,active,2026-05-01
V92,active,2026-06-01
V92,active,2026-07-01
V92,active,2026-08-01
V92,active,2026-09-01
V92,active,2026-10-01
V92,active,2026-11-01
V92,inactive,2026-12-01
V93,active,2026-01-01
V93,inactive,2026-02-01
V93,inactive,2026-03-01
V93,inactive,2026-04-01
V93,inactive,2026-05-01
V93,active,2026-06-01
V93,inactive,2026-07-01
V93,inactive,2026-08-01
V94,active,2026-01-01
V94,active,2026-02-01
V94,inactive,2026-03-01
V94,inactive,2026-04-01
V94,inactive,2026-05-01
V95,active,2026-01-01
V95,active,2026-02-01
V95,active,2026-03-01
V95,active,2026-04-01
V95,inactive,2026-05-01
V95,inactive,2026-06-01
V95,active,2026-07-01
V95,inactive,2026-08-01
V96,active,2026-01-01
V96,active,2026-02-01
V96,active,2026-03-01
V96,active,2026-04-01
V96,active,2026-05-01
V96,active,2026-06-01
V96,active,2026-07-01
V96,active,2026-08-01
V96,active,2026-09-01
V96,inactive,2026-10-01
V96,active,2026-11-01
V96,active,2026-12-01
V97,active,2026-01-01
V97,active,2026-02-01
V97,active,2026-03-01
V97,active,2026-04-01
V97,active,2026-05-01
V97,active,2026-06-01
V97,active,2026-07-01
V97,active,2026-08-01
V97,active,2026-09-01
V97,inactive,2026-10-01
V97,default,2026-11-01
V97,default,2026-12-01
V98,active,2026-01-01
V98,active,2026-02-01
V98,active,2026-03-01
V98,active,2026-04-01
V98,active,2026-05-01
V98,active,2026-06-01
V98,active,2026-07-01
V98,active,2026-08-01
V98,active,2026-09-01
V98,active,2026-10-01
V98,inactive,2026-11-01
V98,active,2026-12-01
V99,active,2026-01-01
V99,active,2026-02-01
V99,active,2026-03-01
V99,active,2026-04-01
V99,active,2026-05-01
V99,active,2026-06-01
V99,active,2026-07-01
V99,inactive,2026-08-01
V99,active,2026-09-01
V99,inactive,2026-10-01
V99,inactive,2026-11-01
V99,inactive,2026-12-01
W1,active,2026-01-01
W1,active,2026-02-01
W1,active,2026-03-01
W1,inactive,2026-04-01
W1,active,2026-05-01
W2,active,2026-01-01
W2,active,2026-02-01
W2,active,2026-03-01
W2,active,2026-04-01
W2,active,2026-05-01
W2,active,2026-06-01
W2,active,2026-07-01
W2,inactive,2026-08-01
W2,inactive,2026-09-01
W2,inactive,2026-10-01
W2,inactive,2026-11-01
W2,inactive,2026-12-01
W3,active,2026-01-01
W3,active,2026-02-01
W3,active,2026-03-01
W3,active,2026-04-01
W3,active,2026-05-01
W3,active,2026-06-01
W3,inactive,2026-07-01
W3,inactive,2026-08-01
W3,default,2026-09-01
W3,default,2026-10-01
W3,default,2026-11-01
W3,default,2026-12-01
W4,active,2026-01-01
W4,active,2026-02-01
W4,active,2026-03-01
W4,inactive,2026-04-01
W4,inactive,2026-05-01
W4,inactive,2026-06-01
W4,inactive,2026-07-01
W4,active,2026-08-01
W5,active,2026-01-01
W5,active,2026-02-01
W5,active,2026-03-01
W5,active,2026-04-01
W5,active,2026-05-01
W5,active,2026-06-01
W5,inactive,2026-07-01
W5,inactive,2026-08-01
W5,inactive,2026-09-01
W5,active,2026-10-01
W5,active,2026-11-01
W6,active,2026-01-01
W6,active,2026-02-01
W6,active,2026-03-01
W6,active,2026-04-01
W6,inactive,2026-05-01
W6,inactive,2026-06-01
W6,inactive,2026-07-01
W7,active,2026-01-01
W7,active,2026-02-01
W7,active,2026-03-01
W7,active,2026-04-01
W7,active,2026-05-01
W7,active,2026-06-01
W7,inactive,2026-07-01
W7,active,2026-08-01
W7,inactive,2026-09-01
W8,active,2026-01-01
W8,active,2026-02-01
W8,active,2026-03-01
W8,active,2026-04-01
W8,inactive,2026-05-01
W8,inactive,2026-06-01
W9,active,2026-01-01
W9,active,2026-02-01
W9,active,2026-03-01
W9,inactive,2026-04-01
W9,active,2026-05-01
W9,inactive,2026-06-01
W10,active,2026-01-01
W10,active,2026-02-01
W10,active,2026-03-01
W10,active,2026-04-01
W10,active,2026-05-01
W10,active,2026-06-01
W10,inactive,2026-07-01
W10,active,2026-08-01
W10,inactive,2026-09-01
W11,active,2026-01-01
W11,active,2026-02-01
W11,active,2026-03-01
W11,active,2026-04-01
W11,inactive,2026-05-01
W11,active,2026-06-01
W11,inactive,2026-07-01
W11,inactive,2026-08-01
W11,inactive,2026-09-01
W11,inactive,2026-10-01
W12,active,2026-01-01
W12,active,2026-02-01
W12,active,2026-03-01
W12,inactive,2026-04-01
W12,inactive,2026-05-01
W12,inactive,2026-06-01
W12,inactive,2026-07-01
W13,active,2026-01-01
W13,active,2026-02-01
W13,active,2026-03-01
W13,active,2026-04-01
W13,inactive,2026-05-01
W13,inactive,2026-06-01
W13,inactive,2026-07-01
W13,inactive,2026-08-01
W13,inactive,2026-09-01
W13,inactive,2026-10-01
W13,inactive,2026-11-01
W13,inactive,2026-12-01
W14,active,2026-01-01
W14,active,2026-02-01
W14,inactive,2026-03-01
W14,inactive,2026-04-01
W14,active,2026-05-01
W14,active,2026-06-01
W14,active,2026-07-01
W15,active,2026-01-01
W15,active,2026-02-01
W15,active,2026-03-01
W15,active,2026-04-01
W15,active,2026-05-01
W15,inactive,2026-06-01
W15,inactive,2026-07-01
W15,active,2026-08-01
W15,active,2026-09-01
W15,inactive,2026-10-01
W16,active,2026-01-01
W16,active,2026-02-01
W16,active,2026-03-01
W16,inactive,2026-04-01
W16,inactive,2026-05-01
W16,inactive,2026-06-01
W16,active,2026-07-01
W16,inactive,2026-08-01
W16,inactive,2026-09-01
W16,default,2026-10-01
W16,default,2026-11-01
W17,active,2026-01-01
W17,active,2026-02-01
W17,inactive,2026-03-01
W17,active,2026-04-01
W17,inactive,2026-05-01
W17,inactive,2026-06-01
W17,active,2026-07-01
W18,active,2026-01-01
W18,active,2026-02-01
W18,active,2026-03-01
W18,active,2026-04-01
W18,active,2026-05-01
W18,active,2026-06-01
W18,active,2026-07-01
W18,inactive,2026-08-01
W18,inactive,2026-09-01
W18,inactive,2026-10-01
W18,active,2026-11-01
W18,inactive,2026-12-01
W19,active,2026-01-01
W19,active,2026-02-01
W19,active,2026-03-01
W19,active,2026-04-01
W19,active,2026-05-01
W19,active,2026-06-01
W19,active,2026-07-01
W19,active,2026-08-01
W19,inactive,2026-09-01
W19,active,2026-10-01
W19,inactive,2026-11-01
W19,inactive,2026-12-01
W20,active,2026-01-01
W20,active,2026-02-01
W20,active,2026-03-01
W20,active,2026-04-01
W20,active,2026-05-01
W20,active,2026-06-01
W20,inactive,2026-07-01
W21,active,2026-01-01
W21,active,2026-02-01
W21,active,2026-03-01
W21,active,2026-04-01
W21,active,2026-05-01
W21,inactive,2026-06-01
W21,active,2026-07-01
W21,inactive,2026-08-01
W21,inactive,2026-09-01
W21,active,2026-10-01
W22,active,2026-01-01
W22,active,2026-02-01
W22,active,2026-03-01
W22,active,2026-04-01
W22,active,2026-05-01
W22,active,2026-06-01
W22,inactive,2026-07-01
W23,active,2026-01-01
W23,active,2026-02-01
W23,inactive,2026-03-01
W23,inactive,2026-04-01
W23,default,2026-05-01
W23,default,2026-06-01
W23,default,2026-07-01
W23,default,2026-08-01
W23,default,2026-09-01
W23,default,2026-10-01
W23,default,2026-11-01
W23,default,2026-12-01
W24,active,2026-01-01
W24,inactive,2026-02-01
W24,inactive,2026-03-01
W24,active,2026-04-01
W24,inactive,2026-05-01
W24,active,2026-06-01
W24,inactive,2026-07-01
W24,inactive,2026-08-01
W24,inactive,2026-09-01
W24,inactive,2026-10-01
W24,active,2026-11-01
W24,inactive,2026-12-01
W25,active,2026-01-01
W25,active,2026-02-01
W25,active,2026-03-01
W25,active,2026-04-01
W25,active,2026-05-01
W25,active,2026-06-01
W25,active,2026-07-01
W25,active,2026-08-01
W25,inactive,2026-09-01
W26,active,2026-01-01
W26,active,2026-02-01
W26,active,2026-03-01
W26,active,2026-04-01
W26,active,2026-05-01
W26,active,2026-06-01
W26,active,2026-07-01
W26,active,2026-08-01
W26,active,2026-09-01
W26,inactive,2026-10-01
W26,inactive,2026-11-01
W26,inactive,2026-12-01
W27,active,2026-01-01
W27,inactive,2026-02-01
W27,active,2026-03-01
W27,inactive,2026-04-01
W27,active,2026-05-01
W27,inactive,2026-06-01
W27,active,2026-07-01
W27,inactive,2026-08-01
W27,active,2026-09-01
W27,inactive,2026-10-01
W27,active,2026-11-01
W28,active,2026-01-01
W28,inactive,2026-02-01
W28,active,2026-03-01
W28,inactive,2026-04-01
W28,inactive,2026-05-01
W28,active,2026-06-01
W28,inactive,2026-07-01
W28,inactive,2026-08-01
W28,inactive,2026-09-01
W28,inactive,2026-10-01
W28,inactive,2026-11-01
W28,inactive,2026-12-01
W29,active,2026-01-01
W29,inactive,2026-02-01
W29,inactive,2026-03-01
W29,active,2026-04-01
W29,inactive,2026-05-01
W29,inactive,2026-06-01
W29,default,2026-07-01
W29,default,2026-08-01
W29,default,2026-09-01
W29,default,2026-10-01
W30,active,2026-01-01
W30,active,2026-02-01
W30,active,2026-03-01
W30,active,2026-04-01
W30,active,2026-05-01
W30,active,2026-06-01
W30,inactive,2026-07-01
W30,active,2026-08-01
W30,inactive,2026-09-01
W30,active,2026-10-01
W30,active,2026-11-01
W31,active,2026-01-01
W31,active,2026-02-01
W31,active,2026-03-01
W31,inactive,2026-04-01
W31,active,2026-05-01
W32,active,2026-01-01
W32,active,2026-02-01
W32,active,2026-03-01
W32,active,2026-04-01
W32,inactive,2026-05-01
W32,active,2026-06-01
W32,inactive,2026-07-01
W32,active,2026-08-01
W32,inactive,2026-09-01
W32,active,2026-10-01
W32,active,2026-11-01
W32,inactive,2026-12-01
W33,active,2026-01-01
W33,active,2026-02-01
W33,active,2026-03-01
W33,active,2026-04-01
W33,active,2026-05-01
W33,active,2026-06-01
W33,active,2026-07-01
W33,inactive,2026-08-01
W33,inactive,2026-09-01
W33,active,2026-10-01
W33,inactive,2026-11-01
W34,active,2026-01-01
W34,active,2026-02-01
W34,inactive,2026-03-01
W34,inactive,2026-04-01
W34,active,2026-05-01
W34,active,2026-06-01
W34,inactive,2026-07-01
W34,active,2026-08-01
W34,active,2026-09-01
W34,inactive,2026-10-01
W34,inactive,2026-11-01
W34,active,2026-12-01
W35,active,2026-01-01
W35,active,2026-02-01
W35,active,2026-03-01
W35,active,2026-04-01
W35,active,2026-05-01
W35,active,2026-06-01
W35,active,2026-07-01
W35,active,2026-08-01
W35,active,2026-09-01
W36,active,2026-01-01
W36,inactive,2026-02-01
W36,active,2026-03-01
W36,active,2026-04-01
W36,inactive,2026-05-01
W36,active,2026-06-01
W36,inactive,2026-07-01
W36,active,2026-08-01
W36,inactive,2026-09-01
W36,active,2026-10-01
W36,inactive,2026-11-01
W36,active,2026-12-01
W37,active,2026-01-01
W37,active,2026-02-01
W37,active,2026-03-01
W37,inactive,2026-04-01
W37,active,2026-05-01
W38,active,2026-01-01
W38,active,2026-02-01
W38,active,2026-03-01
W38,active,2026-04-01
W38,active,2026-05-01
W38,active,2026-06-01
W38,active,2026-07-01
W38,active,2026-08-01
W38,active,2026-09-01
W38,active,2026-10-01
W38,active,2026-11-01
W38,active,2026-12-01
W39,active,2026-01-01
W39,active,2026-02-01
W39,active,2026-03-01
W39,active,2026-04-01
W39,active,2026-05-01
W39,active,2026-06-01
W39,active,2026-07-01
W39,active,2026-08-01
W39,inactive,2026-09-01
W39,inactive,2026-10-01
W39,inactive,2026-11-01
W40,active,2026-01-01
W40,active,2026-02-01
W40,active,2026-03-01
W40,active,2026-04-01
W40,inactive,2026-05-01
W40,inactive,2026-06-01
W40,inactive,2026-07-01
W40,active,2026-08-01
W41,active,2026-01-01
W41,active,2026-02-01
W41,active,2026-03-01
W41,active,2026-04-01
W41,active,2026-05-01
W41,active,2026-06-01
W41,active,2026-07-01
W41,inactive,2026-08-01
W41,default,2026-09-01
W41,default,2026-10-01
W42,active,2026-01-01
W42,active,2026-02-01
W42,active,2026-03-01
W42,active,2026-04-01
W42,active,2026-05-01
W42,active,2026-06-01
W42,active,2026-07-01
W42,active,2026-08-01
W42,active,2026-09-01
W42,active,2026-10-01
W43,active,2026-01-01
W43,active,2026-02-01
W43,active,2026-03-01
W43,active,2026-04-01
W43,active,2026-05-01
W43,active,2026-06-01
W43,inactive,2026-07-01
W43,inactive,2026-08-01
W43,inactive,2026-09-01
W43,inactive,2026-10-01
W43,inactive,2026-11-01
W44,active,2026-01-01
W44,active,2026-02-01
W44,active,2026-03-01
W44,active,2026-04-01
W44,active,2026-05-01
W44,active,2026-06-01
W44,active,2026-07-01
W44,active,2026-08-01
W44,active,2026-09-01
W44,active,2026-10-01
W44,inactive,2026-11-01
W44,inactive,2026-12-01
W45,active,2026-01-01
W45,active,2026-02-01
W45,active,2026-03-01
W45,inactive,2026-04-01
W45,active,2026-05-01
W45,active,2026-06-01
W45,active,2026-07-01
W45,active,2026-08-01
W45,inactive,2026-09-01
W45,active,2026-10-01
W45,inactive,2026-11-01
W45,inactive,2026-12-01
W46,active,2026-01-01
W46,active,2026-02-01
W46,active,2026-03-01
W46,inactive,2026-04-01
W46,active,2026-05-01
W46,inactive,2026-06-01
W46,inactive,2026-07-01
W46,inactive,2026-08-01
W46,active,2026-09-01
W46,inactive,2026-10-01
W46,active,2026-11-01
W46,inactive,2026-12-01
W47,active,2026-01-01
W47,active,2026-02-01
W47,active,2026-03-01
W47,active,2026-04-01
W47,inactive,2026-05-01
W47,active,2026-06-01
W47,inactive,2026-07-01
W47,active,2026-08-01
W47,inactive,2026-09-01
W47,inactive,2026-10-01
W47,inactive,2026-11-01
W47,inactive,2026-12-01
W48,inactive,2026-01-01
W48,active,2026-02-01
W48,inactive,2026-03-01
W48,inactive,2026-04-01
W48,active,2026-05-01
W48,active,2026-06-01
W48,inactive,2026-07-01
W48,active,2026-08-01
W48,inactive,2026-09-01
W48,active,2026-10-01
W48,active,2026-11-01
W48,inactive,2026-12-01
W49,active,2026-01-01
W49,active,2026-02-01
W49,active,2026-03-01
W49,active,2026-04-01
W49,inactive,2026-05-01
W50,active,2026-01-01
W50,inactive,2026-02-01
W50,active,2026-03-01
W50,active,2026-04-01
W50,active,2026-05-01
W50,inactive,2026-06-01
W51,active,2026-01-01
W51,active,2026-02-01
W51,inactive,2026-03-01
W51,active,2026-04-01
W51,active,2026-05-01
W51,inactive,2026-06-01
W51,active,2026-07-01
W52,active,2026-01-01
W52,active,2026-02-01
W52,active,2026-03-01
W52,inactive,2026-04-01
W52,active,2026-05-01
W52,inactive,2026-06-01
W53,active,2026-01-01
W53,active,2026-02-01
W53,active,2026-03-01
W53,active,2026-04-01
W53,active,2026-05-01
W53,inactive,2026-06-01
W53,inactive,2026-07-01
W53,inactive,2026-08-01
W54,active,2026-01-01
W54,active,2026-02-01
W54,active,2026-03-01
W54,active,2026-04-01
W54,active,2026-05-01
W54,inactive,2026-06-01
W54,active,2026-07-01
W55,active,2026-01-01
W55,active,2026-02-01
W55,inactive,2026-03-01
W55,active,2026-04-01
W55,inactive,2026-05-01
W55,inactive,2026-06-01
W55,inactive,2026-07-01
W55,inactive,2026-08-01
W55,active,2026-09-01
W55,inactive,2026-10-01
W55,active,2026-11-01
W56,active,2026-01-01
W56,active,2026-02-01
W56,active,2026-03-01
W56,active,2026-04-01
W56,active,2026-05-01
W57,active,2026-01-01
W57,active,2026-02-01
W57,active,2026-03-01
W57,inactive,2026-04-01
W57,inactive,2026-05-01
W58,active,2026-01-01
W58,active,2026-02-01
W58,inactive,2026-03-01
W58,inactive,2026-04-01
W58,active,2026-05-01
W58,inactive,2026-06-01
W58,inactive,2026-07-01
W58,inactive,2026-08-01
W59,active,2026-01-01
W59,active,2026-02-01
W59,active,2026-03-01
W59,active,2026-04-01
W59,active,2026-05-01
W59,active,2026-06-01
W59,active,2026-07-01
W59,inactive,2026-08-01
W59,inactive,2026-09-01
W59,active,2026-10-01
W59,inactive,2026-11-01
W60,active,2026-01-01
W60,inactive,2026-02-01
W60,active,2026-03-01
W60,inactive,2026-04-01
W60,inactive,2026-05-01
W60,inactive,2026-06-01
W60,inactive,2026-07-01
W61,active,2026-01-01
W61,active,2026-02-01
W61,active,2026-03-01
W61,active,2026-04-01
W61,active,2026-05-01
W61,active,2026-06-01
W61,active,2026-07-01
W62,active,2026-01-01
W62,active,2026-02-01
W62,active,2026-03-01
W62,active,2026-04-01
W62,active,2026-05-01
W62,inactive,2026-06-01
W62,inactive,2026-07-01
W62,active,2026-08-01
W63,active,2026-01-01
W63,active,2026-02-01
W63,active,2026-03-01
W63,active,2026-04-01
W63,active,2026-05-01
W63,inactive,2026-06-01
W63,inactive,2026-07-01
W63,active,2026-08-01
W64,active,2026-01-01
W64,active,2026-02-01
W64,inactive,2026-03-01
W64,active,2026-04-01
W64,active,2026-05-01
W64,inactive,2026-06-01
W64,inactive,2026-07-01
W64,active,2026-08-01
W64,active,2026-09-01
W64,inactive,2026-10-01
W64,active,2026-11-01
W64,inactive,2026-12-01
W65,active,2026-01-01
W65,active,2026-02-01
W65,active,2026-03-01
W65,active,2026-04-01
W65,active,2026-05-01
W65,inactive,2026-06-01
W66,active,2026-01-01
W66,active,2026-02-01
W66,inactive,2026-03-01
W66,inactive,2026-04-01
W66,active,2026-05-01
W66,active,2026-06-01
W66,inactive,2026-07-01
W66,inactive,2026-08-01
W66,inactive,2026-09-01
W66,inactive,2026-10-01
W66,active,2026-11-01
W66,inactive,2026-12-01
W67,active,2026-01-01
W67,active,2026-02-01
W67,active,2026-03-01
W67,active,2026-04-01
W67,active,2026-05-01
W67,inactive,2026-06-01
W67,active,2026-07-01
W67,inactive,2026-08-01
W67,inactive,2026-09-01
W68,active,2026-01-01
W68,active,2026-02-01
W68,active,2026-03-01
W68,active,2026-04-01
W68,inactive,2026-05-01
W68,active,2026-06-01
W68,active,2026-07-01
W68,active,2026-08-01
W69,active,2026-01-01
W69,active,2026-02-01
W69,active,2026-03-01
W69,active,2026-04-01
W69,active,2026-05-01
W69,active,2026-06-01
W69,active,2026-07-01
W69,active,2026-08-01
W69,active,2026-09-01
W69,active,2026-10-01
W69,inactive,2026-11-01
W69,default,2026-12-01
W70,active,2026-01-01
W70,active,2026-02-01
W70,active,2026-03-01
W70,active,2026-04-01
W70,active,2026-05-01
W70,active,2026-06-01
W70,active,2026-07-01
W70,inactive,2026-08-01
W70,active,2026-09-01
W70,inactive,2026-10-01
W70,inactive,2026-11-01
W71,active,2026-01-01
W71,inactive,2026-02-01
W71,inactive,2026-03-01
W71,inactive,2026-04-01
W71,active,2026-05-01
W71,inactive,2026-06-01
W71,inactive,2026-07-01
W71,inactive,2026-08-01
W71,active,2026-09-01
W72,active,2026-01-01
W72,active,2026-02-01
W72,active,2026-03-01
W72,active,2026-04-01
W72,active,2026-05-01
W72,active,2026-06-01
W72,active,2026-07-01
W72,inactive,2026-08-01
W73,active,2026-01-01
W73,active,2026-02-01
W73,active,2026-03-01
W73,inactive,2026-04-01
W73,active,2026-05-01
W73,inactive,2026-06-01
W73,inactive,2026-07-01
W73,inactive,2026-08-01
W73,inactive,2026-09-01
W73,active,2026-10-01
W73,inactive,2026-11-01
W73,inactive,2026-12-01
W74,active,2026-01-01
W74,active,2026-02-01
W74,active,2026-03-01
W74,active,2026-04-01
W74,active,2026-05-01
W74,active,2026-06-01
W75,active,2026-01-01
W75,active,2026-02-01
W75,active,2026-03-01
W75,active,2026-04-01
W75,active,2026-05-01
W75,active,2026-06-01
W75,active,2026-07-01
W75,active,2026-08-01
W75,active,2026-09-01
W75,active,2026-10-01
W75,inactive,2026-11-01
W75,inactive,2026-12-01
W76,active,2026-01-01
W76,active,2026-02-01
W76,active,2026-03-01
W76,active,2026-04-01
W76,active,2026-05-01
W76,active,2026-06-01
W76,inactive,2026-07-01
W76,inactive,2026-08-01
W77,active,2026-01-01
W77,active,2026-02-01
W77,active,2026-03-01
W77,active,2026-04-01
W77,inactive,2026-05-01
W77,active,2026-06-01
W77,inactive,2026-07-01
W77,inactive,2026-08-01
W77,active,2026-09-01
W78,active,2026-01-01
W78,active,2026-02-01
W78,active,2026-03-01
W78,active,2026-04-01
W78,active,2026-05-01
W78,active,2026-06-01
W78,active,2026-07-01
W78,inactive,2026-08-01
W78,active,2026-09-01
W79,active,2026-01-01
W79,active,2026-02-01
W79,active,2026-03-01
W79,active,2026-04-01
W79,active,2026-05-01
W79,active,2026-06-01
W79,active,2026-07-01
W79,active,2026-08-01
W79,inactive,2026-09-01
W79,active,2026-10-01
W79,inactive,2026-11-01
W79,active,2026-12-01
W80,active,2026-01-01
W80,active,2026-02-01
W80,active,2026-03-01
W80,active,2026-04-01
W80,active,2026-05-01
W80,inactive,2026-06-01
W81,active,2026-01-01
W81,active,2026-02-01
W81,active,2026-03-01
W81,active,2026-04-01
W81,active,2026-05-01
W81,active,2026-06-01
W81,active,2026-07-01
W81,active,2026-08-01
W81,inactive,2026-09-01
W81,active,2026-10-01
W81,inactive,2026-11-01
W81,active,2026-12-01
W82,active,2026-01-01
W82,active,2026-02-01
W82,inactive,2026-03-01
W82,active,2026-04-01
W82,active,2026-05-01
W82,inactive,2026-06-01
W82,active,2026-07-01
W82,active,2026-08-01
W82,inactive,2026-09-01
W82,inactive,2026-10-01
W82,inactive,2026-11-01
W83,active,2026-01-01
W83,active,2026-02-01
W83,active,2026-03-01
W83,active,2026-04-01
W83,active,2026-05-01
W83,active,2026-06-01
W83,active,2026-07-01
W83,active,2026-08-01
W83,active,2026-09-01
W83,active,2026-10-01
W83,inactive,2026-11-01
W83,active,2026-12-01
W84,active,2026-01-01
W84,active,2026-02-01
W84,active,2026-03-01
W84,active,2026-04-01
W84,active,2026-05-01
W84,active,2026-06-01
W84,active,2026-07-01
W84,active,2026-08-01
W84,active,2026-09-01
W84,active,2026-10-01
W84,active,2026-11-01
W84,active,2026-12-01
W85,active,2026-01-01
W85,active,2026-02-01
W85,active,2026-03-01
W85,active,2026-04-01
W85,active,2026-05-01
W85,inactive,2026-06-01
W86,active,2026-01-01
W86,active,2026-02-01
W86,active,2026-03-01
W86,inactive,2026-04-01
W86,active,2026-05-01
W86,inactive,2026-06-01
W87,active,2026-01-01
W87,active,2026-02-01
W87,active,2026-03-01
W87,active,2026-04-01
W87,active,2026-05-01
W87,active,2026-06-01
W87,active,2026-07-01
W87,inactive,2026-08-01
W87,active,2026-09-01
W88,active,2026-01-01
W88,active,2026-02-01
W88,inactive,2026-03-01
W88,inactive,2026-04-01
W88,active,2026-05-01
W88,inactive,2026-06-01
W88,inactive,2026-07-01
W88,active,2026-08-01
W88,inactive,2026-09-01
W89,active,2026-01-01
W89,inactive,2026-02-01
W89,inactive,2026-03-01
W89,inactive,2026-04-01
W89,active,2026-05-01
W89,inactive,2026-06-01
W90,inactive,2026-01-01
W90,active,2026-02-01
W90,inactive,2026-03-01
W90,active,2026-04-01
W90,inactive,2026-05-01
W91,active,2026-01-01
W91,active,2026-02-01
W91,active,2026-03-01
W91,active,2026-04-01
W91,active,2026-05-01
W91,active,2026-06-01
W91,active,2026-07-01
W91,active,2026-08-01
W91,inactive,2026-09-01
W91,active,2026-10-01
W91,inactive,2026-11-01
W91,inactive,2026-12-01
W92,active,2026-01-01
W92,active,2026-02-01
W92,active,2026-03-01
W92,active,2026-04-01
W92,active,2026-05-01
W92,active,2026-06-01
W92,active,2026-07-01
W92,active,2026-08-01
W92,active,2026-09-01
W92,active,2026-10-01
W92,active,2026-11-01
W92,active,2026-12-01
W93,active,2026-01-01
W93,active,2026-02-01
W93,active,2026-03-01
W93,inactive,2026-04-01
W93,active,2026-05-01
W93,inactive,2026-06-01
W93,inactive,2026-07-01
W93,inactive,2026-08-01
W93,inactive,2026-09-01
W94,active,2026-01-01
W94,active,2026-02-01
W94,active,2026-03-01
W94,active,2026-04-01
W94,active,2026-05-01
W94,active,2026-06-01
W94,active,2026-07-01
W95,active,2026-01-01
W95,active,2026-02-01
W95,inactive,2026-03-01
W95,active,2026-04-01
W95,active,2026-05-01
W95,inactive,2026-06-01
W95,inactive,2026-07-01
W96,active,2026-01-01
W96,active,2026-02-01
W96,active,2026-03-01
W96,active,2026-04-01
W96,active,2026-05-01
W96,active,2026-06-01
W96,active,2026-07-01
W96,active,2026-08-01
W96,inactive,2026-09-01
W96,inactive,2026-10-01
W96,active,2026-11-01
W96,active,2026-12-01
W97,active,2026-01-01
W97,active,2026-02-01
W97,active,2026-03-01
W97,active,2026-04-01
W97,inactive,2026-05-01
W97,inactive,2026-06-01
W97,inactive,2026-07-01
W97,active,2026-08-01
W97,active,2026-09-01
W97,active,2026-10-01
W97,active,2026-11-01
W97,inactive,2026-12-01
W98,active,2026-01-01
W98,active,2026-02-01
W98,active,2026-03-01
W98,active,2026-04-01
W98,active,2026-05-01
W98,active,2026-06-01
W98,active,2026-07-01
W98,active,2026-08-01
W98,active,2026-09-01
W98,active,2026-10-01
W98,inactive,2026-11-01
W98,inactive,2026-12-01
W99,active,2026-01-01
W99,active,2026-02-01
W99,active,2026-03-01
W99,active,2026-04-01
W99,inactive,2026-05-01
X1,active,2026-01-01
X1,active,2026-02-01
X1,active,2026-03-01
X1,active,2026-04-01
X1,active,2026-05-01
X1,active,2026-06-01
X1,active,2026-07-01
X1,active,2026-08-01
X1,active,2026-09-01
X1,active,2026-10-01
X1,active,2026-11-01
X1,active,2026-12-01
X2,inactive,2026-01-01
X2,active,2026-02-01
X2,inactive,2026-03-01
X2,active,2026-04-01
X2,inactive,2026-05-01
X2,inactive,2026-06-01
X2,inactive,2026-07-01
X2,inactive,2026-08-01
X2,inactive,2026-09-01
X2,inactive,2026-10-01
X2,active,2026-11-01
X2,active,2026-12-01
X3,active,2026-01-01
X3,active,2026-02-01
X3,active,2026-03-01
X3,active,2026-04-01
X3,active,2026-05-01
X3,active,2026-06-01
X3,active,2026-07-01
X3,active,2026-08-01
X3,inactive,2026-09-01
X3,active,2026-10-01
X3,inactive,2026-11-01
X3,inactive,2026-12-01
X4,active,2026-01-01
X4,active,2026-02-01
X4,active,2026-03-01
X4,active,2026-04-01
X4,active,2026-05-01
X4,active,2026-06-01
X4,inactive,2026-07-01
X4,default,2026-08-01
X5,active,2026-01-01
X5,active,2026-02-01
X5,active,2026-03-01
X5,active,2026-04-01
X5,inactive,2026-05-01
X5,active,2026-06-01
X5,inactive,2026-07-01
X6,active,2026-01-01
X6,active,2026-02-01
X6,active,2026-03-01
X6,inactive,2026-04-01
X6,active,2026-05-01
X6,inactive,2026-06-01
X6,active,2026-07-01
X6,inactive,2026-08-01
X6,active,2026-09-01
X6,inactive,2026-10-01
X6,inactive,2026-11-01
X6,active,2026-12-01
X7,active,2026-01-01
X7,active,2026-02-01
X7,active,2026-03-01
X7,active,2026-04-01
X7,active,2026-05-01
X7,active,2026-06-01
X7,inactive,2026-07-01
X7,active,2026-08-01
X7,inactive,2026-09-01
X7,inactive,2026-10-01
X8,active,2026-01-01
X8,active,2026-02-01
X8,active,2026-03-01
X8,active,2026-04-01
X8,active,2026-05-01
X8,inactive,2026-06-01
X8,inactive,2026-07-01
X9,active,2026-01-01
X9,inactive,2026-02-01
X9,inactive,2026-03-01
X9,default,2026-04-01
X9,default,2026-05-01
X9,default,2026-06-01
X9,default,2026-07-01
X9,default,2026-08-01
X9,default,2026-09-01
X9,default,2026-10-01
X9,default,2026-11-01
X10,active,2026-01-01
X10,active,2026-02-01
X10,inactive,2026-03-01
X10,active,2026-04-01
X10,inactive,2026-05-01
X10,active,2026-06-01
X10,active,2026-07-01
X10,inactive,2026-08-01
X10,active,2026-09-01
X10,inactive,2026-10-01
X10,inactive,2026-11-01
X10,active,2026-12-01
X11,active,2026-01-01
X11,active,2026-02-01
X11,active,2026-03-01
X11,active,2026-04-01
X11,active,2026-05-01
X11,active,2026-06-01
X11,active,2026-07-01
X11,inactive,2026-08-01
X11,active,2026-09-01
X11,inactive,2026-10-01
X11,inactive,2026-11-01
X11,inactive,2026-12-01
X12,active,2026-01-01
X12,active,2026-02-01
X12,active,2026-03-01
X12,active,2026-04-01
X12,active,2026-05-01
X12,inactive,2026-06-01
X12,inactive,2026-07-01
X12,active,2026-08-01
X12,inactive,2026-09-01
X12,inactive,2026-10-01
X12,inactive,2026-11-01
X12,inactive,2026-12-01
X13,active,2026-01-01
X13,active,2026-02-01
X13,active,2026-03-01
X13,active,2026-04-01
X13,active,2026-05-01
X13,active,2026-06-01
X13,active,2026-07-01
X13,active,2026-08-01
X13,inactive,2026-09-01
X13,inactive,2026-10-01
X14,active,2026-01-01
X14,active,2026-02-01
X14,active,2026-03-01
X14,active,2026-04-01
X14,active,2026-05-01
X14,active,2026-06-01
X14,active,2026-07-01
X14,active,2026-08-01
X14,active,2026-09-01
X14,active,2026-10-01
X14,inactive,2026-11-01
X15,active,2026-01-01
X15,active,2026-02-01
X15,active,2026-03-01
X15,active,2026-04-01
X15,active,2026-05-01
X15,active,2026-06-01
X15,active,2026-07-01
X15,active,2026-08-01
X15,inactive,2026-09-01
X15,inactive,2026-10-01
X16,active,2026-01-01
X16,active,2026-02-01
X16,active,2026-03-01
X16,active,2026-04-01
X16,active,2026-05-01
X16,active,2026-06-01
X16,active,2026-07-01
X16,inactive,2026-08-01
X16,active,2026-09-01
X16,active,2026-10-01
X16,inactive,2026-11-01
X16,active,2026-12-01
X17,active,2026-01-01
X17,active,2026-02-01
X17,active,2026-03-01
X17,active,2026-04-01
X17,active,2026-05-01
X17,inactive,2026-06-01
X17,inactive,2026-07-01
X17,inactive,2026-08-01
X17,inactive,2026-09-01
X18,active,2026-01-01
X18,active,2026-02-01
X18,active,2026-03-01
X18,active,2026-04-01
X18,active,2026-05-01
X18,active,2026-06-01
X19,active,2026-01-01
X19,active,2026-02-01
X19,active,2026-03-01
X19,active,2026-04-01
X19,active,2026-05-01
X19,inactive,2026-06-01
X20,inactive,2026-01-01
X20,inactive,2026-02-01
X20,active,2026-03-01
X20,inactive,2026-04-01
X20,default,2026-05-01
X20,default,2026-06-01
X20,default,2026-07-01
X20,default,2026-08-01
X21,active,2026-01-01
X21,active,2026-02-01
X21,active,2026-03-01
X21,inactive,2026-04-01
X21,inactive,2026-05-01
X21,inactive,2026-06-01
X21,inactive,2026-07-01
X21,inactive,2026-08-01
X22,inactive,2026-01-01
X22,active,2026-02-01
X22,inactive,2026-03-01
X22,inactive,2026-04-01
X22,active,2026-05-01
X22,active,2026-06-01
X23,active,2026-01-01
X23,active,2026-02-01
X23,inactive,2026-03-01
X23,inactive,2026-04-01
X23,inactive,2026-05-01
X23,active,2026-06-01
X23,inactive,2026-07-01
X23,active,2026-08-01
X23,inactive,2026-09-01
X24,active,2026-01-01
X24,active,2026-02-01
X24,active,2026-03-01
X24,active,2026-04-01
X24,active,2026-05-01
X24,inactive,2026-06-01
X24,active,2026-07-01
X24,inactive,2026-08-01
X24,inactive,2026-09-01
X24,inactive,2026-10-01
X24,active,2026-11-01
X24,inactive,2026-12-01
X25,active,2026-01-01
X25,inactive,2026-02-01
X25,inactive,2026-03-01
X25,active,2026-04-01
X25,inactive,2026-05-01
X25,inactive,2026-06-01
X25,active,2026-07-01
X25,active,2026-08-01
X25,inactive,2026-09-01
X25,active,2026-10-01
X25,inactive,2026-11-01
X25,active,2026-12-01
X26,active,2026-01-01
X26,active,2026-02-01
X26,inactive,2026-03-01
X26,active,2026-04-01
X26,inactive,2026-05-01
X27,active,2026-01-01
X27,active,2026-02-01
X27,active,2026-03-01
X27,active,2026-04-01
X27,active,2026-05-01
X27,active,2026-06-01
X27,inactive,2026-07-01
X27,inactive,2026-08-01
X27,default,2026-09-01
X28,active,2026-01-01
X28,active,2026-02-01
X28,active,2026-03-01
X28,active,2026-04-01
X28,active,2026-05-01
X28,active,2026-06-01
X28,active,2026-07-01
X28,active,2026-08-01
X28,active,2026-09-01
X28,inactive,2026-10-01
X28,inactive,2026-11-01
X29,active,2026-01-01
X29,active,2026-02-01
X29,active,2026-03-01
X29,active,2026-04-01
X29,active,2026-05-01
X29,active,2026-06-01
X29,active,2026-07-01
X29,active,2026-08-01
X29,active,2026-09-01
X29,active,2026-10-01
X29,inactive,2026-11-01
X29,inactive,2026-12-01
X30,active,2026-01-01
X30,active,2026-02-01
X30,active,2026-03-01
X30,active,2026-04-01
X30,active,2026-05-01
X30,active,2026-06-01
X30,inactive,2026-07-01
X30,inactive,2026-08-01
X30,active,2026-09-01
X30,active,2026-10-01
X30,active,2026-11-01
X31,active,2026-01-01
X31,active,2026-02-01
X31,active,2026-03-01
X31,inactive,2026-04-01
X31,inactive,2026-05-01
X31,active,2026-06-01
X31,inactive,2026-07-01
X31,inactive,2026-08-01
X31,inactive,2026-09-01
X31,active,2026-10-01
X31,inactive,2026-11-01
X32,active,2026-01-01
X32,active,2026-02-01
X32,active,2026-03-01
X32,active,2026-04-01
X32,active,2026-05-01
X32,inactive,2026-06-01
X32,active,2026-07-01
X32,inactive,2026-08-01
X33,active,2026-01-01
X33,active,2026-02-01
X33,active,2026-03-01
X33,inactive,2026-04-01
X33,active,2026-05-01
X34,active,2026-01-01
X34,active,2026-02-01
X34,inactive,2026-03-01
X34,inactive,2026-04-01
X34,inactive,2026-05-01
X35,active,2026-01-01
X35,inactive,2026-02-01
X35,inactive,2026-03-01
X35,active,2026-04-01
X35,inactive,2026-05-01
X35,inactive,2026-06-01
X35,active,2026-07-01
X35,inactive,2026-08-01
X35,inactive,2026-09-01
X35,active,2026-10-01
X36,active,2026-01-01
X36,active,2026-02-01
X36,active,2026-03-01
X36,active,2026-04-01
X36,inactive,2026-05-01
X36,active,2026-06-01
X37,active,2026-01-01
X37,inactive,2026-02-01
X37,active,2026-03-01
X37,active,2026-04-01
X37,inactive,2026-05-01
X37,inactive,2026-06-01
X37,active,2026-07-01
X38,active,2026-01-01
X38,active,2026-02-01
X38,active,2026-03-01
X38,inactive,2026-04-01
X38,default,2026-05-01
X38,default,2026-06-01
X39,active,2026-01-01
X39,active,2026-02-01
X39,active,2026-03-01
X39,active,2026-04-01
X39,active,2026-05-01
X39,active,2026-06-01
X39,inactive,2026-07-01
X39,active,2026-08-01
X40,inactive,2026-01-01
X40,active,2026-02-01
X40,active,2026-03-01
X40,inactive,2026-04-01
X40,active,2026-05-01
X40,inactive,2026-06-01
X40,active,2026-07-01
X41,inactive,2026-01-01
X41,inactive,2026-02-01
X41,active,2026-03-01
X41,inactive,2026-04-01
X41,active,2026-05-01
X41,inactive,2026-06-01
X41,active,2026-07-01
X41,active,2026-08-01
X41,inactive,2026-09-01
X41,active,2026-10-01
X41,inactive,2026-11-01
X41,inactive,2026-12-01
X42,active,2026-01-01
X42,active,2026-02-01
X42,active,2026-03-01
X42,active,2026-04-01
X42,active,2026-05-01
X42,inactive,2026-06-01
X42,inactive,2026-07-01
X42,inactive,2026-08-01
X42,active,2026-09-01
X43,active,2026-01-01
X43,active,2026-02-01
X43,active,2026-03-01
X43,active,2026-04-01
X43,inactive,2026-05-01
X43,inactive,2026-06-01
X43,inactive,2026-07-01
X43,active,2026-08-01
X43,active,2026-09-01
X43,inactive,2026-10-01
X44,active,2026-01-01
X44,active,2026-02-01
X44,active,2026-03-01
X44,inactive,2026-04-01
X44,active,2026-05-01
X45,active,2026-01-01
X45,active,2026-02-01
X45,active,2026-03-01
X45,active,2026-04-01
X45,active,2026-05-01
X45,inactive,2026-06-01
X45,active,2026-07-01
X45,inactive,2026-08-01
X45,inactive,2026-09-01
X45,inactive,2026-10-01
X45,inactive,2026-11-01
X45,inactive,2026-12-01
X46,active,2026-01-01
X46,active,2026-02-01
X46,active,2026-03-01
X46,active,2026-04-01
X46,inactive,2026-05-01
X46,active,2026-06-01
X46,inactive,2026-07-01
X47,active,2026-01-01
X47,active,2026-02-01
X47,active,2026-03-01
X47,active,2026-04-01
X47,active,2026-05-01
X47,active,2026-06-01
X47,active,2026-07-01
X47,active,2026-08-01
X47,active,2026-09-01
X47,inactive,2026-10-01
X48,active,2026-01-01
X48,active,2026-02-01
X48,active,2026-03-01
X48,active,2026-04-01
X48,active,2026-05-01
X48,active,2026-06-01
X48,active,2026-07-01
X48,inactive,2026-08-01
X48,inactive,2026-09-01
X48,inactive,2026-10-01
X48,inactive,2026-11-01
X48,inactive,2026-12-01
X49,active,2026-01-01
X49,active,2026-02-01
X49,inactive,2026-03-01
X49,active,2026-04-01
X49,inactive,2026-05-01
X49,active,2026-06-01
X49,inactive,2026-07-01
X49,active,2026-08-01
X49,inactive,2026-09-01
X49,active,2026-10-01
X49,inactive,2026-11-01
X49,inactive,2026-12-01
X50,active,2026-01-01
X50,active,2026-02-01
X50,active,2026-03-01
X50,active,2026-04-01
X50,inactive,2026-05-01
X50,inactive,2026-06-01
X50,active,2026-07-01
X50,active,2026-08-01
X50,inactive,2026-09-01
X50,active,2026-10-01
X51,active,2026-01-01
X51,active,2026-02-01
X51,active,2026-03-01
X51,active,2026-04-01
X51,active,2026-05-01
X51,active,2026-06-01
X51,active,2026-07-01
X51,active,2026-08-01
X51,active,2026-09-01
X51,inactive,2026-10-01
X51,active,2026-11-01
X52,active,2026-01-01
X52,active,2026-02-01
X52,active,2026-03-01
X52,active,2026-04-01
X52,active,2026-05-01
X52,active,2026-06-01
X52,active,2026-07-01
X52,active,2026-08-01
X53,active,2026-01-01
X53,active,2026-02-01
X53,active,2026-03-01
X53,active,2026-04-01
X53,inactive,2026-05-01
X53,active,2026-06-01
X54,active,2026-01-01
X54,active,2026-02-01
X54,active,2026-03-01
X54,inactive,2026-04-01
X54,active,2026-05-01
X54,active,2026-06-01
X54,inactive,2026-07-01
X54,active,2026-08-01
X54,inactive,2026-09-01
X55,active,2026-01-01
X55,inactive,2026-02-01
X55,active,2026-03-01
X55,active,2026-04-01
X55,inactive,2026-05-01
X55,active,2026-06-01
X55,inactive,2026-07-01
X55,default,2026-08-01
X56,active,2026-01-01
X56,active,2026-02-01
X56,active,2026-03-01
X56,active,2026-04-01
X56,active,2026-05-01
X57,active,2026-01-01
X57,active,2026-02-01
X57,active,2026-03-01
X57,active,2026-04-01
X57,active,2026-05-01
X57,active,2026-06-01
X57,active,2026-07-01
X57,active,2026-08-01
X57,active,2026-09-01
X57,active,2026-10-01
X57,active,2026-11-01
X57,inactive,2026-12-01
X58,active,2026-01-01
X58,active,2026-02-01
X58,inactive,2026-03-01
X58,inactive,2026-04-01
X58,inactive,2026-05-01
X58,active,2026-06-01
X58,active,2026-07-01
X58,inactive,2026-08-01
X58,inactive,2026-09-01
X58,inactive,2026-10-01
X58,active,2026-11-01
X58,inactive,2026-12-01
X59,active,2026-01-01
X59,inactive,2026-02-01
X59,inactive,2026-03-01
X59,inactive,2026-04-01
X59,active,2026-05-01
X60,active,2026-01-01
X60,active,2026-02-01
X60,active,2026-03-01
X60,active,2026-04-01
X60,inactive,2026-05-01
X60,inactive,2026-06-01
X60,active,2026-07-01
X60,inactive,2026-08-01
X61,active,2026-01-01
X61,active,2026-02-01
X61,inactive,2026-03-01
X61,inactive,2026-04-01
X61,active,2026-05-01
X61,active,2026-06-01
X61,inactive,2026-07-01
X61,active,2026-08-01
X61,inactive,2026-09-01
X61,active,2026-10-01
X61,active,2026-11-01
X61,active,2026-12-01
X62,active,2026-01-01
X62,active,2026-02-01
X62,inactive,2026-03-01
X62,inactive,2026-04-01
X62,inactive,2026-05-01
X62,inactive,2026-06-01
X63,active,2026-01-01
X63,active,2026-02-01
X63,active,2026-03-01
X63,inactive,2026-04-01
X63,active,2026-05-01
X63,inactive,2026-06-01
X63,active,2026-07-01
X63,active,2026-08-01
X63,inactive,2026-09-01
X63,active,2026-10-01
X63,inactive,2026-11-01
X64,active,2026-01-01
X64,active,2026-02-01
X64,active,2026-03-01
X64,active,2026-04-01
X64,active,2026-05-01
X64,active,2026-06-01
X64,inactive,2026-07-01
X65,active,2026-01-01
X65,active,2026-02-01
X65,active,2026-03-01
X65,active,2026-04-01
X65,active,2026-05-01
X65,active,2026-06-01
X65,active,2026-07-01
X65,active,2026-08-01
X65,inactive,2026-09-01
X65,active,2026-10-01
X65,active,2026-11-01
X66,active,2026-01-01
X66,inactive,2026-02-01
X66,active,2026-03-01
X66,inactive,2026-04-01
X66,inactive,2026-05-01
X66,inactive,2026-06-01
X66,inactive,2026-07-01
X66,active,2026-08-01
X66,inactive,2026-09-01
X66,active,2026-10-01
X66,inactive,2026-11-01
X66,active,2026-12-01
X67,active,2026-01-01
X67,active,2026-02-01
X67,active,2026-03-01
X67,inactive,2026-04-01
X67,inactive,2026-05-01
X67,active,2026-06-01
X68,active,2026-01-01
X68,active,2026-02-01
X68,active,2026-03-01
X68,active,2026-04-01
X68,active,2026-05-01
X68,active,2026-06-01
X68,inactive,2026-07-01
X68,default,2026-08-01
X68,default,2026-09-01
X68,default,2026-10-01
X69,active,2026-01-01
X69,active,2026-02-01
X69,active,2026-03-01
X69,active,2026-04-01
X69,active,2026-05-01
X69,active,2026-06-01
X69,active,2026-07-01
X69,active,2026-08-01
X69,active,2026-09-01
X69,active,2026-10-01
X70,active,2026-01-01
X70,inactive,2026-02-01
X70,inactive,2026-03-01
X70,inactive,2026-04-01
X70,active,2026-05-01
X70,active,2026-06-01
X71,active,2026-01-01
X71,active,2026-02-01
X71,active,2026-03-01
X71,active,2026-04-01
X71,active,2026-05-01
X71,inactive,2026-06-01
X71,inactive,2026-07-01
X71,active,2026-08-01
X71,active,2026-09-01
X71,inactive,2026-10-01
X71,inactive,2026-11-01
X71,inactive,2026-12-01
X72,active,2026-01-01
X72,active,2026-02-01
X72,active,2026-03-01
X72,active,2026-04-01
X72,active,2026-05-01
X72,active,2026-06-01
X72,active,2026-07-01
X72,active,2026-08-01
X72,active,2026-09-01
X72,active,2026-10-01
X72,active,2026-11-01
X72,inactive,2026-12-01
X73,active,2026-01-01
X73,active,2026-02-01
X73,active,2026-03-01
X73,active,2026-04-01
X73,active,2026-05-01
X73,active,2026-06-01
X73,inactive,2026-07-01
X73,inactive,2026-08-01
X73,inactive,2026-09-01
X74,active,2026-01-01
X74,active,2026-02-01
X74,inactive,2026-03-01
X74,inactive,2026-04-01
X74,inactive,2026-05-01
X74,active,2026-06-01
X75,active,2026-01-01
X75,active,2026-02-01
X75,active,2026-03-01
X75,inactive,2026-04-01
X75,active,2026-05-01
X75,inactive,2026-06-01
X76,active,2026-01-01
X76,active,2026-02-01
X76,active,2026-03-01
X76,active,2026-04-01
X76,inactive,2026-05-01
X76,inactive,2026-06-01
X76,inactive,2026-07-01
X76,default,2026-08-01
X76,default,2026-09-01
X76,default,2026-10-01
X76,default,2026-11-01
X76,default,2026-12-01
X77,active,2026-01-01
X77,inactive,2026-02-01
X77,active,2026-03-01
X77,inactive,2026-04-01
X77,active,2026-05-01
X78,active,2026-01-01
X78,active,2026-02-01
X78,inactive,2026-03-01
X78,inactive,2026-04-01
X78,inactive,2026-05-01
X79,active,2026-01-01
X79,active,2026-02-01
X79,inactive,2026-03-01
X79,inactive,2026-04-01
X79,active,2026-05-01
X79,active,2026-06-01
X79,inactive,2026-07-01
X80,active,2026-01-01
X80,active,2026-02-01
X80,active,2026-03-01
X80,active,2026-04-01
X80,active,2026-05-01
X80,active,2026-06-01
X80,active,2026-07-01
X80,active,2026-08-01
X80,active,2026-09-01
X80,inactive,2026-10-01
X80,active,2026-11-01
X80,inactive,2026-12-01
X81,active,2026-01-01
X81,inactive,2026-02-01
X81,inactive,2026-03-01
X81,inactive,2026-04-01
X81,active,2026-05-01
X81,active,2026-06-01
X81,inactive,2026-07-01
X82,active,2026-01-01
X82,inactive,2026-02-01
X82,active,2026-03-01
X82,active,2026-04-01
X82,inactive,2026-05-01
X82,inactive,2026-06-01
X82,inactive,2026-07-01
X82,inactive,2026-08-01
X83,active,2026-01-01
X83,active,2026-02-01
X83,active,2026-03-01
X83,active,2026-04-01
X83,active,2026-05-01
X83,inactive,2026-06-01
X84,active,2026-01-01
X84,active,2026-02-01
X84,active,2026-03-01
X84,active,2026-04-01
X84,active,2026-05-01
X84,inactive,2026-06-01
X84,active,2026-07-01
X84,active,2026-08-01
X84,inactive,2026-09-01
X84,active,2026-10-01
X84,inactive,2026-11-01
X84,inactive,2026-12-01
X85,active,2026-01-01
X85,active,2026-02-01
X85,active,2026-03-01
X85,active,2026-04-01
X85,active,2026-05-01
X85,active,2026-06-01
X85,active,2026-07-01
X85,active,2026-08-01
X85,active,2026-09-01
X85,inactive,2026-10-01
X85,active,2026-11-01
X85,inactive,2026-12-01
X86,active,2026-01-01
X86,active,2026-02-01
X86,active,2026-03-01
X86,active,2026-04-01
X86,inactive,2026-05-01
X86,inactive,2026-06-01
X86,active,2026-07-01
X87,active,2026-01-01
X87,active,2026-02-01
X87,active,2026-03-01
X87,inactive,2026-04-01
X87,inactive,2026-05-01
X87,active,2026-06-01
X87,inactive,2026-07-01
X87,inactive,2026-08-01
X88,active,2026-01-01
X88,active,2026-02-01
X88,active,2026-03-01
X88,active,2026-04-01
X88,inactive,2026-05-01
X88,active,2026-06-01
X89,active,2026-01-01
X89,active,2026-02-01
X89,active,2026-03-01
X89,active,2026-04-01
X89,active,2026-05-01
X89,inactive,2026-06-01
X89,inactive,2026-07-01
X90,active,2026-01-01
X90,active,2026-02-01
X90,active,2026-03-01
X90,inactive,2026-04-01
X90,inactive,2026-05-01
X90,active,2026-06-01
X91,active,2026-01-01
X91,active,2026-02-01
X91,inactive,2026-03-01
X91,active,2026-04-01
X91,active,2026-05-01
X92,active,2026-01-01
X92,active,2026-02-01
X92,active,2026-03-01
X92,active,2026-04-01
X92,active,2026-05-01
X92,active,2026-06-01
X92,active,2026-07-01
X92,inactive,2026-08-01
X92,default,2026-09-01
X92,default,2026-10-01
X92,default,2026-11-01
X92,default,2026-12-01
X93,active,2026-01-01
X93,active,2026-02-01
X93,active,2026-03-01
X93,active,2026-04-01
X93,inactive,2026-05-01
X93,inactive,2026-06-01
X93,inactive,2026-07-01
X93,active,2026-08-01
X93,inactive,2026-09-01
X93,inactive,2026-10-01
X93,active,2026-11-01
X93,inactive,2026-12-01
X94,active,2026-01-01
X94,active,2026-02-01
X94,inactive,2026-03-01
X94,inactive,2026-04-01
X94,active,2026-05-01
X94,inactive,2026-06-01
X94,active,2026-07-01
X94,inactive,2026-08-01
X94,active,2026-09-01
X94,inactive,2026-10-01
X94,active,2026-11-01
X94,inactive,2026-12-01
X95,active,2026-01-01
X95,active,2026-02-01
X95,inactive,2026-03-01
X95,inactive,2026-04-01
X95,inactive,2026-05-01
X95,active,2026-06-01
X96,active,2026-01-01
X96,active,2026-02-01
X96,active,2026-03-01
X96,active,2026-04-01
X96,inactive,2026-05-01
X96,inactive,2026-06-01
X96,active,2026-07-01
X96,inactive,2026-08-01
X97,active,2026-01-01
X97,active,2026-02-01
X97,active,2026-03-01
X97,active,2026-04-01
X97,active,2026-05-01
X97,inactive,2026-06-01
X98,active,2026-01-01
X98,active,2026-02-01
X98,active,2026-03-01
X98,active,2026-04-01
X98,active,2026-05-01
X98,active,2026-06-01
X98,active,2026-07-01
X98,active,2026-08-01
X98,active,2026-09-01
X98,active,2026-10-01
X98,inactive,2026-11-01
X98,active,2026-12-01
X99,inactive,2026-01-01
X99,inactive,2026-02-01
X99,inactive,2026-03-01
X99,active,2026-04-01
X99,inactive,2026-05-01
X99,inactive,2026-06-01
X99,inactive,2026-07-01
X99,inactive,2026-08-01
X99,inactive,2026-09-01
X99,active,2026-10-01
X99,inactive,2026-11-01
X99,active,2026-12-01
Y1,active,2026-01-01
Y1,active,2026-02-01
Y1,active,2026-03-01
Y1,active,2026-04-01
Y1,inactive,2026-05-01
Y1,inactive,2026-06-01
Y1,active,2026-07-01
Y1,active,2026-08-01
Y1,inactive,2026-09-01
Y1,active,2026-10-01
Y2,active,2026-01-01
Y2,active,2026-02-01
Y2,active,2026-03-01
Y2,active,2026-04-01
Y2,active,2026-05-01
Y2,active,2026-06-01
Y2,active,2026-07-01
Y2,active,2026-08-01
Y2,inactive,2026-09-01
Y2,active,2026-10-01
Y2,inactive,2026-11-01
Y2,inactive,2026-12-01
Y3,active,2026-01-01
Y3,active,2026-02-01
Y3,active,2026-03-01
Y3,active,2026-04-01
Y3,active,2026-05-01
Y3,active,2026-06-01
Y3,active,2026-07-01
Y3,inactive,2026-08-01
Y4,active,2026-01-01
Y4,active,2026-02-01
Y4,active,2026-03-01
Y4,active,2026-04-01
Y4,active,2026-05-01
Y4,active,2026-06-01
Y4,active,2026-07-01
Y4,active,2026-08-01
Y4,active,2026-09-01
Y4,active,2026-10-01
Y5,inactive,2026-01-01
Y5,active,2026-02-01
Y5,active,2026-03-01
Y5,inactive,2026-04-01
Y5,active,2026-05-01
Y6,active,2026-01-01
Y6,active,2026-02-01
Y6,active,2026-03-01
Y6,inactive,2026-04-01
Y6,inactive,2026-05-01
Y6,inactive,2026-06-01
Y7,active,2026-01-01
Y7,active,2026-02-01
Y7,active,2026-03-01
Y7,inactive,2026-04-01
Y7,default,2026-05-01
Y7,default,2026-06-01
Y8,active,2026-01-01
Y8,active,2026-02-01
Y8,active,2026-03-01
Y8,active,2026-04-01
Y8,active,2026-05-01
Y8,active,2026-06-01
Y8,active,2026-07-01
Y8,inactive,2026-08-01
Y9,active,2026-01-01
Y9,active,2026-02-01
Y9,active,2026-03-01
Y9,active,2026-04-01
Y9,inactive,2026-05-01
Y10,active,2026-01-01
Y10,active,2026-02-01
Y10,active,2026-03-01
Y10,active,2026-04-01
Y10,active,2026-05-01
Y10,active,2026-06-01
Y10,active,2026-07-01
Y10,active,2026-08-01
Y10,inactive,2026-09-01
Y10,active,2026-10-01
Y10,active,2026-11-01
Y10,inactive,2026-12-01
Y11,active,2026-01-01
Y11,active,2026-02-01
Y11,inactive,2026-03-01
Y11,inactive,2026-04-01
Y11,inactive,2026-05-01
Y11,inactive,2026-06-01
Y12,active,2026-01-01
Y12,active,2026-02-01
Y12,active,2026-03-01
Y12,active,2026-04-01
Y12,active,2026-05-01
Y12,active,2026-06-01
Y12,active,2026-07-01
Y12,active,2026-08-01
Y12,active,2026-09-01
Y12,active,2026-10-01
Y12,inactive,2026-11-01
Y13,active,2026-01-01
Y13,active,2026-02-01
Y13,active,2026-03-01
Y13,active,2026-04-01
Y13,active,2026-05-01
Y13,active,2026-06-01
Y13,active,2026-07-01
Y13,active,2026-08-01
Y13,inactive,2026-09-01
Y13,active,2026-10-01
Y13,inactive,2026-11-01
Y14,active,2026-01-01
Y14,inactive,2026-02-01
Y14,inactive,2026-03-01
Y14,inactive,2026-04-01
Y14,inactive,2026-05-01
Y14,inactive,2026-06-01
Y14,inactive,2026-07-01
Y14,inactive,2026-08-01
Y14,active,2026-09-01
Y14,inactive,2026-10-01
Y14,inactive,2026-11-01
Y14,active,2026-12-01
Y15,active,2026-01-01
Y15,active,2026-02-01
Y15,active,2026-03-01
Y15,active,2026-04-01
Y15,active,2026-05-01
Y15,active,2026-06-01
Y16,active,2026-01-01
Y16,active,2026-02-01
Y16,active,2026-03-01
Y16,active,2026-04-01
Y16,active,2026-05-01
Y16,inactive,2026-06-01
Y16,inactive,2026-07-01
Y16,active,2026-08-01
Y17,active,2026-01-01
Y17,active,2026-02-01
Y17,active,2026-03-01
Y17,active,2026-04-01
Y17,inactive,2026-05-01
Y17,inactive,2026-06-01
Y18,active,2026-01-01
Y18,active,2026-02-01
Y18,inactive,2026-03-01
Y18,active,2026-04-01
Y18,inactive,2026-05-01
Y18,inactive,2026-06-01
Y18,inactive,2026-07-01
Y18,inactive,2026-08-01
Y18,active,2026-09-01
Y18,active,2026-10-01
Y18,inactive,2026-11-01
Y18,inactive,2026-12-01
Y19,active,2026-01-01
Y19,active,2026-02-01
Y19,active,2026-03-01
Y19,active,2026-04-01
Y19,active,2026-05-01
Y19,inactive,2026-06-01
Y19,active,2026-07-01
Y19,active,2026-08-01
Y19,inactive,2026-09-01
Y19,active,2026-10-01
Y19,inactive,2026-11-01
Y19,active,2026-12-01
Y20,active,2026-01-01
Y20,inactive,2026-02-01
Y20,active,2026-03-01
Y20,inactive,2026-04-01
Y20,inactive,2026-05-01
Y20,active,2026-06-01
Y20,active,2026-07-01
Y20,inactive,2026-08-01
Y21,active,2026-01-01
Y21,active,2026-02-01
Y21,active,2026-03-01
Y21,active,2026-04-01
Y21,active,2026-05-01
Y21,active,2026-06-01
Y21,active,2026-07-01
Y21,inactive,2026-08-01
Y21,active,2026-09-01
Y21,inactive,2026-10-01
Y21,active,2026-11-01
Y21,inactive,2026-12-01
Y22,inactive,2026-01-01
Y22,active,2026-02-01
Y22,inactive,2026-03-01
Y22,inactive,2026-04-01
Y22,active,2026-05-01
Y23,active,2026-01-01
Y23,active,2026-02-01
Y23,inactive,2026-03-01
Y23,inactive,2026-04-01
Y23,default,2026-05-01
Y23,default,2026-06-01
Y24,active,2026-01-01
Y24,active,2026-02-01
Y24,inactive,2026-03-01
Y24,inactive,2026-04-01
Y24,active,2026-05-01
Y24,active,2026-06-01
Y24,active,2026-07-01
Y24,inactive,2026-08-01
Y24,inactive,2026-09-01
Y24,inactive,2026-10-01
Y24,active,2026-11-01
Y24,active,2026-12-01
Y25,active,2026-01-01
Y25,active,2026-02-01
Y25,active,2026-03-01
Y25,active,2026-04-01
Y25,inactive,2026-05-01
Y25,active,2026-06-01
Y25,inactive,2026-07-01
Y26,active,2026-01-01
Y26,active,2026-02-01
Y26,inactive,2026-03-01
Y26,inactive,2026-04-01
Y26,inactive,2026-05-01
Y26,inactive,2026-06-01
Y26,default,2026-07-01
Y26,default,2026-08-01
Y26,default,2026-09-01
Y26,default,2026-10-01
Y27,active,2026-01-01
Y27,active,2026-02-01
Y27,active,2026-03-01
Y27,active,2026-04-01
Y27,active,2026-05-01
Y27,active,2026-06-01
Y27,active,2026-07-01
Y27,active,2026-08-01
Y27,inactive,2026-09-01
Y27,inactive,2026-10-01
Y27,inactive,2026-11-01
Y27,active,2026-12-01
Y28,active,2026-01-01
Y28,active,2026-02-01
Y28,active,2026-03-01
Y28,inactive,2026-04-01
Y28,inactive,2026-05-01
Y29,active,2026-01-01
Y29,inactive,2026-02-01
Y29,inactive,2026-03-01
Y29,active,2026-04-01
Y29,active,2026-05-01
Y29,active,2026-06-01
Y29,active,2026-07-01
Y30,active,2026-01-01
Y30,active,2026-02-01
Y30,active,2026-03-01
Y30,active,2026-04-01
Y30,inactive,2026-05-01
Y30,active,2026-06-01
Y30,inactive,2026-07-01
Y30,inactive,2026-08-01
Y30,active,2026-09-01
Y30,active,2026-10-01
Y30,active,2026-11-01
Y30,inactive,2026-12-01
Y31,active,2026-01-01
Y31,active,2026-02-01
Y31,active,2026-03-01
Y31,active,2026-04-01
Y31,active,2026-05-01
Y31,active,2026-06-01
Y31,active,2026-07-01
Y31,inactive,2026-08-01
Y31,active,2026-09-01
Y31,inactive,2026-10-01
Y31,inactive,2026-11-01
Y31,inactive,2026-12-01
Y32,active,2026-01-01
Y32,active,2026-02-01
Y32,active,2026-03-01
Y32,active,2026-04-01
Y32,active,2026-05-01
Y32,active,2026-06-01
Y33,active,2026-01-01
Y33,active,2026-02-01
Y33,active,2026-03-01
Y33,active,2026-04-01
Y33,active,2026-05-01
Y33,inactive,2026-06-01
Y33,inactive,2026-07-01
Y34,active,2026-01-01
Y34,inactive,2026-02-01
Y34,inactive,2026-03-01
Y34,inactive,2026-04-01
Y34,inactive,2026-05-01
Y35,active,2026-01-01
Y35,active,2026-02-01
Y35,active,2026-03-01
Y35,active,2026-04-01
Y35,active,2026-05-01
Y35,active,2026-06-01
Y35,active,2026-07-01
Y35,inactive,2026-08-01
Y35,active,2026-09-01
Y35,active,2026-10-01
Y36,active,2026-01-01
Y36,active,2026-02-01
Y36,active,2026-03-01
Y36,active,2026-04-01
Y36,active,2026-05-01
Y36,active,2026-06-01
Y36,active,2026-07-01
Y36,active,2026-08-01
Y36,inactive,2026-09-01
Y36,active,2026-10-01
Y36,inactive,2026-11-01
Y36,inactive,2026-12-01
Y37,active,2026-01-01
Y37,active,2026-02-01
Y37,active,2026-03-01
Y37,active,2026-04-01
Y37,active,2026-05-01
Y37,inactive,2026-06-01
Y37,default,2026-07-01
Y37,default,2026-08-01
Y37,default,2026-09-01
Y37,default,2026-10-01
Y37,default,2026-11-01
Y37,default,2026-12-01
Y38,active,2026-01-01
Y38,active,2026-02-01
Y38,active,2026-03-01
Y38,inactive,2026-04-01
Y38,inactive,2026-05-01
Y39,active,2026-01-01
Y39,active,2026-02-01
Y39,active,2026-03-01
Y39,active,2026-04-01
Y39,active,2026-05-01
Y39,active,2026-06-01
Y39,active,2026-07-01
Y39,active,2026-08-01
Y39,active,2026-09-01
Y39,active,2026-10-01
Y39,inactive,2026-11-01
Y40,active,2026-01-01
Y40,active,2026-02-01
Y40,active,2026-03-01
Y40,active,2026-04-01
Y40,active,2026-05-01
Y40,active,2026-06-01
Y40,active,2026-07-01
Y40,inactive,2026-08-01
Y40,active,2026-09-01
Y40,inactive,2026-10-01
Y40,active,2026-11-01
Y40,active,2026-12-01
Y41,active,2026-01-01
Y41,active,2026-02-01
Y41,active,2026-03-01
Y41,inactive,2026-04-01
Y41,active,2026-05-01
Y41,inactive,2026-06-01
Y41,active,2026-07-01
Y41,inactive,2026-08-01
Y41,inactive,2026-09-01
Y42,active,2026-01-01
Y42,active,2026-02-01
Y42,active,2026-03-01
Y42,active,2026-04-01
Y42,active,2026-05-01
Y42,active,2026-06-01
Y42,inactive,2026-07-01
Y42,active,2026-08-01
Y42,active,2026-09-01
Y43,active,2026-01-01
Y43,inactive,2026-02-01
Y43,inactive,2026-03-01
Y43,active,2026-04-01
Y43,inactive,2026-05-01
Y43,inactive,2026-06-01
Y43,inactive,2026-07-01
Y44,active,2026-01-01
Y44,inactive,2026-02-01
Y44,default,2026-03-01
Y44,default,2026-04-01
Y44,default,2026-05-01
Y45,active,2026-01-01
Y45,active,2026-02-01
Y45,active,2026-03-01
Y45,active,2026-04-01
Y45,active,2026-05-01
Y45,active,2026-06-01
Y45,inactive,2026-07-01
Y45,active,2026-08-01
Y45,inactive,2026-09-01
Y45,active,2026-10-01
Y45,inactive,2026-11-01
Y45,active,2026-12-01
Y46,active,2026-01-01
Y46,active,2026-02-01
Y46,active,2026-03-01
Y46,active,2026-04-01
Y46,active,2026-05-01
Y46,inactive,2026-06-01
Y46,active,2026-07-01
Y47,active,2026-01-01
Y47,active,2026-02-01
Y47,active,2026-03-01
Y47,active,2026-04-01
Y47,active,2026-05-01
Y47,active,2026-06-01
Y47,active,2026-07-01
Y47,active,2026-08-01
Y47,active,2026-09-01
Y47,active,2026-10-01
Y47,inactive,2026-11-01
Y47,inactive,2026-12-01
Y48,active,2026-01-01
Y48,active,2026-02-01
Y48,inactive,2026-03-01
Y48,active,2026-04-01
Y48,inactive,2026-05-01
Y48,active,2026-06-01
Y48,inactive,2026-07-01
Y48,active,2026-08-01
Y48,inactive,2026-09-01
Y49,active,2026-01-01
Y49,inactive,2026-02-01
Y49,active,2026-03-01
Y49,inactive,2026-04-01
Y49,inactive,2026-05-01
Y50,active,2026-01-01
Y50,active,2026-02-01
Y50,active,2026-03-01
Y50,active,2026-04-01
Y50,active,2026-05-01
Y50,active,2026-06-01
Y50,inactive,2026-07-01
Y50,active,2026-08-01
Y50,inactive,2026-09-01
Y51,active,2026-01-01
Y51,inactive,2026-02-01
Y51,active,2026-03-01
Y51,inactive,2026-04-01
Y51,inactive,2026-05-01
Y51,active,2026-06-01
Y51,inactive,2026-07-01
Y52,active,2026-01-01
Y52,active,2026-02-01
Y52,inactive,2026-03-01
Y52,inactive,2026-04-01
Y52,inactive,2026-05-01
Y52,active,2026-06-01
Y52,inactive,2026-07-01
Y52,active,2026-08-01
Y53,active,2026-01-01
Y53,active,2026-02-01
Y53,active,2026-03-01
Y53,inactive,2026-04-01
Y53,inactive,2026-05-01
Y53,default,2026-06-01
Y53,default,2026-07-01
Y53,default,2026-08-01
Y53,default,2026-09-01
Y53,default,2026-10-01
Y53,default,2026-11-01
Y54,active,2026-01-01
Y54,active,2026-02-01
Y54,active,2026-03-01
Y54,active,2026-04-01
Y54,inactive,2026-05-01
Y54,inactive,2026-06-01
Y55,active,2026-01-01
Y55,active,2026-02-01
Y55,active,2026-03-01
Y55,inactive,2026-04-01
Y55,inactive,2026-05-01
Y55,active,2026-06-01
Y55,inactive,2026-07-01
Y55,inactive,2026-08-01
Y55,inactive,2026-09-01
Y56,active,2026-01-01
Y56,active,2026-02-01
Y56,active,2026-03-01
Y56,active,2026-04-01
Y56,inactive,2026-05-01
Y56,inactive,2026-06-01
Y56,inactive,2026-07-01
Y56,active,2026-08-01
Y56,inactive,2026-09-01
Y56,active,2026-10-01
Y56,active,2026-11-01
Y56,inactive,2026-12-01
Y57,active,2026-01-01
Y57,active,2026-02-01
Y57,active,2026-03-01
Y57,active,2026-04-01
Y57,active,2026-05-01
Y57,active,2026-06-01
Y57,active,2026-07-01
Y57,inactive,2026-08-01
Y57,inactive,2026-09-01
Y57,inactive,2026-10-01
Y57,inactive,2026-11-01
Y57,active,2026-12-01
Y58,active,2026-01-01
Y58,active,2026-02-01
Y58,active,2026-03-01
Y58,active,2026-04-01
Y58,active,2026-05-01
Y58,active,2026-06-01
Y58,active,2026-07-01
Y58,inactive,2026-08-01
Y59,active,2026-01-01
Y59,active,2026-02-01
Y59,active,2026-03-01
Y59,active,2026-04-01
Y59,active,2026-05-01
Y59,active,2026-06-01
Y59,active,2026-07-01
Y59,inactive,2026-08-01
Y59,active,2026-09-01
Y59,inactive,2026-10-01
Y59,inactive,2026-11-01
Y59,active,2026-12-01
Y60,active,2026-01-01
Y60,inactive,2026-02-01
Y60,inactive,2026-03-01
Y60,active,2026-04-01
Y60,inactive,2026-05-01
Y60,inactive,2026-06-01
Y60,active,2026-07-01
Y60,inactive,2026-08-01
Y60,inactive,2026-09-01
Y60,inactive,2026-10-01
Y60,active,2026-11-01
Y61,active,2026-01-01
Y61,active,2026-02-01
Y61,active,2026-03-01
Y61,active,2026-04-01
Y61,active,2026-05-01
Y61,active,2026-06-01
Y61,active,2026-07-01
Y61,active,2026-08-01
Y61,active,2026-09-01
Y61,inactive,2026-10-01
Y61,inactive,2026-11-01
Y61,inactive,2026-12-01
Y62,active,2026-01-01
Y62,active,2026-02-01
Y62,active,2026-03-01
Y62,active,2026-04-01
Y62,active,2026-05-01
Y62,active,2026-06-01
Y62,active,2026-07-01
Y62,inactive,2026-08-01
Y62,inactive,2026-09-01
Y62,inactive,2026-10-01
Y62,inactive,2026-11-01
Y62,inactive,2026-12-01
Y63,active,2026-01-01
Y63,active,2026-02-01
Y63,active,2026-03-01
Y63,inactive,2026-04-01
Y63,default,2026-05-01
Y63,default,2026-06-01
Y63,default,2026-07-01
Y63,default,2026-08-01
Y63,default,2026-09-01
Y63,default,2026-10-01
Y63,default,2026-11-01
Y63,default,2026-12-01
Y64,active,2026-01-01
Y64,active,2026-02-01
Y64,active,2026-03-01
Y64,active,2026-04-01
Y64,active,2026-05-01
Y64,active,2026-06-01
Y64,active,2026-07-01
Y64,active,2026-08-01
Y64,active,2026-09-01
Y64,inactive,2026-10-01
Y65,active,2026-01-01
Y65,active,2026-02-01
Y65,active,2026-03-01
Y65,active,2026-04-01
Y65,active,2026-05-01
Y65,active,2026-06-01
Y65,inactive,2026-07-01
Y66,active,2026-01-01
Y66,active,2026-02-01
Y66,active,2026-03-01
Y66,active,2026-04-01
Y66,active,2026-05-01
Y66,active,2026-06-01
Y66,active,2026-07-01
Y67,active,2026-01-01
Y67,active,2026-02-01
Y67,inactive,2026-03-01
Y67,active,2026-04-01
Y67,inactive,2026-05-01
Y68,active,2026-01-01
Y68,active,2026-02-01
Y68,active,2026-03-01
Y68,inactive,2026-04-01
Y68,active,2026-05-01
Y68,inactive,2026-06-01
Y68,active,2026-07-01
Y69,active,2026-01-01
Y69,active,2026-02-01
Y69,active,2026-03-01
Y69,active,2026-04-01
Y69,active,2026-05-01
Y69,inactive,2026-06-01
Y69,active,2026-07-01
Y69,inactive,2026-08-01
Y69,inactive,2026-09-01
Y69,default,2026-10-01
Y69,default,2026-11-01
Y69,default,2026-12-01
Y70,active,2026-01-01
Y70,active,2026-02-01
Y70,active,2026-03-01
Y70,active,2026-04-01
Y70,active,2026-05-01
Y70,active,2026-06-01
Y71,active,2026-01-01
Y71,inactive,2026-02-01
Y71,active,2026-03-01
Y71,inactive,2026-04-01
Y71,active,2026-05-01
Y71,active,2026-06-01
Y71,active,2026-07-01
Y72,active,2026-01-01
Y72,active,2026-02-01
Y72,active,2026-03-01
Y72,inactive,2026-04-01
Y72,inactive,2026-05-01
Y72,inactive,2026-06-01
Y73,active,2026-01-01
Y73,active,2026-02-01
Y73,active,2026-03-01
Y73,active,2026-04-01
Y73,active,2026-05-01
Y73,active,2026-06-01
Y73,active,2026-07-01
Y73,active,2026-08-01
Y73,inactive,2026-09-01
Y73,inactive,2026-10-01
Y73,inactive,2026-11-01
Y73,active,2026-12-01
Y74,active,2026-01-01
Y74,active,2026-02-01
Y74,active,2026-03-01
Y74,inactive,2026-04-01
Y74,inactive,2026-05-01
Y74,inactive,2026-06-01
Y74,active,2026-07-01
Y74,inactive,2026-08-01
Y74,active,2026-09-01
Y74,inactive,2026-10-01
Y74,inactive,2026-11-01
Y74,active,2026-12-01
Y75,active,2026-01-01
Y75,active,2026-02-01
Y75,active,2026-03-01
Y75,active,2026-04-01
Y75,active,2026-05-01
Y75,active,2026-06-01
Y75,active,2026-07-01
Y75,active,2026-08-01
Y75,inactive,2026-09-01
Y75,active,2026-10-01
Y75,inactive,2026-11-01
Y76,active,2026-01-01
Y76,active,2026-02-01
Y76,active,2026-03-01
Y76,active,2026-04-01
Y76,active,2026-05-01
Y76,active,2026-06-01
Y77,active,2026-01-01
Y77,active,2026-02-01
Y77,active,2026-03-01
Y77,active,2026-04-01
Y77,active,2026-05-01
Y77,active,2026-06-01
Y77,active,2026-07-01
Y77,active,2026-08-01
Y77,inactive,2026-09-01
Y77,active,2026-10-01
Y78,active,2026-01-01
Y78,active,2026-02-01
Y78,inactive,2026-03-01
Y78,inactive,2026-04-01
Y78,active,2026-05-01
Y78,inactive,2026-06-01
Y78,inactive,2026-07-01
Y78,inactive,2026-08-01
Y78,inactive,2026-09-01
Y78,active,2026-10-01
Y79,active,2026-01-01
Y79,active,2026-02-01
Y79,inactive,2026-03-01
Y79,inactive,2026-04-01
Y79,active,2026-05-01
Y79,inactive,2026-06-01
Y80,active,2026-01-01
Y80,active,2026-02-01
Y80,active,2026-03-01
Y80,active,2026-04-01
Y80,active,2026-05-01
Y80,active,2026-06-01
Y80,active,2026-07-01
Y80,active,2026-08-01
Y80,active,2026-09-01
Y80,active,2026-10-01
Y80,inactive,2026-11-01
Y80,inactive,2026-12-01
Y81,active,2026-01-01
Y81,active,2026-02-01
Y81,active,2026-03-01
Y81,active,2026-04-01
Y81,active,2026-05-01
Y81,active,2026-06-01
Y81,inactive,2026-07-01
Y81,active,2026-08-01
Y81,inactive,2026-09-01
Y81,inactive,2026-10-01
Y82,active,2026-01-01
Y82,active,2026-02-01
Y82,active,2026-03-01
Y82,inactive,2026-04-01
Y82,active,2026-05-01
Y82,inactive,2026-06-01
Y82,default,2026-07-01
Y83,active,2026-01-01
Y83,active,2026-02-01
Y83,active,2026-03-01
Y83,active,2026-04-01
Y83,active,2026-05-01
Y83,active,2026-06-01
Y83,active,2026-07-01
Y83,inactive,2026-08-01
Y83,inactive,2026-09-01
Y84,active,2026-01-01
Y84,inactive,2026-02-01
Y84,inactive,2026-03-01
Y84,inactive,2026-04-01
Y84,active,2026-05-01
Y84,active,2026-06-01
Y84,inactive,2026-07-01
Y85,active,2026-01-01
Y85,active,2026-02-01
Y85,active,2026-03-01
Y85,active,2026-04-01
Y85,active,2026-05-01
Y85,active,2026-06-01
Y86,active,2026-01-01
Y86,active,2026-02-01
Y86,active,2026-03-01
Y86,active,2026-04-01
Y86,active,2026-05-01
Y86,active,2026-06-01
Y86,active,2026-07-01
Y86,active,2026-08-01
Y86,inactive,2026-09-01
Y87,inactive,2026-01-01
Y87,inactive,2026-02-01
Y87,inactive,2026-03-01
Y87,active,2026-04-01
Y87,active,2026-05-01
Y87,inactive,2026-06-01
Y87,inactive,2026-07-01
Y87,active,2026-08-01
Y87,inactive,2026-09-01
Y87,inactive,2026-10-01
Y87,active,2026-11-01
Y87,inactive,2026-12-01
Y88,active,2026-01-01
Y88,active,2026-02-01
Y88,active,2026-03-01
Y88,active,2026-04-01
Y88,inactive,2026-05-01
Y88,inactive,2026-06-01
Y88,active,2026-07-01
Y88,active,2026-08-01
Y88,inactive,2026-09-01
Y89,active,2026-01-01
Y89,active,2026-02-01
Y89,active,2026-03-01
Y89,active,2026-04-01
Y89,inactive,2026-05-01
Y90,active,2026-01-01
Y90,active,2026-02-01
Y90,active,2026-03-01
Y90,active,2026-04-01
Y90,inactive,2026-05-01
Y90,inactive,2026-06-01
Y90,active,2026-07-01
Y90,active,2026-08-01
Y91,active,2026-01-01
Y91,active,2026-02-01
Y91,active,2026-03-01
Y91,active,2026-04-01
Y91,active,2026-05-01
Y91,active,2026-06-01
Y91,active,2026-07-01
Y91,active,2026-08-01
Y91,active,2026-09-01
Y91,active,2026-10-01
Y91,active,2026-11-01
Y91,inactive,2026-12-01
Y92,active,2026-01-01
Y92,active,2026-02-01
Y92,active,2026-03-01
Y92,active,2026-04-01
Y92,active,2026-05-01
Y92,inactive,2026-06-01
Y92,inactive,2026-07-01
Y92,inactive,2026-08-01
Y93,active,2026-01-01
Y93,active,2026-02-01
Y93,active,2026-03-01
Y93,inactive,2026-04-01
Y93,inactive,2026-05-01
Y94,active,2026-01-01
Y94,active,2026-02-01
Y94,active,2026-03-01
Y94,active,2026-04-01
Y94,active,2026-05-01
Y94,active,2026-06-01
Y94,active,2026-07-01
Y94,active,2026-08-01
Y94,active,2026-09-01
Y95,active,2026-01-01
Y95,active,2026-02-01
Y95,active,2026-03-01
Y95,active,2026-04-01
Y95,active,2026-05-01
Y95,active,2026-06-01
Y95,active,2026-07-01
Y95,inactive,2026-08-01
Y95,default,2026-09-01
Y95,default,2026-10-01
Y95,default,2026-11-01
Y95,default,2026-12-01
Y96,active,2026-01-01
Y96,inactive,2026-02-01
Y96,active,2026-03-01
Y96,inactive,2026-04-01
Y96,active,2026-05-01
Y96,inactive,2026-06-01
Y96,active,2026-07-01
Y97,active,2026-01-01
Y97,active,2026-02-01
Y97,active,2026-03-01
Y97,active,2026-04-01
Y97,active,2026-05-01
Y97,inactive,2026-06-01
Y97,inactive,2026-07-01
Y97,inactive,2026-08-01
Y98,active,2026-01-01
Y98,active,2026-02-01
Y98,active,2026-03-01
Y98,active,2026-04-01
Y98,active,2026-05-01
Y98,active,2026-06-01
Y98,active,2026-07-01
Y98,active,2026-08-01
Y98,active,2026-09-01
Y98,active,2026-10-01
Y98,active,2026-11-01
Y98,active,2026-12-01
Y99,active,2026-01-01
Y99,active,2026-02-01
Y99,inactive,2026-03-01
Y99,inactive,2026-04-01
Y99,inactive,2026-05-01
Y99,inactive,2026-06-01
Y99,inactive,2026-07-01
Y99,active,2026-08-01
Y99,inactive,2026-09-01
Z1,inactive,2026-01-01
Z1,inactive,2026-02-01
Z1,inactive,2026-03-01
Z1,active,2026-04-01
Z1,inactive,2026-05-01
Z1,active,2026-06-01
Z1,inactive,2026-07-01
Z1,inactive,2026-08-01
Z1,inactive,2026-09-01
Z1,inactive,2026-10-01
Z1,active,2026-11-01
Z2,active,2026-01-01
Z2,active,2026-02-01
Z2,active,2026-03-01
Z2,active,2026-04-01
Z2,active,2026-05-01
Z2,active,2026-06-01
Z3,active,2026-01-01
Z3,active,2026-02-01
Z3,active,2026-03-01
Z3,active,2026-04-01
Z3,active,2026-05-01
Z3,active,2026-06-01
Z3,inactive,2026-07-01
Z3,active,2026-08-01
Z4,active,2026-01-01
Z4,active,2026-02-01
Z4,active,2026-03-01
Z4,active,2026-04-01
Z4,active,2026-05-01
Z4,active,2026-06-01
Z4,active,2026-07-01
Z4,inactive,2026-08-01
Z4,inactive,2026-09-01
Z4,inactive,2026-10-01
Z4,active,2026-11-01
Z4,inactive,2026-12-01
Z5,active,2026-01-01
Z5,active,2026-02-01
Z5,active,2026-03-01
Z5,inactive,2026-04-01
Z5,inactive,2026-05-01
Z5,inactive,2026-06-01
Z5,inactive,2026-07-01
Z5,inactive,2026-08-01
Z5,inactive,2026-09-01
Z5,inactive,2026-10-01
Z5,active,2026-11-01
Z6,active,2026-01-01
Z6,active,2026-02-01
Z6,active,2026-03-01
Z6,active,2026-04-01
Z6,inactive,2026-05-01
Z6,active,2026-06-01
Z6,inactive,2026-07-01
Z6,active,2026-08-01
Z6,inactive,2026-09-01
Z6,inactive,2026-10-01
Z7,inactive,2026-01-01
Z7,inactive,2026-02-01
Z7,active,2026-03-01
Z7,inactive,2026-04-01
Z7,inactive,2026-05-01
Z8,active,2026-01-01
Z8,active,2026-02-01
Z8,active,2026-03-01
Z8,active,2026-04-01
Z8,active,2026-05-01
Z8,active,2026-06-01
Z8,inactive,2026-07-01
Z9,active,2026-01-01
Z9,active,2026-02-01
Z9,active,2026-03-01
Z9,active,2026-04-01
Z9,inactive,2026-05-01
Z10,active,2026-01-01
Z10,active,2026-02-01
Z10,active,2026-03-01
Z10,active,2026-04-01
Z10,active,2026-05-01
Z10,inactive,2026-06-01
Z10,active,2026-07-01
Z10,inactive,2026-08-01
Z10,active,2026-09-01
Z10,active,2026-10-01
Z10,active,2026-11-01
Z10,active,2026-12-01
Z11,active,2026-01-01
Z11,active,2026-02-01
Z11,active,2026-03-01
Z11,active,2026-04-01
Z11,active,2026-05-01
Z12,active,2026-01-01
Z12,active,2026-02-01
Z12,active,2026-03-01
Z12,active,2026-04-01
Z12,active,2026-05-01
Z12,inactive,2026-06-01
Z13,active,2026-01-01
Z13,active,2026-02-01
Z13,active,2026-03-01
Z13,active,2026-04-01
Z13,inactive,2026-05-01
Z13,default,2026-06-01
Z13,default,2026-07-01
Z13,default,2026-08-01
Z13,default,2026-09-01
Z13,default,2026-10-01
Z14,active,2026-01-01
Z14,active,2026-02-01
Z14,active,2026-03-01
Z14,active,2026-04-01
Z14,active,2026-05-01
Z14,active,2026-06-01
Z14,active,2026-07-01
Z14,active,2026-08-01
Z14,active,2026-09-01
Z14,active,2026-10-01
Z15,active,2026-01-01
Z15,active,2026-02-01
Z15,active,2026-03-01
Z15,active,2026-04-01
Z15,inactive,2026-05-01
Z15,active,2026-06-01
Z15,inactive,2026-07-01
Z16,inactive,2026-01-01
Z16,active,2026-02-01
Z16,inactive,2026-03-01
Z16,inactive,2026-04-01
Z16,active,2026-05-01
Z16,active,2026-06-01
Z16,active,2026-07-01
Z16,inactive,2026-08-01
Z16,active,2026-09-01
Z16,inactive,2026-10-01
Z16,active,2026-11-01
Z16,inactive,2026-12-01
Z17,active,2026-01-01
Z17,active,2026-02-01
Z17,active,2026-03-01
Z17,active,2026-04-01
Z17,active,2026-05-01
Z17,inactive,2026-06-01
Z17,active,2026-07-01
Z17,inactive,2026-08-01
Z17,inactive,2026-09-01
Z17,inactive,2026-10-01
Z17,active,2026-11-01
Z17,active,2026-12-01
Z18,active,2026-01-01
Z18,active,2026-02-01
Z18,active,2026-03-01
Z18,active,2026-04-01
Z18,active,2026-05-01
Z18,active,2026-06-01
Z18,active,2026-07-01
Z18,inactive,2026-08-01
Z18,active,2026-09-01
Z18,active,2026-10-01
Z18,active,2026-11-01
Z18,inactive,2026-12-01
Z19,active,2026-01-01
Z19,inactive,2026-02-01
Z19,active,2026-03-01
Z19,inactive,2026-04-01
Z19,inactive,2026-05-01
Z19,inactive,2026-06-01
Z19,inactive,2026-07-01
Z19,active,2026-08-01
Z19,inactive,2026-09-01
Z19,inactive,2026-10-01
Z19,active,2026-11-01
Z19,inactive,2026-12-01
Z20,active,2026-01-01
Z20,active,2026-02-01
Z20,active,2026-03-01
Z20,active,2026-04-01
Z20,active,2026-05-01
Z20,inactive,2026-06-01
Z20,active,2026-07-01
Z21,active,2026-01-01
Z21,active,2026-02-01
Z21,inactive,2026-03-01
Z21,inactive,2026-04-01
Z21,active,2026-05-01
Z21,inactive,2026-06-01
Z21,active,2026-07-01
Z21,inactive,2026-08-01
Z21,active,2026-09-01
Z21,active,2026-10-01
Z21,inactive,2026-11-01
Z21,inactive,2026-12-01
Z22,active,2026-01-01
Z22,active,2026-02-01
Z22,active,2026-03-01
Z22,active,2026-04-01
Z22,active,2026-05-01
Z22,active,2026-06-01
Z22,active,2026-07-01
Z22,active,2026-08-01
Z22,active,2026-09-01
Z22,active,2026-10-01
Z22,active,2026-11-01
Z22,inactive,2026-12-01
Z23,active,2026-01-01
Z23,active,2026-02-01
Z23,active,2026-03-01
Z23,active,2026-04-01
Z23,active,2026-05-01
Z23,active,2026-06-01
Z23,active,2026-07-01
Z23,active,2026-08-01
Z23,active,2026-09-01
Z23,active,2026-10-01
Z23,inactive,2026-11-01
Z23,active,2026-12-01
Z24,active,2026-01-01
Z24,active,2026-02-01
Z24,active,2026-03-01
Z24,active,2026-04-01
Z24,active,2026-05-01
Z24,active,2026-06-01
Z24,active,2026-07-01
Z24,active,2026-08-01
Z24,active,2026-09-01
Z24,active,2026-10-01
Z24,active,2026-11-01
Z25,active,2026-01-01
Z25,active,2026-02-01
Z25,inactive,2026-03-01
Z25,inactive,2026-04-01
Z25,inactive,2026-05-01
Z25,inactive,2026-06-01
Z25,inactive,2026-07-01
Z25,inactive,2026-08-01
Z26,active,2026-01-01
Z26,active,2026-02-01
Z26,active,2026-03-01
Z26,active,2026-04-01
Z26,active,2026-05-01
Z26,active,2026-06-01
Z26,active,2026-07-01
Z26,inactive,2026-08-01
Z26,inactive,2026-09-01
Z26,inactive,2026-10-01
Z26,active,2026-11-01
Z27,active,2026-01-01
Z27,active,2026-02-01
Z27,active,2026-03-01
Z27,active,2026-04-01
Z27,active,2026-05-01
Z28,active,2026-01-01
Z28,active,2026-02-01
Z28,inactive,2026-03-01
Z28,inactive,2026-04-01
Z28,inactive,2026-05-01
Z28,active,2026-06-01
Z28,inactive,2026-07-01
Z28,active,2026-08-01
Z28,inactive,2026-09-01
Z29,active,2026-01-01
Z29,active,2026-02-01
Z29,active,2026-03-01
Z29,inactive,2026-04-01
Z29,inactive,2026-05-01
Z29,active,2026-06-01
Z29,inactive,2026-07-01
Z29,active,2026-08-01
Z29,inactive,2026-09-01
Z29,inactive,2026-10-01
Z29,active,2026-11-01
Z30,active,2026-01-01
Z30,active,2026-02-01
Z30,active,2026-03-01
Z30,active,2026-04-01
Z30,active,2026-05-01
Z30,active,2026-06-01
Z30,inactive,2026-07-01
Z30,inactive,2026-08-01
Z30,active,2026-09-01
Z30,active,2026-10-01
Z31,active,2026-01-01
Z31,active,2026-02-01
Z31,active,2026-03-01
Z31,active,2026-04-01
Z31,active,2026-05-01
Z31,active,2026-06-01
Z31,inactive,2026-07-01
Z31,inactive,2026-08-01
Z32,active,2026-01-01
Z32,active,2026-02-01
Z32,active,2026-03-01
Z32,inactive,2026-04-01
Z32,active,2026-05-01
Z32,active,2026-06-01
Z32,active,2026-07-01
Z32,inactive,2026-08-01
Z32,inactive,2026-09-01
Z32,active,2026-10-01
Z32,inactive,2026-11-01
Z32,inactive,2026-12-01
Z33,active,2026-01-01
Z33,active,2026-02-01
Z33,active,2026-03-01
Z33,active,2026-04-01
Z33,inactive,2026-05-01
Z34,active,2026-01-01
Z34,active,2026-02-01
Z34,active,2026-03-01
Z34,active,2026-04-01
Z34,active,2026-05-01
Z34,active,2026-06-01
Z35,active,2026-01-01
Z35,active,2026-02-01
Z35,active,2026-03-01
Z35,active,2026-04-01
Z35,active,2026-05-01
Z35,active,2026-06-01
Z35,active,2026-07-01
Z35,active,2026-08-01
Z36,active,2026-01-01
Z36,active,2026-02-01
Z36,active,2026-03-01
Z36,active,2026-04-01
Z36,active,2026-05-01
Z36,inactive,2026-06-01
Z36,inactive,2026-07-01
Z36,active,2026-08-01
Z36,inactive,2026-09-01
Z36,active,2026-10-01
Z36,inactive,2026-11-01
Z36,active,2026-12-01
Z37,active,2026-01-01
Z37,active,2026-02-01
Z37,active,2026-03-01
Z37,active,2026-04-01
Z37,active,2026-05-01
Z37,inactive,2026-06-01
Z37,inactive,2026-07-01
Z37,active,2026-08-01
Z37,inactive,2026-09-01
Z37,inactive,2026-10-01
Z38,active,2026-01-01
Z38,active,2026-02-01
Z38,active,2026-03-01
Z38,active,2026-04-01
Z38,active,2026-05-01
Z38,inactive,2026-06-01
Z38,active,2026-07-01
Z38,inactive,2026-08-01
Z38,inactive,2026-09-01
Z38,inactive,2026-10-01
Z38,default,2026-11-01
Z38,default,2026-12-01
Z39,active,2026-01-01
Z39,active,2026-02-01
Z39,active,2026-03-01
Z39,active,2026-04-01
Z39,active,2026-05-01
Z39,active,2026-06-01
Z39,active,2026-07-01
Z39,active,2026-08-01
Z39,active,2026-09-01
Z39,active,2026-10-01
Z39,active,2026-11-01
Z39,inactive,2026-12-01
Z40,active,2026-01-01
Z40,active,2026-02-01
Z40,active,2026-03-01
Z40,inactive,2026-04-01
Z40,inactive,2026-05-01
Z40,inactive,2026-06-01
Z40,inactive,2026-07-01
Z40,inactive,2026-08-01
Z40,inactive,2026-09-01
Z40,inactive,2026-10-01
Z40,active,2026-11-01
Z40,active,2026-12-01
Z41,active,2026-01-01
Z41,active,2026-02-01
Z41,inactive,2026-03-01
Z41,active,2026-04-01
Z41,inactive,2026-05-01
Z41,active,2026-06-01
Z41,inactive,2026-07-01
Z41,inactive,2026-08-01
Z41,inactive,2026-09-01
Z41,active,2026-10-01
Z41,inactive,2026-11-01
Z41,active,2026-12-01
Z42,active,2026-01-01
Z42,active,2026-02-01
Z42,active,2026-03-01
Z42,active,2026-04-01
Z42,active,2026-05-01
Z42,inactive,2026-06-01
Z42,inactive,2026-07-01
Z42,default,2026-08-01
Z43,active,2026-01-01
Z43,active,2026-02-01
Z43,active,2026-03-01
Z43,inactive,2026-04-01
Z43,inactive,2026-05-01
Z43,active,2026-06-01
Z43,inactive,2026-07-01
Z44,active,2026-01-01
Z44,active,2026-02-01
Z44,active,2026-03-01
Z44,active,2026-04-01
Z44,active,2026-05-01
Z44,active,2026-06-01
Z45,active,2026-01-01
Z45,active,2026-02-01
Z45,active,2026-03-01
Z45,active,2026-04-01
Z45,active,2026-05-01
Z45,active,2026-06-01
Z45,inactive,2026-07-01
Z45,active,2026-08-01
Z45,inactive,2026-09-01
Z46,active,2026-01-01
Z46,active,2026-02-01
Z46,active,2026-03-01
Z46,inactive,2026-04-01
Z46,inactive,2026-05-01
Z47,active,2026-01-01
Z47,active,2026-02-01
Z47,active,2026-03-01
Z47,active,2026-04-01
Z47,active,2026-05-01
Z47,active,2026-06-01
Z47,active,2026-07-01
Z47,inactive,2026-08-01
Z47,inactive,2026-09-01
Z47,inactive,2026-10-01
Z48,active,2026-01-01
Z48,active,2026-02-01
Z48,active,2026-03-01
Z48,active,2026-04-01
Z48,active,2026-05-01
Z48,active,2026-06-01
Z48,active,2026-07-01
Z48,active,2026-08-01
Z48,inactive,2026-09-01
Z49,active,2026-01-01
Z49,active,2026-02-01
Z49,inactive,2026-03-01
Z49,active,2026-04-01
Z49,inactive,2026-05-01
Z49,inactive,2026-06-01
Z50,active,2026-01-01
Z50,active,2026-02-01
Z50,active,2026-03-01
Z50,active,2026-04-01
Z50,active,2026-05-01
Z50,active,2026-06-01
Z50,inactive,2026-07-01
Z50,active,2026-08-01
Z50,inactive,2026-09-01
Z50,inactive,2026-10-01
Z51,active,2026-01-01
Z51,active,2026-02-01
Z51,active,2026-03-01
Z51,active,2026-04-01
Z51,active,2026-05-01
Z51,inactive,2026-06-01
Z52,active,2026-01-01
Z52,active,2026-02-01
Z52,active,2026-03-01
Z52,inactive,2026-04-01
Z52,inactive,2026-05-01
Z52,inactive,2026-06-01
Z52,active,2026-07-01
Z53,active,2026-01-01
Z53,inactive,2026-02-01
Z53,inactive,2026-03-01
Z53,default,2026-04-01
Z53,default,2026-05-01
Z53,default,2026-06-01
Z53,default,2026-07-01
Z53,default,2026-08-01
Z53,default,2026-09-01
Z53,default,2026-10-01
Z53,default,2026-11-01
Z53,default,2026-12-01
Z54,active,2026-01-01
Z54,active,2026-02-01
Z54,active,2026-03-01
Z54,inactive,2026-04-01
Z54,inactive,2026-05-01
Z54,active,2026-06-01
Z54,inactive,2026-07-01
Z54,active,2026-08-01
Z54,inactive,2026-09-01
Z54,active,2026-10-01
Z54,active,2026-11-01
Z54,inactive,2026-12-01
Z55,active,2026-01-01
Z55,inactive,2026-02-01
Z55,active,2026-03-01
Z55,active,2026-04-01
Z55,inactive,2026-05-01
Z55,inactive,2026-06-01
Z55,active,2026-07-01
Z55,active,2026-08-01
Z55,inactive,2026-09-01
Z55,inactive,2026-10-01
Z55,active,2026-11-01
Z56,active,2026-01-01
Z56,active,2026-02-01
Z56,active,2026-03-01
Z56,active,2026-04-01
Z56,active,2026-05-01
Z56,active,2026-06-01
Z56,inactive,2026-07-01
Z56,inactive,2026-08-01
Z56,inactive,2026-09-01
Z56,active,2026-10-01
Z56,inactive,2026-11-01
Z57,active,2026-01-01
Z57,active,2026-02-01
Z57,active,2026-03-01
Z57,inactive,2026-04-01
Z57,inactive,2026-05-01
Z57,inactive,2026-06-01
Z57,active,2026-07-01
Z57,inactive,2026-08-01
Z58,active,2026-01-01
Z58,active,2026-02-01
Z58,inactive,2026-03-01
Z58,inactive,2026-04-01
Z58,inactive,2026-05-01
Z58,default,2026-06-01
Z58,default,2026-07-01
Z58,default,2026-08-01
Z58,default,2026-09-01
Z59,active,2026-01-01
Z59,active,2026-02-01
Z59,active,2026-03-01
Z59,active,2026-04-01
Z59,inactive,2026-05-01
Z59,default,2026-06-01
Z59,default,2026-07-01
Z60,active,2026-01-01
Z60,active,2026-02-01
Z60,active,2026-03-01
Z60,active,2026-04-01
Z60,active,2026-05-01
Z61,active,2026-01-01
Z61,active,2026-02-01
Z61,active,2026-03-01
Z61,active,2026-04-01
Z61,active,2026-05-01
Z61,inactive,2026-06-01
Z61,active,2026-07-01
Z61,active,2026-08-01
Z61,active,2026-09-01
Z61,inactive,2026-10-01
Z61,inactive,2026-11-01
Z61,inactive,2026-12-01
Z62,active,2026-01-01
Z62,active,2026-02-01
Z62,inactive,2026-03-01
Z62,inactive,2026-04-01
Z62,inactive,2026-05-01
Z62,inactive,2026-06-01
Z62,active,2026-07-01
Z62,active,2026-08-01
Z62,active,2026-09-01
Z62,inactive,2026-10-01
Z62,inactive,2026-11-01
Z62,active,2026-12-01
Z63,active,2026-01-01
Z63,active,2026-02-01
Z63,active,2026-03-01
Z63,active,2026-04-01
Z63,active,2026-05-01
Z63,inactive,2026-06-01
Z63,default,2026-07-01
Z63,default,2026-08-01
Z63,default,2026-09-01
Z64,active,2026-01-01
Z64,active,2026-02-01
Z64,active,2026-03-01
Z64,active,2026-04-01
Z64,active,2026-05-01
Z64,active,2026-06-01
Z64,active,2026-07-01
Z64,inactive,2026-08-01
Z65,active,2026-01-01
Z65,active,2026-02-01
Z65,active,2026-03-01
Z65,inactive,2026-04-01
Z65,inactive,2026-05-01
Z65,active,2026-06-01
Z65,active,2026-07-01
Z65,inactive,2026-08-01
Z65,default,2026-09-01
Z66,active,2026-01-01
Z66,active,2026-02-01
Z66,active,2026-03-01
Z66,active,2026-04-01
Z66,inactive,2026-05-01
Z66,inactive,2026-06-01
Z67,active,2026-01-01
Z67,inactive,2026-02-01
Z67,inactive,2026-03-01
Z67,inactive,2026-04-01
Z67,active,2026-05-01
Z67,inactive,2026-06-01
Z67,active,2026-07-01
Z67,inactive,2026-08-01
Z67,inactive,2026-09-01
Z67,active,2026-10-01
Z67,inactive,2026-11-01
Z67,active,2026-12-01
Z68,active,2026-01-01
Z68,active,2026-02-01
Z68,active,2026-03-01
Z68,active,2026-04-01
Z68,active,2026-05-01
Z68,inactive,2026-06-01
Z68,default,2026-07-01
Z68,default,2026-08-01
Z68,default,2026-09-01
Z68,default,2026-10-01
Z68,default,2026-11-01
Z68,default,2026-12-01
Z69,active,2026-01-01
Z69,active,2026-02-01
Z69,active,2026-03-01
Z69,active,2026-04-01
Z69,active,2026-05-01
Z69,active,2026-06-01
Z69,inactive,2026-07-01
Z70,active,2026-01-01
Z70,active,2026-02-01
Z70,active,2026-03-01
Z70,active,2026-04-01
Z70,active,2026-05-01
Z70,active,2026-06-01
Z70,active,2026-07-01
Z70,active,2026-08-01
Z70,active,2026-09-01
Z70,active,2026-10-01
Z70,active,2026-11-01
Z70,active,2026-12-01
Z71,active,2026-01-01
Z71,active,2026-02-01
Z71,active,2026-03-01
Z71,active,2026-04-01
Z71,active,2026-05-01
Z71,active,2026-06-01
Z71,inactive,2026-07-01
Z71,inactive,2026-08-01
Z71,active,2026-09-01
Z71,inactive,2026-10-01
Z72,active,2026-01-01
Z72,active,2026-02-01
Z72,active,2026-03-01
Z72,active,2026-04-01
Z72,active,2026-05-01
Z72,inactive,2026-06-01
Z72,inactive,2026-07-01
Z72,inactive,2026-08-01
Z73,active,2026-01-01
Z73,active,2026-02-01
Z73,active,2026-03-01
Z73,active,2026-04-01
Z73,active,2026-05-01
Z73,inactive,2026-06-01
Z73,active,2026-07-01
Z73,inactive,2026-08-01
Z73,inactive,2026-09-01
Z73,inactive,2026-10-01
Z73,inactive,2026-11-01
Z73,active,2026-12-01
Z74,active,2026-01-01
Z74,active,2026-02-01
Z74,active,2026-03-01
Z74,inactive,2026-04-01
Z74,inactive,2026-05-01
Z74,inactive,2026-06-01
Z74,active,2026-07-01
Z74,inactive,2026-08-01
Z74,inactive,2026-09-01
Z74,active,2026-10-01
Z74,inactive,2026-11-01
Z74,active,2026-12-01
Z75,active,2026-01-01
Z75,active,2026-02-01
Z75,active,2026-03-01
Z75,active,2026-04-01
Z75,active,2026-05-01
Z75,active,2026-06-01
Z75,active,2026-07-01
Z75,inactive,2026-08-01
Z75,active,2026-09-01
Z75,active,2026-10-01
Z76,active,2026-01-01
Z76,active,2026-02-01
Z76,inactive,2026-03-01
Z76,inactive,2026-04-01
Z76,active,2026-05-01
Z77,active,2026-01-01
Z77,active,2026-02-01
Z77,active,2026-03-01
Z77,active,2026-04-01
Z77,active,2026-05-01
Z77,inactive,2026-06-01
Z77,active,2026-07-01
Z78,active,2026-01-01
Z78,active,2026-02-01
Z78,active,2026-03-01
Z78,active,2026-04-01
Z78,inactive,2026-05-01
Z78,inactive,2026-06-01
Z78,inactive,2026-07-01
Z79,active,2026-01-01
Z79,inactive,2026-02-01
Z79,inactive,2026-03-01
Z79,inactive,2026-04-01
Z79,active,2026-05-01
Z79,active,2026-06-01
Z79,inactive,2026-07-01
Z79,inactive,2026-08-01
Z79,inactive,2026-09-01
Z79,inactive,2026-10-01
Z79,active,2026-11-01
Z79,inactive,2026-12-01
Z80,active,2026-01-01
Z80,active,2026-02-01
Z80,active,2026-03-01
Z80,active,2026-04-01
Z80,active,2026-05-01
Z80,active,2026-06-01
Z80,active,2026-07-01
Z80,active,2026-08-01
Z80,active,2026-09-01
Z80,active,2026-10-01
Z80,inactive,2026-11-01
Z80,active,2026-12-01
Z81,active,2026-01-01
Z81,active,2026-02-01
Z81,active,2026-03-01
Z81,active,2026-04-01
Z81,inactive,2026-05-01
Z82,active,2026-01-01
Z82,inactive,2026-02-01
Z82,active,2026-03-01
Z82,inactive,2026-04-01
Z82,active,2026-05-01
Z82,inactive,2026-06-01
Z82,active,2026-07-01
Z82,inactive,2026-08-01
Z82,inactive,2026-09-01
Z82,active,2026-10-01
Z82,inactive,2026-11-01
Z82,active,2026-12-01
Z83,active,2026-01-01
Z83,active,2026-02-01
Z83,active,2026-03-01
Z83,active,2026-04-01
Z83,inactive,2026-05-01
Z83,inactive,2026-06-01
Z83,inactive,2026-07-01
Z83,inactive,2026-08-01
Z83,inactive,2026-09-01
Z84,active,2026-01-01
Z84,active,2026-02-01
Z84,active,2026-03-01
Z84,active,2026-04-01
Z84,active,2026-05-01
Z84,active,2026-06-01
Z84,inactive,2026-07-01
Z84,inactive,2026-08-01
Z85,active,2026-01-01
Z85,active,2026-02-01
Z85,active,2026-03-01
Z85,active,2026-04-01
Z85,inactive,2026-05-01
Z85,inactive,2026-06-01
Z86,active,2026-01-01
Z86,active,2026-02-01
Z86,active,2026-03-01
Z86,active,2026-04-01
Z86,active,2026-05-01
Z86,active,2026-06-01
Z86,active,2026-07-01
Z87,active,2026-01-01
Z87,active,2026-02-01
Z87,active,2026-03-01
Z87,active,2026-04-01
Z87,active,2026-05-01
Z87,active,2026-06-01
Z87,active,2026-07-01
Z87,active,2026-08-01
Z87,active,2026-09-01
Z87,active,2026-10-01
Z87,inactive,2026-11-01
Z87,inactive,2026-12-01
Z88,active,2026-01-01
Z88,active,2026-02-01
Z88,active,2026-03-01
Z88,active,2026-04-01
Z88,inactive,2026-05-01
Z88,default,2026-06-01
Z88,default,2026-07-01
Z88,default,2026-08-01
Z88,default,2026-09-01
Z88,default,2026-10-01
Z88,default,2026-11-01
Z89,active,2026-01-01
Z89,active,2026-02-01
Z89,active,2026-03-01
Z89,active,2026-04-01
Z89,inactive,2026-05-01
Z90,active,2026-01-01
Z90,active,2026-02-01
Z90,active,2026-03-01
Z90,active,2026-04-01
Z90,active,2026-05-01
Z90,inactive,2026-06-01
Z91,active,2026-01-01
Z91,active,2026-02-01
Z91,active,2026-03-01
Z91,active,2026-04-01
Z91,inactive,2026-05-01
Z91,active,2026-06-01
Z91,inactive,2026-07-01
Z92,active,2026-01-01
Z92,active,2026-02-01
Z92,active,2026-03-01
Z92,active,2026-04-01
Z92,active,2026-05-01
Z92,inactive,2026-06-01
Z92,active,2026-07-01
Z92,inactive,2026-08-01
Z93,active,2026-01-01
Z93,active,2026-02-01
Z93,active,2026-03-01
Z93,active,2026-04-01
Z93,active,2026-05-01
Z94,active,2026-01-01
Z94,inactive,2026-02-01
Z94,active,2026-03-01
Z94,inactive,2026-04-01
Z94,inactive,2026-05-01
Z94,inactive,2026-06-01
Z94,active,2026-07-01
Z94,inactive,2026-08-01
Z94,inactive,2026-09-01
Z94,active,2026-10-01
Z94,active,2026-11-01
Z94,active,2026-12-01
Z95,active,2026-01-01
Z95,active,2026-02-01
Z95,active,2026-03-01
Z95,active,2026-04-01
Z95,active,2026-05-01
Z95,active,2026-06-01
Z95,active,2026-07-01
Z95,inactive,2026-08-01
Z95,inactive,2026-09-01
Z95,active,2026-10-01
Z96,active,2026-01-01
Z96,active,2026-02-01
Z96,active,2026-03-01
Z96,inactive,2026-04-01
Z96,active,2026-05-01
Z96,active,2026-06-01
Z96,inactive,2026-07-01
Z96,inactive,2026-08-01
Z96,active,2026-09-01
Z96,active,2026-10-01
Z96,inactive,2026-11-01
Z96,inactive,2026-12-01
Z97,active,2026-01-01
Z97,active,2026-02-01
Z97,active,2026-03-01
Z97,inactive,2026-04-01
Z97,default,2026-05-01
Z97,default,2026-06-01
Z98,active,2026-01-01
Z98,active,2026-02-01
Z98,active,2026-03-01
Z98,active,2026-04-01
Z98,active,2026-05-01
Z98,inactive,2026-06-01
Z98,active,2026-07-01
Z99,active,2026-01-01
Z99,active,2026-02-01
Z99,active,2026-03-01
Z99,active,2026-04-01
Z99,active,2026-05-01
Z99,active,2026-06-01
Z99,inactive,2026-07-01
